item_id,restaurant_id,cuisine_type,item_name,price,preparation_time
M000001,R01381,South Indian,Pongal,625,22
M000002,R01125,North Indian,Paneer Butter Masala,199,39
M000003,R00269,South Indian,Pongal,625,15
M000004,R01375,Burger,Chicken Burger,418,25
M000005,R00872,Biryani,Paneer Biryani,654,10
M000006,R00625,Chinese,Manchurian,692,16
M000007,R00471,Chinese,Spring Roll,375,22
M000008,R00304,South Indian,Masala Dosa,534,30
M000009,R00951,Burger,Chicken Burger,504,24
M000010,R00976,Biryani,Chicken Biryani,82,17
M000011,R00427,Pizza,Margherita Pizza,604,32
M000012,R00879,South Indian,Masala Dosa,556,41
M000013,R00395,North Indian,Butter Naan,209,36
M000014,R01327,South Indian,Masala Dosa,178,39
M000015,R01064,North Indian,Chole Bhature,471,18
M000016,R00933,South Indian,Idli,125,36
M000017,R01455,South Indian,Pongal,282,36
M000018,R01068,South Indian,Masala Dosa,517,44
M000019,R01465,Burger,Chicken Burger,589,25
M000020,R01163,Desserts,Ice Cream,177,42
M000021,R01039,South Indian,Idli,227,38
M000022,R00408,Chinese,Fried Rice,87,27
M000023,R00839,Biryani,Mutton Biryani,341,23
M000024,R00993,North Indian,Butter Naan,413,18
M000025,R00594,Biryani,Chicken Biryani,463,34
M000026,R00714,North Indian,Chole Bhature,512,32
M000027,R01494,Chinese,Manchurian,536,25
M000028,R00101,Chinese,Fried Rice,299,21
M000029,R00747,Biryani,Mutton Biryani,626,44
M000030,R00579,Chinese,Manchurian,471,43
M000031,R00659,Biryani,Chicken Biryani,268,44
M000032,R01145,Burger,Chicken Burger,368,26
M000033,R00518,Pizza,Pepperoni Pizza,93,24
M000034,R00256,Biryani,Mutton Biryani,632,31
M000035,R00313,Biryani,Paneer Biryani,526,38
M000036,R00053,South Indian,Masala Dosa,130,21
M000037,R01144,Chinese,Noodles,85,31
M000038,R00421,Biryani,Chicken Biryani,160,38
M000039,R00095,Healthy Foods,Grilled Chicken,524,40
M000040,R00386,Burger,Veg Burger,111,43
M000041,R00532,North Indian,Paneer Butter Masala,631,35
M000042,R00238,South Indian,Pongal,96,18
M000043,R00479,South Indian,Pongal,679,21
M000044,R00448,Burger,Chicken Burger,561,14
M000045,R01209,Burger,Chicken Burger,404,45
M000046,R00549,Chinese,Spring Roll,309,12
M000047,R00465,Biryani,Veg Biryani,665,32
M000048,R01003,South Indian,Masala Dosa,195,19
M000049,R00215,Desserts,Brownie,409,24
M000050,R00306,Pizza,Pepperoni Pizza,203,37
M000051,R01007,South Indian,Idli,106,19
M000052,R01275,South Indian,Pongal,431,12
M000053,R01287,South Indian,Vada,192,42
M000054,R01048,South Indian,Uttapam,170,27
M000055,R01255,Biryani,Paneer Biryani,674,38
M000056,R00731,South Indian,Uttapam,83,45
M000057,R00671,Pizza,Margherita Pizza,376,13
M000058,R00747,Biryani,Mutton Biryani,522,28
M000059,R01410,South Indian,Pongal,605,15
M000060,R01077,Burger,Veg Burger,228,12
M000061,R01206,Chinese,Noodles,618,35
M000062,R00497,South Indian,Idli,135,29
M000063,R00486,South Indian,Pongal,167,17
M000064,R00320,South Indian,Masala Dosa,520,37
M000065,R01453,North Indian,Dal Makhani,390,11
M000066,R01382,Pizza,Margherita Pizza,622,32
M000067,R00881,Chinese,Fried Rice,461,29
M000068,R00846,Chinese,Spring Roll,573,18
M000069,R00174,North Indian,Paneer Butter Masala,427,43
M000070,R01368,South Indian,Idli,448,14
M000071,R00694,North Indian,Paneer Butter Masala,204,39
M000072,R00686,Chinese,Fried Rice,435,26
M000073,R00055,Biryani,Veg Biryani,644,17
M000074,R01289,Chinese,Fried Rice,184,12
M000075,R01078,Biryani,Mutton Biryani,161,33
M000076,R01118,North Indian,Paneer Butter Masala,366,16
M000077,R01088,South Indian,Pongal,205,35
M000078,R00685,South Indian,Vada,397,21
M000079,R00260,South Indian,Uttapam,505,36
M000080,R00408,Chinese,Noodles,130,35
M000081,R00140,Biryani,Chicken Biryani,372,13
M000082,R00277,South Indian,Uttapam,337,21
M000083,R01352,Biryani,Mutton Biryani,350,17
M000084,R01487,Burger,Chicken Burger,616,18
M000085,R01041,South Indian,Masala Dosa,610,45
M000086,R00090,Pizza,Farmhouse Pizza,309,15
M000087,R00115,Pizza,Pepperoni Pizza,236,14
M000088,R01392,South Indian,Masala Dosa,115,27
M000089,R00244,Chinese,Spring Roll,267,31
M000090,R00023,Biryani,Veg Biryani,393,26
M000091,R00196,Chinese,Manchurian,403,28
M000092,R01372,South Indian,Vada,572,19
M000093,R00530,North Indian,Dal Makhani,671,28
M000094,R00604,Pizza,Margherita Pizza,439,13
M000095,R00829,North Indian,Paneer Butter Masala,121,22
M000096,R00184,Burger,Veg Burger,575,37
M000097,R01020,Biryani,Veg Biryani,150,15
M000098,R01386,Desserts,Brownie,564,35
M000099,R00886,Pizza,Margherita Pizza,290,39
M000100,R00976,Biryani,Veg Biryani,588,27
M000101,R00729,North Indian,Dal Makhani,405,29
M000102,R00821,North Indian,Paneer Butter Masala,246,29
M000103,R00175,Chinese,Spring Roll,432,16
M000104,R01027,Biryani,Mutton Biryani,121,12
M000105,R00592,Chinese,Manchurian,400,28
M000106,R01281,Biryani,Chicken Biryani,113,28
M000107,R00165,Burger,Veg Burger,624,33
M000108,R00942,Burger,Cheese Burger,181,14
M000109,R01299,Pizza,Veg Pizza,254,23
M000110,R00065,South Indian,Vada,88,34
M000111,R00606,South Indian,Pongal,315,42
M000112,R01134,Biryani,Veg Biryani,422,15
M000113,R01136,Pizza,Pepperoni Pizza,462,32
M000114,R00551,South Indian,Pongal,541,21
M000115,R00014,Biryani,Veg Biryani,545,45
M000116,R01025,Burger,Veg Burger,316,39
M000117,R00800,Healthy Foods,Salad Bowl,204,12
M000118,R00211,Chinese,Fried Rice,486,21
M000119,R00201,Biryani,Mutton Biryani,120,12
M000120,R01354,Biryani,Chicken Biryani,104,18
M000121,R00412,North Indian,Paneer Butter Masala,272,18
M000122,R01415,South Indian,Uttapam,503,23
M000123,R00300,Pizza,Farmhouse Pizza,671,23
M000124,R00321,North Indian,Chole Bhature,606,34
M000125,R01413,Pizza,Veg Pizza,214,11
M000126,R01246,South Indian,Vada,171,41
M000127,R01084,South Indian,Uttapam,187,22
M000128,R00119,North Indian,Butter Naan,519,17
M000129,R00581,South Indian,Masala Dosa,563,12
M000130,R00443,Pizza,Veg Pizza,588,16
M000131,R00423,Biryani,Paneer Biryani,222,35
M000132,R01295,Pizza,Farmhouse Pizza,110,28
M000133,R01302,South Indian,Idli,528,41
M000134,R01417,Chinese,Noodles,322,18
M000135,R01445,Biryani,Veg Biryani,113,39
M000136,R00499,Chinese,Noodles,204,13
M000137,R00706,Pizza,Farmhouse Pizza,568,13
M000138,R01165,Burger,Cheese Burger,377,38
M000139,R01337,Burger,Cheese Burger,629,22
M000140,R01402,North Indian,Paneer Butter Masala,638,36
M000141,R00367,Chinese,Manchurian,306,24
M000142,R00718,North Indian,Dal Makhani,696,42
M000143,R00753,Biryani,Veg Biryani,370,43
M000144,R00097,South Indian,Vada,627,38
M000145,R00303,North Indian,Paneer Butter Masala,343,32
M000146,R00626,Biryani,Veg Biryani,274,10
M000147,R00025,North Indian,Paneer Butter Masala,91,34
M000148,R00854,Biryani,Mutton Biryani,556,10
M000149,R01283,North Indian,Dal Makhani,428,24
M000150,R00513,Pizza,Farmhouse Pizza,494,11
M000151,R00847,South Indian,Pongal,479,28
M000152,R00549,Chinese,Manchurian,451,28
M000153,R01363,Biryani,Chicken Biryani,381,21
M000154,R00743,South Indian,Pongal,218,26
M000155,R00450,South Indian,Uttapam,88,42
M000156,R00675,South Indian,Masala Dosa,345,43
M000157,R01245,Pizza,Pepperoni Pizza,151,27
M000158,R00190,Chinese,Fried Rice,446,22
M000159,R00406,Biryani,Veg Biryani,601,19
M000160,R00376,South Indian,Uttapam,430,21
M000161,R00262,South Indian,Masala Dosa,569,17
M000162,R01493,Pizza,Pepperoni Pizza,552,17
M000163,R00441,North Indian,Dal Makhani,194,44
M000164,R00283,Burger,Cheese Burger,265,36
M000165,R00058,Burger,Veg Burger,597,14
M000166,R01329,South Indian,Vada,227,13
M000167,R00429,Biryani,Veg Biryani,319,25
M000168,R00680,Chinese,Manchurian,336,28
M000169,R01080,Pizza,Farmhouse Pizza,519,27
M000170,R00423,Biryani,Chicken Biryani,602,12
M000171,R01205,North Indian,Dal Makhani,119,26
M000172,R00255,South Indian,Pongal,101,20
M000173,R00470,South Indian,Pongal,361,20
M000174,R00897,Burger,Veg Burger,306,36
M000175,R00843,Burger,Cheese Burger,383,28
M000176,R00911,South Indian,Uttapam,194,29
M000177,R00653,Biryani,Mutton Biryani,637,18
M000178,R00783,South Indian,Pongal,533,30
M000179,R01120,South Indian,Idli,646,42
M000180,R00731,South Indian,Uttapam,321,28
M000181,R00332,Biryani,Mutton Biryani,307,30
M000182,R00319,Chinese,Manchurian,587,41
M000183,R00997,North Indian,Paneer Butter Masala,606,15
M000184,R00889,South Indian,Masala Dosa,126,11
M000185,R01061,Burger,Cheese Burger,678,13
M000186,R00897,Burger,Cheese Burger,397,26
M000187,R01177,South Indian,Pongal,338,12
M000188,R01018,North Indian,Dal Makhani,179,11
M000189,R00075,North Indian,Dal Makhani,403,37
M000190,R00562,Biryani,Paneer Biryani,662,34
M000191,R01062,Chinese,Fried Rice,612,35
M000192,R00368,South Indian,Vada,233,30
M000193,R00155,South Indian,Vada,608,18
M000194,R00336,North Indian,Paneer Butter Masala,366,33
M000195,R00252,Chinese,Noodles,682,43
M000196,R01079,Healthy Foods,Grilled Chicken,297,36
M000197,R01168,Biryani,Chicken Biryani,127,44
M000198,R01495,North Indian,Chole Bhature,153,21
M000199,R01410,South Indian,Uttapam,192,15
M000200,R01128,Pizza,Margherita Pizza,478,24
M000201,R00007,South Indian,Idli,343,11
M000202,R00367,Chinese,Manchurian,351,25
M000203,R00567,Pizza,Pepperoni Pizza,102,29
M000204,R00239,South Indian,Idli,277,13
M000205,R00348,South Indian,Pongal,674,20
M000206,R00123,Biryani,Paneer Biryani,342,39
M000207,R01330,Burger,Veg Burger,469,22
M000208,R00889,South Indian,Idli,444,24
M000209,R01468,Beverages,Cold Coffee,264,37
M000210,R01323,Beverages,Mojito,645,37
M000211,R01244,Chinese,Manchurian,593,29
M000212,R00192,Chinese,Noodles,228,11
M000213,R00887,Biryani,Chicken Biryani,119,19
M000214,R01496,North Indian,Butter Naan,478,17
M000215,R00814,Pizza,Farmhouse Pizza,282,13
M000216,R00389,North Indian,Chole Bhature,383,41
M000217,R00189,Biryani,Veg Biryani,292,26
M000218,R01033,Beverages,Mojito,481,33
M000219,R01213,South Indian,Idli,514,38
M000220,R00268,South Indian,Idli,133,10
M000221,R00206,Biryani,Mutton Biryani,454,19
M000222,R01306,Healthy Foods,Protein Bowl,393,19
M000223,R01022,North Indian,Butter Naan,517,35
M000224,R01147,Burger,Cheese Burger,602,43
M000225,R00984,North Indian,Butter Naan,514,28
M000226,R01401,South Indian,Pongal,304,25
M000227,R00170,North Indian,Dal Makhani,158,22
M000228,R00271,Chinese,Spring Roll,685,19
M000229,R01138,Healthy Foods,Grilled Chicken,303,38
M000230,R00166,Healthy Foods,Grilled Chicken,315,16
M000231,R00358,South Indian,Uttapam,478,37
M000232,R00828,South Indian,Vada,219,18
M000233,R01317,Pizza,Farmhouse Pizza,164,39
M000234,R00623,South Indian,Uttapam,337,44
M000235,R01227,South Indian,Uttapam,339,30
M000236,R01479,Healthy Foods,Salad Bowl,270,20
M000237,R00976,Biryani,Paneer Biryani,146,34
M000238,R01292,South Indian,Idli,478,17
M000239,R00039,South Indian,Uttapam,576,36
M000240,R01433,Pizza,Veg Pizza,90,24
M000241,R00165,Burger,Cheese Burger,444,41
M000242,R00663,Chinese,Spring Roll,284,31
M000243,R00794,Biryani,Paneer Biryani,349,18
M000244,R01110,South Indian,Masala Dosa,178,25
M000245,R00464,Pizza,Veg Pizza,246,34
M000246,R00233,Pizza,Pepperoni Pizza,618,25
M000247,R00254,Biryani,Veg Biryani,139,41
M000248,R00703,Chinese,Noodles,285,33
M000249,R01368,South Indian,Vada,581,19
M000250,R01266,Pizza,Margherita Pizza,328,27
M000251,R00227,Biryani,Veg Biryani,618,36
M000252,R01176,Healthy Foods,Protein Bowl,698,21
M000253,R00233,Pizza,Farmhouse Pizza,688,12
M000254,R01342,Biryani,Veg Biryani,391,43
M000255,R01468,Beverages,Lemon Juice,131,23
M000256,R01396,Chinese,Fried Rice,85,36
M000257,R01050,Biryani,Paneer Biryani,128,39
M000258,R00471,Chinese,Spring Roll,162,38
M000259,R01480,Biryani,Paneer Biryani,438,10
M000260,R01067,North Indian,Dal Makhani,195,35
M000261,R01386,Desserts,Ice Cream,598,24
M000262,R00962,Desserts,Chocolate Cake,417,15
M000263,R00134,Pizza,Farmhouse Pizza,201,23
M000264,R00534,Chinese,Fried Rice,195,11
M000265,R00926,Chinese,Fried Rice,553,45
M000266,R00889,South Indian,Pongal,225,27
M000267,R00654,Biryani,Veg Biryani,461,23
M000268,R00777,North Indian,Dal Makhani,126,41
M000269,R01384,Desserts,Ice Cream,463,29
M000270,R00928,North Indian,Butter Naan,158,15
M000271,R01086,Pizza,Margherita Pizza,645,41
M000272,R00162,South Indian,Uttapam,347,25
M000273,R01127,North Indian,Chole Bhature,381,32
M000274,R00361,North Indian,Paneer Butter Masala,670,21
M000275,R01129,Burger,Chicken Burger,441,23
M000276,R00735,Burger,Veg Burger,457,36
M000277,R00624,North Indian,Chole Bhature,420,33
M000278,R00095,Healthy Foods,Grilled Chicken,289,25
M000279,R01368,South Indian,Vada,106,19
M000280,R00236,North Indian,Paneer Butter Masala,156,25
M000281,R00214,North Indian,Dal Makhani,218,32
M000282,R00008,South Indian,Vada,472,37
M000283,R01405,Chinese,Spring Roll,416,43
M000284,R00663,Chinese,Manchurian,433,35
M000285,R00613,Pizza,Veg Pizza,537,10
M000286,R00979,Chinese,Noodles,332,43
M000287,R00102,Burger,Cheese Burger,573,43
M000288,R00858,Burger,Veg Burger,217,12
M000289,R00912,Chinese,Noodles,545,27
M000290,R00119,North Indian,Chole Bhature,426,22
M000291,R00854,Biryani,Chicken Biryani,268,41
M000292,R00132,Biryani,Chicken Biryani,574,34
M000293,R00595,North Indian,Paneer Butter Masala,384,18
M000294,R00523,Chinese,Fried Rice,390,37
M000295,R00419,Burger,Veg Burger,135,33
M000296,R01194,South Indian,Pongal,296,21
M000297,R01247,North Indian,Chole Bhature,173,42
M000298,R01373,Burger,Cheese Burger,465,19
M000299,R01329,South Indian,Masala Dosa,285,32
M000300,R00368,South Indian,Vada,592,27
M000301,R01166,Pizza,Veg Pizza,330,19
M000302,R01441,Biryani,Mutton Biryani,213,18
M000303,R01192,South Indian,Masala Dosa,458,35
M000304,R01037,Healthy Foods,Grilled Chicken,395,16
M000305,R00997,North Indian,Chole Bhature,403,28
M000306,R00187,North Indian,Dal Makhani,483,21
M000307,R01136,Pizza,Veg Pizza,355,33
M000308,R00388,North Indian,Dal Makhani,277,13
M000309,R00932,North Indian,Paneer Butter Masala,156,16
M000310,R01153,Biryani,Paneer Biryani,650,21
M000311,R00502,Burger,Chicken Burger,463,20
M000312,R00848,South Indian,Vada,235,43
M000313,R00383,Biryani,Chicken Biryani,582,11
M000314,R00785,South Indian,Pongal,450,16
M000315,R01396,Chinese,Fried Rice,395,30
M000316,R00119,North Indian,Dal Makhani,424,10
M000317,R00243,Burger,Cheese Burger,250,40
M000318,R00808,North Indian,Paneer Butter Masala,452,34
M000319,R01256,North Indian,Dal Makhani,272,31
M000320,R00573,North Indian,Dal Makhani,547,36
M000321,R00730,Healthy Foods,Grilled Chicken,88,37
M000322,R01293,Chinese,Noodles,678,44
M000323,R00843,Burger,Veg Burger,151,38
M000324,R00895,Pizza,Farmhouse Pizza,562,12
M000325,R00410,Biryani,Veg Biryani,359,27
M000326,R00848,South Indian,Uttapam,420,38
M000327,R00365,Burger,Veg Burger,332,42
M000328,R00401,Chinese,Spring Roll,265,24
M000329,R00604,Pizza,Pepperoni Pizza,654,26
M000330,R00924,South Indian,Vada,630,21
M000331,R00144,Biryani,Chicken Biryani,649,30
M000332,R00022,South Indian,Pongal,147,39
M000333,R00068,South Indian,Uttapam,426,13
M000334,R00446,Healthy Foods,Salad Bowl,487,39
M000335,R00724,Healthy Foods,Protein Bowl,324,30
M000336,R01136,Pizza,Veg Pizza,292,38
M000337,R00393,Chinese,Fried Rice,622,14
M000338,R00956,Healthy Foods,Protein Bowl,407,24
M000339,R01214,South Indian,Masala Dosa,560,13
M000340,R00185,Biryani,Chicken Biryani,438,27
M000341,R00836,South Indian,Masala Dosa,342,35
M000342,R00795,Pizza,Pepperoni Pizza,183,36
M000343,R01067,North Indian,Butter Naan,454,11
M000344,R00541,South Indian,Uttapam,325,23
M000345,R00530,North Indian,Butter Naan,372,43
M000346,R00765,Pizza,Pepperoni Pizza,503,21
M000347,R01244,Chinese,Spring Roll,575,34
M000348,R00244,Chinese,Manchurian,527,22
M000349,R00245,Biryani,Paneer Biryani,548,20
M000350,R00948,South Indian,Vada,232,31
M000351,R01355,Biryani,Paneer Biryani,261,17
M000352,R00667,Burger,Cheese Burger,287,16
M000353,R00208,South Indian,Pongal,145,15
M000354,R00802,Biryani,Paneer Biryani,200,42
M000355,R00875,Biryani,Mutton Biryani,663,44
M000356,R01299,Pizza,Margherita Pizza,661,28
M000357,R00239,South Indian,Idli,224,25
M000358,R00282,South Indian,Vada,644,35
M000359,R01220,Healthy Foods,Grilled Chicken,305,23
M000360,R00749,Pizza,Pepperoni Pizza,508,38
M000361,R00284,Biryani,Veg Biryani,608,33
M000362,R01439,South Indian,Vada,556,30
M000363,R00828,South Indian,Uttapam,323,34
M000364,R01343,Beverages,Cold Coffee,633,20
M000365,R01360,Biryani,Chicken Biryani,513,27
M000366,R00400,Burger,Veg Burger,336,41
M000367,R00412,North Indian,Paneer Butter Masala,433,21
M000368,R00933,South Indian,Uttapam,319,35
M000369,R00015,South Indian,Pongal,233,15
M000370,R00118,South Indian,Pongal,105,39
M000371,R00146,South Indian,Vada,369,18
M000372,R01440,Pizza,Pepperoni Pizza,226,25
M000373,R00845,South Indian,Masala Dosa,342,20
M000374,R01473,South Indian,Pongal,679,32
M000375,R00062,North Indian,Chole Bhature,190,15
M000376,R00495,Chinese,Spring Roll,626,22
M000377,R01446,North Indian,Chole Bhature,357,35
M000378,R00596,Biryani,Mutton Biryani,626,26
M000379,R01267,Biryani,Chicken Biryani,231,18
M000380,R00777,North Indian,Butter Naan,338,15
M000381,R01003,South Indian,Vada,532,45
M000382,R01172,Biryani,Mutton Biryani,581,43
M000383,R01399,North Indian,Chole Bhature,526,20
M000384,R01037,Healthy Foods,Protein Bowl,114,34
M000385,R01042,South Indian,Uttapam,272,29
M000386,R00461,Biryani,Chicken Biryani,623,12
M000387,R00751,Chinese,Noodles,380,45
M000388,R00614,Biryani,Mutton Biryani,274,24
M000389,R00486,South Indian,Uttapam,693,24
M000390,R00069,South Indian,Idli,460,34
M000391,R01086,Pizza,Margherita Pizza,323,35
M000392,R01142,Pizza,Pepperoni Pizza,658,25
M000393,R00205,Desserts,Chocolate Cake,524,12
M000394,R01315,Chinese,Spring Roll,473,12
M000395,R00180,Healthy Foods,Grilled Chicken,681,43
M000396,R00801,North Indian,Chole Bhature,144,27
M000397,R00908,North Indian,Butter Naan,86,28
M000398,R01451,South Indian,Masala Dosa,248,42
M000399,R00854,Biryani,Veg Biryani,242,24
M000400,R00476,North Indian,Butter Naan,301,40
M000401,R01363,Biryani,Mutton Biryani,279,29
M000402,R00863,South Indian,Vada,679,13
M000403,R01125,North Indian,Chole Bhature,425,32
M000404,R00455,Biryani,Mutton Biryani,252,35
M000405,R00526,North Indian,Butter Naan,522,44
M000406,R00424,South Indian,Idli,416,26
M000407,R01217,Burger,Cheese Burger,135,11
M000408,R00850,Biryani,Paneer Biryani,422,19
M000409,R01475,Pizza,Pepperoni Pizza,584,31
M000410,R00924,South Indian,Masala Dosa,115,44
M000411,R00084,Biryani,Veg Biryani,112,31
M000412,R00600,South Indian,Idli,645,25
M000413,R01072,South Indian,Vada,253,37
M000414,R00012,North Indian,Dal Makhani,407,24
M000415,R00891,North Indian,Chole Bhature,133,45
M000416,R00685,South Indian,Masala Dosa,686,10
M000417,R00741,Burger,Chicken Burger,312,14
M000418,R00589,Pizza,Margherita Pizza,587,34
M000419,R00941,Pizza,Veg Pizza,318,35
M000420,R01189,North Indian,Butter Naan,260,22
M000421,R00522,Biryani,Chicken Biryani,128,38
M000422,R01051,Pizza,Margherita Pizza,604,11
M000423,R00237,Biryani,Veg Biryani,650,24
M000424,R00394,Biryani,Mutton Biryani,503,22
M000425,R01097,South Indian,Uttapam,565,14
M000426,R00528,South Indian,Uttapam,530,10
M000427,R01134,Biryani,Veg Biryani,225,20
M000428,R00342,Burger,Chicken Burger,614,18
M000429,R00059,Burger,Cheese Burger,418,25
M000430,R00302,North Indian,Paneer Butter Masala,415,21
M000431,R01302,South Indian,Idli,618,41
M000432,R00359,Biryani,Veg Biryani,88,29
M000433,R01263,South Indian,Masala Dosa,278,15
M000434,R01395,South Indian,Vada,683,34
M000435,R00163,Burger,Chicken Burger,478,13
M000436,R00785,South Indian,Masala Dosa,548,22
M000437,R00745,Healthy Foods,Grilled Chicken,101,33
M000438,R01053,Biryani,Mutton Biryani,486,37
M000439,R00079,Healthy Foods,Protein Bowl,163,35
M000440,R01404,South Indian,Pongal,183,40
M000441,R01097,South Indian,Uttapam,162,35
M000442,R01236,North Indian,Dal Makhani,263,34
M000443,R00559,North Indian,Paneer Butter Masala,532,37
M000444,R01213,South Indian,Idli,518,44
M000445,R01363,Biryani,Chicken Biryani,502,35
M000446,R01099,Chinese,Noodles,322,43
M000447,R01176,Healthy Foods,Protein Bowl,136,25
M000448,R00659,Biryani,Chicken Biryani,93,17
M000449,R00341,North Indian,Chole Bhature,343,22
M000450,R01092,Chinese,Fried Rice,517,26
M000451,R00031,South Indian,Pongal,283,24
M000452,R00951,Burger,Veg Burger,469,33
M000453,R00807,Chinese,Noodles,265,43
M000454,R00478,Biryani,Veg Biryani,85,29
M000455,R01381,South Indian,Uttapam,406,34
M000456,R01487,Burger,Chicken Burger,406,17
M000457,R00631,North Indian,Chole Bhature,351,43
M000458,R00519,South Indian,Idli,240,19
M000459,R00177,South Indian,Uttapam,306,29
M000460,R00852,Pizza,Veg Pizza,207,16
M000461,R00725,Chinese,Noodles,534,15
M000462,R01163,Desserts,Brownie,373,17
M000463,R00813,Burger,Veg Burger,307,12
M000464,R00709,Chinese,Spring Roll,430,31
M000465,R01100,Biryani,Paneer Biryani,540,39
M000466,R00821,North Indian,Chole Bhature,485,13
M000467,R01296,Burger,Chicken Burger,151,17
M000468,R01442,South Indian,Vada,619,28
M000469,R00207,Healthy Foods,Grilled Chicken,115,37
M000470,R00962,Desserts,Ice Cream,408,24
M000471,R01278,South Indian,Vada,131,45
M000472,R01018,North Indian,Butter Naan,205,39
M000473,R00898,Beverages,Mojito,386,26
M000474,R00944,Healthy Foods,Protein Bowl,206,25
M000475,R01475,Pizza,Veg Pizza,155,27
M000476,R00503,South Indian,Masala Dosa,574,26
M000477,R01457,Chinese,Spring Roll,111,38
M000478,R00064,Chinese,Spring Roll,686,10
M000479,R01421,South Indian,Vada,142,32
M000480,R01279,North Indian,Chole Bhature,363,41
M000481,R00523,Chinese,Noodles,90,10
M000482,R00940,Beverages,Lemon Juice,383,20
M000483,R01317,Pizza,Farmhouse Pizza,631,38
M000484,R01367,Desserts,Ice Cream,653,14
M000485,R01479,Healthy Foods,Grilled Chicken,666,18
M000486,R00346,South Indian,Uttapam,571,17
M000487,R01149,Biryani,Paneer Biryani,208,37
M000488,R01158,South Indian,Vada,666,34
M000489,R01337,Burger,Veg Burger,537,15
M000490,R00952,South Indian,Uttapam,609,31
M000491,R01313,North Indian,Chole Bhature,574,27
M000492,R01142,Pizza,Margherita Pizza,85,41
M000493,R00390,Biryani,Paneer Biryani,675,30
M000494,R01350,South Indian,Masala Dosa,539,21
M000495,R00500,Pizza,Farmhouse Pizza,130,20
M000496,R01287,South Indian,Uttapam,424,34
M000497,R01447,Chinese,Spring Roll,641,16
M000498,R01429,Healthy Foods,Protein Bowl,255,41
M000499,R00788,South Indian,Idli,228,40
M000500,R00051,Desserts,Brownie,279,34
M000501,R00524,Biryani,Chicken Biryani,211,16
M000502,R01410,South Indian,Masala Dosa,543,11
M000503,R00234,Pizza,Veg Pizza,493,29
M000504,R01276,South Indian,Pongal,578,30
M000505,R00917,North Indian,Paneer Butter Masala,175,28
M000506,R00844,North Indian,Paneer Butter Masala,291,42
M000507,R00947,Biryani,Veg Biryani,479,31
M000508,R01092,Chinese,Spring Roll,405,22
M000509,R00757,Chinese,Spring Roll,697,13
M000510,R00001,South Indian,Pongal,635,44
M000511,R00916,South Indian,Vada,80,38
M000512,R00049,South Indian,Pongal,468,14
M000513,R01010,North Indian,Paneer Butter Masala,179,36
M000514,R01153,Biryani,Chicken Biryani,264,34
M000515,R01185,North Indian,Paneer Butter Masala,104,12
M000516,R00120,Chinese,Manchurian,352,18
M000517,R01016,Burger,Cheese Burger,650,22
M000518,R00973,Biryani,Paneer Biryani,165,22
M000519,R00022,South Indian,Uttapam,689,38
M000520,R00079,Healthy Foods,Grilled Chicken,287,12
M000521,R00975,Desserts,Brownie,299,15
M000522,R00887,Biryani,Chicken Biryani,154,44
M000523,R00903,Chinese,Noodles,151,17
M000524,R00066,North Indian,Paneer Butter Masala,81,26
M000525,R00444,Biryani,Chicken Biryani,90,31
M000526,R01278,South Indian,Masala Dosa,430,19
M000527,R01030,Desserts,Ice Cream,471,15
M000528,R01162,Biryani,Veg Biryani,624,33
M000529,R00817,Burger,Chicken Burger,289,43
M000530,R01101,Pizza,Veg Pizza,235,11
M000531,R01151,South Indian,Vada,201,26
M000532,R01040,Burger,Chicken Burger,636,23
M000533,R00104,North Indian,Paneer Butter Masala,579,17
M000534,R00864,Biryani,Paneer Biryani,513,21
M000535,R00757,Chinese,Spring Roll,443,18
M000536,R00402,Biryani,Paneer Biryani,457,14
M000537,R00385,South Indian,Uttapam,220,38
M000538,R00779,South Indian,Pongal,217,12
M000539,R00407,Biryani,Chicken Biryani,654,25
M000540,R01081,South Indian,Uttapam,472,21
M000541,R01476,Pizza,Pepperoni Pizza,638,26
M000542,R01368,South Indian,Idli,627,34
M000543,R00311,Biryani,Chicken Biryani,694,42
M000544,R01254,Pizza,Veg Pizza,480,27
M000545,R01303,Burger,Chicken Burger,602,38
M000546,R00706,Pizza,Margherita Pizza,222,30
M000547,R01016,Burger,Cheese Burger,99,42
M000548,R00890,South Indian,Pongal,533,13
M000549,R01107,Biryani,Paneer Biryani,106,16
M000550,R00354,North Indian,Chole Bhature,80,18
M000551,R00519,South Indian,Pongal,531,25
M000552,R01116,Biryani,Paneer Biryani,543,36
M000553,R00822,Pizza,Farmhouse Pizza,133,27
M000554,R00067,Biryani,Mutton Biryani,280,26
M000555,R01135,South Indian,Uttapam,151,44
M000556,R01416,North Indian,Dal Makhani,419,13
M000557,R00182,Biryani,Mutton Biryani,435,29
M000558,R00179,Pizza,Pepperoni Pizza,428,40
M000559,R01164,Desserts,Ice Cream,86,42
M000560,R00037,Beverages,Cold Coffee,189,27
M000561,R01431,North Indian,Dal Makhani,570,44
M000562,R00709,Chinese,Manchurian,140,34
M000563,R00809,Chinese,Manchurian,507,25
M000564,R00565,Biryani,Paneer Biryani,241,23
M000565,R01173,Healthy Foods,Grilled Chicken,516,32
M000566,R00002,Biryani,Chicken Biryani,612,12
M000567,R00589,Pizza,Veg Pizza,401,15
M000568,R00941,Pizza,Pepperoni Pizza,445,21
M000569,R00130,South Indian,Pongal,446,30
M000570,R00649,Desserts,Chocolate Cake,457,13
M000571,R00422,Chinese,Fried Rice,378,36
M000572,R01273,South Indian,Masala Dosa,375,14
M000573,R00935,North Indian,Chole Bhature,412,21
M000574,R00750,Biryani,Veg Biryani,248,36
M000575,R00051,Desserts,Brownie,327,28
M000576,R00969,North Indian,Paneer Butter Masala,268,24
M000577,R00525,Biryani,Chicken Biryani,177,25
M000578,R01123,Biryani,Chicken Biryani,508,42
M000579,R01495,North Indian,Butter Naan,212,18
M000580,R01441,Biryani,Chicken Biryani,256,32
M000581,R01117,Biryani,Paneer Biryani,596,36
M000582,R00227,Biryani,Chicken Biryani,638,43
M000583,R01169,North Indian,Chole Bhature,275,22
M000584,R01383,North Indian,Butter Naan,482,29
M000585,R01232,Chinese,Manchurian,476,35
M000586,R00332,Biryani,Chicken Biryani,125,19
M000587,R00645,Beverages,Lemon Juice,240,20
M000588,R00537,Burger,Chicken Burger,337,22
M000589,R00403,North Indian,Dal Makhani,194,30
M000590,R00958,North Indian,Chole Bhature,290,43
M000591,R00673,Burger,Cheese Burger,239,12
M000592,R01036,Biryani,Chicken Biryani,467,23
M000593,R01176,Healthy Foods,Salad Bowl,428,24
M000594,R00233,Pizza,Veg Pizza,693,21
M000595,R00256,Biryani,Veg Biryani,526,13
M000596,R00869,North Indian,Butter Naan,89,34
M000597,R00670,Burger,Cheese Burger,468,27
M000598,R00977,South Indian,Vada,665,19
M000599,R00983,Healthy Foods,Salad Bowl,129,40
M000600,R01390,Beverages,Mojito,345,29
M000601,R01414,Pizza,Margherita Pizza,653,42
M000602,R00464,Pizza,Pepperoni Pizza,687,42
M000603,R00671,Pizza,Farmhouse Pizza,652,18
M000604,R00753,Biryani,Chicken Biryani,307,26
M000605,R00999,Chinese,Noodles,495,38
M000606,R00601,South Indian,Pongal,432,37
M000607,R00729,North Indian,Dal Makhani,363,23
M000608,R00303,North Indian,Chole Bhature,446,34
M000609,R00775,South Indian,Pongal,548,37
M000610,R01213,South Indian,Vada,682,25
M000611,R00022,South Indian,Uttapam,633,45
M000612,R00400,Burger,Cheese Burger,197,41
M000613,R00626,Biryani,Chicken Biryani,411,33
M000614,R00857,Biryani,Chicken Biryani,156,10
M000615,R01122,Chinese,Fried Rice,381,36
M000616,R00307,South Indian,Uttapam,655,35
M000617,R00720,Burger,Chicken Burger,296,13
M000618,R00544,Biryani,Paneer Biryani,208,30
M000619,R00720,Burger,Veg Burger,396,45
M000620,R00941,Pizza,Veg Pizza,317,38
M000621,R00674,North Indian,Paneer Butter Masala,166,25
M000622,R00825,North Indian,Dal Makhani,118,14
M000623,R01485,North Indian,Butter Naan,693,16
M000624,R00086,Chinese,Spring Roll,525,33
M000625,R01198,North Indian,Paneer Butter Masala,547,41
M000626,R00708,Biryani,Mutton Biryani,445,40
M000627,R00689,Burger,Veg Burger,384,37
M000628,R00636,Biryani,Chicken Biryani,385,18
M000629,R00569,Healthy Foods,Protein Bowl,490,29
M000630,R00327,Biryani,Paneer Biryani,241,25
M000631,R00783,South Indian,Idli,343,43
M000632,R00123,Biryani,Paneer Biryani,500,39
M000633,R00560,Pizza,Veg Pizza,614,35
M000634,R01108,North Indian,Butter Naan,371,40
M000635,R01342,Biryani,Veg Biryani,590,14
M000636,R00247,South Indian,Idli,619,30
M000637,R01406,Burger,Chicken Burger,507,34
M000638,R00843,Burger,Chicken Burger,556,15
M000639,R00687,Burger,Chicken Burger,471,40
M000640,R00069,South Indian,Masala Dosa,413,33
M000641,R00873,South Indian,Uttapam,146,31
M000642,R01360,Biryani,Paneer Biryani,391,37
M000643,R01365,North Indian,Paneer Butter Masala,218,14
M000644,R00002,Biryani,Mutton Biryani,167,43
M000645,R00775,South Indian,Vada,512,35
M000646,R01216,South Indian,Pongal,572,22
M000647,R01363,Biryani,Veg Biryani,124,34
M000648,R00739,South Indian,Vada,470,20
M000649,R00677,Chinese,Manchurian,357,40
M000650,R00612,North Indian,Chole Bhature,618,19
M000651,R00518,Pizza,Farmhouse Pizza,176,44
M000652,R01017,Biryani,Veg Biryani,590,25
M000653,R00389,North Indian,Butter Naan,531,23
M000654,R00371,North Indian,Paneer Butter Masala,468,28
M000655,R00857,Biryani,Mutton Biryani,594,15
M000656,R01025,Burger,Chicken Burger,205,20
M000657,R01463,Burger,Cheese Burger,429,23
M000658,R00748,South Indian,Vada,96,40
M000659,R01015,North Indian,Butter Naan,149,38
M000660,R00612,North Indian,Paneer Butter Masala,602,14
M000661,R00239,South Indian,Idli,162,35
M000662,R00359,Biryani,Paneer Biryani,570,17
M000663,R00597,Healthy Foods,Grilled Chicken,590,32
M000664,R00949,Healthy Foods,Protein Bowl,248,44
M000665,R00682,North Indian,Chole Bhature,457,23
M000666,R00922,Biryani,Veg Biryani,151,34
M000667,R00018,North Indian,Dal Makhani,532,31
M000668,R01462,South Indian,Vada,142,45
M000669,R00751,Chinese,Fried Rice,204,18
M000670,R01335,Pizza,Margherita Pizza,144,30
M000671,R00648,Chinese,Manchurian,622,10
M000672,R00945,South Indian,Vada,221,24
M000673,R00312,Desserts,Brownie,402,36
M000674,R01403,South Indian,Uttapam,529,41
M000675,R00643,South Indian,Pongal,671,15
M000676,R01432,Beverages,Lemon Juice,161,16
M000677,R00228,Biryani,Chicken Biryani,637,41
M000678,R01143,South Indian,Masala Dosa,448,28
M000679,R00048,Pizza,Veg Pizza,579,22
M000680,R00984,North Indian,Chole Bhature,178,18
M000681,R01010,North Indian,Chole Bhature,576,28
M000682,R00005,North Indian,Dal Makhani,319,29
M000683,R00131,South Indian,Vada,577,26
M000684,R00622,Biryani,Paneer Biryani,161,37
M000685,R00952,South Indian,Uttapam,248,41
M000686,R01007,South Indian,Idli,264,25
M000687,R01498,Pizza,Pepperoni Pizza,403,27
M000688,R00534,Chinese,Manchurian,418,39
M000689,R00780,Biryani,Paneer Biryani,156,24
M000690,R00307,South Indian,Idli,133,27
M000691,R01474,Chinese,Manchurian,159,14
M000692,R00195,Biryani,Mutton Biryani,483,12
M000693,R01330,Burger,Cheese Burger,172,41
M000694,R00947,Biryani,Paneer Biryani,163,33
M000695,R00795,Pizza,Veg Pizza,488,30
M000696,R00395,North Indian,Butter Naan,377,18
M000697,R00148,Burger,Veg Burger,212,14
M000698,R01397,South Indian,Idli,323,14
M000699,R01025,Burger,Cheese Burger,206,45
M000700,R00721,Chinese,Spring Roll,661,21
M000701,R01432,Beverages,Mojito,424,45
M000702,R01194,South Indian,Pongal,408,22
M000703,R00561,Biryani,Chicken Biryani,548,28
M000704,R00808,North Indian,Butter Naan,116,45
M000705,R00821,North Indian,Dal Makhani,650,40
M000706,R01144,Chinese,Manchurian,258,30
M000707,R01387,South Indian,Uttapam,424,33
M000708,R01395,South Indian,Masala Dosa,246,29
M000709,R01390,Beverages,Cold Coffee,123,19
M000710,R01035,Chinese,Fried Rice,391,32
M000711,R00501,South Indian,Pongal,383,37
M000712,R00672,South Indian,Uttapam,378,37
M000713,R00451,North Indian,Dal Makhani,283,25
M000714,R01192,South Indian,Vada,129,19
M000715,R00716,Burger,Chicken Burger,169,19
M000716,R00394,Biryani,Chicken Biryani,496,13
M000717,R00586,Biryani,Chicken Biryani,558,37
M000718,R00132,Biryani,Veg Biryani,359,16
M000719,R00202,Biryani,Veg Biryani,170,36
M000720,R00970,South Indian,Idli,346,22
M000721,R00488,South Indian,Masala Dosa,110,37
M000722,R00299,Pizza,Veg Pizza,193,16
M000723,R00316,South Indian,Idli,503,20
M000724,R00125,Pizza,Pepperoni Pizza,344,34
M000725,R01106,Burger,Chicken Burger,473,13
M000726,R00844,North Indian,Dal Makhani,352,21
M000727,R00576,Pizza,Farmhouse Pizza,662,40
M000728,R00599,Chinese,Noodles,255,41
M000729,R00311,Biryani,Chicken Biryani,419,22
M000730,R00942,Burger,Cheese Burger,522,45
M000731,R01015,North Indian,Butter Naan,579,31
M000732,R00556,Biryani,Chicken Biryani,423,27
M000733,R00468,Healthy Foods,Grilled Chicken,187,21
M000734,R01111,South Indian,Idli,635,29
M000735,R00330,Pizza,Margherita Pizza,526,27
M000736,R00448,Burger,Chicken Burger,513,36
M000737,R01404,South Indian,Uttapam,516,17
M000738,R00806,South Indian,Masala Dosa,425,18
M000739,R00750,Biryani,Paneer Biryani,521,30
M000740,R00905,Biryani,Paneer Biryani,325,27
M000741,R01259,North Indian,Butter Naan,310,33
M000742,R00669,Healthy Foods,Protein Bowl,303,30
M000743,R00108,Chinese,Spring Roll,199,45
M000744,R00013,Chinese,Noodles,169,31
M000745,R00141,Desserts,Ice Cream,586,14
M000746,R00723,Healthy Foods,Salad Bowl,409,40
M000747,R01185,North Indian,Butter Naan,192,32
M000748,R01323,Beverages,Lemon Juice,369,42
M000749,R01463,Burger,Chicken Burger,380,12
M000750,R00787,Pizza,Farmhouse Pizza,687,36
M000751,R00199,North Indian,Chole Bhature,631,23
M000752,R00933,South Indian,Uttapam,646,10
M000753,R00291,South Indian,Pongal,610,32
M000754,R00374,Biryani,Paneer Biryani,211,38
M000755,R01147,Burger,Veg Burger,199,45
M000756,R01459,Biryani,Chicken Biryani,287,42
M000757,R01274,Burger,Chicken Burger,607,40
M000758,R00209,North Indian,Chole Bhature,524,32
M000759,R00491,North Indian,Paneer Butter Masala,536,35
M000760,R00949,Healthy Foods,Grilled Chicken,647,19
M000761,R00834,Healthy Foods,Grilled Chicken,470,18
M000762,R01205,North Indian,Paneer Butter Masala,279,11
M000763,R01381,South Indian,Vada,537,15
M000764,R00116,Pizza,Margherita Pizza,270,23
M000765,R01247,North Indian,Dal Makhani,492,31
M000766,R01292,South Indian,Masala Dosa,323,19
M000767,R00385,South Indian,Masala Dosa,118,16
M000768,R00354,North Indian,Paneer Butter Masala,214,33
M000769,R01171,Pizza,Veg Pizza,162,25
M000770,R01035,Chinese,Manchurian,680,45
M000771,R00956,Healthy Foods,Salad Bowl,351,19
M000772,R00495,Chinese,Spring Roll,614,37
M000773,R01190,Biryani,Mutton Biryani,294,28
M000774,R00661,Pizza,Pepperoni Pizza,474,24
M000775,R00196,Chinese,Manchurian,350,41
M000776,R00087,Pizza,Margherita Pizza,228,15
M000777,R00163,Burger,Veg Burger,640,39
M000778,R00135,Chinese,Spring Roll,263,11
M000779,R01316,Chinese,Spring Roll,669,20
M000780,R00145,South Indian,Masala Dosa,116,22
M000781,R00211,Chinese,Manchurian,395,13
M000782,R00210,Biryani,Veg Biryani,603,17
M000783,R01170,South Indian,Masala Dosa,437,27
M000784,R01213,South Indian,Uttapam,604,31
M000785,R01495,North Indian,Chole Bhature,330,11
M000786,R00193,North Indian,Dal Makhani,388,41
M000787,R00644,North Indian,Paneer Butter Masala,608,38
M000788,R00658,South Indian,Masala Dosa,515,33
M000789,R00417,Chinese,Noodles,272,38
M000790,R01219,Healthy Foods,Grilled Chicken,435,21
M000791,R00270,Burger,Cheese Burger,540,40
M000792,R01385,Chinese,Fried Rice,604,32
M000793,R00912,Chinese,Fried Rice,201,13
M000794,R01389,Biryani,Mutton Biryani,508,27
M000795,R00142,Burger,Veg Burger,419,29
M000796,R01081,South Indian,Pongal,323,38
M000797,R00617,Biryani,Chicken Biryani,538,22
M000798,R01097,South Indian,Vada,192,33
M000799,R00608,Chinese,Spring Roll,285,17
M000800,R00805,North Indian,Paneer Butter Masala,598,17
M000801,R00183,Healthy Foods,Protein Bowl,276,31
M000802,R01340,North Indian,Butter Naan,311,13
M000803,R00681,South Indian,Pongal,412,41
M000804,R00749,Pizza,Veg Pizza,296,30
M000805,R00608,Chinese,Spring Roll,690,14
M000806,R00917,North Indian,Chole Bhature,664,20
M000807,R00907,Desserts,Chocolate Cake,679,42
M000808,R00664,Pizza,Pepperoni Pizza,271,15
M000809,R00145,South Indian,Uttapam,599,18
M000810,R01497,Biryani,Veg Biryani,504,44
M000811,R00029,Biryani,Veg Biryani,329,29
M000812,R00477,Pizza,Farmhouse Pizza,163,12
M000813,R01047,Chinese,Manchurian,134,19
M000814,R00942,Burger,Veg Burger,135,12
M000815,R00004,North Indian,Butter Naan,510,34
M000816,R01471,South Indian,Idli,451,14
M000817,R00896,Biryani,Veg Biryani,279,15
M000818,R01042,South Indian,Idli,458,22
M000819,R01121,South Indian,Idli,422,41
M000820,R00082,South Indian,Pongal,498,36
M000821,R00689,Burger,Chicken Burger,499,26
M000822,R00472,Burger,Veg Burger,624,45
M000823,R01020,Biryani,Veg Biryani,366,30
M000824,R00351,South Indian,Pongal,202,43
M000825,R01246,South Indian,Pongal,685,45
M000826,R00244,Chinese,Fried Rice,632,32
M000827,R00373,Pizza,Veg Pizza,255,27
M000828,R01114,Biryani,Chicken Biryani,540,33
M000829,R00555,Healthy Foods,Salad Bowl,94,35
M000830,R01157,North Indian,Paneer Butter Masala,149,16
M000831,R00108,Chinese,Spring Roll,507,12
M000832,R01076,Healthy Foods,Salad Bowl,652,23
M000833,R00512,Biryani,Chicken Biryani,582,19
M000834,R00739,South Indian,Uttapam,349,45
M000835,R01251,Chinese,Noodles,206,27
M000836,R00620,North Indian,Butter Naan,309,23
M000837,R00055,Biryani,Veg Biryani,281,24
M000838,R01431,North Indian,Dal Makhani,109,12
M000839,R01170,South Indian,Idli,504,22
M000840,R01446,North Indian,Butter Naan,441,42
M000841,R00723,Healthy Foods,Salad Bowl,363,25
M000842,R01153,Biryani,Mutton Biryani,165,26
M000843,R00312,Desserts,Brownie,409,13
M000844,R00232,Biryani,Mutton Biryani,110,28
M000845,R00572,South Indian,Uttapam,296,33
M000846,R00409,South Indian,Vada,517,41
M000847,R01070,Burger,Cheese Burger,478,37
M000848,R00993,North Indian,Butter Naan,334,28
M000849,R00567,Pizza,Farmhouse Pizza,343,20
M000850,R00396,Burger,Cheese Burger,587,23
M000851,R01168,Biryani,Mutton Biryani,350,41
M000852,R01396,Chinese,Fried Rice,188,16
M000853,R00864,Biryani,Paneer Biryani,459,45
M000854,R01488,North Indian,Chole Bhature,456,16
M000855,R00188,South Indian,Uttapam,290,15
M000856,R00451,North Indian,Butter Naan,625,29
M000857,R00585,North Indian,Chole Bhature,651,18
M000858,R00940,Beverages,Lemon Juice,665,24
M000859,R00339,Chinese,Noodles,424,29
M000860,R01188,North Indian,Paneer Butter Masala,561,42
M000861,R00429,Biryani,Veg Biryani,278,12
M000862,R01268,North Indian,Butter Naan,307,28
M000863,R01167,Pizza,Pepperoni Pizza,485,28
M000864,R01169,North Indian,Paneer Butter Masala,134,10
M000865,R00876,Burger,Chicken Burger,95,31
M000866,R00459,South Indian,Idli,320,26
M000867,R01025,Burger,Veg Burger,652,35
M000868,R01380,Biryani,Paneer Biryani,521,35
M000869,R00500,Pizza,Margherita Pizza,425,21
M000870,R00991,North Indian,Butter Naan,519,21
M000871,R00868,Chinese,Manchurian,386,43
M000872,R00224,Biryani,Veg Biryani,351,43
M000873,R01299,Pizza,Farmhouse Pizza,188,10
M000874,R00484,Chinese,Noodles,260,16
M000875,R00296,Biryani,Chicken Biryani,153,33
M000876,R01074,Biryani,Mutton Biryani,403,40
M000877,R01367,Desserts,Brownie,276,13
M000878,R01238,North Indian,Butter Naan,307,42
M000879,R00180,Healthy Foods,Grilled Chicken,171,35
M000880,R00127,Biryani,Chicken Biryani,141,31
M000881,R01393,North Indian,Paneer Butter Masala,673,29
M000882,R00997,North Indian,Paneer Butter Masala,671,18
M000883,R00211,Chinese,Manchurian,222,41
M000884,R00428,Biryani,Paneer Biryani,105,26
M000885,R00038,Burger,Chicken Burger,612,45
M000886,R01369,Burger,Chicken Burger,479,13
M000887,R01091,Pizza,Veg Pizza,121,10
M000888,R00563,Chinese,Spring Roll,99,14
M000889,R00872,Biryani,Veg Biryani,477,34
M000890,R00012,North Indian,Butter Naan,633,22
M000891,R01023,Biryani,Veg Biryani,267,38
M000892,R00232,Biryani,Veg Biryani,483,28
M000893,R00787,Pizza,Pepperoni Pizza,338,31
M000894,R01003,South Indian,Idli,100,20
M000895,R01210,Biryani,Chicken Biryani,648,41
M000896,R01195,Burger,Cheese Burger,601,44
M000897,R00969,North Indian,Dal Makhani,326,43
M000898,R01114,Biryani,Mutton Biryani,146,30
M000899,R01399,North Indian,Dal Makhani,462,29
M000900,R00942,Burger,Cheese Burger,582,16
M000901,R01235,Pizza,Farmhouse Pizza,371,39
M000902,R00130,South Indian,Pongal,445,32
M000903,R01165,Burger,Chicken Burger,162,37
M000904,R01007,South Indian,Idli,609,15
M000905,R00176,South Indian,Pongal,352,33
M000906,R01193,Pizza,Veg Pizza,233,33
M000907,R00768,North Indian,Dal Makhani,413,18
M000908,R00370,Healthy Foods,Salad Bowl,329,23
M000909,R00861,Pizza,Margherita Pizza,627,17
M000910,R00391,South Indian,Masala Dosa,686,23
M000911,R01477,Biryani,Paneer Biryani,212,30
M000912,R00025,North Indian,Dal Makhani,275,31
M000913,R00721,Chinese,Fried Rice,617,13
M000914,R01497,Biryani,Mutton Biryani,213,27
M000915,R00100,Biryani,Mutton Biryani,244,29
M000916,R00838,Biryani,Paneer Biryani,320,16
M000917,R00447,Chinese,Noodles,186,13
M000918,R00015,South Indian,Pongal,275,21
M000919,R01151,South Indian,Vada,405,35
M000920,R00951,Burger,Chicken Burger,438,29
M000921,R00550,Biryani,Veg Biryani,387,12
M000922,R01380,Biryani,Mutton Biryani,119,17
M000923,R01146,South Indian,Pongal,237,34
M000924,R00621,Biryani,Mutton Biryani,422,38
M000925,R00773,North Indian,Paneer Butter Masala,125,45
M000926,R01458,South Indian,Masala Dosa,217,18
M000927,R01303,Burger,Veg Burger,672,36
M000928,R01371,Chinese,Fried Rice,370,16
M000929,R00131,South Indian,Masala Dosa,592,43
M000930,R01342,Biryani,Paneer Biryani,608,36
M000931,R00698,North Indian,Chole Bhature,296,44
M000932,R00025,North Indian,Butter Naan,523,16
M000933,R00790,Pizza,Veg Pizza,113,26
M000934,R00010,North Indian,Dal Makhani,346,37
M000935,R00883,South Indian,Vada,117,13
M000936,R00301,South Indian,Idli,614,45
M000937,R01042,South Indian,Pongal,487,14
M000938,R00989,Pizza,Margherita Pizza,561,45
M000939,R00644,North Indian,Dal Makhani,278,30
M000940,R01127,North Indian,Butter Naan,681,35
M000941,R01451,South Indian,Uttapam,158,34
M000942,R01005,Beverages,Mojito,408,13
M000943,R00667,Burger,Cheese Burger,395,32
M000944,R00198,Biryani,Mutton Biryani,185,11
M000945,R00985,South Indian,Idli,649,16
M000946,R00447,Chinese,Spring Roll,125,33
M000947,R00633,South Indian,Masala Dosa,182,42
M000948,R00319,Chinese,Manchurian,121,33
M000949,R00076,Burger,Veg Burger,172,21
M000950,R00939,South Indian,Masala Dosa,553,42
M000951,R00830,Biryani,Veg Biryani,317,39
M000952,R00068,South Indian,Pongal,564,14
M000953,R00652,South Indian,Pongal,459,28
M000954,R01393,North Indian,Dal Makhani,297,39
M000955,R01470,Biryani,Paneer Biryani,414,36
M000956,R00617,Biryani,Paneer Biryani,432,14
M000957,R01500,North Indian,Paneer Butter Masala,232,43
M000958,R00084,Biryani,Mutton Biryani,432,24
M000959,R00498,North Indian,Paneer Butter Masala,364,39
M000960,R01086,Pizza,Veg Pizza,458,10
M000961,R01031,South Indian,Uttapam,116,10
M000962,R00610,Pizza,Pepperoni Pizza,404,41
M000963,R01087,North Indian,Paneer Butter Masala,201,45
M000964,R00394,Biryani,Mutton Biryani,196,38
M000965,R01143,South Indian,Uttapam,490,37
M000966,R01381,South Indian,Idli,150,11
M000967,R00897,Burger,Chicken Burger,541,45
M000968,R00237,Biryani,Veg Biryani,569,19
M000969,R01101,Pizza,Pepperoni Pizza,249,45
M000970,R00899,North Indian,Chole Bhature,561,40
M000971,R00717,North Indian,Butter Naan,685,27
M000972,R00541,South Indian,Masala Dosa,179,44
M000973,R00853,Chinese,Fried Rice,440,21
M000974,R00527,Biryani,Veg Biryani,509,16
M000975,R00142,Burger,Cheese Burger,423,13
M000976,R00792,Burger,Chicken Burger,115,41
M000977,R00890,South Indian,Masala Dosa,554,17
M000978,R00575,South Indian,Vada,231,39
M000979,R00112,Biryani,Chicken Biryani,571,27
M000980,R00495,Chinese,Manchurian,522,34
M000981,R00446,Healthy Foods,Salad Bowl,371,35
M000982,R01046,North Indian,Butter Naan,382,29
M000983,R01465,Burger,Chicken Burger,164,25
M000984,R01196,Burger,Veg Burger,206,19
M000985,R01401,South Indian,Pongal,264,32
M000986,R00800,Healthy Foods,Salad Bowl,434,21
M000987,R00671,Pizza,Farmhouse Pizza,430,17
M000988,R01467,Desserts,Ice Cream,336,45
M000989,R01027,Biryani,Chicken Biryani,352,15
M000990,R00366,Chinese,Spring Roll,458,17
M000991,R01470,Biryani,Chicken Biryani,526,44
M000992,R00988,Biryani,Veg Biryani,460,22
M000993,R01074,Biryani,Mutton Biryani,603,13
M000994,R01127,North Indian,Butter Naan,631,19
M000995,R01106,Burger,Veg Burger,644,37
M000996,R01190,Biryani,Veg Biryani,553,37
M000997,R00450,South Indian,Idli,592,26
M000998,R00978,Burger,Chicken Burger,549,45
M000999,R00255,South Indian,Masala Dosa,225,33
M001000,R01409,South Indian,Masala Dosa,405,22
M001001,R01119,Beverages,Lemon Juice,610,20
M001002,R00504,South Indian,Pongal,172,31
M001003,R00208,South Indian,Idli,599,43
M001004,R00448,Burger,Veg Burger,108,32
M001005,R00053,South Indian,Masala Dosa,390,29
M001006,R00960,North Indian,Paneer Butter Masala,341,31
M001007,R00205,Desserts,Ice Cream,288,31
M001008,R00968,Biryani,Paneer Biryani,193,39
M001009,R00881,Chinese,Fried Rice,150,36
M001010,R00575,South Indian,Idli,81,32
M001011,R01316,Chinese,Spring Roll,667,29
M001012,R00198,Biryani,Veg Biryani,441,16
M001013,R00557,Chinese,Spring Roll,155,15
M001014,R01106,Burger,Cheese Burger,534,18
M001015,R01406,Burger,Chicken Burger,310,34
M001016,R01323,Beverages,Cold Coffee,631,31
M001017,R00224,Biryani,Paneer Biryani,268,34
M001018,R00496,North Indian,Dal Makhani,205,20
M001019,R00885,Burger,Veg Burger,150,14
M001020,R00906,South Indian,Masala Dosa,618,11
M001021,R01304,Healthy Foods,Protein Bowl,646,26
M001022,R00717,North Indian,Dal Makhani,325,34
M001023,R00794,Biryani,Mutton Biryani,273,34
M001024,R00729,North Indian,Dal Makhani,91,38
M001025,R00295,South Indian,Masala Dosa,157,34
M001026,R00076,Burger,Chicken Burger,588,44
M001027,R01216,South Indian,Uttapam,499,21
M001028,R00316,South Indian,Masala Dosa,647,18
M001029,R01203,Burger,Veg Burger,96,11
M001030,R00259,South Indian,Pongal,313,22
M001031,R01038,North Indian,Paneer Butter Masala,211,42
M001032,R00438,Desserts,Ice Cream,204,28
M001033,R01224,South Indian,Vada,318,29
M001034,R00216,North Indian,Butter Naan,417,44
M001035,R01205,North Indian,Chole Bhature,89,34
M001036,R00777,North Indian,Chole Bhature,351,37
M001037,R01268,North Indian,Paneer Butter Masala,596,13
M001038,R00653,Biryani,Chicken Biryani,338,17
M001039,R00782,Beverages,Lemon Juice,401,19
M001040,R01172,Biryani,Mutton Biryani,294,19
M001041,R01197,Biryani,Paneer Biryani,110,41
M001042,R00332,Biryani,Mutton Biryani,409,34
M001043,R00050,Chinese,Manchurian,528,24
M001044,R01249,Chinese,Manchurian,520,13
M001045,R00968,Biryani,Paneer Biryani,510,43
M001046,R00534,Chinese,Noodles,149,27
M001047,R00989,Pizza,Margherita Pizza,234,10
M001048,R00410,Biryani,Paneer Biryani,481,17
M001049,R01055,South Indian,Pongal,81,11
M001050,R00575,South Indian,Masala Dosa,111,14
M001051,R01121,South Indian,Pongal,317,31
M001052,R00420,Burger,Chicken Burger,562,17
M001053,R00136,North Indian,Dal Makhani,501,19
M001054,R00886,Pizza,Margherita Pizza,160,38
M001055,R01197,Biryani,Veg Biryani,520,18
M001056,R01058,Burger,Veg Burger,336,16
M001057,R00777,North Indian,Paneer Butter Masala,541,16
M001058,R00143,Healthy Foods,Salad Bowl,316,34
M001059,R01303,Burger,Chicken Burger,510,25
M001060,R01129,Burger,Chicken Burger,394,16
M001061,R01478,Beverages,Lemon Juice,366,36
M001062,R00724,Healthy Foods,Grilled Chicken,442,31
M001063,R01404,South Indian,Masala Dosa,500,15
M001064,R01287,South Indian,Idli,311,29
M001065,R00775,South Indian,Vada,536,11
M001066,R01350,South Indian,Idli,339,24
M001067,R00241,Biryani,Veg Biryani,324,44
M001068,R00175,Chinese,Noodles,104,40
M001069,R00891,North Indian,Dal Makhani,81,19
M001070,R00655,Healthy Foods,Grilled Chicken,551,19
M001071,R00708,Biryani,Chicken Biryani,507,29
M001072,R00577,Biryani,Mutton Biryani,192,42
M001073,R00282,South Indian,Idli,259,11
M001074,R01394,Pizza,Veg Pizza,620,36
M001075,R01424,Burger,Cheese Burger,232,13
M001076,R01203,Burger,Veg Burger,450,13
M001077,R00409,South Indian,Masala Dosa,406,12
M001078,R00213,South Indian,Masala Dosa,658,29
M001079,R00454,South Indian,Masala Dosa,448,31
M001080,R00569,Healthy Foods,Protein Bowl,495,18
M001081,R00700,Biryani,Mutton Biryani,438,29
M001082,R00972,North Indian,Dal Makhani,383,20
M001083,R00398,Biryani,Veg Biryani,526,11
M001084,R00259,South Indian,Pongal,189,38
M001085,R01325,North Indian,Dal Makhani,525,43
M001086,R01449,South Indian,Uttapam,124,17
M001087,R00023,Biryani,Chicken Biryani,658,10
M001088,R00917,North Indian,Paneer Butter Masala,356,31
M001089,R00276,South Indian,Idli,190,27
M001090,R01380,Biryani,Veg Biryani,126,41
M001091,R01301,Burger,Chicken Burger,269,22
M001092,R00170,North Indian,Butter Naan,511,11
M001093,R00271,Chinese,Fried Rice,110,32
M001094,R00075,North Indian,Butter Naan,666,37
M001095,R00804,Desserts,Brownie,387,21
M001096,R01325,North Indian,Paneer Butter Masala,659,18
M001097,R01233,Biryani,Paneer Biryani,234,18
M001098,R01110,South Indian,Vada,632,28
M001099,R00284,Biryani,Chicken Biryani,230,19
M001100,R00830,Biryani,Veg Biryani,502,11
M001101,R00332,Biryani,Chicken Biryani,639,15
M001102,R01192,South Indian,Masala Dosa,241,39
M001103,R01454,Chinese,Fried Rice,181,37
M001104,R01251,Chinese,Spring Roll,324,42
M001105,R01239,Chinese,Spring Roll,485,39
M001106,R01464,Desserts,Chocolate Cake,102,23
M001107,R00895,Pizza,Pepperoni Pizza,312,17
M001108,R00412,North Indian,Butter Naan,180,22
M001109,R00243,Burger,Cheese Burger,605,38
M001110,R01449,South Indian,Masala Dosa,99,14
M001111,R00968,Biryani,Veg Biryani,584,28
M001112,R01288,Biryani,Mutton Biryani,611,40
M001113,R01355,Biryani,Veg Biryani,424,12
M001114,R01185,North Indian,Dal Makhani,283,27
M001115,R01233,Biryani,Paneer Biryani,88,42
M001116,R00717,North Indian,Paneer Butter Masala,237,32
M001117,R01253,North Indian,Chole Bhature,562,13
M001118,R01132,South Indian,Masala Dosa,321,22
M001119,R00499,Chinese,Noodles,399,40
M001120,R00837,Biryani,Veg Biryani,252,22
M001121,R00994,South Indian,Pongal,198,30
M001122,R00622,Biryani,Mutton Biryani,525,21
M001123,R00122,South Indian,Idli,534,41
M001124,R00990,North Indian,Chole Bhature,582,44
M001125,R01080,Pizza,Pepperoni Pizza,231,22
M001126,R01336,Burger,Cheese Burger,286,43
M001127,R00221,North Indian,Chole Bhature,111,37
M001128,R00592,Chinese,Manchurian,356,35
M001129,R01492,Chinese,Manchurian,643,18
M001130,R00622,Biryani,Veg Biryani,480,38
M001131,R01054,Pizza,Margherita Pizza,288,40
M001132,R00423,Biryani,Mutton Biryani,332,29
M001133,R01320,Biryani,Veg Biryani,321,13
M001134,R00421,Biryani,Paneer Biryani,197,42
M001135,R01066,Healthy Foods,Grilled Chicken,472,36
M001136,R00633,South Indian,Uttapam,686,12
M001137,R00250,South Indian,Masala Dosa,216,28
M001138,R00056,South Indian,Idli,657,35
M001139,R00360,North Indian,Paneer Butter Masala,548,19
M001140,R00889,South Indian,Masala Dosa,486,38
M001141,R00612,North Indian,Butter Naan,405,24
M001142,R00637,South Indian,Idli,609,16
M001143,R01425,North Indian,Dal Makhani,150,12
M001144,R00973,Biryani,Mutton Biryani,547,43
M001145,R00339,Chinese,Fried Rice,603,34
M001146,R00194,Burger,Cheese Burger,514,31
M001147,R00017,Desserts,Ice Cream,246,36
M001148,R01056,Burger,Veg Burger,586,39
M001149,R00519,South Indian,Idli,443,17
M001150,R00023,Biryani,Veg Biryani,128,44
M001151,R01181,Pizza,Pepperoni Pizza,695,36
M001152,R00375,Healthy Foods,Grilled Chicken,556,28
M001153,R00540,Desserts,Brownie,533,25
M001154,R01261,Chinese,Manchurian,476,19
M001155,R01370,North Indian,Butter Naan,667,29
M001156,R00613,Pizza,Veg Pizza,255,34
M001157,R00872,Biryani,Mutton Biryani,310,36
M001158,R01396,Chinese,Fried Rice,566,33
M001159,R00718,North Indian,Chole Bhature,112,29
M001160,R01198,North Indian,Butter Naan,282,18
M001161,R00497,South Indian,Idli,660,31
M001162,R00419,Burger,Veg Burger,221,26
M001163,R01276,South Indian,Vada,516,42
M001164,R00288,North Indian,Chole Bhature,419,20
M001165,R00699,South Indian,Masala Dosa,218,30
M001166,R00396,Burger,Cheese Burger,173,10
M001167,R00599,Chinese,Noodles,429,12
M001168,R00895,Pizza,Farmhouse Pizza,562,20
M001169,R01114,Biryani,Veg Biryani,433,12
M001170,R00928,North Indian,Dal Makhani,313,41
M001171,R00871,Pizza,Farmhouse Pizza,571,23
M001172,R00021,Chinese,Noodles,632,27
M001173,R00902,Biryani,Paneer Biryani,332,38
M001174,R01314,South Indian,Idli,383,34
M001175,R01005,Beverages,Lemon Juice,211,33
M001176,R01488,North Indian,Paneer Butter Masala,226,12
M001177,R00511,Healthy Foods,Grilled Chicken,462,45
M001178,R01195,Burger,Veg Burger,452,21
M001179,R00697,South Indian,Vada,498,20
M001180,R01386,Desserts,Brownie,243,21
M001181,R00692,Biryani,Paneer Biryani,428,21
M001182,R00267,South Indian,Vada,249,42
M001183,R00386,Burger,Cheese Burger,659,18
M001184,R00061,Biryani,Paneer Biryani,246,43
M001185,R00946,Burger,Cheese Burger,221,34
M001186,R00050,Chinese,Spring Roll,235,10
M001187,R00701,North Indian,Butter Naan,671,26
M001188,R00954,Beverages,Mojito,481,29
M001189,R00686,Chinese,Spring Roll,94,40
M001190,R01232,Chinese,Fried Rice,279,29
M001191,R01371,Chinese,Manchurian,104,36
M001192,R01486,North Indian,Chole Bhature,613,30
M001193,R01453,North Indian,Butter Naan,416,29
M001194,R01456,Beverages,Mojito,188,36
M001195,R00778,Pizza,Farmhouse Pizza,420,22
M001196,R00979,Chinese,Spring Roll,117,44
M001197,R00853,Chinese,Noodles,621,11
M001198,R01171,Pizza,Pepperoni Pizza,334,45
M001199,R00065,South Indian,Masala Dosa,638,35
M001200,R00685,South Indian,Uttapam,98,32
M001201,R01377,South Indian,Pongal,139,36
M001202,R00634,Burger,Chicken Burger,366,32
M001203,R01173,Healthy Foods,Protein Bowl,545,11
M001204,R00041,South Indian,Uttapam,694,40
M001205,R01120,South Indian,Pongal,455,19
M001206,R00314,Biryani,Paneer Biryani,129,40
M001207,R00455,Biryani,Veg Biryani,546,11
M001208,R00599,Chinese,Noodles,662,26
M001209,R00409,South Indian,Masala Dosa,514,43
M001210,R00507,North Indian,Paneer Butter Masala,131,14
M001211,R00760,Healthy Foods,Protein Bowl,533,31
M001212,R00118,South Indian,Vada,458,16
M001213,R00574,South Indian,Uttapam,106,10
M001214,R00670,Burger,Veg Burger,463,38
M001215,R00621,Biryani,Veg Biryani,334,35
M001216,R00667,Burger,Cheese Burger,504,12
M001217,R00177,South Indian,Masala Dosa,517,31
M001218,R01321,South Indian,Vada,244,12
M001219,R01269,Chinese,Manchurian,142,34
M001220,R00970,South Indian,Uttapam,150,22
M001221,R01084,South Indian,Vada,83,13
M001222,R01217,Burger,Veg Burger,652,27
M001223,R01343,Beverages,Cold Coffee,104,43
M001224,R00442,Healthy Foods,Protein Bowl,329,19
M001225,R00059,Burger,Cheese Burger,660,43
M001226,R00073,Biryani,Chicken Biryani,593,29
M001227,R00758,South Indian,Masala Dosa,662,26
M001228,R00061,Biryani,Veg Biryani,145,33
M001229,R01053,Biryani,Chicken Biryani,438,35
M001230,R01124,North Indian,Chole Bhature,188,40
M001231,R00206,Biryani,Chicken Biryani,402,29
M001232,R00717,North Indian,Paneer Butter Masala,410,28
M001233,R00011,Desserts,Ice Cream,561,29
M001234,R01071,Pizza,Margherita Pizza,432,44
M001235,R00561,Biryani,Paneer Biryani,425,27
M001236,R01348,Healthy Foods,Protein Bowl,522,32
M001237,R01439,South Indian,Pongal,563,19
M001238,R00578,Desserts,Brownie,98,32
M001239,R00839,Biryani,Veg Biryani,138,26
M001240,R00820,Biryani,Chicken Biryani,696,27
M001241,R00663,Chinese,Noodles,648,33
M001242,R01371,Chinese,Manchurian,579,40
M001243,R01386,Desserts,Chocolate Cake,572,19
M001244,R01493,Pizza,Pepperoni Pizza,145,43
M001245,R00793,Chinese,Spring Roll,393,27
M001246,R00263,Beverages,Mojito,185,17
M001247,R00617,Biryani,Paneer Biryani,573,28
M001248,R00264,Chinese,Noodles,298,36
M001249,R00517,North Indian,Dal Makhani,151,10
M001250,R00432,Burger,Cheese Burger,324,40
M001251,R00883,South Indian,Masala Dosa,386,17
M001252,R00348,South Indian,Pongal,597,36
M001253,R00600,South Indian,Masala Dosa,246,37
M001254,R00416,North Indian,Butter Naan,188,28
M001255,R01069,North Indian,Chole Bhature,380,43
M001256,R01072,South Indian,Vada,505,29
M001257,R01066,Healthy Foods,Salad Bowl,161,13
M001258,R01470,Biryani,Chicken Biryani,668,33
M001259,R00171,South Indian,Idli,487,43
M001260,R01296,Burger,Chicken Burger,524,41
M001261,R00237,Biryani,Paneer Biryani,426,17
M001262,R00664,Pizza,Margherita Pizza,141,44
M001263,R00342,Burger,Veg Burger,293,25
M001264,R00273,Biryani,Paneer Biryani,518,36
M001265,R01155,South Indian,Vada,405,43
M001266,R00565,Biryani,Mutton Biryani,241,40
M001267,R00511,Healthy Foods,Grilled Chicken,679,38
M001268,R01020,Biryani,Paneer Biryani,438,20
M001269,R01144,Chinese,Noodles,446,44
M001270,R00845,South Indian,Idli,291,43
M001271,R00200,Healthy Foods,Protein Bowl,133,27
M001272,R00171,South Indian,Idli,487,40
M001273,R00775,South Indian,Idli,659,10
M001274,R01434,South Indian,Masala Dosa,544,37
M001275,R01019,Biryani,Mutton Biryani,99,16
M001276,R00914,Biryani,Veg Biryani,209,35
M001277,R00576,Pizza,Pepperoni Pizza,308,12
M001278,R00910,South Indian,Pongal,548,31
M001279,R00428,Biryani,Veg Biryani,487,41
M001280,R00549,Chinese,Fried Rice,264,26
M001281,R00531,Healthy Foods,Salad Bowl,476,27
M001282,R00407,Biryani,Paneer Biryani,158,35
M001283,R01005,Beverages,Mojito,196,40
M001284,R00758,South Indian,Vada,100,34
M001285,R01017,Biryani,Mutton Biryani,403,45
M001286,R01257,South Indian,Vada,607,25
M001287,R00846,Chinese,Manchurian,97,35
M001288,R00128,South Indian,Pongal,370,14
M001289,R01433,Pizza,Farmhouse Pizza,700,27
M001290,R00303,North Indian,Butter Naan,226,28
M001291,R00715,Healthy Foods,Salad Bowl,304,13
M001292,R00756,Burger,Chicken Burger,259,32
M001293,R00758,South Indian,Masala Dosa,321,43
M001294,R00190,Chinese,Fried Rice,292,30
M001295,R01473,South Indian,Vada,237,23
M001296,R00451,North Indian,Butter Naan,132,10
M001297,R00819,Chinese,Noodles,295,20
M001298,R00067,Biryani,Paneer Biryani,555,26
M001299,R00215,Desserts,Ice Cream,527,27
M001300,R00416,North Indian,Chole Bhature,115,24
M001301,R01305,Chinese,Manchurian,512,42
M001302,R01105,South Indian,Uttapam,682,44
M001303,R00292,Biryani,Paneer Biryani,346,45
M001304,R00297,Burger,Chicken Burger,463,39
M001305,R01427,Healthy Foods,Salad Bowl,550,29
M001306,R00359,Biryani,Paneer Biryani,86,20
M001307,R00585,North Indian,Chole Bhature,440,13
M001308,R00007,South Indian,Idli,147,36
M001309,R00133,Biryani,Mutton Biryani,624,39
M001310,R00549,Chinese,Manchurian,596,23
M001311,R01313,North Indian,Paneer Butter Masala,92,21
M001312,R00291,South Indian,Idli,603,23
M001313,R00958,North Indian,Paneer Butter Masala,261,16
M001314,R00278,South Indian,Vada,137,43
M001315,R00684,South Indian,Idli,384,27
M001316,R00583,Healthy Foods,Salad Bowl,622,43
M001317,R01301,Burger,Chicken Burger,386,45
M001318,R00961,Biryani,Mutton Biryani,201,26
M001319,R00966,South Indian,Idli,524,13
M001320,R00881,Chinese,Fried Rice,106,33
M001321,R00736,Pizza,Veg Pizza,610,13
M001322,R01227,South Indian,Vada,321,25
M001323,R00956,Healthy Foods,Grilled Chicken,176,22
M001324,R00055,Biryani,Chicken Biryani,698,41
M001325,R00684,South Indian,Masala Dosa,250,15
M001326,R00161,Pizza,Farmhouse Pizza,487,34
M001327,R01433,Pizza,Margherita Pizza,240,32
M001328,R00091,Pizza,Pepperoni Pizza,101,43
M001329,R00174,North Indian,Paneer Butter Masala,271,40
M001330,R00746,Burger,Cheese Burger,366,34
M001331,R01166,Pizza,Farmhouse Pizza,456,37
M001332,R00021,Chinese,Fried Rice,651,43
M001333,R01284,North Indian,Paneer Butter Masala,265,20
M001334,R00147,Beverages,Mojito,442,14
M001335,R00216,North Indian,Butter Naan,218,32
M001336,R01463,Burger,Cheese Burger,412,19
M001337,R00783,South Indian,Idli,623,28
M001338,R00497,South Indian,Pongal,129,16
M001339,R01409,South Indian,Vada,417,27
M001340,R01268,North Indian,Butter Naan,445,10
M001341,R00573,North Indian,Paneer Butter Masala,619,29
M001342,R00825,North Indian,Chole Bhature,634,20
M001343,R01473,South Indian,Masala Dosa,232,45
M001344,R00898,Beverages,Cold Coffee,240,13
M001345,R00667,Burger,Veg Burger,670,20
M001346,R01268,North Indian,Chole Bhature,513,39
M001347,R01149,Biryani,Veg Biryani,151,27
M001348,R00475,North Indian,Chole Bhature,684,32
M001349,R00788,South Indian,Uttapam,338,28
M001350,R00562,Biryani,Paneer Biryani,402,33
M001351,R00790,Pizza,Veg Pizza,283,30
M001352,R00993,North Indian,Dal Makhani,641,22
M001353,R00236,North Indian,Chole Bhature,401,42
M001354,R00064,Chinese,Spring Roll,674,35
M001355,R00908,North Indian,Chole Bhature,393,43
M001356,R00140,Biryani,Mutton Biryani,534,20
M001357,R00916,South Indian,Uttapam,660,24
M001358,R00492,Biryani,Mutton Biryani,453,27
M001359,R00753,Biryani,Chicken Biryani,206,32
M001360,R01044,South Indian,Vada,375,25
M001361,R00214,North Indian,Dal Makhani,201,28
M001362,R00833,Healthy Foods,Protein Bowl,504,10
M001363,R00294,North Indian,Dal Makhani,480,16
M001364,R01252,Chinese,Fried Rice,198,45
M001365,R00791,Biryani,Chicken Biryani,289,35
M001366,R00035,Biryani,Mutton Biryani,661,20
M001367,R00387,South Indian,Pongal,332,36
M001368,R01403,South Indian,Pongal,448,24
M001369,R01261,Chinese,Fried Rice,124,10
M001370,R01277,Biryani,Veg Biryani,618,29
M001371,R00885,Burger,Veg Burger,666,33
M001372,R01144,Chinese,Fried Rice,254,44
M001373,R00629,South Indian,Vada,592,22
M001374,R00047,Biryani,Veg Biryani,121,37
M001375,R00355,Burger,Chicken Burger,255,37
M001376,R00732,North Indian,Paneer Butter Masala,360,22
M001377,R00856,North Indian,Paneer Butter Masala,400,37
M001378,R00393,Chinese,Manchurian,98,28
M001379,R01252,Chinese,Fried Rice,589,40
M001380,R00328,Biryani,Veg Biryani,462,25
M001381,R01098,Beverages,Cold Coffee,239,17
M001382,R00332,Biryani,Chicken Biryani,282,22
M001383,R00594,Biryani,Chicken Biryani,555,19
M001384,R00270,Burger,Veg Burger,410,39
M001385,R01260,South Indian,Idli,377,30
M001386,R00086,Chinese,Fried Rice,380,39
M001387,R00135,Chinese,Manchurian,499,39
M001388,R01115,South Indian,Idli,113,19
M001389,R01335,Pizza,Pepperoni Pizza,218,23
M001390,R01161,Biryani,Veg Biryani,115,33
M001391,R01468,Beverages,Cold Coffee,184,17
M001392,R01299,Pizza,Veg Pizza,498,14
M001393,R00052,Burger,Cheese Burger,592,34
M001394,R00858,Burger,Cheese Burger,123,25
M001395,R00516,South Indian,Pongal,585,34
M001396,R00170,North Indian,Paneer Butter Masala,524,43
M001397,R00937,Healthy Foods,Protein Bowl,601,31
M001398,R01156,South Indian,Vada,341,41
M001399,R00829,North Indian,Paneer Butter Masala,566,22
M001400,R00103,Healthy Foods,Salad Bowl,233,37
M001401,R00800,Healthy Foods,Protein Bowl,357,11
M001402,R00580,North Indian,Dal Makhani,252,36
M001403,R00624,North Indian,Chole Bhature,515,16
M001404,R00732,North Indian,Butter Naan,134,45
M001405,R00097,South Indian,Vada,679,15
M001406,R00146,South Indian,Masala Dosa,493,28
M001407,R01251,Chinese,Manchurian,295,28
M001408,R00082,South Indian,Pongal,326,27
M001409,R00243,Burger,Veg Burger,161,39
M001410,R01184,North Indian,Dal Makhani,106,29
M001411,R00545,South Indian,Masala Dosa,502,11
M001412,R01279,North Indian,Chole Bhature,150,18
M001413,R00547,South Indian,Idli,310,25
M001414,R00973,Biryani,Mutton Biryani,694,14
M001415,R00394,Biryani,Veg Biryani,631,45
M001416,R01216,South Indian,Pongal,352,22
M001417,R00546,North Indian,Paneer Butter Masala,556,15
M001418,R01154,Biryani,Mutton Biryani,478,22
M001419,R00345,South Indian,Idli,338,17
M001420,R01264,Biryani,Veg Biryani,130,23
M001421,R00371,North Indian,Dal Makhani,519,12
M001422,R00314,Biryani,Paneer Biryani,223,29
M001423,R01270,Biryani,Veg Biryani,412,44
M001424,R00769,Biryani,Paneer Biryani,160,29
M001425,R00113,Pizza,Farmhouse Pizza,565,25
M001426,R00650,South Indian,Pongal,85,42
M001427,R01186,Biryani,Paneer Biryani,581,22
M001428,R00622,Biryani,Paneer Biryani,432,24
M001429,R01477,Biryani,Paneer Biryani,681,29
M001430,R00712,Desserts,Brownie,558,43
M001431,R00555,Healthy Foods,Protein Bowl,98,41
M001432,R00819,Chinese,Fried Rice,134,44
M001433,R00914,Biryani,Veg Biryani,215,17
M001434,R00537,Burger,Chicken Burger,652,15
M001435,R00154,Desserts,Chocolate Cake,97,38
M001436,R00597,Healthy Foods,Grilled Chicken,639,15
M001437,R00736,Pizza,Veg Pizza,528,36
M001438,R00572,South Indian,Vada,300,20
M001439,R00427,Pizza,Farmhouse Pizza,263,41
M001440,R00174,North Indian,Dal Makhani,114,28
M001441,R00333,Beverages,Cold Coffee,317,36
M001442,R00456,North Indian,Chole Bhature,419,31
M001443,R00225,Burger,Cheese Burger,150,11
M001444,R00289,Biryani,Mutton Biryani,668,21
M001445,R00144,Biryani,Mutton Biryani,257,31
M001446,R00512,Biryani,Mutton Biryani,669,19
M001447,R01258,Desserts,Brownie,107,18
M001448,R01174,South Indian,Pongal,307,14
M001449,R00874,Biryani,Veg Biryani,290,45
M001450,R00190,Chinese,Spring Roll,635,17
M001451,R00909,North Indian,Butter Naan,257,21
M001452,R00969,North Indian,Chole Bhature,552,39
M001453,R01302,South Indian,Vada,83,33
M001454,R01354,Biryani,Veg Biryani,484,10
M001455,R01362,Biryani,Veg Biryani,388,33
M001456,R01338,Biryani,Mutton Biryani,696,42
M001457,R00333,Beverages,Mojito,303,15
M001458,R00902,Biryani,Chicken Biryani,309,44
M001459,R01139,Biryani,Veg Biryani,580,11
M001460,R00036,Chinese,Manchurian,419,23
M001461,R00789,Burger,Chicken Burger,274,34
M001462,R00262,South Indian,Pongal,355,12
M001463,R01268,North Indian,Chole Bhature,508,31
M001464,R00883,South Indian,Pongal,490,11
M001465,R00799,Chinese,Fried Rice,596,25
M001466,R00589,Pizza,Farmhouse Pizza,207,40
M001467,R00192,Chinese,Fried Rice,152,20
M001468,R00409,South Indian,Vada,428,13
M001469,R00053,South Indian,Vada,695,11
M001470,R00629,South Indian,Idli,145,29
M001471,R00855,Biryani,Mutton Biryani,589,12
M001472,R00273,Biryani,Paneer Biryani,410,34
M001473,R00444,Biryani,Chicken Biryani,615,42
M001474,R00160,South Indian,Idli,117,14
M001475,R00442,Healthy Foods,Protein Bowl,655,41
M001476,R00377,Pizza,Farmhouse Pizza,556,42
M001477,R01337,Burger,Veg Burger,571,31
M001478,R01305,Chinese,Manchurian,576,17
M001479,R00010,North Indian,Paneer Butter Masala,487,30
M001480,R00079,Healthy Foods,Grilled Chicken,185,31
M001481,R00533,Chinese,Noodles,407,38
M001482,R00702,South Indian,Vada,654,35
M001483,R00626,Biryani,Paneer Biryani,458,35
M001484,R00965,North Indian,Paneer Butter Masala,163,12
M001485,R00114,Burger,Cheese Burger,191,43
M001486,R00105,Chinese,Spring Roll,413,19
M001487,R01418,South Indian,Masala Dosa,193,22
M001488,R00813,Burger,Chicken Burger,283,23
M001489,R01056,Burger,Chicken Burger,405,11
M001490,R00674,North Indian,Chole Bhature,97,42
M001491,R00846,Chinese,Manchurian,372,41
M001492,R01110,South Indian,Masala Dosa,228,33
M001493,R00278,South Indian,Idli,436,45
M001494,R01115,South Indian,Masala Dosa,341,14
M001495,R01073,Pizza,Farmhouse Pizza,544,34
M001496,R01017,Biryani,Veg Biryani,614,12
M001497,R00093,Biryani,Chicken Biryani,691,38
M001498,R01241,North Indian,Dal Makhani,665,35
M001499,R01121,South Indian,Pongal,460,19
M001500,R01236,North Indian,Butter Naan,80,40
M001501,R01009,Biryani,Veg Biryani,588,38
M001502,R00196,Chinese,Spring Roll,231,40
M001503,R01345,North Indian,Butter Naan,400,18
M001504,R00303,North Indian,Butter Naan,247,42
M001505,R01203,Burger,Cheese Burger,421,36
M001506,R00374,Biryani,Chicken Biryani,82,15
M001507,R00993,North Indian,Butter Naan,197,13
M001508,R00602,Chinese,Fried Rice,290,27
M001509,R01088,South Indian,Masala Dosa,584,43
M001510,R01336,Burger,Veg Burger,362,13
M001511,R00329,Healthy Foods,Salad Bowl,498,14
M001512,R01196,Burger,Veg Burger,211,19
M001513,R00883,South Indian,Masala Dosa,279,44
M001514,R00476,North Indian,Paneer Butter Masala,657,24
M001515,R01404,South Indian,Uttapam,441,43
M001516,R00697,South Indian,Masala Dosa,467,32
M001517,R00079,Healthy Foods,Protein Bowl,283,30
M001518,R00721,Chinese,Noodles,304,15
M001519,R00630,Burger,Cheese Burger,623,25
M001520,R00729,North Indian,Dal Makhani,246,10
M001521,R00066,North Indian,Chole Bhature,583,32
M001522,R00163,Burger,Chicken Burger,400,26
M001523,R00151,South Indian,Masala Dosa,638,41
M001524,R00841,Pizza,Veg Pizza,533,26
M001525,R00070,Beverages,Mojito,150,40
M001526,R00698,North Indian,Dal Makhani,260,17
M001527,R00719,South Indian,Vada,114,12
M001528,R00232,Biryani,Chicken Biryani,610,20
M001529,R01457,Chinese,Fried Rice,81,45
M001530,R00967,South Indian,Pongal,417,12
M001531,R00599,Chinese,Spring Roll,638,20
M001532,R01414,Pizza,Pepperoni Pizza,686,28
M001533,R01342,Biryani,Mutton Biryani,421,45
M001534,R01470,Biryani,Paneer Biryani,167,33
M001535,R00319,Chinese,Spring Roll,256,42
M001536,R01450,South Indian,Idli,516,14
M001537,R01062,Chinese,Spring Roll,270,41
M001538,R00578,Desserts,Ice Cream,216,45
M001539,R01498,Pizza,Margherita Pizza,252,45
M001540,R00172,Chinese,Noodles,85,45
M001541,R00300,Pizza,Pepperoni Pizza,254,34
M001542,R01300,South Indian,Vada,371,32
M001543,R00676,South Indian,Idli,198,33
M001544,R01062,Chinese,Manchurian,353,21
M001545,R00099,Pizza,Veg Pizza,341,33
M001546,R00072,South Indian,Masala Dosa,599,41
M001547,R00764,Pizza,Farmhouse Pizza,363,18
M001548,R00095,Healthy Foods,Grilled Chicken,108,13
M001549,R01138,Healthy Foods,Grilled Chicken,401,10
M001550,R00652,South Indian,Vada,672,26
M001551,R01468,Beverages,Lemon Juice,183,14
M001552,R01073,Pizza,Veg Pizza,194,18
M001553,R01272,Biryani,Paneer Biryani,86,45
M001554,R00697,South Indian,Uttapam,698,25
M001555,R00828,South Indian,Uttapam,614,17
M001556,R01207,Desserts,Ice Cream,581,44
M001557,R01154,Biryani,Mutton Biryani,346,44
M001558,R00938,Biryani,Veg Biryani,517,41
M001559,R00850,Biryani,Veg Biryani,678,31
M001560,R00238,South Indian,Pongal,634,11
M001561,R01401,South Indian,Masala Dosa,359,37
M001562,R00760,Healthy Foods,Salad Bowl,458,13
M001563,R00729,North Indian,Butter Naan,448,30
M001564,R01232,Chinese,Manchurian,203,31
M001565,R00137,North Indian,Butter Naan,106,23
M001566,R00244,Chinese,Spring Roll,140,30
M001567,R00797,Burger,Veg Burger,292,10
M001568,R01488,North Indian,Butter Naan,428,13
M001569,R01291,Burger,Veg Burger,506,29
M001570,R01065,South Indian,Pongal,450,14
M001571,R00087,Pizza,Farmhouse Pizza,391,44
M001572,R00992,Pizza,Pepperoni Pizza,300,12
M001573,R01066,Healthy Foods,Grilled Chicken,99,33
M001574,R01427,Healthy Foods,Grilled Chicken,421,30
M001575,R00546,North Indian,Dal Makhani,97,31
M001576,R01349,Biryani,Mutton Biryani,599,42
M001577,R00951,Burger,Chicken Burger,538,33
M001578,R00934,North Indian,Dal Makhani,307,20
M001579,R01304,Healthy Foods,Grilled Chicken,418,17
M001580,R00039,South Indian,Masala Dosa,407,29
M001581,R01100,Biryani,Veg Biryani,433,27
M001582,R00580,North Indian,Dal Makhani,605,44
M001583,R00409,South Indian,Pongal,484,22
M001584,R00989,Pizza,Farmhouse Pizza,151,32
M001585,R00965,North Indian,Chole Bhature,640,23
M001586,R01251,Chinese,Spring Roll,568,43
M001587,R00182,Biryani,Paneer Biryani,594,42
M001588,R01364,Pizza,Veg Pizza,426,31
M001589,R00122,South Indian,Uttapam,553,43
M001590,R01121,South Indian,Pongal,358,36
M001591,R00774,Biryani,Paneer Biryani,681,26
M001592,R00773,North Indian,Chole Bhature,251,33
M001593,R00421,Biryani,Veg Biryani,427,37
M001594,R00344,South Indian,Pongal,445,31
M001595,R01221,Biryani,Paneer Biryani,123,45
M001596,R00973,Biryani,Paneer Biryani,184,41
M001597,R00320,South Indian,Uttapam,175,24
M001598,R01332,Burger,Chicken Burger,399,21
M001599,R00838,Biryani,Mutton Biryani,448,21
M001600,R00972,North Indian,Chole Bhature,439,41
M001601,R01208,South Indian,Uttapam,160,33
M001602,R00096,Biryani,Mutton Biryani,671,36
M001603,R00338,North Indian,Chole Bhature,436,45
M001604,R00215,Desserts,Brownie,604,44
M001605,R00806,South Indian,Pongal,471,34
M001606,R00181,North Indian,Dal Makhani,361,28
M001607,R00346,South Indian,Pongal,347,10
M001608,R00007,South Indian,Masala Dosa,511,29
M001609,R01058,Burger,Chicken Burger,368,13
M001610,R00862,Biryani,Paneer Biryani,380,33
M001611,R01251,Chinese,Noodles,251,21
M001612,R00486,South Indian,Masala Dosa,355,33
M001613,R00184,Burger,Veg Burger,200,35
M001614,R01215,North Indian,Chole Bhature,256,30
M001615,R00299,Pizza,Pepperoni Pizza,525,44
M001616,R01183,Biryani,Mutton Biryani,360,32
M001617,R00623,South Indian,Pongal,245,13
M001618,R01246,South Indian,Uttapam,326,24
M001619,R01056,Burger,Cheese Burger,277,34
M001620,R01021,Burger,Veg Burger,307,34
M001621,R00440,South Indian,Masala Dosa,693,11
M001622,R00036,Chinese,Manchurian,484,21
M001623,R01205,North Indian,Paneer Butter Masala,683,25
M001624,R00888,Healthy Foods,Salad Bowl,537,18
M001625,R01391,South Indian,Masala Dosa,202,17
M001626,R00974,South Indian,Pongal,424,24
M001627,R01334,Healthy Foods,Grilled Chicken,205,31
M001628,R00584,North Indian,Dal Makhani,570,33
M001629,R01484,South Indian,Uttapam,572,45
M001630,R00344,South Indian,Masala Dosa,357,43
M001631,R01108,North Indian,Butter Naan,496,18
M001632,R01232,Chinese,Noodles,265,17
M001633,R01308,North Indian,Dal Makhani,549,28
M001634,R01004,South Indian,Vada,291,32
M001635,R00703,Chinese,Noodles,250,18
M001636,R00282,South Indian,Idli,629,40
M001637,R00582,Pizza,Veg Pizza,97,32
M001638,R00806,South Indian,Pongal,426,39
M001639,R01433,Pizza,Farmhouse Pizza,343,27
M001640,R01036,Biryani,Chicken Biryani,364,38
M001641,R01460,Burger,Chicken Burger,577,45
M001642,R00328,Biryani,Mutton Biryani,197,41
M001643,R01430,North Indian,Chole Bhature,616,14
M001644,R01284,North Indian,Chole Bhature,642,29
M001645,R01060,Burger,Veg Burger,525,13
M001646,R00934,North Indian,Paneer Butter Masala,189,22
M001647,R01413,Pizza,Margherita Pizza,632,23
M001648,R00706,Pizza,Margherita Pizza,191,31
M001649,R00757,Chinese,Noodles,281,33
M001650,R01327,South Indian,Uttapam,307,37
M001651,R00657,Pizza,Veg Pizza,434,13
M001652,R01257,South Indian,Vada,379,13
M001653,R00068,South Indian,Pongal,548,45
M001654,R00215,Desserts,Chocolate Cake,231,35
M001655,R00362,South Indian,Pongal,577,17
M001656,R00336,North Indian,Chole Bhature,494,31
M001657,R00849,North Indian,Chole Bhature,481,42
M001658,R00206,Biryani,Paneer Biryani,444,42
M001659,R00898,Beverages,Lemon Juice,520,23
M001660,R00297,Burger,Veg Burger,690,45
M001661,R01024,Pizza,Margherita Pizza,558,33
M001662,R00462,South Indian,Uttapam,89,17
M001663,R00065,South Indian,Masala Dosa,117,36
M001664,R01096,South Indian,Uttapam,87,15
M001665,R00098,Biryani,Paneer Biryani,564,31
M001666,R00885,Burger,Veg Burger,201,45
M001667,R00560,Pizza,Pepperoni Pizza,523,26
M001668,R00685,South Indian,Masala Dosa,222,29
M001669,R00960,North Indian,Dal Makhani,600,43
M001670,R00055,Biryani,Paneer Biryani,514,16
M001671,R00923,Biryani,Chicken Biryani,251,14
M001672,R00463,South Indian,Idli,586,10
M001673,R00847,South Indian,Pongal,92,34
M001674,R01146,South Indian,Idli,490,34
M001675,R01341,North Indian,Chole Bhature,477,23
M001676,R00150,Biryani,Paneer Biryani,293,11
M001677,R01328,Chinese,Manchurian,196,11
M001678,R00381,South Indian,Pongal,266,34
M001679,R01091,Pizza,Margherita Pizza,140,21
M001680,R00037,Beverages,Cold Coffee,374,16
M001681,R00037,Beverages,Mojito,474,33
M001682,R00699,South Indian,Vada,458,24
M001683,R00650,South Indian,Uttapam,429,33
M001684,R00634,Burger,Veg Burger,456,34
M001685,R01389,Biryani,Chicken Biryani,682,15
M001686,R00577,Biryani,Veg Biryani,469,41
M001687,R01187,South Indian,Masala Dosa,698,41
M001688,R00995,Beverages,Cold Coffee,589,16
M001689,R00201,Biryani,Mutton Biryani,367,38
M001690,R00933,South Indian,Pongal,133,15
M001691,R00169,Burger,Veg Burger,245,24
M001692,R00887,Biryani,Paneer Biryani,95,37
M001693,R00384,North Indian,Butter Naan,630,44
M001694,R00211,Chinese,Manchurian,641,21
M001695,R00060,South Indian,Pongal,594,33
M001696,R00970,South Indian,Uttapam,468,35
M001697,R01409,South Indian,Vada,433,21
M001698,R01124,North Indian,Paneer Butter Masala,562,37
M001699,R01291,Burger,Veg Burger,266,44
M001700,R00840,North Indian,Paneer Butter Masala,602,26
M001701,R01455,South Indian,Vada,494,27
M001702,R00298,South Indian,Pongal,402,15
M001703,R00524,Biryani,Veg Biryani,328,37
M001704,R01482,Biryani,Mutton Biryani,248,43
M001705,R00343,South Indian,Uttapam,426,19
M001706,R00389,North Indian,Butter Naan,565,34
M001707,R00917,North Indian,Butter Naan,543,41
M001708,R00537,Burger,Chicken Burger,316,35
M001709,R00449,Pizza,Veg Pizza,250,40
M001710,R01270,Biryani,Chicken Biryani,222,16
M001711,R00425,Pizza,Veg Pizza,92,20
M001712,R01295,Pizza,Margherita Pizza,133,15
M001713,R00297,Burger,Veg Burger,458,41
M001714,R01292,South Indian,Pongal,627,16
M001715,R01206,Chinese,Fried Rice,523,27
M001716,R01437,Desserts,Brownie,194,28
M001717,R00610,Pizza,Pepperoni Pizza,515,16
M001718,R01054,Pizza,Margherita Pizza,660,13
M001719,R00668,South Indian,Vada,484,43
M001720,R00949,Healthy Foods,Protein Bowl,632,27
M001721,R01033,Beverages,Cold Coffee,91,26
M001722,R00869,North Indian,Dal Makhani,240,34
M001723,R00009,North Indian,Chole Bhature,123,16
M001724,R00373,Pizza,Margherita Pizza,281,36
M001725,R01405,Chinese,Noodles,147,43
M001726,R01259,North Indian,Dal Makhani,561,10
M001727,R00945,South Indian,Idli,152,25
M001728,R00911,South Indian,Vada,420,38
M001729,R00490,Biryani,Paneer Biryani,580,31
M001730,R00977,South Indian,Idli,81,32
M001731,R01185,North Indian,Chole Bhature,112,23
M001732,R00558,Pizza,Margherita Pizza,645,32
M001733,R00783,South Indian,Masala Dosa,619,43
M001734,R00319,Chinese,Manchurian,407,14
M001735,R00481,North Indian,Chole Bhature,96,44
M001736,R01048,South Indian,Uttapam,314,10
M001737,R00804,Desserts,Ice Cream,532,30
M001738,R00919,Healthy Foods,Grilled Chicken,480,15
M001739,R00585,North Indian,Butter Naan,486,37
M001740,R01145,Burger,Cheese Burger,135,28
M001741,R00341,North Indian,Butter Naan,402,15
M001742,R00159,Biryani,Chicken Biryani,334,15
M001743,R01093,Biryani,Paneer Biryani,86,19
M001744,R00713,Healthy Foods,Grilled Chicken,287,39
M001745,R00936,Biryani,Mutton Biryani,666,37
M001746,R00310,Pizza,Veg Pizza,491,40
M001747,R00255,South Indian,Pongal,577,36
M001748,R00237,Biryani,Paneer Biryani,658,31
M001749,R00644,North Indian,Chole Bhature,386,43
M001750,R00161,Pizza,Farmhouse Pizza,206,27
M001751,R00229,North Indian,Chole Bhature,370,33
M001752,R00124,Chinese,Manchurian,659,17
M001753,R00247,South Indian,Uttapam,490,41
M001754,R01005,Beverages,Cold Coffee,604,43
M001755,R01391,South Indian,Pongal,369,29
M001756,R00348,South Indian,Masala Dosa,434,27
M001757,R00211,Chinese,Spring Roll,528,10
M001758,R00885,Burger,Chicken Burger,639,25
M001759,R01320,Biryani,Veg Biryani,310,30
M001760,R01058,Burger,Chicken Burger,348,34
M001761,R00648,Chinese,Manchurian,668,20
M001762,R01128,Pizza,Margherita Pizza,282,20
M001763,R00602,Chinese,Noodles,632,40
M001764,R00823,North Indian,Butter Naan,646,10
M001765,R00231,Burger,Cheese Burger,490,10
M001766,R00863,South Indian,Masala Dosa,595,42
M001767,R00352,Pizza,Veg Pizza,306,33
M001768,R01011,South Indian,Masala Dosa,297,23
M001769,R01339,South Indian,Uttapam,481,32
M001770,R01498,Pizza,Farmhouse Pizza,412,32
M001771,R01206,Chinese,Fried Rice,185,42
M001772,R00807,Chinese,Spring Roll,345,31
M001773,R00133,Biryani,Mutton Biryani,245,45
M001774,R00359,Biryani,Chicken Biryani,317,11
M001775,R00565,Biryani,Chicken Biryani,114,45
M001776,R00067,Biryani,Chicken Biryani,349,27
M001777,R00726,Pizza,Veg Pizza,332,33
M001778,R01425,North Indian,Paneer Butter Masala,384,15
M001779,R00113,Pizza,Pepperoni Pizza,479,22
M001780,R00437,Biryani,Chicken Biryani,274,12
M001781,R00546,North Indian,Chole Bhature,612,26
M001782,R00307,South Indian,Vada,683,36
M001783,R00983,Healthy Foods,Grilled Chicken,571,43
M001784,R00705,Chinese,Fried Rice,376,36
M001785,R00116,Pizza,Pepperoni Pizza,642,23
M001786,R00646,Healthy Foods,Grilled Chicken,695,19
M001787,R00443,Pizza,Farmhouse Pizza,610,31
M001788,R00355,Burger,Veg Burger,483,34
M001789,R00414,South Indian,Pongal,511,39
M001790,R00667,Burger,Cheese Burger,153,42
M001791,R00464,Pizza,Margherita Pizza,214,13
M001792,R00101,Chinese,Manchurian,344,18
M001793,R00714,North Indian,Dal Makhani,90,14
M001794,R00117,South Indian,Vada,318,27
M001795,R00162,South Indian,Vada,458,15
M001796,R01034,Biryani,Paneer Biryani,682,44
M001797,R00462,South Indian,Masala Dosa,309,39
M001798,R00467,South Indian,Uttapam,578,40
M001799,R00650,South Indian,Idli,354,15
M001800,R00079,Healthy Foods,Protein Bowl,506,27
M001801,R00191,Pizza,Pepperoni Pizza,245,12
M001802,R01183,Biryani,Mutton Biryani,168,19
M001803,R00381,South Indian,Idli,282,19
M001804,R01014,Healthy Foods,Protein Bowl,398,22
M001805,R01351,South Indian,Vada,393,23
M001806,R00448,Burger,Cheese Burger,194,40
M001807,R00432,Burger,Veg Burger,590,21
M001808,R00967,South Indian,Uttapam,210,17
M001809,R00581,South Indian,Pongal,532,16
M001810,R00788,South Indian,Uttapam,449,43
M001811,R00796,Biryani,Mutton Biryani,627,39
M001812,R00237,Biryani,Chicken Biryani,175,26
M001813,R00279,Biryani,Mutton Biryani,434,19
M001814,R00128,South Indian,Pongal,463,19
M001815,R00224,Biryani,Paneer Biryani,607,19
M001816,R00763,Chinese,Noodles,653,41
M001817,R01204,North Indian,Paneer Butter Masala,565,12
M001818,R00974,South Indian,Pongal,201,18
M001819,R00072,South Indian,Uttapam,424,16
M001820,R00085,Pizza,Veg Pizza,288,33
M001821,R00515,South Indian,Idli,533,32
M001822,R00617,Biryani,Chicken Biryani,698,40
M001823,R00680,Chinese,Fried Rice,457,40
M001824,R00038,Burger,Veg Burger,362,11
M001825,R01499,Desserts,Chocolate Cake,81,10
M001826,R00114,Burger,Chicken Burger,164,28
M001827,R01372,South Indian,Vada,699,41
M001828,R00898,Beverages,Lemon Juice,247,18
M001829,R00601,South Indian,Masala Dosa,108,45
M001830,R00187,North Indian,Dal Makhani,223,38
M001831,R01379,South Indian,Uttapam,453,19
M001832,R00658,South Indian,Pongal,324,31
M001833,R01222,South Indian,Masala Dosa,666,40
M001834,R00831,Desserts,Chocolate Cake,176,33
M001835,R00225,Burger,Veg Burger,347,41
M001836,R01452,Chinese,Spring Roll,616,12
M001837,R00932,North Indian,Dal Makhani,111,39
M001838,R00477,Pizza,Pepperoni Pizza,328,28
M001839,R00314,Biryani,Paneer Biryani,610,37
M001840,R00564,North Indian,Chole Bhature,400,23
M001841,R00529,North Indian,Dal Makhani,466,33
M001842,R01104,North Indian,Butter Naan,124,16
M001843,R01384,Desserts,Chocolate Cake,465,30
M001844,R00948,South Indian,Vada,148,13
M001845,R00001,South Indian,Idli,441,44
M001846,R00769,Biryani,Mutton Biryani,517,36
M001847,R00701,North Indian,Paneer Butter Masala,358,13
M001848,R00722,North Indian,Chole Bhature,602,32
M001849,R00084,Biryani,Veg Biryani,657,18
M001850,R00235,North Indian,Paneer Butter Masala,151,35
M001851,R01296,Burger,Chicken Burger,572,11
M001852,R01029,South Indian,Idli,523,43
M001853,R00560,Pizza,Farmhouse Pizza,576,42
M001854,R00255,South Indian,Uttapam,302,43
M001855,R00843,Burger,Veg Burger,227,41
M001856,R01479,Healthy Foods,Salad Bowl,546,25
M001857,R00840,North Indian,Paneer Butter Masala,276,30
M001858,R01170,South Indian,Idli,324,38
M001859,R00654,Biryani,Chicken Biryani,675,23
M001860,R01190,Biryani,Veg Biryani,348,13
M001861,R00778,Pizza,Pepperoni Pizza,526,33
M001862,R00884,Chinese,Manchurian,603,39
M001863,R00885,Burger,Chicken Burger,82,20
M001864,R00909,North Indian,Chole Bhature,164,31
M001865,R00986,Burger,Cheese Burger,687,28
M001866,R00797,Burger,Chicken Burger,306,40
M001867,R01468,Beverages,Cold Coffee,670,31
M001868,R00444,Biryani,Mutton Biryani,324,13
M001869,R00154,Desserts,Ice Cream,593,31
M001870,R00496,North Indian,Paneer Butter Masala,264,22
M001871,R01372,South Indian,Masala Dosa,113,22
M001872,R00112,Biryani,Mutton Biryani,309,15
M001873,R00051,Desserts,Ice Cream,476,41
M001874,R00845,South Indian,Masala Dosa,112,20
M001875,R00706,Pizza,Farmhouse Pizza,485,17
M001876,R01302,South Indian,Uttapam,475,45
M001877,R00738,South Indian,Idli,325,28
M001878,R01143,South Indian,Pongal,281,10
M001879,R00040,South Indian,Uttapam,203,39
M001880,R00975,Desserts,Brownie,650,18
M001881,R00413,South Indian,Masala Dosa,224,16
M001882,R00794,Biryani,Mutton Biryani,160,38
M001883,R01423,North Indian,Dal Makhani,569,42
M001884,R00169,Burger,Cheese Burger,430,20
M001885,R00986,Burger,Veg Burger,403,30
M001886,R00860,Pizza,Pepperoni Pizza,657,43
M001887,R01113,South Indian,Masala Dosa,233,36
M001888,R01185,North Indian,Chole Bhature,418,32
M001889,R01415,South Indian,Masala Dosa,227,18
M001890,R00943,South Indian,Pongal,617,40
M001891,R00712,Desserts,Ice Cream,498,24
M001892,R00436,Healthy Foods,Salad Bowl,603,20
M001893,R01431,North Indian,Chole Bhature,445,24
M001894,R00075,North Indian,Paneer Butter Masala,150,16
M001895,R00491,North Indian,Butter Naan,499,44
M001896,R01334,Healthy Foods,Grilled Chicken,447,40
M001897,R00444,Biryani,Chicken Biryani,687,18
M001898,R01266,Pizza,Margherita Pizza,416,40
M001899,R00940,Beverages,Mojito,170,14
M001900,R01401,South Indian,Pongal,388,14
M001901,R00520,North Indian,Dal Makhani,376,25
M001902,R01241,North Indian,Chole Bhature,193,32
M001903,R01019,Biryani,Mutton Biryani,337,36
M001904,R00515,South Indian,Vada,256,18
M001905,R00845,South Indian,Pongal,98,16
M001906,R01051,Pizza,Margherita Pizza,164,30
M001907,R00742,Chinese,Spring Roll,363,42
M001908,R00351,South Indian,Masala Dosa,655,33
M001909,R01284,North Indian,Dal Makhani,562,18
M001910,R01059,South Indian,Uttapam,635,44
M001911,R01186,Biryani,Mutton Biryani,88,17
M001912,R01227,South Indian,Uttapam,362,32
M001913,R00223,Beverages,Cold Coffee,677,40
M001914,R01016,Burger,Chicken Burger,113,23
M001915,R00511,Healthy Foods,Grilled Chicken,157,45
M001916,R00377,Pizza,Pepperoni Pizza,173,44
M001917,R01464,Desserts,Ice Cream,678,22
M001918,R00781,Pizza,Pepperoni Pizza,481,29
M001919,R00696,North Indian,Butter Naan,537,35
M001920,R01013,Biryani,Mutton Biryani,167,33
M001921,R01042,South Indian,Idli,543,11
M001922,R01296,Burger,Cheese Burger,682,23
M001923,R00338,North Indian,Chole Bhature,287,15
M001924,R00765,Pizza,Veg Pizza,650,25
M001925,R00874,Biryani,Chicken Biryani,327,21
M001926,R00071,South Indian,Masala Dosa,336,16
M001927,R00278,South Indian,Pongal,305,12
M001928,R00559,North Indian,Chole Bhature,375,11
M001929,R00996,Biryani,Chicken Biryani,120,10
M001930,R00346,South Indian,Pongal,611,15
M001931,R00293,Biryani,Veg Biryani,653,19
M001932,R00041,South Indian,Uttapam,153,32
M001933,R00074,North Indian,Paneer Butter Masala,150,41
M001934,R01070,Burger,Cheese Burger,389,26
M001935,R00756,Burger,Cheese Burger,555,27
M001936,R01187,South Indian,Uttapam,554,15
M001937,R00339,Chinese,Fried Rice,139,33
M001938,R01329,South Indian,Idli,242,30
M001939,R00514,Burger,Veg Burger,644,34
M001940,R01096,South Indian,Vada,612,13
M001941,R00936,Biryani,Veg Biryani,357,30
M001942,R01010,North Indian,Chole Bhature,589,20
M001943,R00478,Biryani,Mutton Biryani,82,38
M001944,R01221,Biryani,Chicken Biryani,583,38
M001945,R00269,South Indian,Vada,698,30
M001946,R00687,Burger,Chicken Burger,482,19
M001947,R00640,South Indian,Pongal,453,15
M001948,R01133,Chinese,Manchurian,366,34
M001949,R01019,Biryani,Veg Biryani,627,38
M001950,R01168,Biryani,Veg Biryani,391,11
M001951,R00172,Chinese,Fried Rice,598,41
M001952,R00409,South Indian,Masala Dosa,309,24
M001953,R00341,North Indian,Chole Bhature,617,44
M001954,R00132,Biryani,Mutton Biryani,395,25
M001955,R00011,Desserts,Brownie,116,13
M001956,R00599,Chinese,Noodles,215,12
M001957,R00917,North Indian,Dal Makhani,409,32
M001958,R00456,North Indian,Dal Makhani,558,13
M001959,R00465,Biryani,Veg Biryani,372,45
M001960,R01116,Biryani,Paneer Biryani,535,45
M001961,R00427,Pizza,Veg Pizza,386,41
M001962,R00447,Chinese,Noodles,405,17
M001963,R00732,North Indian,Dal Makhani,650,44
M001964,R01389,Biryani,Mutton Biryani,80,30
M001965,R01369,Burger,Chicken Burger,88,26
M001966,R00834,Healthy Foods,Salad Bowl,648,25
M001967,R00466,South Indian,Pongal,337,20
M001968,R00681,South Indian,Masala Dosa,365,40
M001969,R00763,Chinese,Fried Rice,381,14
M001970,R01318,Pizza,Farmhouse Pizza,518,21
M001971,R00811,South Indian,Vada,284,37
M001972,R00506,Chinese,Manchurian,447,13
M001973,R00072,South Indian,Idli,128,38
M001974,R01361,South Indian,Uttapam,643,29
M001975,R00531,Healthy Foods,Protein Bowl,359,30
M001976,R01165,Burger,Cheese Burger,556,15
M001977,R01162,Biryani,Chicken Biryani,356,31
M001978,R01480,Biryani,Mutton Biryani,570,41
M001979,R00193,North Indian,Butter Naan,526,34
M001980,R00586,Biryani,Chicken Biryani,451,37
M001981,R01460,Burger,Chicken Burger,133,25
M001982,R00963,North Indian,Paneer Butter Masala,538,34
M001983,R01120,South Indian,Uttapam,364,44
M001984,R00990,North Indian,Dal Makhani,578,10
M001985,R01427,Healthy Foods,Grilled Chicken,235,45
M001986,R01498,Pizza,Margherita Pizza,606,13
M001987,R01486,North Indian,Chole Bhature,415,16
M001988,R00880,Chinese,Fried Rice,154,30
M001989,R00399,South Indian,Pongal,182,22
M001990,R00155,South Indian,Uttapam,216,12
M001991,R00019,South Indian,Vada,531,33
M001992,R00637,South Indian,Uttapam,131,38
M001993,R00861,Pizza,Margherita Pizza,370,25
M001994,R00267,South Indian,Idli,657,23
M001995,R01238,North Indian,Butter Naan,561,15
M001996,R00035,Biryani,Paneer Biryani,166,34
M001997,R00414,South Indian,Pongal,463,32
M001998,R00264,Chinese,Spring Roll,517,15
M001999,R00289,Biryani,Veg Biryani,561,44
M002000,R00055,Biryani,Mutton Biryani,674,44
M002001,R00940,Beverages,Mojito,694,34
M002002,R00113,Pizza,Farmhouse Pizza,428,23
M002003,R00291,South Indian,Masala Dosa,388,22
M002004,R00038,Burger,Chicken Burger,593,45
M002005,R00867,Pizza,Margherita Pizza,287,37
M002006,R00133,Biryani,Paneer Biryani,592,35
M002007,R00298,South Indian,Pongal,473,21
M002008,R00416,North Indian,Paneer Butter Masala,345,35
M002009,R00746,Burger,Veg Burger,83,38
M002010,R00063,Burger,Veg Burger,317,39
M002011,R00081,Biryani,Paneer Biryani,688,17
M002012,R01151,South Indian,Uttapam,207,27
M002013,R00443,Pizza,Margherita Pizza,393,20
M002014,R01264,Biryani,Mutton Biryani,168,44
M002015,R01088,South Indian,Pongal,463,28
M002016,R00819,Chinese,Noodles,251,24
M002017,R01386,Desserts,Brownie,413,37
M002018,R00696,North Indian,Chole Bhature,185,17
M002019,R00303,North Indian,Dal Makhani,419,30
M002020,R01169,North Indian,Dal Makhani,386,25
M002021,R00376,South Indian,Vada,380,40
M002022,R00463,South Indian,Pongal,555,42
M002023,R01027,Biryani,Mutton Biryani,153,42
M002024,R01451,South Indian,Masala Dosa,542,21
M002025,R01497,Biryani,Chicken Biryani,226,28
M002026,R00278,South Indian,Uttapam,162,13
M002027,R01472,South Indian,Uttapam,587,21
M002028,R00577,Biryani,Veg Biryani,663,28
M002029,R01084,South Indian,Uttapam,348,42
M002030,R00550,Biryani,Chicken Biryani,489,22
M002031,R00350,Biryani,Paneer Biryani,591,34
M002032,R00256,Biryani,Paneer Biryani,220,17
M002033,R00676,South Indian,Uttapam,205,25
M002034,R00563,Chinese,Noodles,530,10
M002035,R00744,North Indian,Paneer Butter Masala,104,40
M002036,R00353,Pizza,Pepperoni Pizza,135,41
M002037,R00821,North Indian,Chole Bhature,315,25
M002038,R01111,South Indian,Uttapam,362,31
M002039,R00136,North Indian,Paneer Butter Masala,543,44
M002040,R00779,South Indian,Vada,448,29
M002041,R01150,Pizza,Margherita Pizza,691,37
M002042,R00588,South Indian,Uttapam,375,45
M002043,R00445,Healthy Foods,Grilled Chicken,347,39
M002044,R00282,South Indian,Vada,413,39
M002045,R01286,South Indian,Pongal,165,28
M002046,R00687,Burger,Cheese Burger,287,13
M002047,R00328,Biryani,Chicken Biryani,349,27
M002048,R01165,Burger,Chicken Burger,539,42
M002049,R00046,North Indian,Butter Naan,552,40
M002050,R00994,South Indian,Uttapam,372,10
M002051,R00784,Burger,Cheese Burger,230,21
M002052,R00102,Burger,Cheese Burger,99,20
M002053,R00238,South Indian,Masala Dosa,133,22
M002054,R01307,Biryani,Paneer Biryani,130,16
M002055,R00223,Beverages,Lemon Juice,682,45
M002056,R00208,South Indian,Pongal,377,37
M002057,R01190,Biryani,Chicken Biryani,286,26
M002058,R00100,Biryani,Chicken Biryani,326,43
M002059,R00471,Chinese,Spring Roll,528,33
M002060,R01199,Biryani,Chicken Biryani,289,37
M002061,R00882,Biryani,Paneer Biryani,461,30
M002062,R01004,South Indian,Masala Dosa,412,18
M002063,R00777,North Indian,Butter Naan,246,40
M002064,R01034,Biryani,Chicken Biryani,398,44
M002065,R00069,South Indian,Uttapam,424,11
M002066,R01237,North Indian,Butter Naan,210,30
M002067,R00977,South Indian,Pongal,615,42
M002068,R01234,South Indian,Vada,576,27
M002069,R00412,North Indian,Chole Bhature,545,37
M002070,R00542,Biryani,Veg Biryani,452,15
M002071,R01476,Pizza,Pepperoni Pizza,632,35
M002072,R01193,Pizza,Margherita Pizza,625,20
M002073,R00180,Healthy Foods,Grilled Chicken,600,44
M002074,R01168,Biryani,Chicken Biryani,203,13
M002075,R00825,North Indian,Dal Makhani,205,15
M002076,R00946,Burger,Cheese Burger,674,10
M002077,R01173,Healthy Foods,Salad Bowl,319,17
M002078,R01269,Chinese,Manchurian,578,27
M002079,R00034,Pizza,Farmhouse Pizza,285,31
M002080,R01442,South Indian,Pongal,567,40
M002081,R00799,Chinese,Noodles,281,21
M002082,R00460,North Indian,Paneer Butter Masala,658,31
M002083,R00045,Desserts,Ice Cream,275,14
M002084,R01086,Pizza,Farmhouse Pizza,199,42
M002085,R00774,Biryani,Paneer Biryani,326,22
M002086,R01230,North Indian,Dal Makhani,95,23
M002087,R01336,Burger,Veg Burger,345,36
M002088,R00955,Burger,Chicken Burger,86,20
M002089,R00580,North Indian,Chole Bhature,349,11
M002090,R01437,Desserts,Ice Cream,480,32
M002091,R00255,South Indian,Uttapam,401,21
M002092,R00925,Biryani,Veg Biryani,133,32
M002093,R01068,South Indian,Idli,120,35
M002094,R00830,Biryani,Mutton Biryani,409,19
M002095,R01043,Burger,Chicken Burger,218,13
M002096,R00406,Biryani,Veg Biryani,300,26
M002097,R00885,Burger,Cheese Burger,636,39
M002098,R00307,South Indian,Pongal,363,11
M002099,R00207,Healthy Foods,Salad Bowl,247,21
M002100,R01393,North Indian,Butter Naan,444,28
M002101,R00503,South Indian,Idli,457,14
M002102,R00245,Biryani,Paneer Biryani,449,32
M002103,R00814,Pizza,Farmhouse Pizza,688,12
M002104,R00641,South Indian,Uttapam,102,35
M002105,R00841,Pizza,Margherita Pizza,685,17
M002106,R00299,Pizza,Farmhouse Pizza,434,44
M002107,R00764,Pizza,Veg Pizza,492,16
M002108,R00796,Biryani,Paneer Biryani,521,27
M002109,R01145,Burger,Veg Burger,684,44
M002110,R00324,North Indian,Paneer Butter Masala,297,37
M002111,R00145,South Indian,Pongal,402,16
M002112,R00530,North Indian,Paneer Butter Masala,538,13
M002113,R01269,Chinese,Spring Roll,342,24
M002114,R00151,South Indian,Uttapam,149,18
M002115,R00531,Healthy Foods,Grilled Chicken,642,41
M002116,R00826,South Indian,Pongal,593,30
M002117,R00873,South Indian,Vada,495,19
M002118,R01359,Healthy Foods,Protein Bowl,624,27
M002119,R00998,Chinese,Spring Roll,515,15
M002120,R00590,South Indian,Masala Dosa,337,39
M002121,R01213,South Indian,Masala Dosa,644,30
M002122,R00800,Healthy Foods,Protein Bowl,274,27
M002123,R00221,North Indian,Dal Makhani,282,12
M002124,R00166,Healthy Foods,Salad Bowl,272,12
M002125,R00457,North Indian,Dal Makhani,148,23
M002126,R01198,North Indian,Paneer Butter Masala,436,26
M002127,R00860,Pizza,Farmhouse Pizza,401,10
M002128,R00656,South Indian,Idli,471,15
M002129,R00529,North Indian,Butter Naan,137,29
M002130,R01097,South Indian,Uttapam,305,42
M002131,R00245,Biryani,Veg Biryani,278,26
M002132,R00532,North Indian,Dal Makhani,588,18
M002133,R00708,Biryani,Mutton Biryani,232,36
M002134,R00060,South Indian,Vada,446,41
M002135,R01242,South Indian,Masala Dosa,184,13
M002136,R00429,Biryani,Mutton Biryani,420,24
M002137,R01143,South Indian,Pongal,676,22
M002138,R00842,South Indian,Pongal,374,37
M002139,R00021,Chinese,Fried Rice,309,12
M002140,R00152,South Indian,Vada,362,19
M002141,R01361,South Indian,Idli,522,21
M002142,R00356,South Indian,Masala Dosa,331,36
M002143,R00710,Biryani,Veg Biryani,329,15
M002144,R01461,Beverages,Lemon Juice,295,25
M002145,R00501,South Indian,Pongal,675,29
M002146,R01140,Beverages,Cold Coffee,645,23
M002147,R00809,Chinese,Spring Roll,156,12
M002148,R00246,Desserts,Brownie,612,15
M002149,R01334,Healthy Foods,Salad Bowl,434,21
M002150,R00150,Biryani,Mutton Biryani,394,34
M002151,R00417,Chinese,Noodles,241,45
M002152,R00145,South Indian,Vada,621,13
M002153,R01481,North Indian,Dal Makhani,275,43
M002154,R00059,Burger,Veg Burger,273,20
M002155,R00650,South Indian,Uttapam,459,28
M002156,R00719,South Indian,Masala Dosa,651,27
M002157,R01187,South Indian,Vada,320,11
M002158,R00011,Desserts,Chocolate Cake,600,27
M002159,R00216,North Indian,Paneer Butter Masala,96,29
M002160,R00874,Biryani,Chicken Biryani,349,23
M002161,R00849,North Indian,Butter Naan,123,32
M002162,R00698,North Indian,Chole Bhature,157,22
M002163,R00957,Pizza,Pepperoni Pizza,185,19
M002164,R00509,Biryani,Mutton Biryani,230,19
M002165,R01233,Biryani,Veg Biryani,405,30
M002166,R00156,South Indian,Masala Dosa,297,23
M002167,R01049,South Indian,Uttapam,366,34
M002168,R01146,South Indian,Masala Dosa,581,13
M002169,R00034,Pizza,Veg Pizza,109,40
M002170,R01316,Chinese,Spring Roll,437,36
M002171,R00559,North Indian,Paneer Butter Masala,507,20
M002172,R01298,Biryani,Chicken Biryani,654,40
M002173,R00503,South Indian,Pongal,119,34
M002174,R00997,North Indian,Chole Bhature,650,34
M002175,R00606,South Indian,Masala Dosa,682,42
M002176,R01142,Pizza,Farmhouse Pizza,582,42
M002177,R01462,South Indian,Idli,372,13
M002178,R01330,Burger,Chicken Burger,668,23
M002179,R00542,Biryani,Chicken Biryani,620,27
M002180,R00157,Chinese,Manchurian,416,18
M002181,R00818,Pizza,Pepperoni Pizza,504,30
M002182,R00703,Chinese,Noodles,119,16
M002183,R01278,South Indian,Pongal,156,44
M002184,R00085,Pizza,Margherita Pizza,148,11
M002185,R00583,Healthy Foods,Salad Bowl,546,35
M002186,R00243,Burger,Cheese Burger,665,12
M002187,R00591,Chinese,Fried Rice,149,32
M002188,R00262,South Indian,Uttapam,510,20
M002189,R00188,South Indian,Idli,671,27
M002190,R01323,Beverages,Cold Coffee,498,17
M002191,R00851,Chinese,Spring Roll,461,10
M002192,R01352,Biryani,Chicken Biryani,364,36
M002193,R01288,Biryani,Chicken Biryani,528,30
M002194,R01471,South Indian,Masala Dosa,299,14
M002195,R00100,Biryani,Mutton Biryani,187,26
M002196,R01190,Biryani,Mutton Biryani,341,41
M002197,R00292,Biryani,Veg Biryani,595,38
M002198,R00115,Pizza,Margherita Pizza,317,17
M002199,R00426,Burger,Cheese Burger,525,22
M002200,R01164,Desserts,Chocolate Cake,173,30
M002201,R00576,Pizza,Veg Pizza,158,36
M002202,R00762,Burger,Cheese Burger,569,15
M002203,R00815,Biryani,Mutton Biryani,294,26
M002204,R01184,North Indian,Paneer Butter Masala,307,13
M002205,R01299,Pizza,Veg Pizza,400,39
M002206,R00728,Biryani,Mutton Biryani,81,15
M002207,R00743,South Indian,Uttapam,426,23
M002208,R01470,Biryani,Chicken Biryani,82,36
M002209,R01023,Biryani,Paneer Biryani,164,19
M002210,R01313,North Indian,Paneer Butter Masala,373,30
M002211,R00467,South Indian,Uttapam,303,43
M002212,R00760,Healthy Foods,Protein Bowl,545,35
M002213,R00285,North Indian,Dal Makhani,378,11
M002214,R00919,Healthy Foods,Grilled Chicken,567,42
M002215,R00950,South Indian,Idli,504,41
M002216,R00687,Burger,Chicken Burger,386,34
M002217,R01463,Burger,Veg Burger,660,43
M002218,R00077,Chinese,Noodles,402,29
M002219,R01059,South Indian,Vada,312,40
M002220,R01109,North Indian,Dal Makhani,298,20
M002221,R00913,Biryani,Veg Biryani,486,28
M002222,R00566,Pizza,Farmhouse Pizza,500,40
M002223,R01447,Chinese,Manchurian,360,32
M002224,R00916,South Indian,Uttapam,636,32
M002225,R00812,North Indian,Paneer Butter Masala,342,11
M002226,R00227,Biryani,Paneer Biryani,113,42
M002227,R00973,Biryani,Chicken Biryani,487,17
M002228,R00668,South Indian,Uttapam,367,36
M002229,R00597,Healthy Foods,Grilled Chicken,687,44
M002230,R00213,South Indian,Vada,283,12
M002231,R00430,Biryani,Paneer Biryani,593,44
M002232,R01337,Burger,Chicken Burger,297,37
M002233,R00738,South Indian,Vada,188,39
M002234,R00730,Healthy Foods,Grilled Chicken,651,42
M002235,R01119,Beverages,Lemon Juice,335,38
M002236,R00663,Chinese,Spring Roll,424,31
M002237,R01343,Beverages,Mojito,230,22
M002238,R01019,Biryani,Chicken Biryani,465,21
M002239,R00410,Biryani,Paneer Biryani,339,15
M002240,R01326,Burger,Chicken Burger,223,44
M002241,R00206,Biryani,Mutton Biryani,126,34
M002242,R00538,North Indian,Butter Naan,100,21
M002243,R00727,Biryani,Veg Biryani,640,36
M002244,R01020,Biryani,Paneer Biryani,372,13
M002245,R00841,Pizza,Margherita Pizza,372,37
M002246,R00585,North Indian,Dal Makhani,153,37
M002247,R01411,Healthy Foods,Protein Bowl,397,34
M002248,R01129,Burger,Veg Burger,198,24
M002249,R01124,North Indian,Butter Naan,274,27
M002250,R00880,Chinese,Fried Rice,690,30
M002251,R01406,Burger,Chicken Burger,416,12
M002252,R01015,North Indian,Butter Naan,246,24
M002253,R01133,Chinese,Fried Rice,481,41
M002254,R01192,South Indian,Uttapam,406,11
M002255,R00367,Chinese,Noodles,464,39
M002256,R01492,Chinese,Manchurian,521,15
M002257,R01206,Chinese,Fried Rice,189,11
M002258,R01141,Biryani,Veg Biryani,152,36
M002259,R00930,Biryani,Veg Biryani,501,28
M002260,R01103,South Indian,Uttapam,449,28
M002261,R00402,Biryani,Paneer Biryani,211,24
M002262,R01088,South Indian,Masala Dosa,245,28
M002263,R01174,South Indian,Masala Dosa,320,16
M002264,R00683,Biryani,Paneer Biryani,206,44
M002265,R00713,Healthy Foods,Salad Bowl,395,44
M002266,R00937,Healthy Foods,Protein Bowl,341,32
M002267,R01358,Biryani,Chicken Biryani,164,25
M002268,R00801,North Indian,Chole Bhature,342,43
M002269,R00477,Pizza,Veg Pizza,195,13
M002270,R01179,Biryani,Chicken Biryani,285,40
M002271,R00615,South Indian,Masala Dosa,548,17
M002272,R00603,South Indian,Pongal,673,29
M002273,R00538,North Indian,Dal Makhani,116,21
M002274,R00042,Biryani,Veg Biryani,144,44
M002275,R01469,North Indian,Chole Bhature,478,26
M002276,R01152,Biryani,Mutton Biryani,595,39
M002277,R01108,North Indian,Butter Naan,563,17
M002278,R00984,North Indian,Dal Makhani,280,38
M002279,R00654,Biryani,Chicken Biryani,658,41
M002280,R01180,Biryani,Chicken Biryani,325,20
M002281,R00880,Chinese,Fried Rice,474,22
M002282,R01287,South Indian,Masala Dosa,238,20
M002283,R00479,South Indian,Masala Dosa,604,15
M002284,R01454,Chinese,Manchurian,106,17
M002285,R01401,South Indian,Pongal,655,36
M002286,R01309,Burger,Veg Burger,425,31
M002287,R01376,South Indian,Pongal,246,44
M002288,R01390,Beverages,Mojito,216,45
M002289,R00753,Biryani,Veg Biryani,441,18
M002290,R00399,South Indian,Idli,206,40
M002291,R00426,Burger,Cheese Burger,624,22
M002292,R01419,Biryani,Veg Biryani,364,42
M002293,R00715,Healthy Foods,Salad Bowl,109,40
M002294,R00994,South Indian,Masala Dosa,612,35
M002295,R01264,Biryani,Veg Biryani,623,39
M002296,R00335,South Indian,Masala Dosa,244,12
M002297,R00370,Healthy Foods,Grilled Chicken,247,42
M002298,R01226,South Indian,Pongal,321,19
M002299,R00025,North Indian,Dal Makhani,525,44
M002300,R01051,Pizza,Farmhouse Pizza,207,29
M002301,R00707,South Indian,Uttapam,87,41
M002302,R00681,South Indian,Idli,548,41
M002303,R00671,Pizza,Pepperoni Pizza,621,44
M002304,R00347,Healthy Foods,Protein Bowl,319,16
M002305,R00241,Biryani,Mutton Biryani,261,36
M002306,R01193,Pizza,Farmhouse Pizza,136,31
M002307,R00128,South Indian,Idli,441,14
M002308,R00166,Healthy Foods,Salad Bowl,314,32
M002309,R01407,Biryani,Mutton Biryani,158,30
M002310,R00310,Pizza,Farmhouse Pizza,587,15
M002311,R00893,Beverages,Mojito,272,23
M002312,R00247,South Indian,Masala Dosa,201,13
M002313,R01275,South Indian,Vada,374,25
M002314,R01002,Pizza,Veg Pizza,185,39
M002315,R00404,Pizza,Margherita Pizza,135,27
M002316,R01102,Chinese,Manchurian,113,32
M002317,R00923,Biryani,Veg Biryani,552,27
M002318,R01400,North Indian,Dal Makhani,390,27
M002319,R00131,South Indian,Idli,518,23
M002320,R00930,Biryani,Mutton Biryani,591,33
M002321,R01319,South Indian,Vada,635,30
M002322,R00122,South Indian,Vada,572,32
M002323,R01307,Biryani,Veg Biryani,570,30
M002324,R00769,Biryani,Chicken Biryani,304,36
M002325,R00264,Chinese,Manchurian,699,42
M002326,R00855,Biryani,Paneer Biryani,678,13
M002327,R00743,South Indian,Uttapam,626,43
M002328,R00688,Healthy Foods,Salad Bowl,281,21
M002329,R00618,South Indian,Pongal,662,24
M002330,R01360,Biryani,Chicken Biryani,119,13
M002331,R00652,South Indian,Vada,398,42
M002332,R00942,Burger,Chicken Burger,437,35
M002333,R01119,Beverages,Cold Coffee,593,42
M002334,R01152,Biryani,Chicken Biryani,356,11
M002335,R00840,North Indian,Chole Bhature,613,14
M002336,R01272,Biryani,Paneer Biryani,524,17
M002337,R00025,North Indian,Dal Makhani,250,35
M002338,R01301,Burger,Cheese Burger,618,19
M002339,R00435,Biryani,Paneer Biryani,659,13
M002340,R01403,South Indian,Pongal,188,14
M002341,R00012,North Indian,Dal Makhani,661,20
M002342,R00199,North Indian,Paneer Butter Masala,180,33
M002343,R01169,North Indian,Chole Bhature,487,44
M002344,R00772,Pizza,Farmhouse Pizza,214,11
M002345,R01164,Desserts,Chocolate Cake,95,28
M002346,R01304,Healthy Foods,Protein Bowl,186,32
M002347,R01106,Burger,Chicken Burger,458,20
M002348,R00938,Biryani,Mutton Biryani,463,37
M002349,R01491,Biryani,Chicken Biryani,129,39
M002350,R01292,South Indian,Uttapam,331,45
M002351,R00967,South Indian,Uttapam,571,22
M002352,R01324,South Indian,Pongal,213,27
M002353,R00245,Biryani,Veg Biryani,252,35
M002354,R00351,South Indian,Uttapam,529,24
M002355,R01264,Biryani,Mutton Biryani,461,32
M002356,R01166,Pizza,Farmhouse Pizza,239,11
M002357,R00843,Burger,Chicken Burger,601,35
M002358,R01386,Desserts,Ice Cream,622,18
M002359,R01410,South Indian,Masala Dosa,327,41
M002360,R01049,South Indian,Vada,231,42
M002361,R01413,Pizza,Pepperoni Pizza,244,26
M002362,R01105,South Indian,Masala Dosa,143,21
M002363,R00732,North Indian,Paneer Butter Masala,239,15
M002364,R00923,Biryani,Chicken Biryani,240,29
M002365,R00408,Chinese,Manchurian,551,26
M002366,R01336,Burger,Cheese Burger,559,41
M002367,R00749,Pizza,Farmhouse Pizza,602,35
M002368,R00986,Burger,Veg Burger,96,13
M002369,R01386,Desserts,Chocolate Cake,348,45
M002370,R00163,Burger,Chicken Burger,414,42
M002371,R00618,South Indian,Pongal,386,38
M002372,R00956,Healthy Foods,Protein Bowl,623,21
M002373,R00795,Pizza,Veg Pizza,195,24
M002374,R01202,North Indian,Paneer Butter Masala,417,40
M002375,R01335,Pizza,Margherita Pizza,379,33
M002376,R01478,Beverages,Lemon Juice,383,41
M002377,R00130,South Indian,Masala Dosa,214,14
M002378,R01072,South Indian,Pongal,472,12
M002379,R00682,North Indian,Paneer Butter Masala,110,38
M002380,R01300,South Indian,Pongal,416,27
M002381,R00494,Burger,Cheese Burger,676,12
M002382,R00838,Biryani,Chicken Biryani,215,39
M002383,R00246,Desserts,Brownie,181,23
M002384,R00664,Pizza,Veg Pizza,495,15
M002385,R01053,Biryani,Mutton Biryani,277,28
M002386,R01379,South Indian,Vada,572,32
M002387,R00612,North Indian,Chole Bhature,604,41
M002388,R00316,South Indian,Masala Dosa,690,43
M002389,R00681,South Indian,Masala Dosa,273,33
M002390,R00689,Burger,Cheese Burger,237,39
M002391,R00158,Biryani,Mutton Biryani,597,10
M002392,R01195,Burger,Chicken Burger,137,33
M002393,R01494,Chinese,Spring Roll,150,23
M002394,R01004,South Indian,Masala Dosa,414,11
M002395,R01233,Biryani,Veg Biryani,575,14
M002396,R00258,Chinese,Fried Rice,182,39
M002397,R01400,North Indian,Paneer Butter Masala,320,10
M002398,R00935,North Indian,Butter Naan,419,43
M002399,R01482,Biryani,Mutton Biryani,237,34
M002400,R00094,Biryani,Mutton Biryani,486,17
M002401,R00091,Pizza,Veg Pizza,427,10
M002402,R00807,Chinese,Noodles,134,16
M002403,R01131,South Indian,Uttapam,149,20
M002404,R00047,Biryani,Veg Biryani,149,32
M002405,R01136,Pizza,Farmhouse Pizza,591,34
M002406,R00424,South Indian,Idli,590,36
M002407,R01317,Pizza,Farmhouse Pizza,494,19
M002408,R00766,Pizza,Veg Pizza,530,26
M002409,R00902,Biryani,Veg Biryani,688,26
M002410,R00039,South Indian,Uttapam,646,42
M002411,R00706,Pizza,Farmhouse Pizza,314,32
M002412,R00571,Burger,Chicken Burger,380,33
M002413,R01436,South Indian,Pongal,137,14
M002414,R01270,Biryani,Chicken Biryani,517,28
M002415,R00901,South Indian,Pongal,488,29
M002416,R00085,Pizza,Farmhouse Pizza,578,41
M002417,R01202,North Indian,Dal Makhani,468,26
M002418,R01374,Beverages,Cold Coffee,559,33
M002419,R00422,Chinese,Manchurian,670,17
M002420,R00551,South Indian,Idli,312,35
M002421,R00303,North Indian,Paneer Butter Masala,357,15
M002422,R00493,North Indian,Chole Bhature,362,13
M002423,R00733,South Indian,Uttapam,371,42
M002424,R00252,Chinese,Manchurian,637,21
M002425,R01195,Burger,Chicken Burger,341,12
M002426,R00355,Burger,Veg Burger,375,11
M002427,R01187,South Indian,Vada,572,26
M002428,R01159,Pizza,Veg Pizza,330,42
M002429,R00535,Chinese,Fried Rice,652,32
M002430,R00984,North Indian,Butter Naan,684,32
M002431,R00375,Healthy Foods,Salad Bowl,550,12
M002432,R00472,Burger,Cheese Burger,423,45
M002433,R01394,Pizza,Veg Pizza,380,39
M002434,R01226,South Indian,Masala Dosa,82,13
M002435,R00078,Chinese,Manchurian,86,20
M002436,R00875,Biryani,Paneer Biryani,96,21
M002437,R00917,North Indian,Dal Makhani,180,31
M002438,R00063,Burger,Veg Burger,520,11
M002439,R00332,Biryani,Paneer Biryani,601,36
M002440,R01314,South Indian,Idli,552,33
M002441,R01302,South Indian,Idli,585,21
M002442,R00097,South Indian,Pongal,344,45
M002443,R00680,Chinese,Manchurian,440,35
M002444,R00538,North Indian,Dal Makhani,592,31
M002445,R00196,Chinese,Noodles,683,15
M002446,R01034,Biryani,Chicken Biryani,541,38
M002447,R00575,South Indian,Masala Dosa,609,37
M002448,R01257,South Indian,Vada,318,45
M002449,R01435,North Indian,Dal Makhani,652,35
M002450,R00079,Healthy Foods,Salad Bowl,211,30
M002451,R01250,South Indian,Pongal,376,20
M002452,R00488,South Indian,Uttapam,412,11
M002453,R00609,South Indian,Uttapam,303,25
M002454,R00090,Pizza,Farmhouse Pizza,374,23
M002455,R00375,Healthy Foods,Salad Bowl,373,42
M002456,R00400,Burger,Veg Burger,124,11
M002457,R00811,South Indian,Idli,318,17
M002458,R00159,Biryani,Veg Biryani,218,11
M002459,R00669,Healthy Foods,Grilled Chicken,447,34
M002460,R00873,South Indian,Idli,133,27
M002461,R00658,South Indian,Pongal,612,32
M002462,R01439,South Indian,Uttapam,697,27
M002463,R01248,Pizza,Farmhouse Pizza,181,32
M002464,R00845,South Indian,Masala Dosa,208,11
M002465,R01086,Pizza,Margherita Pizza,542,32
M002466,R00762,Burger,Chicken Burger,410,31
M002467,R00907,Desserts,Chocolate Cake,381,43
M002468,R00682,North Indian,Dal Makhani,216,32
M002469,R00364,North Indian,Butter Naan,695,42
M002470,R00168,South Indian,Idli,271,43
M002471,R00070,Beverages,Lemon Juice,348,39
M002472,R00422,Chinese,Manchurian,413,21
M002473,R00982,Burger,Veg Burger,183,39
M002474,R00793,Chinese,Spring Roll,420,44
M002475,R00481,North Indian,Dal Makhani,650,21
M002476,R01244,Chinese,Manchurian,633,27
M002477,R00138,Chinese,Noodles,324,25
M002478,R00975,Desserts,Brownie,548,20
M002479,R01346,Burger,Chicken Burger,550,42
M002480,R00817,Burger,Cheese Burger,368,21
M002481,R00117,South Indian,Pongal,503,26
M002482,R00724,Healthy Foods,Protein Bowl,319,41
M002483,R00920,Burger,Cheese Burger,167,34
M002484,R00703,Chinese,Spring Roll,306,35
M002485,R01185,North Indian,Paneer Butter Masala,423,25
M002486,R00580,North Indian,Dal Makhani,272,35
M002487,R01147,Burger,Chicken Burger,689,29
M002488,R00171,South Indian,Vada,442,32
M002489,R00085,Pizza,Margherita Pizza,166,13
M002490,R01104,North Indian,Butter Naan,328,29
M002491,R00145,South Indian,Vada,85,28
M002492,R00130,South Indian,Pongal,183,20
M002493,R01146,South Indian,Vada,670,21
M002494,R00007,South Indian,Uttapam,391,13
M002495,R01028,North Indian,Chole Bhature,683,44
M002496,R01206,Chinese,Manchurian,252,10
M002497,R00144,Biryani,Chicken Biryani,596,26
M002498,R00776,North Indian,Chole Bhature,637,28
M002499,R01398,South Indian,Vada,296,30
M002500,R00693,South Indian,Vada,697,12
M002501,R00251,Biryani,Chicken Biryani,91,44
M002502,R00118,South Indian,Uttapam,698,31
M002503,R00108,Chinese,Manchurian,247,13
M002504,R01132,South Indian,Vada,545,45
M002505,R01021,Burger,Veg Burger,628,33
M002506,R00453,Chinese,Noodles,149,36
M002507,R00463,South Indian,Masala Dosa,352,43
M002508,R00602,Chinese,Noodles,85,31
M002509,R00389,North Indian,Butter Naan,160,25
M002510,R01190,Biryani,Mutton Biryani,632,26
M002511,R00901,South Indian,Pongal,687,25
M002512,R00200,Healthy Foods,Protein Bowl,360,34
M002513,R01495,North Indian,Paneer Butter Masala,476,17
M002514,R00330,Pizza,Pepperoni Pizza,279,16
M002515,R00677,Chinese,Noodles,352,43
M002516,R00787,Pizza,Veg Pizza,338,41
M002517,R00356,South Indian,Pongal,514,21
M002518,R00720,Burger,Chicken Burger,332,43
M002519,R01094,South Indian,Masala Dosa,114,45
M002520,R00408,Chinese,Spring Roll,536,16
M002521,R00552,North Indian,Chole Bhature,578,29
M002522,R00291,South Indian,Idli,453,24
M002523,R01238,North Indian,Paneer Butter Masala,576,36
M002524,R00907,Desserts,Ice Cream,314,34
M002525,R00142,Burger,Cheese Burger,152,20
M002526,R00437,Biryani,Chicken Biryani,561,15
M002527,R01020,Biryani,Veg Biryani,448,16
M002528,R00968,Biryani,Chicken Biryani,173,34
M002529,R00376,South Indian,Masala Dosa,430,23
M002530,R01097,South Indian,Vada,532,42
M002531,R00989,Pizza,Margherita Pizza,309,25
M002532,R00844,North Indian,Dal Makhani,129,36
M002533,R00100,Biryani,Paneer Biryani,306,22
M002534,R00375,Healthy Foods,Salad Bowl,86,38
M002535,R00524,Biryani,Mutton Biryani,433,33
M002536,R00378,Biryani,Veg Biryani,626,38
M002537,R01450,South Indian,Pongal,429,33
M002538,R00964,Biryani,Chicken Biryani,343,32
M002539,R00060,South Indian,Masala Dosa,138,45
M002540,R01390,Beverages,Mojito,322,43
M002541,R00773,North Indian,Butter Naan,425,28
M002542,R01204,North Indian,Paneer Butter Masala,667,32
M002543,R00817,Burger,Cheese Burger,155,20
M002544,R00217,Healthy Foods,Grilled Chicken,678,16
M002545,R00652,South Indian,Pongal,370,10
M002546,R00272,Chinese,Manchurian,296,25
M002547,R01418,South Indian,Pongal,541,21
M002548,R01295,Pizza,Margherita Pizza,87,40
M002549,R01164,Desserts,Ice Cream,232,22
M002550,R00698,North Indian,Dal Makhani,594,31
M002551,R00440,South Indian,Masala Dosa,300,17
M002552,R00348,South Indian,Vada,319,34
M002553,R00828,South Indian,Pongal,524,28
M002554,R00808,North Indian,Dal Makhani,260,43
M002555,R00245,Biryani,Chicken Biryani,427,36
M002556,R00893,Beverages,Lemon Juice,291,33
M002557,R00115,Pizza,Margherita Pizza,597,24
M002558,R00997,North Indian,Dal Makhani,171,16
M002559,R00308,North Indian,Chole Bhature,226,33
M002560,R00618,South Indian,Uttapam,216,24
M002561,R01139,Biryani,Veg Biryani,311,37
M002562,R01020,Biryani,Mutton Biryani,398,37
M002563,R00971,North Indian,Chole Bhature,485,21
M002564,R01102,Chinese,Manchurian,700,14
M002565,R00776,North Indian,Paneer Butter Masala,224,45
M002566,R00289,Biryani,Chicken Biryani,103,41
M002567,R01343,Beverages,Cold Coffee,576,43
M002568,R00335,South Indian,Uttapam,637,19
M002569,R00461,Biryani,Paneer Biryani,634,32
M002570,R00649,Desserts,Brownie,355,31
M002571,R01096,South Indian,Vada,431,28
M002572,R00905,Biryani,Veg Biryani,216,25
M002573,R00480,South Indian,Uttapam,501,34
M002574,R00430,Biryani,Paneer Biryani,557,27
M002575,R01431,North Indian,Chole Bhature,460,35
M002576,R00339,Chinese,Fried Rice,439,40
M002577,R00125,Pizza,Veg Pizza,165,38
M002578,R00839,Biryani,Chicken Biryani,470,44
M002579,R01109,North Indian,Dal Makhani,643,39
M002580,R01498,Pizza,Veg Pizza,86,33
M002581,R01391,South Indian,Uttapam,365,20
M002582,R01083,Pizza,Farmhouse Pizza,454,23
M002583,R01229,Biryani,Chicken Biryani,133,37
M002584,R00714,North Indian,Paneer Butter Masala,684,12
M002585,R00698,North Indian,Dal Makhani,127,21
M002586,R01414,Pizza,Pepperoni Pizza,388,43
M002587,R00657,Pizza,Margherita Pizza,307,16
M002588,R00497,South Indian,Pongal,474,15
M002589,R00533,Chinese,Noodles,155,44
M002590,R01097,South Indian,Pongal,188,23
M002591,R00517,North Indian,Butter Naan,227,18
M002592,R01149,Biryani,Chicken Biryani,523,24
M002593,R01459,Biryani,Chicken Biryani,546,20
M002594,R00425,Pizza,Veg Pizza,255,11
M002595,R00994,South Indian,Vada,158,31
M002596,R00202,Biryani,Mutton Biryani,561,28
M002597,R00885,Burger,Chicken Burger,536,41
M002598,R00716,Burger,Chicken Burger,596,13
M002599,R00328,Biryani,Chicken Biryani,198,23
M002600,R00530,North Indian,Chole Bhature,234,19
M002601,R00534,Chinese,Noodles,201,15
M002602,R00969,North Indian,Butter Naan,647,10
M002603,R00648,Chinese,Manchurian,536,42
M002604,R00006,Pizza,Farmhouse Pizza,587,44
M002605,R00181,North Indian,Chole Bhature,398,25
M002606,R00278,South Indian,Uttapam,233,36
M002607,R01447,Chinese,Manchurian,579,20
M002608,R00606,South Indian,Pongal,248,45
M002609,R01409,South Indian,Vada,667,36
M002610,R00805,North Indian,Butter Naan,207,40
M002611,R01085,North Indian,Butter Naan,276,34
M002612,R01268,North Indian,Dal Makhani,513,22
M002613,R01391,South Indian,Idli,222,36
M002614,R01251,Chinese,Spring Roll,365,37
M002615,R01048,South Indian,Vada,140,35
M002616,R00886,Pizza,Veg Pizza,113,44
M002617,R00117,South Indian,Masala Dosa,581,17
M002618,R00438,Desserts,Chocolate Cake,516,41
M002619,R01401,South Indian,Vada,263,26
M002620,R01306,Healthy Foods,Grilled Chicken,696,40
M002621,R00988,Biryani,Paneer Biryani,299,23
M002622,R01287,South Indian,Vada,599,37
M002623,R00674,North Indian,Paneer Butter Masala,664,24
M002624,R00467,South Indian,Masala Dosa,446,38
M002625,R00392,Burger,Veg Burger,436,24
M002626,R00151,South Indian,Uttapam,354,19
M002627,R01447,Chinese,Manchurian,307,36
M002628,R00803,South Indian,Uttapam,609,24
M002629,R00288,North Indian,Paneer Butter Masala,170,28
M002630,R01073,Pizza,Veg Pizza,318,42
M002631,R01395,South Indian,Masala Dosa,500,16
M002632,R00627,North Indian,Butter Naan,534,43
M002633,R00298,South Indian,Pongal,114,20
M002634,R00150,Biryani,Chicken Biryani,358,42
M002635,R00856,North Indian,Butter Naan,623,12
M002636,R01136,Pizza,Farmhouse Pizza,282,33
M002637,R00073,Biryani,Chicken Biryani,295,40
M002638,R00040,South Indian,Masala Dosa,623,17
M002639,R00444,Biryani,Veg Biryani,298,32
M002640,R00269,South Indian,Vada,333,27
M002641,R00211,Chinese,Manchurian,159,10
M002642,R00766,Pizza,Veg Pizza,141,13
M002643,R00421,Biryani,Paneer Biryani,458,42
M002644,R00881,Chinese,Spring Roll,260,26
M002645,R00230,North Indian,Paneer Butter Masala,696,23
M002646,R00480,South Indian,Vada,311,23
M002647,R01308,North Indian,Chole Bhature,506,38
M002648,R01283,North Indian,Dal Makhani,452,42
M002649,R00757,Chinese,Fried Rice,138,44
M002650,R00453,Chinese,Spring Roll,141,28
M002651,R01392,South Indian,Masala Dosa,446,19
M002652,R00601,South Indian,Masala Dosa,329,20
M002653,R00349,South Indian,Masala Dosa,434,20
M002654,R00193,North Indian,Butter Naan,89,40
M002655,R01066,Healthy Foods,Protein Bowl,568,13
M002656,R01412,Pizza,Pepperoni Pizza,638,21
M002657,R00913,Biryani,Veg Biryani,156,40
M002658,R00347,Healthy Foods,Salad Bowl,107,28
M002659,R00386,Burger,Veg Burger,106,45
M002660,R01140,Beverages,Cold Coffee,144,27
M002661,R01226,South Indian,Idli,324,13
M002662,R00174,North Indian,Chole Bhature,166,25
M002663,R00499,Chinese,Spring Roll,569,22
M002664,R00273,Biryani,Paneer Biryani,186,15
M002665,R00876,Burger,Chicken Burger,116,41
M002666,R01408,North Indian,Dal Makhani,322,10
M002667,R01274,Burger,Veg Burger,353,15
M002668,R01376,South Indian,Uttapam,528,27
M002669,R00379,Biryani,Chicken Biryani,538,41
M002670,R00117,South Indian,Masala Dosa,667,24
M002671,R00535,Chinese,Noodles,240,30
M002672,R00906,South Indian,Masala Dosa,426,12
M002673,R00704,South Indian,Masala Dosa,487,45
M002674,R00621,Biryani,Chicken Biryani,439,19
M002675,R00094,Biryani,Mutton Biryani,196,26
M002676,R00725,Chinese,Fried Rice,581,34
M002677,R00692,Biryani,Mutton Biryani,362,10
M002678,R01135,South Indian,Idli,451,27
M002679,R00619,Biryani,Chicken Biryani,341,22
M002680,R00522,Biryani,Veg Biryani,511,23
M002681,R00799,Chinese,Spring Roll,568,23
M002682,R01020,Biryani,Paneer Biryani,677,15
M002683,R00346,South Indian,Pongal,626,26
M002684,R01361,South Indian,Masala Dosa,614,17
M002685,R00430,Biryani,Veg Biryani,295,32
M002686,R00488,South Indian,Vada,419,45
M002687,R00346,South Indian,Vada,273,15
M002688,R00628,Desserts,Ice Cream,638,34
M002689,R00966,South Indian,Pongal,565,15
M002690,R01465,Burger,Veg Burger,348,33
M002691,R01293,Chinese,Fried Rice,213,41
M002692,R00442,Healthy Foods,Salad Bowl,664,27
M002693,R01122,Chinese,Spring Roll,109,45
M002694,R00997,North Indian,Dal Makhani,270,28
M002695,R00743,South Indian,Uttapam,591,35
M002696,R00563,Chinese,Spring Roll,146,25
M002697,R00327,Biryani,Mutton Biryani,471,41
M002698,R01395,South Indian,Uttapam,342,30
M002699,R00433,Pizza,Pepperoni Pizza,677,21
M002700,R01206,Chinese,Noodles,186,28
M002701,R00753,Biryani,Mutton Biryani,237,10
M002702,R01249,Chinese,Fried Rice,624,20
M002703,R00930,Biryani,Mutton Biryani,522,23
M002704,R00635,Biryani,Mutton Biryani,532,41
M002705,R01130,North Indian,Chole Bhature,634,16
M002706,R00407,Biryani,Paneer Biryani,644,20
M002707,R01188,North Indian,Paneer Butter Masala,659,45
M002708,R01417,Chinese,Noodles,539,10
M002709,R00800,Healthy Foods,Protein Bowl,202,38
M002710,R00089,Chinese,Spring Roll,108,43
M002711,R01499,Desserts,Brownie,256,24
M002712,R00024,Desserts,Ice Cream,92,13
M002713,R01121,South Indian,Idli,367,16
M002714,R00964,Biryani,Veg Biryani,601,30
M002715,R00965,North Indian,Butter Naan,253,42
M002716,R00798,South Indian,Masala Dosa,657,31
M002717,R01104,North Indian,Butter Naan,481,19
M002718,R01240,Chinese,Manchurian,614,32
M002719,R00336,North Indian,Dal Makhani,634,17
M002720,R00269,South Indian,Idli,248,31
M002721,R00906,South Indian,Idli,147,42
M002722,R00384,North Indian,Chole Bhature,473,15
M002723,R00529,North Indian,Butter Naan,282,32
M002724,R00186,South Indian,Idli,624,10
M002725,R01393,North Indian,Dal Makhani,160,43
M002726,R00951,Burger,Chicken Burger,680,40
M002727,R00499,Chinese,Spring Roll,331,33
M002728,R01223,Biryani,Paneer Biryani,223,18
M002729,R01121,South Indian,Idli,253,38
M002730,R01483,Burger,Chicken Burger,147,14
M002731,R00834,Healthy Foods,Protein Bowl,266,25
M002732,R00693,South Indian,Pongal,460,15
M002733,R00327,Biryani,Mutton Biryani,373,11
M002734,R00142,Burger,Chicken Burger,186,40
M002735,R01372,South Indian,Vada,405,10
M002736,R00409,South Indian,Vada,464,34
M002737,R00270,Burger,Chicken Burger,619,31
M002738,R00358,South Indian,Masala Dosa,140,13
M002739,R00091,Pizza,Margherita Pizza,492,17
M002740,R01465,Burger,Chicken Burger,337,22
M002741,R00463,South Indian,Uttapam,474,12
M002742,R00533,Chinese,Manchurian,101,27
M002743,R01410,South Indian,Masala Dosa,440,30
M002744,R00353,Pizza,Veg Pizza,649,23
M002745,R00256,Biryani,Chicken Biryani,368,13
M002746,R00038,Burger,Chicken Burger,401,30
M002747,R00576,Pizza,Margherita Pizza,506,28
M002748,R00082,South Indian,Vada,148,13
M002749,R01397,South Indian,Uttapam,519,36
M002750,R01096,South Indian,Pongal,419,16
M002751,R00654,Biryani,Paneer Biryani,383,10
M002752,R01326,Burger,Cheese Burger,311,16
M002753,R00020,South Indian,Idli,639,42
M002754,R01107,Biryani,Paneer Biryani,345,36
M002755,R01205,North Indian,Dal Makhani,470,36
M002756,R00228,Biryani,Veg Biryani,519,37
M002757,R00303,North Indian,Dal Makhani,472,44
M002758,R00461,Biryani,Mutton Biryani,263,31
M002759,R01128,Pizza,Pepperoni Pizza,479,12
M002760,R01055,South Indian,Uttapam,295,12
M002761,R00814,Pizza,Margherita Pizza,316,19
M002762,R00608,Chinese,Manchurian,539,31
M002763,R00662,Biryani,Chicken Biryani,572,27
M002764,R01445,Biryani,Veg Biryani,442,22
M002765,R00403,North Indian,Chole Bhature,509,33
M002766,R00120,Chinese,Fried Rice,250,37
M002767,R00537,Burger,Veg Burger,336,35
M002768,R00522,Biryani,Chicken Biryani,499,16
M002769,R00547,South Indian,Pongal,390,21
M002770,R00957,Pizza,Margherita Pizza,372,42
M002771,R00702,South Indian,Uttapam,194,18
M002772,R00345,South Indian,Vada,213,42
M002773,R00279,Biryani,Veg Biryani,604,13
M002774,R01291,Burger,Chicken Burger,125,10
M002775,R01300,South Indian,Masala Dosa,687,24
M002776,R00073,Biryani,Veg Biryani,405,37
M002777,R00343,South Indian,Pongal,229,10
M002778,R01023,Biryani,Paneer Biryani,568,39
M002779,R00101,Chinese,Manchurian,605,27
M002780,R01308,North Indian,Paneer Butter Masala,123,18
M002781,R00867,Pizza,Veg Pizza,495,37
M002782,R01271,Pizza,Veg Pizza,314,12
M002783,R01470,Biryani,Veg Biryani,326,22
M002784,R01165,Burger,Veg Burger,448,14
M002785,R00265,North Indian,Chole Bhature,271,10
M002786,R00112,Biryani,Veg Biryani,298,42
M002787,R01416,North Indian,Dal Makhani,533,10
M002788,R01249,Chinese,Spring Roll,550,39
M002789,R00647,North Indian,Chole Bhature,676,21
M002790,R00921,North Indian,Chole Bhature,522,15
M002791,R00961,Biryani,Paneer Biryani,175,32
M002792,R00462,South Indian,Masala Dosa,643,40
M002793,R01101,Pizza,Margherita Pizza,481,26
M002794,R00335,South Indian,Idli,616,44
M002795,R00225,Burger,Cheese Burger,223,16
M002796,R01458,South Indian,Vada,636,22
M002797,R00020,South Indian,Uttapam,574,21
M002798,R01438,Biryani,Paneer Biryani,217,14
M002799,R01240,Chinese,Manchurian,482,21
M002800,R00904,Biryani,Chicken Biryani,146,40
M002801,R00139,Biryani,Paneer Biryani,593,33
M002802,R00382,South Indian,Idli,405,43
M002803,R00494,Burger,Veg Burger,617,30
M002804,R00375,Healthy Foods,Grilled Chicken,689,15
M002805,R00438,Desserts,Chocolate Cake,482,24
M002806,R00535,Chinese,Manchurian,107,13
M002807,R01100,Biryani,Mutton Biryani,402,11
M002808,R00001,South Indian,Uttapam,407,40
M002809,R01408,North Indian,Butter Naan,481,38
M002810,R00297,Burger,Cheese Burger,304,40
M002811,R00592,Chinese,Fried Rice,412,32
M002812,R00519,South Indian,Pongal,137,24
M002813,R00823,North Indian,Dal Makhani,606,22
M002814,R00384,North Indian,Butter Naan,210,14
M002815,R00451,North Indian,Butter Naan,671,17
M002816,R00021,Chinese,Fried Rice,409,39
M002817,R01473,South Indian,Idli,559,40
M002818,R00198,Biryani,Chicken Biryani,527,17
M002819,R00955,Burger,Chicken Burger,333,36
M002820,R00147,Beverages,Mojito,378,17
M002821,R01203,Burger,Chicken Burger,523,38
M002822,R01483,Burger,Chicken Burger,373,11
M002823,R00756,Burger,Veg Burger,196,16
M002824,R00486,South Indian,Pongal,698,19
M002825,R00650,South Indian,Idli,646,29
M002826,R01037,Healthy Foods,Grilled Chicken,474,25
M002827,R00379,Biryani,Chicken Biryani,619,19
M002828,R00481,North Indian,Dal Makhani,232,17
M002829,R00422,Chinese,Noodles,645,15
M002830,R00456,North Indian,Dal Makhani,213,45
M002831,R00519,South Indian,Vada,183,40
M002832,R00960,North Indian,Dal Makhani,182,25
M002833,R00656,South Indian,Masala Dosa,196,11
M002834,R00380,Healthy Foods,Protein Bowl,404,37
M002835,R00432,Burger,Chicken Burger,306,27
M002836,R00971,North Indian,Paneer Butter Masala,158,14
M002837,R00206,Biryani,Paneer Biryani,529,21
M002838,R00505,Pizza,Farmhouse Pizza,249,25
M002839,R01211,Biryani,Paneer Biryani,628,27
M002840,R00142,Burger,Cheese Burger,250,25
M002841,R00594,Biryani,Paneer Biryani,467,36
M002842,R01241,North Indian,Dal Makhani,547,27
M002843,R01368,South Indian,Idli,186,43
M002844,R00382,South Indian,Uttapam,301,14
M002845,R01103,South Indian,Masala Dosa,544,43
M002846,R00185,Biryani,Paneer Biryani,577,35
M002847,R00573,North Indian,Paneer Butter Masala,288,30
M002848,R00402,Biryani,Veg Biryani,513,15
M002849,R00526,North Indian,Dal Makhani,378,10
M002850,R00387,South Indian,Uttapam,314,35
M002851,R01068,South Indian,Idli,315,13
M002852,R00447,Chinese,Fried Rice,86,41
M002853,R01072,South Indian,Idli,386,39
M002854,R00259,South Indian,Vada,162,19
M002855,R01087,North Indian,Butter Naan,580,38
M002856,R00319,Chinese,Noodles,636,45
M002857,R00808,North Indian,Chole Bhature,508,32
M002858,R00108,Chinese,Spring Roll,565,39
M002859,R00497,South Indian,Idli,564,31
M002860,R00729,North Indian,Dal Makhani,551,10
M002861,R01114,Biryani,Chicken Biryani,471,25
M002862,R00090,Pizza,Farmhouse Pizza,244,40
M002863,R01281,Biryani,Chicken Biryani,562,35
M002864,R00725,Chinese,Spring Roll,558,41
M002865,R01230,North Indian,Butter Naan,628,22
M002866,R00206,Biryani,Chicken Biryani,184,25
M002867,R00735,Burger,Chicken Burger,439,31
M002868,R01444,Desserts,Ice Cream,694,34
M002869,R01476,Pizza,Veg Pizza,495,34
M002870,R00095,Healthy Foods,Grilled Chicken,203,11
M002871,R00053,South Indian,Vada,207,13
M002872,R00430,Biryani,Chicken Biryani,653,30
M002873,R00839,Biryani,Paneer Biryani,410,45
M002874,R00647,North Indian,Dal Makhani,293,32
M002875,R00468,Healthy Foods,Salad Bowl,142,18
M002876,R01406,Burger,Veg Burger,278,43
M002877,R00638,North Indian,Butter Naan,280,14
M002878,R01309,Burger,Cheese Burger,633,19
M002879,R00781,Pizza,Margherita Pizza,108,28
M002880,R00734,Desserts,Brownie,379,28
M002881,R00873,South Indian,Idli,249,45
M002882,R00881,Chinese,Fried Rice,684,24
M002883,R01060,Burger,Veg Burger,200,22
M002884,R00408,Chinese,Spring Roll,321,27
M002885,R00813,Burger,Chicken Burger,109,19
M002886,R01010,North Indian,Paneer Butter Masala,368,34
M002887,R01104,North Indian,Paneer Butter Masala,337,12
M002888,R01349,Biryani,Veg Biryani,491,33
M002889,R00911,South Indian,Masala Dosa,164,12
M002890,R00756,Burger,Chicken Burger,693,43
M002891,R00025,North Indian,Paneer Butter Masala,184,39
M002892,R00423,Biryani,Chicken Biryani,353,40
M002893,R01093,Biryani,Paneer Biryani,479,10
M002894,R01464,Desserts,Chocolate Cake,184,39
M002895,R00077,Chinese,Fried Rice,135,32
M002896,R00840,North Indian,Chole Bhature,90,13
M002897,R00390,Biryani,Paneer Biryani,379,39
M002898,R01168,Biryani,Chicken Biryani,544,40
M002899,R01493,Pizza,Margherita Pizza,359,44
M002900,R00382,South Indian,Masala Dosa,693,44
M002901,R01257,South Indian,Vada,548,42
M002902,R00848,South Indian,Idli,489,19
M002903,R00602,Chinese,Spring Roll,342,37
M002904,R01246,South Indian,Vada,289,15
M002905,R00787,Pizza,Margherita Pizza,458,32
M002906,R01140,Beverages,Cold Coffee,335,17
M002907,R00663,Chinese,Noodles,115,27
M002908,R01249,Chinese,Manchurian,388,43
M002909,R00446,Healthy Foods,Grilled Chicken,105,11
M002910,R00372,Burger,Veg Burger,90,22
M002911,R01184,North Indian,Butter Naan,525,44
M002912,R00748,South Indian,Idli,177,18
M002913,R00161,Pizza,Farmhouse Pizza,582,11
M002914,R01140,Beverages,Lemon Juice,692,13
M002915,R00990,North Indian,Chole Bhature,539,21
M002916,R00487,Biryani,Mutton Biryani,638,45
M002917,R01015,North Indian,Paneer Butter Masala,250,12
M002918,R00198,Biryani,Mutton Biryani,422,17
M002919,R01406,Burger,Chicken Burger,676,16
M002920,R00575,South Indian,Vada,112,34
M002921,R01004,South Indian,Idli,375,12
M002922,R00230,North Indian,Dal Makhani,334,32
M002923,R01013,Biryani,Veg Biryani,506,41
M002924,R00846,Chinese,Spring Roll,157,34
M002925,R01139,Biryani,Paneer Biryani,622,26
M002926,R00915,North Indian,Paneer Butter Masala,639,18
M002927,R00060,South Indian,Uttapam,576,31
M002928,R00026,North Indian,Chole Bhature,86,29
M002929,R01190,Biryani,Mutton Biryani,610,27
M002930,R01406,Burger,Veg Burger,417,18
M002931,R00273,Biryani,Veg Biryani,435,34
M002932,R00561,Biryani,Veg Biryani,439,23
M002933,R00487,Biryani,Chicken Biryani,325,45
M002934,R00311,Biryani,Paneer Biryani,316,34
M002935,R00247,South Indian,Masala Dosa,287,18
M002936,R00603,South Indian,Idli,340,10
M002937,R00209,North Indian,Butter Naan,100,14
M002938,R00795,Pizza,Veg Pizza,96,23
M002939,R00902,Biryani,Mutton Biryani,683,27
M002940,R00264,Chinese,Noodles,99,43
M002941,R01281,Biryani,Veg Biryani,660,42
M002942,R00136,North Indian,Paneer Butter Masala,599,26
M002943,R00499,Chinese,Manchurian,480,27
M002944,R00101,Chinese,Fried Rice,602,34
M002945,R00969,North Indian,Butter Naan,640,35
M002946,R01118,North Indian,Dal Makhani,188,22
M002947,R00769,Biryani,Chicken Biryani,694,41
M002948,R00038,Burger,Veg Burger,557,39
M002949,R00625,Chinese,Manchurian,561,45
M002950,R01352,Biryani,Paneer Biryani,119,21
M002951,R00069,South Indian,Pongal,194,16
M002952,R00383,Biryani,Veg Biryani,342,20
M002953,R00841,Pizza,Pepperoni Pizza,571,12
M002954,R00081,Biryani,Mutton Biryani,330,22
M002955,R01269,Chinese,Manchurian,510,25
M002956,R00785,South Indian,Pongal,259,28
M002957,R00635,Biryani,Paneer Biryani,264,27
M002958,R01350,South Indian,Masala Dosa,163,28
M002959,R01487,Burger,Cheese Burger,528,36
M002960,R01292,South Indian,Uttapam,215,24
M002961,R00942,Burger,Chicken Burger,179,21
M002962,R00074,North Indian,Dal Makhani,552,29
M002963,R00005,North Indian,Butter Naan,647,41
M002964,R00966,South Indian,Masala Dosa,603,18
M002965,R01443,South Indian,Pongal,276,40
M002966,R00069,South Indian,Idli,170,11
M002967,R01029,South Indian,Idli,327,35
M002968,R00796,Biryani,Paneer Biryani,310,22
M002969,R00129,Burger,Veg Burger,100,26
M002970,R01062,Chinese,Manchurian,439,28
M002971,R00482,Pizza,Farmhouse Pizza,202,42
M002972,R00792,Burger,Cheese Burger,572,30
M002973,R01486,North Indian,Dal Makhani,481,19
M002974,R01016,Burger,Cheese Burger,513,35
M002975,R00330,Pizza,Farmhouse Pizza,632,42
M002976,R00083,North Indian,Chole Bhature,221,39
M002977,R01085,North Indian,Butter Naan,124,31
M002978,R00474,Chinese,Noodles,584,36
M002979,R00683,Biryani,Paneer Biryani,115,31
M002980,R00370,Healthy Foods,Protein Bowl,329,12
M002981,R00774,Biryani,Mutton Biryani,603,45
M002982,R00987,Chinese,Spring Roll,95,28
M002983,R00048,Pizza,Farmhouse Pizza,561,25
M002984,R00012,North Indian,Dal Makhani,509,16
M002985,R00236,North Indian,Chole Bhature,528,37
M002986,R00120,Chinese,Manchurian,153,38
M002987,R01371,Chinese,Noodles,115,36
M002988,R00065,South Indian,Idli,219,24
M002989,R00953,Pizza,Margherita Pizza,442,37
M002990,R00977,South Indian,Masala Dosa,333,18
M002991,R01195,Burger,Veg Burger,136,10
M002992,R00706,Pizza,Veg Pizza,359,42
M002993,R00668,South Indian,Masala Dosa,618,27
M002994,R00513,Pizza,Pepperoni Pizza,609,25
M002995,R01445,Biryani,Veg Biryani,470,41
M002996,R00234,Pizza,Veg Pizza,312,37
M002997,R01282,Biryani,Veg Biryani,299,44
M002998,R00390,Biryani,Veg Biryani,264,24
M002999,R00906,South Indian,Idli,283,31
M003000,R00365,Burger,Veg Burger,275,38
M003001,R01438,Biryani,Chicken Biryani,532,42
M003002,R01186,Biryani,Mutton Biryani,597,44
M003003,R00418,Biryani,Mutton Biryani,355,43
M003004,R01191,South Indian,Uttapam,245,13
M003005,R00927,North Indian,Butter Naan,339,22
M003006,R00634,Burger,Chicken Burger,211,22
M003007,R00012,North Indian,Paneer Butter Masala,81,26
M003008,R01356,South Indian,Uttapam,185,22
M003009,R00598,Biryani,Paneer Biryani,506,37
M003010,R01168,Biryani,Mutton Biryani,553,41
M003011,R01119,Beverages,Mojito,577,23
M003012,R00168,South Indian,Pongal,438,10
M003013,R01479,Healthy Foods,Salad Bowl,635,23
M003014,R01452,Chinese,Spring Roll,682,44
M003015,R00190,Chinese,Spring Roll,201,23
M003016,R01217,Burger,Chicken Burger,83,36
M003017,R00327,Biryani,Mutton Biryani,140,19
M003018,R00044,Biryani,Veg Biryani,171,19
M003019,R01119,Beverages,Cold Coffee,496,37
M003020,R01288,Biryani,Paneer Biryani,90,43
M003021,R00803,South Indian,Masala Dosa,378,28
M003022,R00347,Healthy Foods,Grilled Chicken,525,31
M003023,R00333,Beverages,Mojito,622,30
M003024,R00037,Beverages,Mojito,248,24
M003025,R00974,South Indian,Masala Dosa,199,27
M003026,R00099,Pizza,Veg Pizza,479,18
M003027,R00123,Biryani,Veg Biryani,545,24
M003028,R00467,South Indian,Masala Dosa,586,25
M003029,R00724,Healthy Foods,Grilled Chicken,237,42
M003030,R00690,South Indian,Vada,167,42
M003031,R00500,Pizza,Margherita Pizza,559,23
M003032,R00665,South Indian,Pongal,179,24
M003033,R01372,South Indian,Idli,511,17
M003034,R01375,Burger,Cheese Burger,427,22
M003035,R00843,Burger,Chicken Burger,206,25
M003036,R00471,Chinese,Fried Rice,181,41
M003037,R00058,Burger,Chicken Burger,646,45
M003038,R00325,North Indian,Chole Bhature,611,23
M003039,R00293,Biryani,Veg Biryani,443,39
M003040,R01348,Healthy Foods,Salad Bowl,157,29
M003041,R01230,North Indian,Paneer Butter Masala,499,21
M003042,R01093,Biryani,Paneer Biryani,497,26
M003043,R01291,Burger,Cheese Burger,214,38
M003044,R00866,North Indian,Paneer Butter Masala,290,29
M003045,R00460,North Indian,Dal Makhani,402,43
M003046,R01467,Desserts,Brownie,237,17
M003047,R00153,South Indian,Idli,542,29
M003048,R00745,Healthy Foods,Salad Bowl,398,38
M003049,R00165,Burger,Chicken Burger,288,20
M003050,R01341,North Indian,Dal Makhani,340,22
M003051,R00878,Biryani,Veg Biryani,310,41
M003052,R01201,Biryani,Paneer Biryani,667,24
M003053,R00691,South Indian,Masala Dosa,109,25
M003054,R00905,Biryani,Veg Biryani,406,23
M003055,R00330,Pizza,Margherita Pizza,690,43
M003056,R00237,Biryani,Mutton Biryani,467,43
M003057,R01457,Chinese,Fried Rice,587,45
M003058,R00694,North Indian,Paneer Butter Masala,160,27
M003059,R00323,Pizza,Margherita Pizza,687,35
M003060,R01495,North Indian,Chole Bhature,452,28
M003061,R00485,North Indian,Dal Makhani,387,16
M003062,R01386,Desserts,Ice Cream,224,26
M003063,R00182,Biryani,Chicken Biryani,219,23
M003064,R00035,Biryani,Mutton Biryani,176,16
M003065,R01173,Healthy Foods,Protein Bowl,526,10
M003066,R00718,North Indian,Dal Makhani,643,44
M003067,R01029,South Indian,Idli,339,20
M003068,R00541,South Indian,Vada,290,28
M003069,R00224,Biryani,Veg Biryani,424,35
M003070,R00260,South Indian,Idli,633,24
M003071,R01180,Biryani,Paneer Biryani,208,36
M003072,R00420,Burger,Veg Burger,583,26
M003073,R00267,South Indian,Uttapam,670,43
M003074,R00461,Biryani,Paneer Biryani,449,43
M003075,R00351,South Indian,Idli,480,29
M003076,R00084,Biryani,Chicken Biryani,605,36
M003077,R00436,Healthy Foods,Protein Bowl,220,15
M003078,R01296,Burger,Cheese Burger,291,21
M003079,R01185,North Indian,Paneer Butter Masala,684,21
M003080,R01355,Biryani,Paneer Biryani,485,44
M003081,R00744,North Indian,Chole Bhature,583,30
M003082,R01141,Biryani,Mutton Biryani,494,39
M003083,R00631,North Indian,Butter Naan,358,21
M003084,R01283,North Indian,Butter Naan,547,32
M003085,R00245,Biryani,Mutton Biryani,571,18
M003086,R00919,Healthy Foods,Grilled Chicken,82,43
M003087,R00507,North Indian,Chole Bhature,369,26
M003088,R01454,Chinese,Spring Roll,252,43
M003089,R00875,Biryani,Chicken Biryani,697,12
M003090,R00925,Biryani,Paneer Biryani,318,19
M003091,R01160,Burger,Cheese Burger,215,19
M003092,R01450,South Indian,Pongal,644,34
M003093,R00842,South Indian,Masala Dosa,81,26
M003094,R00486,South Indian,Masala Dosa,676,18
M003095,R00339,Chinese,Noodles,599,16
M003096,R00027,Burger,Chicken Burger,323,28
M003097,R00007,South Indian,Uttapam,151,29
M003098,R00866,North Indian,Butter Naan,480,42
M003099,R01019,Biryani,Paneer Biryani,245,29
M003100,R01152,Biryani,Veg Biryani,615,42
M003101,R00899,North Indian,Paneer Butter Masala,496,44
M003102,R00794,Biryani,Chicken Biryani,432,10
M003103,R01001,Biryani,Mutton Biryani,164,41
M003104,R00025,North Indian,Dal Makhani,209,13
M003105,R00254,Biryani,Paneer Biryani,313,25
M003106,R00355,Burger,Cheese Burger,245,32
M003107,R01277,Biryani,Paneer Biryani,170,13
M003108,R01160,Burger,Veg Burger,666,38
M003109,R00643,South Indian,Pongal,464,45
M003110,R00344,South Indian,Pongal,519,26
M003111,R01068,South Indian,Uttapam,325,23
M003112,R00121,North Indian,Butter Naan,545,44
M003113,R00177,South Indian,Idli,680,11
M003114,R00064,Chinese,Spring Roll,612,26
M003115,R01427,Healthy Foods,Protein Bowl,157,40
M003116,R01092,Chinese,Manchurian,589,19
M003117,R00713,Healthy Foods,Salad Bowl,343,25
M003118,R00836,South Indian,Idli,239,16
M003119,R00352,Pizza,Veg Pizza,639,24
M003120,R01068,South Indian,Masala Dosa,464,36
M003121,R00016,South Indian,Masala Dosa,579,11
M003122,R00506,Chinese,Spring Roll,135,16
M003123,R01207,Desserts,Ice Cream,512,11
M003124,R00454,South Indian,Uttapam,359,42
M003125,R00726,Pizza,Margherita Pizza,584,41
M003126,R00524,Biryani,Mutton Biryani,641,45
M003127,R00341,North Indian,Chole Bhature,350,24
M003128,R00685,South Indian,Idli,306,17
M003129,R00007,South Indian,Pongal,477,38
M003130,R00823,North Indian,Paneer Butter Masala,698,25
M003131,R00528,South Indian,Uttapam,109,40
M003132,R01366,South Indian,Uttapam,579,43
M003133,R00460,North Indian,Butter Naan,669,27
M003134,R00832,North Indian,Butter Naan,342,17
M003135,R01430,North Indian,Chole Bhature,195,37
M003136,R01132,South Indian,Uttapam,476,24
M003137,R00451,North Indian,Paneer Butter Masala,551,18
M003138,R01429,Healthy Foods,Salad Bowl,514,16
M003139,R00820,Biryani,Mutton Biryani,580,45
M003140,R00669,Healthy Foods,Protein Bowl,364,28
M003141,R01087,North Indian,Chole Bhature,414,41
M003142,R00330,Pizza,Pepperoni Pizza,205,30
M003143,R01147,Burger,Veg Burger,223,19
M003144,R01165,Burger,Veg Burger,411,26
M003145,R00995,Beverages,Mojito,123,21
M003146,R00717,North Indian,Paneer Butter Masala,695,16
M003147,R01221,Biryani,Paneer Biryani,244,43
M003148,R01008,North Indian,Butter Naan,564,22
M003149,R00712,Desserts,Chocolate Cake,350,10
M003150,R00679,South Indian,Idli,192,18
M003151,R00134,Pizza,Farmhouse Pizza,469,27
M003152,R00384,North Indian,Paneer Butter Masala,488,18
M003153,R01383,North Indian,Chole Bhature,524,13
M003154,R00216,North Indian,Paneer Butter Masala,609,43
M003155,R00843,Burger,Chicken Burger,465,36
M003156,R01491,Biryani,Paneer Biryani,450,43
M003157,R00618,South Indian,Uttapam,679,10
M003158,R01304,Healthy Foods,Salad Bowl,307,16
M003159,R01271,Pizza,Pepperoni Pizza,591,27
M003160,R00709,Chinese,Fried Rice,626,19
M003161,R00178,Chinese,Manchurian,357,18
M003162,R00544,Biryani,Paneer Biryani,685,23
M003163,R00330,Pizza,Pepperoni Pizza,321,12
M003164,R01259,North Indian,Chole Bhature,145,19
M003165,R01283,North Indian,Dal Makhani,488,27
M003166,R00828,South Indian,Uttapam,487,36
M003167,R01234,South Indian,Masala Dosa,606,28
M003168,R01060,Burger,Chicken Burger,438,25
M003169,R00388,North Indian,Butter Naan,132,11
M003170,R00363,North Indian,Paneer Butter Masala,442,25
M003171,R00006,Pizza,Pepperoni Pizza,573,17
M003172,R00993,North Indian,Butter Naan,393,10
M003173,R00110,Biryani,Paneer Biryani,120,22
M003174,R00346,South Indian,Vada,303,14
M003175,R00800,Healthy Foods,Protein Bowl,527,17
M003176,R00022,South Indian,Uttapam,251,11
M003177,R00436,Healthy Foods,Salad Bowl,181,39
M003178,R00258,Chinese,Fried Rice,440,44
M003179,R00364,North Indian,Butter Naan,698,29
M003180,R00971,North Indian,Butter Naan,536,31
M003181,R00582,Pizza,Farmhouse Pizza,540,11
M003182,R00408,Chinese,Fried Rice,634,45
M003183,R01118,North Indian,Chole Bhature,288,10
M003184,R01467,Desserts,Ice Cream,319,43
M003185,R00121,North Indian,Butter Naan,377,25
M003186,R01324,South Indian,Idli,124,39
M003187,R00298,South Indian,Masala Dosa,130,44
M003188,R00432,Burger,Cheese Burger,293,39
M003189,R00998,Chinese,Noodles,646,28
M003190,R00347,Healthy Foods,Salad Bowl,147,23
M003191,R00320,South Indian,Vada,101,26
M003192,R00175,Chinese,Spring Roll,443,37
M003193,R00150,Biryani,Mutton Biryani,644,35
M003194,R01195,Burger,Cheese Burger,317,43
M003195,R01485,North Indian,Chole Bhature,181,45
M003196,R01192,South Indian,Uttapam,645,24
M003197,R00894,North Indian,Chole Bhature,168,35
M003198,R00951,Burger,Veg Burger,136,32
M003199,R00439,North Indian,Chole Bhature,257,20
M003200,R01242,South Indian,Pongal,348,45
M003201,R00791,Biryani,Mutton Biryani,590,30
M003202,R01470,Biryani,Veg Biryani,512,16
M003203,R01166,Pizza,Farmhouse Pizza,664,42
M003204,R00791,Biryani,Veg Biryani,169,11
M003205,R00288,North Indian,Chole Bhature,485,40
M003206,R01210,Biryani,Chicken Biryani,337,28
M003207,R00150,Biryani,Mutton Biryani,243,21
M003208,R00871,Pizza,Margherita Pizza,516,26
M003209,R00613,Pizza,Veg Pizza,409,18
M003210,R00772,Pizza,Pepperoni Pizza,699,23
M003211,R00363,North Indian,Paneer Butter Masala,133,41
M003212,R00602,Chinese,Noodles,207,40
M003213,R00655,Healthy Foods,Protein Bowl,170,23
M003214,R00322,Biryani,Paneer Biryani,450,38
M003215,R00859,North Indian,Butter Naan,344,25
M003216,R01270,Biryani,Chicken Biryani,587,24
M003217,R00495,Chinese,Fried Rice,419,33
M003218,R01352,Biryani,Chicken Biryani,603,31
M003219,R00070,Beverages,Mojito,102,12
M003220,R00207,Healthy Foods,Salad Bowl,500,38
M003221,R00344,South Indian,Masala Dosa,470,38
M003222,R01048,South Indian,Pongal,278,42
M003223,R01437,Desserts,Brownie,487,19
M003224,R00026,North Indian,Dal Makhani,354,38
M003225,R00595,North Indian,Chole Bhature,222,35
M003226,R01125,North Indian,Chole Bhature,609,41
M003227,R01085,North Indian,Paneer Butter Masala,296,43
M003228,R01227,South Indian,Pongal,596,41
M003229,R00094,Biryani,Paneer Biryani,204,42
M003230,R00844,North Indian,Paneer Butter Masala,609,18
M003231,R01198,North Indian,Butter Naan,504,25
M003232,R00752,Burger,Veg Burger,556,20
M003233,R00097,South Indian,Uttapam,536,18
M003234,R00253,Pizza,Margherita Pizza,578,41
M003235,R01031,South Indian,Uttapam,457,39
M003236,R00599,Chinese,Noodles,159,38
M003237,R01336,Burger,Chicken Burger,508,32
M003238,R00966,South Indian,Masala Dosa,127,15
M003239,R01423,North Indian,Dal Makhani,561,24
M003240,R00226,North Indian,Dal Makhani,320,22
M003241,R01311,South Indian,Pongal,243,29
M003242,R01420,Biryani,Mutton Biryani,256,20
M003243,R01399,North Indian,Butter Naan,485,44
M003244,R00419,Burger,Chicken Burger,136,17
M003245,R00659,Biryani,Veg Biryani,357,30
M003246,R00695,South Indian,Idli,176,28
M003247,R01474,Chinese,Noodles,443,11
M003248,R00256,Biryani,Veg Biryani,495,36
M003249,R00870,South Indian,Vada,290,25
M003250,R00813,Burger,Veg Burger,315,36
M003251,R00706,Pizza,Farmhouse Pizza,565,25
M003252,R00245,Biryani,Mutton Biryani,190,20
M003253,R01464,Desserts,Chocolate Cake,405,28
M003254,R01383,North Indian,Paneer Butter Masala,552,25
M003255,R00543,North Indian,Dal Makhani,661,10
M003256,R00839,Biryani,Paneer Biryani,676,13
M003257,R01279,North Indian,Dal Makhani,206,39
M003258,R00262,South Indian,Vada,384,29
M003259,R01321,South Indian,Pongal,277,34
M003260,R01326,Burger,Veg Burger,133,32
M003261,R00021,Chinese,Manchurian,254,24
M003262,R00201,Biryani,Veg Biryani,178,27
M003263,R00217,Healthy Foods,Protein Bowl,330,33
M003264,R00814,Pizza,Margherita Pizza,425,44
M003265,R01125,North Indian,Dal Makhani,470,24
M003266,R01352,Biryani,Chicken Biryani,105,26
M003267,R01153,Biryani,Mutton Biryani,557,17
M003268,R00329,Healthy Foods,Grilled Chicken,368,38
M003269,R00191,Pizza,Veg Pizza,637,37
M003270,R01496,North Indian,Paneer Butter Masala,603,20
M003271,R00049,South Indian,Idli,226,22
M003272,R00927,North Indian,Dal Makhani,338,32
M003273,R00277,South Indian,Pongal,657,17
M003274,R01362,Biryani,Mutton Biryani,382,16
M003275,R01466,Pizza,Farmhouse Pizza,368,14
M003276,R01200,Biryani,Paneer Biryani,209,23
M003277,R01423,North Indian,Dal Makhani,594,34
M003278,R01327,South Indian,Uttapam,405,38
M003279,R00866,North Indian,Dal Makhani,220,27
M003280,R00869,North Indian,Paneer Butter Masala,622,14
M003281,R00902,Biryani,Chicken Biryani,668,44
M003282,R00272,Chinese,Noodles,665,14
M003283,R00135,Chinese,Noodles,160,35
M003284,R01055,South Indian,Pongal,396,43
M003285,R00467,South Indian,Vada,171,15
M003286,R01037,Healthy Foods,Salad Bowl,679,30
M003287,R00737,Pizza,Veg Pizza,322,19
M003288,R00439,North Indian,Dal Makhani,684,25
M003289,R00101,Chinese,Manchurian,562,21
M003290,R00519,South Indian,Vada,474,45
M003291,R00017,Desserts,Chocolate Cake,285,42
M003292,R00765,Pizza,Margherita Pizza,677,40
M003293,R00718,North Indian,Butter Naan,408,26
M003294,R00731,South Indian,Masala Dosa,114,30
M003295,R01145,Burger,Veg Burger,293,43
M003296,R00463,South Indian,Uttapam,482,39
M003297,R00652,South Indian,Uttapam,375,17
M003298,R00195,Biryani,Chicken Biryani,285,38
M003299,R01113,South Indian,Masala Dosa,210,22
M003300,R00738,South Indian,Uttapam,280,22
M003301,R00493,North Indian,Paneer Butter Masala,479,13
M003302,R00573,North Indian,Butter Naan,300,23
M003303,R00139,Biryani,Mutton Biryani,519,28
M003304,R00819,Chinese,Spring Roll,142,22
M003305,R00974,South Indian,Masala Dosa,329,19
M003306,R00754,Burger,Chicken Burger,451,45
M003307,R00241,Biryani,Chicken Biryani,376,24
M003308,R00332,Biryani,Veg Biryani,670,43
M003309,R01486,North Indian,Butter Naan,610,24
M003310,R00848,South Indian,Idli,408,24
M003311,R00345,South Indian,Idli,492,36
M003312,R01450,South Indian,Uttapam,101,30
M003313,R01057,Burger,Cheese Burger,163,21
M003314,R01068,South Indian,Masala Dosa,200,44
M003315,R01479,Healthy Foods,Protein Bowl,346,38
M003316,R00642,Chinese,Spring Roll,112,30
M003317,R00551,South Indian,Vada,423,45
M003318,R00333,Beverages,Lemon Juice,177,16
M003319,R01458,South Indian,Masala Dosa,309,15
M003320,R00880,Chinese,Fried Rice,143,27
M003321,R00916,South Indian,Pongal,476,32
M003322,R01066,Healthy Foods,Salad Bowl,617,35
M003323,R00818,Pizza,Veg Pizza,220,29
M003324,R00200,Healthy Foods,Salad Bowl,524,43
M003325,R00374,Biryani,Chicken Biryani,256,17
M003326,R01334,Healthy Foods,Grilled Chicken,151,32
M003327,R00467,South Indian,Vada,627,19
M003328,R00898,Beverages,Cold Coffee,335,13
M003329,R01153,Biryani,Paneer Biryani,540,33
M003330,R01007,South Indian,Masala Dosa,604,43
M003331,R00405,Pizza,Pepperoni Pizza,472,45
M003332,R00845,South Indian,Uttapam,405,23
M003333,R01382,Pizza,Margherita Pizza,497,40
M003334,R01457,Chinese,Fried Rice,215,45
M003335,R01036,Biryani,Mutton Biryani,221,15
M003336,R00972,North Indian,Chole Bhature,407,45
M003337,R00010,North Indian,Chole Bhature,667,24
M003338,R01209,Burger,Veg Burger,390,44
M003339,R01363,Biryani,Chicken Biryani,521,11
M003340,R00685,South Indian,Vada,517,28
M003341,R00970,South Indian,Uttapam,372,15
M003342,R00102,Burger,Veg Burger,598,37
M003343,R00045,Desserts,Brownie,683,33
M003344,R01364,Pizza,Margherita Pizza,591,37
M003345,R00842,South Indian,Uttapam,317,37
M003346,R00118,South Indian,Vada,224,43
M003347,R01017,Biryani,Mutton Biryani,109,38
M003348,R00266,Healthy Foods,Salad Bowl,656,17
M003349,R00412,North Indian,Chole Bhature,330,19
M003350,R00427,Pizza,Veg Pizza,364,24
M003351,R00102,Burger,Veg Burger,487,14
M003352,R01194,South Indian,Uttapam,351,30
M003353,R00065,South Indian,Pongal,588,15
M003354,R00959,Biryani,Veg Biryani,94,10
M003355,R00230,North Indian,Paneer Butter Masala,471,29
M003356,R00399,South Indian,Masala Dosa,503,34
M003357,R00857,Biryani,Mutton Biryani,621,11
M003358,R00676,South Indian,Idli,612,36
M003359,R00147,Beverages,Lemon Juice,670,31
M003360,R01099,Chinese,Fried Rice,488,40
M003361,R00070,Beverages,Mojito,700,13
M003362,R01212,South Indian,Masala Dosa,125,40
M003363,R01345,North Indian,Butter Naan,373,12
M003364,R00966,South Indian,Pongal,283,22
M003365,R01056,Burger,Cheese Burger,489,17
M003366,R00424,South Indian,Vada,377,15
M003367,R00976,Biryani,Chicken Biryani,464,43
M003368,R01254,Pizza,Margherita Pizza,606,22
M003369,R01345,North Indian,Chole Bhature,578,21
M003370,R00157,Chinese,Fried Rice,613,23
M003371,R00837,Biryani,Mutton Biryani,162,32
M003372,R00714,North Indian,Chole Bhature,296,35
M003373,R00873,South Indian,Vada,502,43
M003374,R01117,Biryani,Veg Biryani,371,22
M003375,R01065,South Indian,Pongal,480,25
M003376,R01129,Burger,Cheese Burger,130,43
M003377,R00615,South Indian,Pongal,541,11
M003378,R00136,North Indian,Dal Makhani,396,24
M003379,R00425,Pizza,Pepperoni Pizza,161,34
M003380,R01087,North Indian,Paneer Butter Masala,302,14
M003381,R00690,South Indian,Idli,672,17
M003382,R00057,North Indian,Dal Makhani,317,33
M003383,R00305,Pizza,Margherita Pizza,291,12
M003384,R01296,Burger,Veg Burger,214,30
M003385,R00993,North Indian,Dal Makhani,643,10
M003386,R00411,Biryani,Mutton Biryani,408,12
M003387,R00147,Beverages,Mojito,312,25
M003388,R00164,Biryani,Mutton Biryani,686,35
M003389,R00696,North Indian,Chole Bhature,523,44
M003390,R00359,Biryani,Chicken Biryani,521,41
M003391,R01058,Burger,Chicken Burger,437,18
M003392,R01105,South Indian,Masala Dosa,82,13
M003393,R00450,South Indian,Idli,668,36
M003394,R00273,Biryani,Chicken Biryani,465,21
M003395,R00535,Chinese,Fried Rice,256,11
M003396,R00772,Pizza,Farmhouse Pizza,583,45
M003397,R01291,Burger,Chicken Burger,659,17
M003398,R00260,South Indian,Vada,410,22
M003399,R01435,North Indian,Butter Naan,582,16
M003400,R00320,South Indian,Vada,419,24
M003401,R01241,North Indian,Dal Makhani,290,23
M003402,R00966,South Indian,Uttapam,687,17
M003403,R00018,North Indian,Chole Bhature,204,23
M003404,R00121,North Indian,Chole Bhature,530,35
M003405,R01279,North Indian,Chole Bhature,679,31
M003406,R00933,South Indian,Masala Dosa,315,24
M003407,R01425,North Indian,Chole Bhature,346,18
M003408,R00116,Pizza,Margherita Pizza,454,42
M003409,R00598,Biryani,Paneer Biryani,201,27
M003410,R00171,South Indian,Uttapam,482,11
M003411,R00347,Healthy Foods,Protein Bowl,363,36
M003412,R01032,North Indian,Butter Naan,336,31
M003413,R01061,Burger,Veg Burger,487,27
M003414,R01245,Pizza,Margherita Pizza,532,16
M003415,R01327,South Indian,Vada,581,18
M003416,R00017,Desserts,Ice Cream,695,17
M003417,R01474,Chinese,Spring Roll,551,35
M003418,R00400,Burger,Veg Burger,330,43
M003419,R00237,Biryani,Chicken Biryani,129,38
M003420,R00591,Chinese,Spring Roll,122,45
M003421,R00769,Biryani,Veg Biryani,197,27
M003422,R00948,South Indian,Uttapam,156,33
M003423,R01460,Burger,Veg Burger,488,45
M003424,R00622,Biryani,Paneer Biryani,648,42
M003425,R00719,South Indian,Uttapam,294,14
M003426,R01420,Biryani,Paneer Biryani,513,37
M003427,R00797,Burger,Cheese Burger,584,45
M003428,R00032,Beverages,Mojito,418,43
M003429,R01255,Biryani,Mutton Biryani,448,43
M003430,R00976,Biryani,Paneer Biryani,231,25
M003431,R00652,South Indian,Vada,512,37
M003432,R01005,Beverages,Cold Coffee,550,39
M003433,R01430,North Indian,Dal Makhani,442,28
M003434,R00892,South Indian,Uttapam,658,35
M003435,R00232,Biryani,Veg Biryani,349,28
M003436,R00406,Biryani,Veg Biryani,484,25
M003437,R00914,Biryani,Mutton Biryani,470,38
M003438,R00472,Burger,Chicken Burger,591,16
M003439,R00371,North Indian,Dal Makhani,371,26
M003440,R01481,North Indian,Butter Naan,660,27
M003441,R01053,Biryani,Mutton Biryani,391,30
M003442,R00488,South Indian,Uttapam,189,45
M003443,R01009,Biryani,Veg Biryani,652,30
M003444,R00111,Burger,Cheese Burger,365,29
M003445,R00134,Pizza,Pepperoni Pizza,611,30
M003446,R01314,South Indian,Vada,214,17
M003447,R00179,Pizza,Pepperoni Pizza,127,36
M003448,R01074,Biryani,Veg Biryani,243,26
M003449,R01405,Chinese,Fried Rice,247,35
M003450,R01350,South Indian,Idli,201,17
M003451,R00876,Burger,Cheese Burger,242,27
M003452,R00534,Chinese,Spring Roll,377,27
M003453,R00931,Desserts,Chocolate Cake,219,31
M003454,R00903,Chinese,Fried Rice,94,37
M003455,R01271,Pizza,Farmhouse Pizza,424,25
M003456,R00930,Biryani,Veg Biryani,524,41
M003457,R00654,Biryani,Mutton Biryani,428,19
M003458,R00459,South Indian,Uttapam,664,31
M003459,R00132,Biryani,Mutton Biryani,464,36
M003460,R00151,South Indian,Pongal,262,34
M003461,R01130,North Indian,Paneer Butter Masala,198,27
M003462,R00589,Pizza,Pepperoni Pizza,474,22
M003463,R00257,North Indian,Dal Makhani,540,32
M003464,R00505,Pizza,Pepperoni Pizza,396,19
M003465,R00576,Pizza,Pepperoni Pizza,145,16
M003466,R01108,North Indian,Chole Bhature,341,41
M003467,R01201,Biryani,Paneer Biryani,289,34
M003468,R00914,Biryani,Veg Biryani,547,39
M003469,R00965,North Indian,Paneer Butter Masala,238,17
M003470,R01484,South Indian,Uttapam,448,33
M003471,R00783,South Indian,Idli,440,45
M003472,R01150,Pizza,Veg Pizza,521,10
M003473,R00807,Chinese,Spring Roll,148,19
M003474,R00084,Biryani,Paneer Biryani,264,17
M003475,R01388,Chinese,Manchurian,458,30
M003476,R00096,Biryani,Paneer Biryani,424,13
M003477,R00473,North Indian,Paneer Butter Masala,488,37
M003478,R01297,Biryani,Mutton Biryani,602,12
M003479,R01471,South Indian,Uttapam,88,45
M003480,R00487,Biryani,Paneer Biryani,615,16
M003481,R00252,Chinese,Spring Roll,453,45
M003482,R00256,Biryani,Veg Biryani,294,20
M003483,R01028,North Indian,Butter Naan,647,17
M003484,R00245,Biryani,Veg Biryani,506,17
M003485,R00474,Chinese,Noodles,470,24
M003486,R00618,South Indian,Uttapam,310,33
M003487,R00265,North Indian,Dal Makhani,233,10
M003488,R00840,North Indian,Paneer Butter Masala,330,27
M003489,R01244,Chinese,Spring Roll,81,42
M003490,R00468,Healthy Foods,Protein Bowl,170,16
M003491,R00931,Desserts,Chocolate Cake,386,10
M003492,R00886,Pizza,Veg Pizza,531,38
M003493,R01123,Biryani,Veg Biryani,457,33
M003494,R01416,North Indian,Butter Naan,196,18
M003495,R01476,Pizza,Pepperoni Pizza,112,28
M003496,R01148,North Indian,Butter Naan,228,20
M003497,R00275,North Indian,Chole Bhature,632,17
M003498,R01390,Beverages,Mojito,273,39
M003499,R01125,North Indian,Dal Makhani,606,30
M003500,R00172,Chinese,Spring Roll,401,37
M003501,R01395,South Indian,Pongal,634,22
M003502,R01088,South Indian,Uttapam,203,13
M003503,R00366,Chinese,Noodles,350,21
M003504,R00546,North Indian,Dal Makhani,353,25
M003505,R00477,Pizza,Margherita Pizza,325,19
M003506,R01332,Burger,Chicken Burger,173,29
M003507,R01297,Biryani,Veg Biryani,148,26
M003508,R01468,Beverages,Mojito,538,34
M003509,R00886,Pizza,Margherita Pizza,332,42
M003510,R00294,North Indian,Chole Bhature,462,27
M003511,R01300,South Indian,Vada,152,20
M003512,R00990,North Indian,Chole Bhature,345,31
M003513,R01143,South Indian,Vada,87,18
M003514,R00538,North Indian,Butter Naan,87,34
M003515,R01152,Biryani,Paneer Biryani,125,30
M003516,R00402,Biryani,Mutton Biryani,403,33
M003517,R00551,South Indian,Vada,292,45
M003518,R00848,South Indian,Masala Dosa,444,18
M003519,R00771,Beverages,Mojito,127,22
M003520,R00858,Burger,Veg Burger,469,34
M003521,R01025,Burger,Chicken Burger,428,39
M003522,R01162,Biryani,Veg Biryani,368,38
M003523,R01256,North Indian,Butter Naan,429,33
M003524,R01001,Biryani,Veg Biryani,633,42
M003525,R00170,North Indian,Chole Bhature,552,27
M003526,R00313,Biryani,Chicken Biryani,242,31
M003527,R00145,South Indian,Idli,484,10
M003528,R01190,Biryani,Chicken Biryani,642,44
M003529,R01192,South Indian,Uttapam,252,35
M003530,R00833,Healthy Foods,Grilled Chicken,121,22
M003531,R01163,Desserts,Brownie,284,25
M003532,R01464,Desserts,Brownie,487,36
M003533,R01219,Healthy Foods,Protein Bowl,384,12
M003534,R00906,South Indian,Masala Dosa,141,21
M003535,R00854,Biryani,Veg Biryani,490,27
M003536,R00225,Burger,Chicken Burger,347,26
M003537,R00107,Chinese,Noodles,483,36
M003538,R01114,Biryani,Mutton Biryani,496,11
M003539,R00263,Beverages,Lemon Juice,382,29
M003540,R01287,South Indian,Masala Dosa,243,40
M003541,R01301,Burger,Cheese Burger,671,25
M003542,R00141,Desserts,Ice Cream,673,21
M003543,R01224,South Indian,Uttapam,98,29
M003544,R00543,North Indian,Paneer Butter Masala,630,37
M003545,R00165,Burger,Veg Burger,354,18
M003546,R01248,Pizza,Farmhouse Pizza,488,22
M003547,R00233,Pizza,Pepperoni Pizza,415,12
M003548,R01269,Chinese,Spring Roll,237,41
M003549,R00219,South Indian,Vada,104,31
M003550,R00694,North Indian,Chole Bhature,103,27
M003551,R01230,North Indian,Chole Bhature,472,44
M003552,R01211,Biryani,Paneer Biryani,209,45
M003553,R01462,South Indian,Masala Dosa,100,36
M003554,R00829,North Indian,Butter Naan,269,38
M003555,R00505,Pizza,Margherita Pizza,394,27
M003556,R01062,Chinese,Fried Rice,679,15
M003557,R01422,South Indian,Vada,232,14
M003558,R00172,Chinese,Spring Roll,604,40
M003559,R01231,Biryani,Mutton Biryani,114,45
M003560,R01163,Desserts,Brownie,216,36
M003561,R01222,South Indian,Vada,638,34
M003562,R00149,North Indian,Chole Bhature,628,29
M003563,R01239,Chinese,Spring Roll,154,33
M003564,R01049,South Indian,Pongal,571,35
M003565,R00440,South Indian,Idli,415,34
M003566,R01487,Burger,Veg Burger,262,17
M003567,R00009,North Indian,Chole Bhature,483,39
M003568,R00072,South Indian,Idli,323,19
M003569,R00387,South Indian,Vada,566,18
M003570,R01392,South Indian,Masala Dosa,180,23
M003571,R00609,South Indian,Masala Dosa,576,30
M003572,R01458,South Indian,Uttapam,349,11
M003573,R01325,North Indian,Butter Naan,407,13
M003574,R01479,Healthy Foods,Protein Bowl,404,37
M003575,R01220,Healthy Foods,Grilled Chicken,563,42
M003576,R00326,Chinese,Fried Rice,399,11
M003577,R01430,North Indian,Chole Bhature,240,37
M003578,R00276,South Indian,Pongal,180,28
M003579,R00384,North Indian,Paneer Butter Masala,248,29
M003580,R00463,South Indian,Masala Dosa,247,10
M003581,R00999,Chinese,Fried Rice,472,42
M003582,R01143,South Indian,Masala Dosa,352,11
M003583,R01443,South Indian,Vada,103,37
M003584,R00771,Beverages,Cold Coffee,227,36
M003585,R00083,North Indian,Dal Makhani,117,32
M003586,R00449,Pizza,Veg Pizza,535,31
M003587,R01275,South Indian,Pongal,341,39
M003588,R00670,Burger,Cheese Burger,236,39
M003589,R00747,Biryani,Chicken Biryani,664,18
M003590,R01067,North Indian,Butter Naan,359,24
M003591,R00188,South Indian,Masala Dosa,610,21
M003592,R00002,Biryani,Veg Biryani,396,44
M003593,R00888,Healthy Foods,Salad Bowl,264,42
M003594,R00632,Biryani,Chicken Biryani,222,43
M003595,R01383,North Indian,Dal Makhani,661,26
M003596,R00215,Desserts,Chocolate Cake,543,30
M003597,R01057,Burger,Chicken Burger,657,33
M003598,R01323,Beverages,Cold Coffee,670,30
M003599,R01379,South Indian,Masala Dosa,568,27
M003600,R00245,Biryani,Chicken Biryani,399,40
M003601,R00406,Biryani,Veg Biryani,607,20
M003602,R00479,South Indian,Pongal,192,42
M003603,R01358,Biryani,Veg Biryani,196,20
M003604,R01043,Burger,Chicken Burger,465,15
M003605,R00624,North Indian,Paneer Butter Masala,395,23
M003606,R00984,North Indian,Butter Naan,217,28
M003607,R00022,South Indian,Vada,285,35
M003608,R01446,North Indian,Dal Makhani,550,38
M003609,R00668,South Indian,Idli,330,22
M003610,R00659,Biryani,Chicken Biryani,431,19
M003611,R01069,North Indian,Dal Makhani,116,15
M003612,R01025,Burger,Chicken Burger,106,15
M003613,R00409,South Indian,Masala Dosa,434,31
M003614,R00028,Burger,Chicken Burger,273,13
M003615,R00623,South Indian,Uttapam,262,10
M003616,R00071,South Indian,Vada,89,43
M003617,R01460,Burger,Cheese Burger,230,23
M003618,R01479,Healthy Foods,Grilled Chicken,119,41
M003619,R00524,Biryani,Chicken Biryani,351,26
M003620,R00854,Biryani,Paneer Biryani,201,40
M003621,R00803,South Indian,Pongal,422,35
M003622,R00456,North Indian,Paneer Butter Masala,459,23
M003623,R00977,South Indian,Idli,187,14
M003624,R00933,South Indian,Uttapam,216,34
M003625,R01197,Biryani,Chicken Biryani,355,41
M003626,R00656,South Indian,Idli,302,31
M003627,R01204,North Indian,Chole Bhature,683,12
M003628,R01086,Pizza,Pepperoni Pizza,573,44
M003629,R01493,Pizza,Margherita Pizza,643,12
M003630,R00437,Biryani,Paneer Biryani,171,23
M003631,R01258,Desserts,Chocolate Cake,387,22
M003632,R01214,South Indian,Idli,118,37
M003633,R00690,South Indian,Pongal,486,16
M003634,R00586,Biryani,Chicken Biryani,345,22
M003635,R00362,South Indian,Masala Dosa,634,14
M003636,R00941,Pizza,Veg Pizza,145,29
M003637,R00436,Healthy Foods,Grilled Chicken,572,45
M003638,R00148,Burger,Chicken Burger,445,28
M003639,R01250,South Indian,Uttapam,331,44
M003640,R01167,Pizza,Pepperoni Pizza,477,20
M003641,R00057,North Indian,Chole Bhature,611,33
M003642,R00771,Beverages,Lemon Juice,696,18
M003643,R00356,South Indian,Uttapam,231,35
M003644,R00975,Desserts,Brownie,179,32
M003645,R01494,Chinese,Spring Roll,680,24
M003646,R01320,Biryani,Paneer Biryani,429,10
M003647,R00205,Desserts,Ice Cream,638,14
M003648,R01059,South Indian,Pongal,198,40
M003649,R00336,North Indian,Paneer Butter Masala,562,30
M003650,R00045,Desserts,Brownie,511,30
M003651,R00630,Burger,Veg Burger,474,29
M003652,R00512,Biryani,Veg Biryani,225,34
M003653,R01336,Burger,Cheese Burger,203,19
M003654,R00293,Biryani,Chicken Biryani,85,37
M003655,R00424,South Indian,Vada,191,16
M003656,R00688,Healthy Foods,Grilled Chicken,515,41
M003657,R00123,Biryani,Chicken Biryani,339,38
M003658,R01279,North Indian,Dal Makhani,526,16
M003659,R00558,Pizza,Farmhouse Pizza,190,44
M003660,R01489,Biryani,Mutton Biryani,460,29
M003661,R01475,Pizza,Farmhouse Pizza,371,17
M003662,R00612,North Indian,Chole Bhature,411,18
M003663,R01412,Pizza,Farmhouse Pizza,404,19
M003664,R00104,North Indian,Dal Makhani,156,41
M003665,R01254,Pizza,Veg Pizza,272,32
M003666,R00477,Pizza,Farmhouse Pizza,310,13
M003667,R01141,Biryani,Chicken Biryani,184,21
M003668,R00213,South Indian,Pongal,254,19
M003669,R00248,North Indian,Paneer Butter Masala,128,44
M003670,R00343,South Indian,Idli,356,35
M003671,R01002,Pizza,Pepperoni Pizza,352,18
M003672,R00270,Burger,Chicken Burger,201,24
M003673,R00144,Biryani,Paneer Biryani,450,20
M003674,R00305,Pizza,Veg Pizza,119,45
M003675,R00220,Biryani,Mutton Biryani,323,44
M003676,R00063,Burger,Chicken Burger,469,22
M003677,R01112,Pizza,Farmhouse Pizza,659,16
M003678,R01009,Biryani,Mutton Biryani,345,37
M003679,R00048,Pizza,Margherita Pizza,347,40
M003680,R01044,South Indian,Pongal,563,38
M003681,R00497,South Indian,Pongal,223,31
M003682,R01165,Burger,Veg Burger,587,11
M003683,R00171,South Indian,Uttapam,90,30
M003684,R00627,North Indian,Paneer Butter Masala,532,31
M003685,R00623,South Indian,Vada,511,38
M003686,R00966,South Indian,Pongal,190,14
M003687,R00072,South Indian,Vada,116,11
M003688,R00302,North Indian,Paneer Butter Masala,288,37
M003689,R01234,South Indian,Idli,255,10
M003690,R01336,Burger,Cheese Burger,210,27
M003691,R00860,Pizza,Pepperoni Pizza,659,33
M003692,R00287,Pizza,Margherita Pizza,349,34
M003693,R01358,Biryani,Mutton Biryani,648,43
M003694,R00521,Biryani,Mutton Biryani,367,11
M003695,R00933,South Indian,Vada,314,24
M003696,R00981,Burger,Chicken Burger,674,37
M003697,R00994,South Indian,Pongal,224,40
M003698,R01266,Pizza,Margherita Pizza,323,30
M003699,R01173,Healthy Foods,Salad Bowl,234,33
M003700,R01073,Pizza,Pepperoni Pizza,529,10
M003701,R01302,South Indian,Idli,146,16
M003702,R00625,Chinese,Manchurian,248,14
M003703,R00293,Biryani,Mutton Biryani,383,11
M003704,R00008,South Indian,Pongal,410,36
M003705,R00631,North Indian,Paneer Butter Masala,619,27
M003706,R00895,Pizza,Farmhouse Pizza,170,33
M003707,R00306,Pizza,Pepperoni Pizza,361,31
M003708,R00619,Biryani,Veg Biryani,212,21
M003709,R01444,Desserts,Ice Cream,104,12
M003710,R01338,Biryani,Paneer Biryani,417,19
M003711,R01064,North Indian,Dal Makhani,296,34
M003712,R00646,Healthy Foods,Salad Bowl,651,15
M003713,R01192,South Indian,Pongal,488,21
M003714,R01099,Chinese,Spring Roll,622,33
M003715,R01019,Biryani,Chicken Biryani,678,33
M003716,R01420,Biryani,Mutton Biryani,355,26
M003717,R00746,Burger,Chicken Burger,301,13
M003718,R00358,South Indian,Vada,268,33
M003719,R01397,South Indian,Masala Dosa,227,17
M003720,R01387,South Indian,Vada,411,24
M003721,R00163,Burger,Cheese Burger,553,33
M003722,R01034,Biryani,Paneer Biryani,249,40
M003723,R00063,Burger,Veg Burger,513,23
M003724,R00859,North Indian,Dal Makhani,308,27
M003725,R00035,Biryani,Mutton Biryani,676,37
M003726,R01419,Biryani,Chicken Biryani,586,34
M003727,R00975,Desserts,Ice Cream,537,43
M003728,R00729,North Indian,Paneer Butter Masala,465,45
M003729,R00988,Biryani,Paneer Biryani,677,35
M003730,R01126,Burger,Veg Burger,423,40
M003731,R00430,Biryani,Veg Biryani,598,40
M003732,R01355,Biryani,Veg Biryani,474,43
M003733,R00068,South Indian,Uttapam,372,44
M003734,R00482,Pizza,Pepperoni Pizza,98,39
M003735,R00044,Biryani,Mutton Biryani,176,32
M003736,R00468,Healthy Foods,Grilled Chicken,462,40
M003737,R00798,South Indian,Uttapam,339,41
M003738,R01118,North Indian,Butter Naan,173,23
M003739,R00314,Biryani,Paneer Biryani,390,18
M003740,R00743,South Indian,Pongal,158,37
M003741,R00135,Chinese,Spring Roll,685,17
M003742,R01145,Burger,Chicken Burger,327,16
M003743,R00462,South Indian,Uttapam,648,11
M003744,R00137,North Indian,Paneer Butter Masala,269,44
M003745,R01184,North Indian,Dal Makhani,126,18
M003746,R00653,Biryani,Mutton Biryani,568,27
M003747,R00847,South Indian,Uttapam,166,15
M003748,R00054,Healthy Foods,Grilled Chicken,95,11
M003749,R00857,Biryani,Veg Biryani,337,17
M003750,R00200,Healthy Foods,Grilled Chicken,415,11
M003751,R01062,Chinese,Manchurian,615,35
M003752,R01394,Pizza,Pepperoni Pizza,87,34
M003753,R00475,North Indian,Butter Naan,310,32
M003754,R00578,Desserts,Chocolate Cake,251,29
M003755,R00763,Chinese,Spring Roll,613,42
M003756,R00921,North Indian,Chole Bhature,477,30
M003757,R00516,South Indian,Vada,580,39
M003758,R00292,Biryani,Mutton Biryani,404,43
M003759,R00442,Healthy Foods,Protein Bowl,161,25
M003760,R00836,South Indian,Pongal,548,27
M003761,R01208,South Indian,Idli,270,21
M003762,R00378,Biryani,Mutton Biryani,277,33
M003763,R00628,Desserts,Brownie,633,12
M003764,R01410,South Indian,Pongal,426,15
M003765,R00629,South Indian,Uttapam,268,45
M003766,R00436,Healthy Foods,Protein Bowl,156,44
M003767,R01425,North Indian,Chole Bhature,613,23
M003768,R01196,Burger,Veg Burger,415,27
M003769,R00199,North Indian,Dal Makhani,437,16
M003770,R01484,South Indian,Pongal,274,25
M003771,R00263,Beverages,Lemon Juice,189,40
M003772,R00496,North Indian,Butter Naan,393,18
M003773,R00960,North Indian,Dal Makhani,302,24
M003774,R01182,South Indian,Uttapam,595,35
M003775,R00023,Biryani,Mutton Biryani,415,24
M003776,R00105,Chinese,Manchurian,575,31
M003777,R01031,South Indian,Uttapam,124,43
M003778,R01166,Pizza,Veg Pizza,517,17
M003779,R01024,Pizza,Veg Pizza,110,27
M003780,R01349,Biryani,Veg Biryani,610,15
M003781,R00499,Chinese,Manchurian,126,21
M003782,R01429,Healthy Foods,Grilled Chicken,317,36
M003783,R00452,South Indian,Idli,688,13
M003784,R01008,North Indian,Butter Naan,105,37
M003785,R00141,Desserts,Chocolate Cake,107,35
M003786,R00050,Chinese,Noodles,388,24
M003787,R00947,Biryani,Paneer Biryani,384,43
M003788,R00695,South Indian,Idli,282,22
M003789,R00854,Biryani,Chicken Biryani,316,36
M003790,R00281,Biryani,Paneer Biryani,158,39
M003791,R01320,Biryani,Veg Biryani,258,22
M003792,R00678,Biryani,Mutton Biryani,581,29
M003793,R00030,Pizza,Veg Pizza,695,28
M003794,R01349,Biryani,Mutton Biryani,158,38
M003795,R00525,Biryani,Paneer Biryani,437,14
M003796,R00688,Healthy Foods,Grilled Chicken,694,10
M003797,R01426,North Indian,Paneer Butter Masala,132,20
M003798,R01334,Healthy Foods,Salad Bowl,259,12
M003799,R00348,South Indian,Pongal,221,42
M003800,R01195,Burger,Cheese Burger,134,27
M003801,R00132,Biryani,Mutton Biryani,357,44
M003802,R00815,Biryani,Mutton Biryani,566,35
M003803,R01075,Burger,Veg Burger,434,34
M003804,R01404,South Indian,Pongal,640,25
M003805,R01499,Desserts,Brownie,143,34
M003806,R00556,Biryani,Paneer Biryani,415,11
M003807,R00636,Biryani,Mutton Biryani,678,32
M003808,R00036,Chinese,Noodles,226,32
M003809,R01403,South Indian,Pongal,663,13
M003810,R00128,South Indian,Pongal,522,39
M003811,R00684,South Indian,Masala Dosa,535,17
M003812,R01041,South Indian,Uttapam,215,38
M003813,R01133,Chinese,Fried Rice,198,34
M003814,R01389,Biryani,Paneer Biryani,279,37
M003815,R00778,Pizza,Veg Pizza,411,39
M003816,R00371,North Indian,Dal Makhani,308,13
M003817,R00571,Burger,Veg Burger,461,40
M003818,R00735,Burger,Cheese Burger,231,44
M003819,R01403,South Indian,Idli,102,15
M003820,R00540,Desserts,Chocolate Cake,304,33
M003821,R01102,Chinese,Fried Rice,193,42
M003822,R00042,Biryani,Paneer Biryani,426,44
M003823,R00689,Burger,Veg Burger,656,32
M003824,R00505,Pizza,Farmhouse Pizza,502,35
M003825,R00741,Burger,Veg Burger,243,30
M003826,R01253,North Indian,Butter Naan,223,19
M003827,R00860,Pizza,Farmhouse Pizza,563,29
M003828,R00923,Biryani,Veg Biryani,584,18
M003829,R00483,Chinese,Spring Roll,250,30
M003830,R00373,Pizza,Farmhouse Pizza,639,16
M003831,R01357,South Indian,Uttapam,511,37
M003832,R00106,Healthy Foods,Grilled Chicken,477,20
M003833,R01184,North Indian,Butter Naan,459,41
M003834,R00696,North Indian,Butter Naan,431,42
M003835,R01335,Pizza,Pepperoni Pizza,289,37
M003836,R00402,Biryani,Paneer Biryani,164,32
M003837,R01488,North Indian,Chole Bhature,383,13
M003838,R00781,Pizza,Margherita Pizza,539,45
M003839,R00647,North Indian,Paneer Butter Masala,444,15
M003840,R01307,Biryani,Veg Biryani,670,33
M003841,R01411,Healthy Foods,Protein Bowl,263,33
M003842,R01474,Chinese,Noodles,539,10
M003843,R00628,Desserts,Brownie,172,43
M003844,R00217,Healthy Foods,Protein Bowl,191,45
M003845,R00270,Burger,Cheese Burger,105,39
M003846,R00914,Biryani,Veg Biryani,163,10
M003847,R00482,Pizza,Pepperoni Pizza,565,36
M003848,R00573,North Indian,Paneer Butter Masala,597,13
M003849,R00976,Biryani,Chicken Biryani,479,21
M003850,R00482,Pizza,Farmhouse Pizza,522,44
M003851,R01331,Chinese,Manchurian,395,31
M003852,R01203,Burger,Cheese Burger,541,39
M003853,R00848,South Indian,Idli,279,33
M003854,R00967,South Indian,Masala Dosa,541,17
M003855,R01474,Chinese,Spring Roll,344,15
M003856,R01488,North Indian,Butter Naan,371,37
M003857,R00758,South Indian,Idli,274,15
M003858,R00631,North Indian,Butter Naan,283,33
M003859,R00230,North Indian,Chole Bhature,512,45
M003860,R01176,Healthy Foods,Protein Bowl,174,16
M003861,R00573,North Indian,Paneer Butter Masala,306,12
M003862,R00925,Biryani,Paneer Biryani,344,22
M003863,R01406,Burger,Cheese Burger,323,17
M003864,R00915,North Indian,Chole Bhature,439,12
M003865,R01060,Burger,Cheese Burger,402,19
M003866,R00790,Pizza,Margherita Pizza,578,40
M003867,R00173,South Indian,Pongal,267,36
M003868,R00207,Healthy Foods,Salad Bowl,467,32
M003869,R00774,Biryani,Chicken Biryani,85,35
M003870,R01116,Biryani,Mutton Biryani,95,14
M003871,R01407,Biryani,Paneer Biryani,140,40
M003872,R00960,North Indian,Paneer Butter Masala,179,38
M003873,R00664,Pizza,Farmhouse Pizza,511,22
M003874,R00347,Healthy Foods,Grilled Chicken,465,10
M003875,R00873,South Indian,Vada,423,14
M003876,R00930,Biryani,Mutton Biryani,379,29
M003877,R00457,North Indian,Chole Bhature,184,15
M003878,R00809,Chinese,Manchurian,516,17
M003879,R00892,South Indian,Uttapam,695,38
M003880,R01258,Desserts,Ice Cream,211,21
M003881,R01282,Biryani,Veg Biryani,216,39
M003882,R01253,North Indian,Butter Naan,389,44
M003883,R00882,Biryani,Veg Biryani,607,34
M003884,R01453,North Indian,Butter Naan,509,24
M003885,R01496,North Indian,Dal Makhani,224,11
M003886,R01278,South Indian,Masala Dosa,393,39
M003887,R00970,South Indian,Masala Dosa,230,35
M003888,R00877,South Indian,Vada,187,27
M003889,R01017,Biryani,Mutton Biryani,500,17
M003890,R01291,Burger,Veg Burger,614,13
M003891,R00433,Pizza,Veg Pizza,657,16
M003892,R00924,South Indian,Pongal,568,31
M003893,R01006,Burger,Cheese Burger,634,11
M003894,R01109,North Indian,Paneer Butter Masala,449,29
M003895,R01002,Pizza,Pepperoni Pizza,232,25
M003896,R00559,North Indian,Paneer Butter Masala,100,28
M003897,R00207,Healthy Foods,Salad Bowl,230,32
M003898,R01141,Biryani,Chicken Biryani,182,22
M003899,R01356,South Indian,Idli,293,34
M003900,R01038,North Indian,Butter Naan,691,38
M003901,R00371,North Indian,Chole Bhature,260,44
M003902,R01451,South Indian,Pongal,261,33
M003903,R00945,South Indian,Vada,516,28
M003904,R00822,Pizza,Farmhouse Pizza,590,13
M003905,R00244,Chinese,Fried Rice,230,38
M003906,R01041,South Indian,Pongal,206,22
M003907,R00796,Biryani,Paneer Biryani,346,19
M003908,R00837,Biryani,Chicken Biryani,595,33
M003909,R01357,South Indian,Uttapam,91,23
M003910,R00460,North Indian,Dal Makhani,477,36
M003911,R01216,South Indian,Pongal,629,32
M003912,R00958,North Indian,Butter Naan,619,17
M003913,R01397,South Indian,Pongal,347,35
M003914,R00601,South Indian,Masala Dosa,684,15
M003915,R00100,Biryani,Chicken Biryani,155,37
M003916,R00691,South Indian,Vada,83,33
M003917,R01060,Burger,Veg Burger,279,30
M003918,R00012,North Indian,Paneer Butter Masala,264,10
M003919,R00109,Healthy Foods,Grilled Chicken,392,34
M003920,R01090,South Indian,Vada,563,45
M003921,R01029,South Indian,Masala Dosa,366,41
M003922,R01203,Burger,Chicken Burger,180,11
M003923,R01070,Burger,Cheese Burger,267,13
M003924,R01100,Biryani,Chicken Biryani,305,24
M003925,R01186,Biryani,Paneer Biryani,207,17
M003926,R00040,South Indian,Uttapam,415,19
M003927,R00435,Biryani,Paneer Biryani,290,39
M003928,R00792,Burger,Cheese Burger,142,29
M003929,R00745,Healthy Foods,Grilled Chicken,606,10
M003930,R00438,Desserts,Ice Cream,442,22
M003931,R00516,South Indian,Vada,646,12
M003932,R00180,Healthy Foods,Protein Bowl,604,31
M003933,R00668,South Indian,Pongal,573,26
M003934,R01344,Beverages,Mojito,362,16
M003935,R00266,Healthy Foods,Salad Bowl,528,26
M003936,R00435,Biryani,Chicken Biryani,247,43
M003937,R00613,Pizza,Margherita Pizza,469,31
M003938,R00573,North Indian,Dal Makhani,456,38
M003939,R00902,Biryani,Veg Biryani,454,21
M003940,R00742,Chinese,Spring Roll,445,12
M003941,R00639,Pizza,Margherita Pizza,199,27
M003942,R00128,South Indian,Masala Dosa,489,27
M003943,R00061,Biryani,Mutton Biryani,180,33
M003944,R01097,South Indian,Masala Dosa,328,17
M003945,R00330,Pizza,Veg Pizza,140,24
M003946,R01076,Healthy Foods,Salad Bowl,278,40
M003947,R00605,Pizza,Margherita Pizza,516,36
M003948,R00884,Chinese,Fried Rice,253,32
M003949,R00863,South Indian,Uttapam,145,20
M003950,R00372,Burger,Chicken Burger,231,20
M003951,R01215,North Indian,Butter Naan,350,20
M003952,R01038,North Indian,Chole Bhature,154,37
M003953,R00892,South Indian,Vada,615,15
M003954,R00068,South Indian,Idli,612,10
M003955,R00989,Pizza,Pepperoni Pizza,522,42
M003956,R00390,Biryani,Mutton Biryani,321,19
M003957,R01157,North Indian,Chole Bhature,207,20
M003958,R01358,Biryani,Paneer Biryani,165,45
M003959,R01495,North Indian,Butter Naan,294,13
M003960,R00283,Burger,Cheese Burger,101,29
M003961,R00200,Healthy Foods,Grilled Chicken,498,43
M003962,R00182,Biryani,Chicken Biryani,469,25
M003963,R00515,South Indian,Masala Dosa,283,13
M003964,R01218,Desserts,Chocolate Cake,358,42
M003965,R00468,Healthy Foods,Salad Bowl,493,26
M003966,R01184,North Indian,Butter Naan,596,17
M003967,R01432,Beverages,Lemon Juice,283,33
M003968,R00931,Desserts,Chocolate Cake,165,25
M003969,R00979,Chinese,Spring Roll,600,37
M003970,R01048,South Indian,Masala Dosa,225,19
M003971,R00191,Pizza,Margherita Pizza,101,28
M003972,R01100,Biryani,Chicken Biryani,634,31
M003973,R00262,South Indian,Idli,355,20
M003974,R01339,South Indian,Idli,506,12
M003975,R00323,Pizza,Farmhouse Pizza,298,13
M003976,R01010,North Indian,Dal Makhani,521,31
M003977,R00396,Burger,Veg Burger,387,34
M003978,R01460,Burger,Veg Burger,457,30
M003979,R01004,South Indian,Pongal,681,30
M003980,R00068,South Indian,Idli,175,36
M003981,R00515,South Indian,Uttapam,111,27
M003982,R00463,South Indian,Pongal,528,32
M003983,R00970,South Indian,Uttapam,493,41
M003984,R01051,Pizza,Pepperoni Pizza,86,29
M003985,R00945,South Indian,Pongal,92,36
M003986,R00707,South Indian,Idli,414,38
M003987,R01333,Desserts,Brownie,470,10
M003988,R00664,Pizza,Veg Pizza,392,32
M003989,R00577,Biryani,Paneer Biryani,316,29
M003990,R01349,Biryani,Veg Biryani,303,43
M003991,R01417,Chinese,Noodles,282,22
M003992,R00889,South Indian,Idli,543,27
M003993,R01328,Chinese,Manchurian,610,45
M003994,R01457,Chinese,Manchurian,122,31
M003995,R01099,Chinese,Manchurian,584,24
M003996,R00100,Biryani,Chicken Biryani,162,11
M003997,R00647,North Indian,Butter Naan,603,14
M003998,R01274,Burger,Veg Burger,440,32
M003999,R00710,Biryani,Mutton Biryani,400,30
M004000,R00931,Desserts,Brownie,519,13
M004001,R00554,Pizza,Pepperoni Pizza,468,31
M004002,R00598,Biryani,Veg Biryani,610,16
M004003,R00475,North Indian,Chole Bhature,507,10
M004004,R00055,Biryani,Paneer Biryani,163,43
M004005,R00360,North Indian,Paneer Butter Masala,496,21
M004006,R01399,North Indian,Dal Makhani,449,25
M004007,R01058,Burger,Veg Burger,627,40
M004008,R00968,Biryani,Mutton Biryani,651,12
M004009,R00150,Biryani,Veg Biryani,95,20
M004010,R00860,Pizza,Pepperoni Pizza,402,42
M004011,R00868,Chinese,Noodles,584,39
M004012,R00252,Chinese,Noodles,145,44
M004013,R00208,South Indian,Idli,377,10
M004014,R00852,Pizza,Veg Pizza,269,26
M004015,R01285,Desserts,Chocolate Cake,279,43
M004016,R00768,North Indian,Butter Naan,244,34
M004017,R00893,Beverages,Mojito,483,21
M004018,R01208,South Indian,Idli,281,30
M004019,R01444,Desserts,Chocolate Cake,321,36
M004020,R00553,Desserts,Ice Cream,341,24
M004021,R00118,South Indian,Uttapam,120,41
M004022,R01472,South Indian,Uttapam,184,30
M004023,R01161,Biryani,Veg Biryani,262,27
M004024,R00027,Burger,Chicken Burger,274,42
M004025,R00017,Desserts,Brownie,316,34
M004026,R00373,Pizza,Margherita Pizza,300,41
M004027,R01142,Pizza,Pepperoni Pizza,468,13
M004028,R00951,Burger,Chicken Burger,89,27
M004029,R00521,Biryani,Chicken Biryani,541,11
M004030,R00745,Healthy Foods,Grilled Chicken,335,27
M004031,R00330,Pizza,Veg Pizza,108,41
M004032,R01283,North Indian,Chole Bhature,191,21
M004033,R00548,Burger,Cheese Burger,243,36
M004034,R00328,Biryani,Chicken Biryani,301,30
M004035,R00213,South Indian,Pongal,305,43
M004036,R00923,Biryani,Veg Biryani,436,31
M004037,R00208,South Indian,Vada,238,44
M004038,R00212,Pizza,Pepperoni Pizza,389,42
M004039,R00810,North Indian,Paneer Butter Masala,673,33
M004040,R00710,Biryani,Mutton Biryani,495,29
M004041,R00209,North Indian,Butter Naan,305,34
M004042,R00995,Beverages,Cold Coffee,455,26
M004043,R01156,South Indian,Uttapam,607,11
M004044,R01057,Burger,Chicken Burger,113,11
M004045,R00972,North Indian,Dal Makhani,253,30
M004046,R01170,South Indian,Pongal,569,30
M004047,R00870,South Indian,Idli,257,44
M004048,R01240,Chinese,Noodles,647,43
M004049,R00654,Biryani,Veg Biryani,331,27
M004050,R00400,Burger,Cheese Burger,619,31
M004051,R00706,Pizza,Margherita Pizza,568,39
M004052,R00921,North Indian,Butter Naan,517,42
M004053,R00490,Biryani,Chicken Biryani,403,40
M004054,R00735,Burger,Cheese Burger,400,11
M004055,R01174,South Indian,Pongal,342,15
M004056,R00363,North Indian,Butter Naan,559,12
M004057,R00885,Burger,Chicken Burger,292,35
M004058,R00227,Biryani,Veg Biryani,610,29
M004059,R01211,Biryani,Chicken Biryani,382,26
M004060,R01313,North Indian,Chole Bhature,454,28
M004061,R00274,South Indian,Pongal,400,28
M004062,R00971,North Indian,Paneer Butter Masala,338,15
M004063,R01467,Desserts,Brownie,253,25
M004064,R00568,Desserts,Brownie,214,18
M004065,R01283,North Indian,Dal Makhani,126,28
M004066,R00342,Burger,Cheese Burger,345,28
M004067,R01500,North Indian,Butter Naan,642,40
M004068,R01283,North Indian,Butter Naan,137,37
M004069,R01477,Biryani,Veg Biryani,592,39
M004070,R01288,Biryani,Paneer Biryani,530,32
M004071,R01378,Pizza,Farmhouse Pizza,91,13
M004072,R00332,Biryani,Mutton Biryani,375,33
M004073,R01255,Biryani,Chicken Biryani,590,28
M004074,R00100,Biryani,Mutton Biryani,433,21
M004075,R01300,South Indian,Masala Dosa,699,45
M004076,R00939,South Indian,Idli,205,22
M004077,R00177,South Indian,Vada,588,37
M004078,R00457,North Indian,Butter Naan,367,38
M004079,R00953,Pizza,Farmhouse Pizza,258,28
M004080,R01112,Pizza,Pepperoni Pizza,627,30
M004081,R00287,Pizza,Pepperoni Pizza,205,39
M004082,R00189,Biryani,Chicken Biryani,689,33
M004083,R00202,Biryani,Paneer Biryani,460,27
M004084,R00888,Healthy Foods,Grilled Chicken,130,40
M004085,R01281,Biryani,Chicken Biryani,310,33
M004086,R00504,South Indian,Uttapam,129,13
M004087,R00955,Burger,Chicken Burger,351,23
M004088,R00463,South Indian,Idli,196,11
M004089,R00536,Desserts,Chocolate Cake,243,20
M004090,R00337,South Indian,Idli,275,37
M004091,R01036,Biryani,Veg Biryani,135,34
M004092,R01426,North Indian,Paneer Butter Masala,126,12
M004093,R00606,South Indian,Masala Dosa,292,33
M004094,R01284,North Indian,Paneer Butter Masala,243,42
M004095,R00147,Beverages,Mojito,191,11
M004096,R01122,Chinese,Spring Roll,113,37
M004097,R00980,Biryani,Paneer Biryani,80,26
M004098,R01003,South Indian,Masala Dosa,162,44
M004099,R00248,North Indian,Chole Bhature,336,45
M004100,R01425,North Indian,Butter Naan,129,30
M004101,R01061,Burger,Veg Burger,409,19
M004102,R01078,Biryani,Mutton Biryani,112,23
M004103,R00594,Biryani,Veg Biryani,160,40
M004104,R01008,North Indian,Chole Bhature,529,19
M004105,R00026,North Indian,Butter Naan,369,18
M004106,R00321,North Indian,Chole Bhature,149,17
M004107,R00109,Healthy Foods,Grilled Chicken,492,28
M004108,R00433,Pizza,Pepperoni Pizza,545,11
M004109,R01157,North Indian,Butter Naan,698,17
M004110,R01184,North Indian,Butter Naan,599,33
M004111,R00596,Biryani,Chicken Biryani,660,19
M004112,R00287,Pizza,Margherita Pizza,169,17
M004113,R00792,Burger,Chicken Burger,361,35
M004114,R01402,North Indian,Dal Makhani,156,13
M004115,R00885,Burger,Veg Burger,670,14
M004116,R01200,Biryani,Veg Biryani,367,14
M004117,R00154,Desserts,Chocolate Cake,322,33
M004118,R00259,South Indian,Uttapam,635,25
M004119,R01040,Burger,Cheese Burger,101,16
M004120,R00589,Pizza,Veg Pizza,700,38
M004121,R00695,South Indian,Idli,306,40
M004122,R00345,South Indian,Idli,204,34
M004123,R01400,North Indian,Paneer Butter Masala,324,34
M004124,R01462,South Indian,Uttapam,176,30
M004125,R00521,Biryani,Chicken Biryani,142,15
M004126,R00241,Biryani,Mutton Biryani,249,42
M004127,R00273,Biryani,Paneer Biryani,229,14
M004128,R01014,Healthy Foods,Grilled Chicken,595,24
M004129,R00261,Chinese,Noodles,123,18
M004130,R01384,Desserts,Brownie,209,38
M004131,R01356,South Indian,Vada,510,30
M004132,R01375,Burger,Cheese Burger,333,40
M004133,R00347,Healthy Foods,Protein Bowl,219,43
M004134,R00731,South Indian,Pongal,86,21
M004135,R00546,North Indian,Paneer Butter Masala,332,28
M004136,R00483,Chinese,Fried Rice,520,13
M004137,R00945,South Indian,Masala Dosa,524,12
M004138,R00528,South Indian,Pongal,347,34
M004139,R01078,Biryani,Veg Biryani,145,11
M004140,R00102,Burger,Veg Burger,154,45
M004141,R00656,South Indian,Pongal,97,35
M004142,R00742,Chinese,Noodles,346,37
M004143,R01152,Biryani,Veg Biryani,301,24
M004144,R00494,Burger,Cheese Burger,405,34
M004145,R01047,Chinese,Noodles,638,19
M004146,R00024,Desserts,Brownie,329,37
M004147,R00476,North Indian,Chole Bhature,498,32
M004148,R00921,North Indian,Paneer Butter Masala,624,38
M004149,R01091,Pizza,Pepperoni Pizza,413,43
M004150,R00764,Pizza,Margherita Pizza,531,22
M004151,R00909,North Indian,Butter Naan,83,33
M004152,R01021,Burger,Cheese Burger,637,24
M004153,R00600,South Indian,Idli,142,45
M004154,R00004,North Indian,Butter Naan,630,44
M004155,R00677,Chinese,Manchurian,357,21
M004156,R01147,Burger,Cheese Burger,639,21
M004157,R01382,Pizza,Veg Pizza,268,35
M004158,R00394,Biryani,Chicken Biryani,349,27
M004159,R00645,Beverages,Lemon Juice,200,19
M004160,R01388,Chinese,Manchurian,333,40
M004161,R00722,North Indian,Dal Makhani,286,43
M004162,R00540,Desserts,Brownie,528,20
M004163,R01073,Pizza,Veg Pizza,670,33
M004164,R00564,North Indian,Butter Naan,333,10
M004165,R01357,South Indian,Idli,163,34
M004166,R00537,Burger,Chicken Burger,400,12
M004167,R00789,Burger,Chicken Burger,418,39
M004168,R00101,Chinese,Spring Roll,610,37
M004169,R00357,Biryani,Paneer Biryani,103,11
M004170,R00771,Beverages,Mojito,300,18
M004171,R00002,Biryani,Paneer Biryani,569,34
M004172,R00169,Burger,Veg Burger,436,15
M004173,R01490,South Indian,Vada,183,28
M004174,R00958,North Indian,Chole Bhature,658,11
M004175,R01195,Burger,Veg Burger,457,26
M004176,R00883,South Indian,Idli,426,43
M004177,R01292,South Indian,Uttapam,630,17
M004178,R01497,Biryani,Paneer Biryani,567,45
M004179,R00431,North Indian,Dal Makhani,580,28
M004180,R01418,South Indian,Masala Dosa,181,42
M004181,R00145,South Indian,Pongal,188,43
M004182,R00726,Pizza,Farmhouse Pizza,436,28
M004183,R00675,South Indian,Pongal,542,31
M004184,R00760,Healthy Foods,Salad Bowl,293,24
M004185,R00689,Burger,Cheese Burger,340,18
M004186,R01201,Biryani,Veg Biryani,397,20
M004187,R00952,South Indian,Idli,587,21
M004188,R00467,South Indian,Vada,558,27
M004189,R00754,Burger,Cheese Burger,560,20
M004190,R00148,Burger,Cheese Burger,340,21
M004191,R00972,North Indian,Paneer Butter Masala,550,33
M004192,R01270,Biryani,Mutton Biryani,395,18
M004193,R01034,Biryani,Chicken Biryani,662,10
M004194,R00261,Chinese,Fried Rice,553,15
M004195,R01238,North Indian,Dal Makhani,442,23
M004196,R01020,Biryani,Paneer Biryani,360,16
M004197,R01452,Chinese,Spring Roll,435,29
M004198,R00734,Desserts,Chocolate Cake,399,32
M004199,R01091,Pizza,Margherita Pizza,265,17
M004200,R01254,Pizza,Pepperoni Pizza,598,19
M004201,R01341,North Indian,Butter Naan,390,30
M004202,R01106,Burger,Cheese Burger,123,12
M004203,R01226,South Indian,Masala Dosa,479,13
M004204,R01452,Chinese,Manchurian,454,31
M004205,R00295,South Indian,Pongal,503,42
M004206,R01500,North Indian,Paneer Butter Masala,90,25
M004207,R00548,Burger,Cheese Burger,542,29
M004208,R01298,Biryani,Veg Biryani,172,10
M004209,R01006,Burger,Veg Burger,581,28
M004210,R00193,North Indian,Paneer Butter Masala,177,33
M004211,R00982,Burger,Cheese Burger,140,40
M004212,R01398,South Indian,Uttapam,643,31
M004213,R00700,Biryani,Paneer Biryani,540,42
M004214,R01361,South Indian,Idli,81,36
M004215,R01373,Burger,Cheese Burger,97,12
M004216,R01488,North Indian,Dal Makhani,326,35
M004217,R00338,North Indian,Butter Naan,519,33
M004218,R00450,South Indian,Pongal,206,42
M004219,R00001,South Indian,Pongal,118,31
M004220,R00200,Healthy Foods,Protein Bowl,190,42
M004221,R00755,North Indian,Paneer Butter Masala,280,27
M004222,R00313,Biryani,Mutton Biryani,185,20
M004223,R00553,Desserts,Brownie,397,26
M004224,R00550,Biryani,Mutton Biryani,439,14
M004225,R01383,North Indian,Dal Makhani,324,17
M004226,R00567,Pizza,Pepperoni Pizza,547,41
M004227,R00377,Pizza,Pepperoni Pizza,490,12
M004228,R00220,Biryani,Chicken Biryani,523,21
M004229,R00292,Biryani,Veg Biryani,84,21
M004230,R00962,Desserts,Brownie,225,34
M004231,R00108,Chinese,Manchurian,673,40
M004232,R00216,North Indian,Dal Makhani,651,36
M004233,R01236,North Indian,Paneer Butter Masala,124,23
M004234,R00519,South Indian,Vada,641,44
M004235,R01069,North Indian,Chole Bhature,471,15
M004236,R00331,Pizza,Veg Pizza,336,13
M004237,R00371,North Indian,Chole Bhature,204,16
M004238,R01191,South Indian,Vada,84,35
M004239,R00633,South Indian,Uttapam,102,45
M004240,R01383,North Indian,Paneer Butter Masala,556,15
M004241,R01067,North Indian,Butter Naan,90,24
M004242,R00030,Pizza,Veg Pizza,648,36
M004243,R01020,Biryani,Chicken Biryani,279,25
M004244,R00679,South Indian,Uttapam,459,38
M004245,R01447,Chinese,Noodles,296,10
M004246,R00237,Biryani,Paneer Biryani,505,41
M004247,R00236,North Indian,Chole Bhature,643,40
M004248,R00620,North Indian,Paneer Butter Masala,631,25
M004249,R01266,Pizza,Margherita Pizza,476,29
M004250,R00194,Burger,Chicken Burger,574,23
M004251,R00377,Pizza,Farmhouse Pizza,235,27
M004252,R01308,North Indian,Paneer Butter Masala,471,22
M004253,R00375,Healthy Foods,Grilled Chicken,649,10
M004254,R00487,Biryani,Chicken Biryani,527,13
M004255,R01062,Chinese,Noodles,648,36
M004256,R00633,South Indian,Vada,425,39
M004257,R00911,South Indian,Idli,452,16
M004258,R00848,South Indian,Idli,321,31
M004259,R00706,Pizza,Veg Pizza,254,17
M004260,R01440,Pizza,Margherita Pizza,160,26
M004261,R00477,Pizza,Pepperoni Pizza,641,26
M004262,R01430,North Indian,Butter Naan,683,20
M004263,R01088,South Indian,Masala Dosa,562,14
M004264,R01258,Desserts,Brownie,143,13
M004265,R01499,Desserts,Brownie,462,29
M004266,R00001,South Indian,Vada,324,15
M004267,R00473,North Indian,Chole Bhature,193,34
M004268,R00678,Biryani,Chicken Biryani,375,31
M004269,R00680,Chinese,Spring Roll,82,26
M004270,R01139,Biryani,Veg Biryani,173,10
M004271,R00714,North Indian,Paneer Butter Masala,167,33
M004272,R00106,Healthy Foods,Grilled Chicken,352,11
M004273,R00277,South Indian,Vada,645,23
M004274,R00941,Pizza,Farmhouse Pizza,444,21
M004275,R01024,Pizza,Pepperoni Pizza,616,40
M004276,R00647,North Indian,Paneer Butter Masala,558,31
M004277,R00519,South Indian,Uttapam,605,28
M004278,R01448,Burger,Cheese Burger,413,23
M004279,R00965,North Indian,Paneer Butter Masala,597,11
M004280,R00906,South Indian,Pongal,267,23
M004281,R01419,Biryani,Veg Biryani,528,35
M004282,R01386,Desserts,Chocolate Cake,565,27
M004283,R01344,Beverages,Mojito,420,23
M004284,R00840,North Indian,Butter Naan,696,16
M004285,R01293,Chinese,Manchurian,606,29
M004286,R00881,Chinese,Noodles,509,40
M004287,R01168,Biryani,Paneer Biryani,310,19
M004288,R00779,South Indian,Idli,96,29
M004289,R00373,Pizza,Farmhouse Pizza,448,36
M004290,R01105,South Indian,Uttapam,560,22
M004291,R00330,Pizza,Pepperoni Pizza,361,23
M004292,R00891,North Indian,Dal Makhani,575,17
M004293,R00353,Pizza,Pepperoni Pizza,626,28
M004294,R00700,Biryani,Veg Biryani,625,42
M004295,R00190,Chinese,Fried Rice,127,20
M004296,R01251,Chinese,Manchurian,391,16
M004297,R01101,Pizza,Margherita Pizza,278,36
M004298,R01062,Chinese,Manchurian,479,16
M004299,R00103,Healthy Foods,Protein Bowl,642,36
M004300,R00232,Biryani,Mutton Biryani,293,45
M004301,R00170,North Indian,Chole Bhature,109,23
M004302,R00560,Pizza,Margherita Pizza,529,36
M004303,R01351,South Indian,Masala Dosa,399,11
M004304,R00474,Chinese,Fried Rice,611,36
M004305,R00419,Burger,Chicken Burger,602,15
M004306,R00278,South Indian,Uttapam,640,44
M004307,R01422,South Indian,Vada,122,18
M004308,R00958,North Indian,Chole Bhature,638,12
M004309,R00498,North Indian,Dal Makhani,140,39
M004310,R00356,South Indian,Vada,585,11
M004311,R00963,North Indian,Chole Bhature,196,33
M004312,R00222,South Indian,Masala Dosa,174,27
M004313,R00338,North Indian,Butter Naan,529,29
M004314,R00237,Biryani,Veg Biryani,453,39
M004315,R00106,Healthy Foods,Grilled Chicken,85,42
M004316,R00847,South Indian,Pongal,322,39
M004317,R00380,Healthy Foods,Protein Bowl,474,12
M004318,R00415,South Indian,Uttapam,184,33
M004319,R00467,South Indian,Pongal,230,10
M004320,R00403,North Indian,Butter Naan,251,22
M004321,R00929,Pizza,Pepperoni Pizza,124,31
M004322,R00439,North Indian,Butter Naan,376,23
M004323,R00011,Desserts,Chocolate Cake,374,39
M004324,R00434,Burger,Veg Burger,699,44
M004325,R00054,Healthy Foods,Protein Bowl,119,43
M004326,R01225,Biryani,Veg Biryani,355,45
M004327,R00811,South Indian,Vada,460,18
M004328,R00755,North Indian,Paneer Butter Masala,490,34
M004329,R00332,Biryani,Mutton Biryani,523,31
M004330,R00446,Healthy Foods,Protein Bowl,588,38
M004331,R01126,Burger,Veg Burger,233,42
M004332,R01154,Biryani,Paneer Biryani,564,34
M004333,R00640,South Indian,Pongal,100,40
M004334,R00107,Chinese,Fried Rice,512,23
M004335,R00133,Biryani,Mutton Biryani,141,36
M004336,R00039,South Indian,Uttapam,575,16
M004337,R01098,Beverages,Mojito,542,24
M004338,R00108,Chinese,Noodles,317,37
M004339,R00336,North Indian,Dal Makhani,294,13
M004340,R00138,Chinese,Manchurian,326,22
M004341,R00891,North Indian,Chole Bhature,366,20
M004342,R00554,Pizza,Pepperoni Pizza,121,36
M004343,R01222,South Indian,Idli,563,25
M004344,R00253,Pizza,Pepperoni Pizza,509,26
M004345,R00131,South Indian,Masala Dosa,140,17
M004346,R00722,North Indian,Dal Makhani,316,12
M004347,R00450,South Indian,Idli,132,27
M004348,R00640,South Indian,Idli,188,42
M004349,R00804,Desserts,Brownie,525,25
M004350,R00070,Beverages,Lemon Juice,451,44
M004351,R00245,Biryani,Mutton Biryani,106,30
M004352,R00826,South Indian,Uttapam,649,14
M004353,R01296,Burger,Cheese Burger,397,29
M004354,R00848,South Indian,Uttapam,123,36
M004355,R01169,North Indian,Chole Bhature,334,22
M004356,R01284,North Indian,Dal Makhani,694,33
M004357,R00587,Biryani,Mutton Biryani,486,20
M004358,R00650,South Indian,Uttapam,634,40
M004359,R00446,Healthy Foods,Grilled Chicken,553,18
M004360,R01211,Biryani,Paneer Biryani,277,22
M004361,R00600,South Indian,Pongal,238,32
M004362,R00439,North Indian,Butter Naan,278,23
M004363,R00676,South Indian,Pongal,133,24
M004364,R01051,Pizza,Veg Pizza,298,24
M004365,R00015,South Indian,Idli,101,44
M004366,R00870,South Indian,Uttapam,362,38
M004367,R00399,South Indian,Uttapam,585,20
M004368,R00507,North Indian,Dal Makhani,390,36
M004369,R00134,Pizza,Farmhouse Pizza,698,37
M004370,R00948,South Indian,Uttapam,238,11
M004371,R00747,Biryani,Paneer Biryani,634,39
M004372,R01260,South Indian,Uttapam,289,18
M004373,R00501,South Indian,Vada,231,33
M004374,R01180,Biryani,Chicken Biryani,459,15
M004375,R00782,Beverages,Cold Coffee,252,18
M004376,R00581,South Indian,Idli,358,25
M004377,R00939,South Indian,Masala Dosa,209,30
M004378,R00983,Healthy Foods,Protein Bowl,299,23
M004379,R00711,North Indian,Dal Makhani,259,32
M004380,R00222,South Indian,Vada,202,38
M004381,R00469,Chinese,Spring Roll,531,35
M004382,R01486,North Indian,Chole Bhature,299,16
M004383,R00456,North Indian,Chole Bhature,114,22
M004384,R00227,Biryani,Veg Biryani,121,35
M004385,R00116,Pizza,Pepperoni Pizza,188,10
M004386,R00917,North Indian,Dal Makhani,230,11
M004387,R01114,Biryani,Chicken Biryani,525,45
M004388,R01119,Beverages,Mojito,618,34
M004389,R00221,North Indian,Dal Makhani,464,24
M004390,R01366,South Indian,Idli,418,31
M004391,R00738,South Indian,Uttapam,138,43
M004392,R01456,Beverages,Mojito,432,32
M004393,R00874,Biryani,Paneer Biryani,452,20
M004394,R00468,Healthy Foods,Salad Bowl,678,36
M004395,R00510,South Indian,Masala Dosa,110,11
M004396,R00998,Chinese,Spring Roll,675,17
M004397,R00474,Chinese,Manchurian,570,13
M004398,R01408,North Indian,Butter Naan,461,38
M004399,R01385,Chinese,Fried Rice,303,38
M004400,R00315,Desserts,Ice Cream,372,18
M004401,R00722,North Indian,Chole Bhature,513,11
M004402,R01142,Pizza,Margherita Pizza,550,30
M004403,R01376,South Indian,Idli,286,10
M004404,R00028,Burger,Veg Burger,650,20
M004405,R00410,Biryani,Veg Biryani,321,12
M004406,R00677,Chinese,Fried Rice,584,39
M004407,R00432,Burger,Chicken Burger,504,23
M004408,R00302,North Indian,Chole Bhature,559,12
M004409,R01275,South Indian,Vada,583,16
M004410,R00120,Chinese,Fried Rice,422,20
M004411,R00497,South Indian,Vada,554,30
M004412,R00678,Biryani,Veg Biryani,470,31
M004413,R00596,Biryani,Chicken Biryani,680,28
M004414,R00637,South Indian,Masala Dosa,149,28
M004415,R01488,North Indian,Dal Makhani,226,45
M004416,R01113,South Indian,Idli,674,35
M004417,R00657,Pizza,Farmhouse Pizza,375,40
M004418,R00835,Pizza,Farmhouse Pizza,234,28
M004419,R00462,South Indian,Pongal,420,28
M004420,R01244,Chinese,Fried Rice,240,30
M004421,R01352,Biryani,Veg Biryani,565,38
M004422,R01148,North Indian,Dal Makhani,275,27
M004423,R00654,Biryani,Veg Biryani,280,23
M004424,R01238,North Indian,Chole Bhature,536,20
M004425,R00606,South Indian,Vada,425,29
M004426,R01008,North Indian,Butter Naan,124,39
M004427,R01408,North Indian,Paneer Butter Masala,210,42
M004428,R00127,Biryani,Mutton Biryani,362,26
M004429,R01115,South Indian,Vada,301,41
M004430,R00148,Burger,Cheese Burger,179,45
M004431,R01315,Chinese,Noodles,180,28
M004432,R01412,Pizza,Veg Pizza,469,27
M004433,R00882,Biryani,Veg Biryani,171,31
M004434,R00388,North Indian,Chole Bhature,263,16
M004435,R01109,North Indian,Chole Bhature,402,38
M004436,R00317,Desserts,Chocolate Cake,338,26
M004437,R00932,North Indian,Butter Naan,428,45
M004438,R01120,South Indian,Idli,229,17
M004439,R00852,Pizza,Farmhouse Pizza,374,11
M004440,R01445,Biryani,Veg Biryani,96,23
M004441,R01425,North Indian,Dal Makhani,146,16
M004442,R00921,North Indian,Butter Naan,468,26
M004443,R00055,Biryani,Mutton Biryani,676,35
M004444,R00018,North Indian,Butter Naan,388,22
M004445,R01028,North Indian,Dal Makhani,693,27
M004446,R01085,North Indian,Butter Naan,283,37
M004447,R00833,Healthy Foods,Protein Bowl,204,41
M004448,R01439,South Indian,Idli,243,31
M004449,R00357,Biryani,Paneer Biryani,452,14
M004450,R00074,North Indian,Paneer Butter Masala,218,40
M004451,R01159,Pizza,Pepperoni Pizza,694,39
M004452,R00755,North Indian,Butter Naan,393,32
M004453,R01036,Biryani,Veg Biryani,506,31
M004454,R01463,Burger,Cheese Burger,349,15
M004455,R00946,Burger,Veg Burger,652,32
M004456,R01192,South Indian,Idli,224,37
M004457,R01406,Burger,Chicken Burger,333,41
M004458,R01118,North Indian,Paneer Butter Masala,122,29
M004459,R01469,North Indian,Paneer Butter Masala,426,18
M004460,R01073,Pizza,Farmhouse Pizza,565,30
M004461,R00304,South Indian,Masala Dosa,83,45
M004462,R01124,North Indian,Dal Makhani,136,36
M004463,R01150,Pizza,Margherita Pizza,517,43
M004464,R00594,Biryani,Paneer Biryani,569,22
M004465,R01059,South Indian,Vada,294,22
M004466,R01165,Burger,Veg Burger,397,34
M004467,R00178,Chinese,Noodles,304,27
M004468,R00246,Desserts,Chocolate Cake,261,16
M004469,R01099,Chinese,Spring Roll,582,24
M004470,R00452,South Indian,Vada,670,42
M004471,R00393,Chinese,Spring Roll,251,30
M004472,R01131,South Indian,Vada,577,33
M004473,R01353,South Indian,Uttapam,659,19
M004474,R01169,North Indian,Chole Bhature,105,45
M004475,R00156,South Indian,Uttapam,179,16
M004476,R00941,Pizza,Margherita Pizza,156,12
M004477,R01497,Biryani,Mutton Biryani,554,23
M004478,R00221,North Indian,Chole Bhature,348,18
M004479,R01398,South Indian,Idli,94,43
M004480,R00630,Burger,Chicken Burger,559,13
M004481,R00351,South Indian,Uttapam,502,11
M004482,R00201,Biryani,Paneer Biryani,286,19
M004483,R01345,North Indian,Chole Bhature,346,39
M004484,R00356,South Indian,Vada,356,31
M004485,R01254,Pizza,Farmhouse Pizza,699,19
M004486,R00838,Biryani,Veg Biryani,205,44
M004487,R00838,Biryani,Mutton Biryani,162,35
M004488,R00799,Chinese,Fried Rice,431,35
M004489,R00573,North Indian,Paneer Butter Masala,372,14
M004490,R01119,Beverages,Mojito,279,26
M004491,R01387,South Indian,Pongal,672,31
M004492,R00160,South Indian,Vada,343,10
M004493,R01278,South Indian,Idli,168,12
M004494,R00386,Burger,Chicken Burger,224,25
M004495,R01148,North Indian,Chole Bhature,123,11
M004496,R00378,Biryani,Paneer Biryani,692,10
M004497,R00397,North Indian,Chole Bhature,219,36
M004498,R00268,South Indian,Uttapam,445,31
M004499,R01101,Pizza,Farmhouse Pizza,343,21
M004500,R01489,Biryani,Paneer Biryani,498,40
M004501,R01026,Pizza,Farmhouse Pizza,660,23
M004502,R01456,Beverages,Mojito,573,35
M004503,R01192,South Indian,Masala Dosa,176,37
M004504,R00606,South Indian,Masala Dosa,645,20
M004505,R01416,North Indian,Paneer Butter Masala,483,17
M004506,R01018,North Indian,Dal Makhani,634,29
M004507,R00746,Burger,Chicken Burger,562,34
M004508,R00820,Biryani,Veg Biryani,641,15
M004509,R00673,Burger,Cheese Burger,270,18
M004510,R00702,South Indian,Masala Dosa,296,32
M004511,R00183,Healthy Foods,Grilled Chicken,164,29
M004512,R01301,Burger,Chicken Burger,553,10
M004513,R00366,Chinese,Spring Roll,284,38
M004514,R01073,Pizza,Farmhouse Pizza,650,34
M004515,R00948,South Indian,Idli,274,23
M004516,R00640,South Indian,Vada,333,27
M004517,R00839,Biryani,Paneer Biryani,457,23
M004518,R01075,Burger,Chicken Burger,436,34
M004519,R00576,Pizza,Margherita Pizza,499,20
M004520,R00143,Healthy Foods,Protein Bowl,577,16
M004521,R00418,Biryani,Veg Biryani,291,19
M004522,R00551,South Indian,Masala Dosa,109,45
M004523,R01075,Burger,Chicken Burger,253,17
M004524,R01167,Pizza,Pepperoni Pizza,678,22
M004525,R00110,Biryani,Paneer Biryani,654,24
M004526,R01313,North Indian,Dal Makhani,411,17
M004527,R00166,Healthy Foods,Protein Bowl,601,13
M004528,R00553,Desserts,Chocolate Cake,161,17
M004529,R00839,Biryani,Paneer Biryani,288,27
M004530,R01113,South Indian,Uttapam,420,32
M004531,R01133,Chinese,Spring Roll,602,17
M004532,R00149,North Indian,Butter Naan,653,31
M004533,R00413,South Indian,Pongal,454,25
M004534,R01459,Biryani,Veg Biryani,258,18
M004535,R01124,North Indian,Butter Naan,565,43
M004536,R01363,Biryani,Veg Biryani,640,16
M004537,R00069,South Indian,Idli,141,41
M004538,R00141,Desserts,Ice Cream,327,33
M004539,R01039,South Indian,Pongal,294,39
M004540,R00857,Biryani,Mutton Biryani,609,38
M004541,R01274,Burger,Veg Burger,609,44
M004542,R00243,Burger,Cheese Burger,355,43
M004543,R01494,Chinese,Fried Rice,127,19
M004544,R01412,Pizza,Margherita Pizza,563,29
M004545,R01265,Pizza,Pepperoni Pizza,614,14
M004546,R01055,South Indian,Masala Dosa,211,11
M004547,R01028,North Indian,Chole Bhature,691,34
M004548,R01428,Burger,Veg Burger,664,43
M004549,R00658,South Indian,Vada,212,29
M004550,R00182,Biryani,Chicken Biryani,574,18
M004551,R01055,South Indian,Vada,371,43
M004552,R01025,Burger,Veg Burger,256,32
M004553,R01062,Chinese,Noodles,390,15
M004554,R01116,Biryani,Paneer Biryani,550,15
M004555,R00890,South Indian,Pongal,559,26
M004556,R00328,Biryani,Paneer Biryani,625,29
M004557,R00820,Biryani,Veg Biryani,548,45
M004558,R00710,Biryani,Paneer Biryani,299,44
M004559,R01459,Biryani,Paneer Biryani,220,14
M004560,R01441,Biryani,Mutton Biryani,385,28
M004561,R00018,North Indian,Dal Makhani,272,31
M004562,R01266,Pizza,Margherita Pizza,574,21
M004563,R00980,Biryani,Chicken Biryani,221,24
M004564,R00342,Burger,Cheese Burger,558,22
M004565,R00146,South Indian,Pongal,105,15
M004566,R00114,Burger,Cheese Burger,238,45
M004567,R00140,Biryani,Chicken Biryani,319,26
M004568,R00375,Healthy Foods,Grilled Chicken,409,13
M004569,R00340,Beverages,Mojito,397,18
M004570,R00434,Burger,Cheese Burger,568,42
M004571,R01079,Healthy Foods,Salad Bowl,257,14
M004572,R00401,Chinese,Noodles,182,40
M004573,R00735,Burger,Chicken Burger,351,13
M004574,R01192,South Indian,Vada,221,33
M004575,R00680,Chinese,Fried Rice,97,17
M004576,R00393,Chinese,Manchurian,91,38
M004577,R01490,South Indian,Idli,466,25
M004578,R00115,Pizza,Pepperoni Pizza,432,31
M004579,R00490,Biryani,Veg Biryani,151,23
M004580,R01120,South Indian,Masala Dosa,189,25
M004581,R00751,Chinese,Manchurian,611,34
M004582,R00858,Burger,Veg Burger,300,25
M004583,R00885,Burger,Cheese Burger,552,12
M004584,R00189,Biryani,Veg Biryani,697,19
M004585,R01425,North Indian,Paneer Butter Masala,120,45
M004586,R01027,Biryani,Paneer Biryani,289,19
M004587,R00494,Burger,Chicken Burger,347,40
M004588,R01315,Chinese,Noodles,355,11
M004589,R00782,Beverages,Mojito,170,19
M004590,R00417,Chinese,Fried Rice,124,33
M004591,R01071,Pizza,Veg Pizza,297,13
M004592,R00600,South Indian,Vada,237,13
M004593,R00110,Biryani,Paneer Biryani,675,37
M004594,R01202,North Indian,Paneer Butter Masala,503,10
M004595,R00599,Chinese,Spring Roll,582,17
M004596,R01285,Desserts,Brownie,126,20
M004597,R00687,Burger,Cheese Burger,151,43
M004598,R00556,Biryani,Chicken Biryani,217,12
M004599,R01060,Burger,Veg Burger,222,18
M004600,R00522,Biryani,Paneer Biryani,414,43
M004601,R00969,North Indian,Chole Bhature,222,11
M004602,R00878,Biryani,Mutton Biryani,515,44
M004603,R00445,Healthy Foods,Salad Bowl,513,35
M004604,R01151,South Indian,Pongal,542,25
M004605,R00335,South Indian,Masala Dosa,423,23
M004606,R00453,Chinese,Fried Rice,167,43
M004607,R01312,Chinese,Manchurian,496,13
M004608,R00223,Beverages,Cold Coffee,351,12
M004609,R00420,Burger,Veg Burger,437,12
M004610,R01281,Biryani,Veg Biryani,155,26
M004611,R00125,Pizza,Pepperoni Pizza,419,21
M004612,R01009,Biryani,Veg Biryani,542,31
M004613,R01106,Burger,Chicken Burger,114,41
M004614,R00799,Chinese,Manchurian,237,19
M004615,R00751,Chinese,Manchurian,653,13
M004616,R00780,Biryani,Mutton Biryani,436,44
M004617,R01425,North Indian,Butter Naan,546,28
M004618,R00294,North Indian,Dal Makhani,327,25
M004619,R00150,Biryani,Mutton Biryani,646,30
M004620,R01028,North Indian,Paneer Butter Masala,446,18
M004621,R00724,Healthy Foods,Grilled Chicken,358,17
M004622,R00007,South Indian,Idli,370,39
M004623,R00827,Biryani,Paneer Biryani,91,35
M004624,R00093,Biryani,Veg Biryani,582,20
M004625,R01267,Biryani,Mutton Biryani,177,35
M004626,R01295,Pizza,Veg Pizza,252,20
M004627,R01449,South Indian,Masala Dosa,298,19
M004628,R00401,Chinese,Manchurian,543,10
M004629,R00103,Healthy Foods,Salad Bowl,658,42
M004630,R00099,Pizza,Veg Pizza,394,13
M004631,R00221,North Indian,Dal Makhani,441,34
M004632,R00863,South Indian,Uttapam,137,42
M004633,R00743,South Indian,Uttapam,330,40
M004634,R00947,Biryani,Mutton Biryani,208,26
M004635,R00283,Burger,Veg Burger,389,42
M004636,R01214,South Indian,Pongal,345,15
M004637,R00675,South Indian,Vada,289,38
M004638,R01383,North Indian,Dal Makhani,686,11
M004639,R00166,Healthy Foods,Grilled Chicken,229,28
M004640,R01330,Burger,Cheese Burger,417,16
M004641,R01212,South Indian,Uttapam,298,35
M004642,R00251,Biryani,Chicken Biryani,228,21
M004643,R01332,Burger,Chicken Burger,295,42
M004644,R00667,Burger,Chicken Burger,654,23
M004645,R01461,Beverages,Lemon Juice,648,18
M004646,R00471,Chinese,Manchurian,471,30
M004647,R00623,South Indian,Vada,311,31
M004648,R01041,South Indian,Pongal,338,28
M004649,R00793,Chinese,Noodles,488,35
M004650,R01335,Pizza,Margherita Pizza,252,29
M004651,R01436,South Indian,Idli,378,34
M004652,R01010,North Indian,Chole Bhature,153,30
M004653,R00560,Pizza,Veg Pizza,223,12
M004654,R00962,Desserts,Brownie,197,21
M004655,R00615,South Indian,Vada,547,23
M004656,R00213,South Indian,Idli,644,27
M004657,R00680,Chinese,Spring Roll,564,42
M004658,R00040,South Indian,Vada,466,41
M004659,R00602,Chinese,Manchurian,84,38
M004660,R00653,Biryani,Veg Biryani,222,28
M004661,R00858,Burger,Cheese Burger,542,30
M004662,R00595,North Indian,Paneer Butter Masala,517,30
M004663,R00472,Burger,Cheese Burger,587,16
M004664,R00806,South Indian,Idli,489,30
M004665,R00199,North Indian,Chole Bhature,129,28
M004666,R00559,North Indian,Dal Makhani,480,37
M004667,R00175,Chinese,Fried Rice,395,19
M004668,R00646,Healthy Foods,Protein Bowl,322,16
M004669,R01341,North Indian,Butter Naan,426,24
M004670,R00181,North Indian,Paneer Butter Masala,167,22
M004671,R01420,Biryani,Chicken Biryani,441,34
M004672,R00948,South Indian,Masala Dosa,215,32
M004673,R01338,Biryani,Paneer Biryani,386,37
M004674,R00832,North Indian,Dal Makhani,694,14
M004675,R00738,South Indian,Idli,402,10
M004676,R01162,Biryani,Paneer Biryani,467,20
M004677,R00940,Beverages,Mojito,342,19
M004678,R00655,Healthy Foods,Salad Bowl,252,21
M004679,R01006,Burger,Chicken Burger,331,23
M004680,R00003,North Indian,Dal Makhani,237,38
M004681,R01409,South Indian,Idli,283,32
M004682,R00917,North Indian,Paneer Butter Masala,237,27
M004683,R01464,Desserts,Ice Cream,413,17
M004684,R00031,South Indian,Vada,192,27
M004685,R01301,Burger,Veg Burger,198,29
M004686,R00470,South Indian,Pongal,681,34
M004687,R00361,North Indian,Chole Bhature,539,34
M004688,R00985,South Indian,Pongal,582,32
M004689,R00424,South Indian,Pongal,600,12
M004690,R01058,Burger,Veg Burger,233,43
M004691,R01060,Burger,Cheese Burger,536,14
M004692,R00670,Burger,Veg Burger,183,20
M004693,R01132,South Indian,Idli,104,36
M004694,R00038,Burger,Cheese Burger,624,23
M004695,R00847,South Indian,Pongal,524,16
M004696,R00586,Biryani,Veg Biryani,263,16
M004697,R00220,Biryani,Veg Biryani,219,36
M004698,R00615,South Indian,Idli,510,42
M004699,R00190,Chinese,Noodles,540,10
M004700,R00072,South Indian,Vada,464,13
M004701,R00072,South Indian,Vada,278,43
M004702,R00859,North Indian,Chole Bhature,186,45
M004703,R00049,South Indian,Uttapam,422,18
M004704,R01418,South Indian,Pongal,630,43
M004705,R01046,North Indian,Dal Makhani,210,37
M004706,R01451,South Indian,Uttapam,206,36
M004707,R00413,South Indian,Masala Dosa,272,11
M004708,R00656,South Indian,Vada,177,18
M004709,R01462,South Indian,Idli,126,41
M004710,R01355,Biryani,Mutton Biryani,338,33
M004711,R00542,Biryani,Mutton Biryani,560,21
M004712,R00773,North Indian,Paneer Butter Masala,425,40
M004713,R00854,Biryani,Mutton Biryani,255,26
M004714,R00992,Pizza,Margherita Pizza,179,13
M004715,R01054,Pizza,Veg Pizza,398,35
M004716,R01299,Pizza,Farmhouse Pizza,361,34
M004717,R00055,Biryani,Chicken Biryani,648,32
M004718,R00128,South Indian,Uttapam,607,28
M004719,R01370,North Indian,Chole Bhature,475,33
M004720,R01237,North Indian,Dal Makhani,321,40
M004721,R00457,North Indian,Butter Naan,249,31
M004722,R00192,Chinese,Fried Rice,669,40
M004723,R00336,North Indian,Butter Naan,239,45
M004724,R01260,South Indian,Uttapam,496,33
M004725,R01027,Biryani,Paneer Biryani,585,13
M004726,R00944,Healthy Foods,Protein Bowl,406,36
M004727,R01196,Burger,Chicken Burger,340,38
M004728,R00695,South Indian,Idli,227,25
M004729,R00847,South Indian,Uttapam,584,30
M004730,R00540,Desserts,Brownie,435,18
M004731,R00383,Biryani,Paneer Biryani,124,20
M004732,R00080,Burger,Veg Burger,445,34
M004733,R00595,North Indian,Paneer Butter Masala,140,39
M004734,R00008,South Indian,Uttapam,279,20
M004735,R01192,South Indian,Vada,510,16
M004736,R01172,Biryani,Mutton Biryani,457,14
M004737,R00810,North Indian,Chole Bhature,628,38
M004738,R00452,South Indian,Vada,676,17
M004739,R01079,Healthy Foods,Grilled Chicken,616,38
M004740,R01144,Chinese,Manchurian,195,25
M004741,R01380,Biryani,Mutton Biryani,580,35
M004742,R01332,Burger,Chicken Burger,354,17
M004743,R01045,Beverages,Lemon Juice,170,15
M004744,R00449,Pizza,Veg Pizza,567,45
M004745,R00778,Pizza,Veg Pizza,542,16
M004746,R00152,South Indian,Vada,372,12
M004747,R01051,Pizza,Veg Pizza,454,19
M004748,R00934,North Indian,Chole Bhature,697,24
M004749,R00085,Pizza,Veg Pizza,491,30
M004750,R01134,Biryani,Chicken Biryani,109,34
M004751,R01359,Healthy Foods,Salad Bowl,265,30
M004752,R01230,North Indian,Butter Naan,529,24
M004753,R01188,North Indian,Butter Naan,96,42
M004754,R00816,Biryani,Paneer Biryani,259,26
M004755,R00845,South Indian,Pongal,211,30
M004756,R00257,North Indian,Dal Makhani,155,39
M004757,R00599,Chinese,Spring Roll,106,34
M004758,R01273,South Indian,Masala Dosa,160,12
M004759,R01355,Biryani,Mutton Biryani,240,29
M004760,R00292,Biryani,Paneer Biryani,600,12
M004761,R00680,Chinese,Manchurian,461,23
M004762,R00529,North Indian,Paneer Butter Masala,684,11
M004763,R00822,Pizza,Pepperoni Pizza,287,45
M004764,R00578,Desserts,Brownie,611,18
M004765,R01043,Burger,Cheese Burger,93,15
M004766,R00005,North Indian,Chole Bhature,625,37
M004767,R00261,Chinese,Spring Roll,510,15
M004768,R00545,South Indian,Pongal,393,37
M004769,R00943,South Indian,Pongal,222,14
M004770,R01435,North Indian,Butter Naan,83,37
M004771,R00363,North Indian,Butter Naan,527,41
M004772,R01194,South Indian,Idli,235,40
M004773,R00769,Biryani,Chicken Biryani,540,17
M004774,R01436,South Indian,Masala Dosa,272,17
M004775,R01179,Biryani,Chicken Biryani,538,41
M004776,R00949,Healthy Foods,Protein Bowl,201,35
M004777,R01300,South Indian,Vada,236,32
M004778,R00188,South Indian,Idli,309,33
M004779,R00945,South Indian,Vada,430,15
M004780,R00399,South Indian,Vada,641,42
M004781,R00192,Chinese,Fried Rice,429,39
M004782,R01162,Biryani,Chicken Biryani,183,25
M004783,R01216,South Indian,Uttapam,288,18
M004784,R00368,South Indian,Masala Dosa,675,12
M004785,R01008,North Indian,Chole Bhature,628,42
M004786,R00411,Biryani,Paneer Biryani,564,31
M004787,R00704,South Indian,Uttapam,501,30
M004788,R00921,North Indian,Butter Naan,185,36
M004789,R01084,South Indian,Masala Dosa,390,12
M004790,R00088,Biryani,Paneer Biryani,162,30
M004791,R01155,South Indian,Idli,699,28
M004792,R01406,Burger,Chicken Burger,576,30
M004793,R01329,South Indian,Pongal,236,13
M004794,R00886,Pizza,Margherita Pizza,217,27
M004795,R00308,North Indian,Paneer Butter Masala,154,43
M004796,R01189,North Indian,Dal Makhani,379,30
M004797,R01032,North Indian,Butter Naan,234,28
M004798,R01436,South Indian,Idli,270,39
M004799,R00578,Desserts,Chocolate Cake,154,30
M004800,R00170,North Indian,Butter Naan,695,44
M004801,R00593,South Indian,Idli,406,25
M004802,R01280,Biryani,Paneer Biryani,161,24
M004803,R01224,South Indian,Vada,339,25
M004804,R00210,Biryani,Chicken Biryani,475,45
M004805,R00023,Biryani,Chicken Biryani,308,25
M004806,R00650,South Indian,Idli,478,19
M004807,R01132,South Indian,Idli,560,41
M004808,R01046,North Indian,Dal Makhani,311,18
M004809,R01260,South Indian,Pongal,157,19
M004810,R00068,South Indian,Uttapam,412,17
M004811,R00764,Pizza,Margherita Pizza,514,23
M004812,R00748,South Indian,Idli,501,40
M004813,R00587,Biryani,Chicken Biryani,228,25
M004814,R00912,Chinese,Spring Roll,373,20
M004815,R00427,Pizza,Margherita Pizza,604,43
M004816,R01433,Pizza,Veg Pizza,583,39
M004817,R01115,South Indian,Idli,344,32
M004818,R00958,North Indian,Dal Makhani,587,16
M004819,R00214,North Indian,Paneer Butter Masala,208,27
M004820,R00998,Chinese,Spring Roll,374,42
M004821,R01156,South Indian,Uttapam,640,45
M004822,R01111,South Indian,Pongal,190,18
M004823,R00527,Biryani,Chicken Biryani,566,36
M004824,R00389,North Indian,Dal Makhani,443,37
M004825,R00322,Biryani,Mutton Biryani,307,43
M004826,R01494,Chinese,Spring Roll,421,17
M004827,R00972,North Indian,Paneer Butter Masala,379,42
M004828,R01403,South Indian,Pongal,556,24
M004829,R00037,Beverages,Cold Coffee,263,12
M004830,R00993,North Indian,Paneer Butter Masala,653,16
M004831,R01103,South Indian,Pongal,408,25
M004832,R01241,North Indian,Dal Makhani,548,33
M004833,R00299,Pizza,Margherita Pizza,466,25
M004834,R00761,Burger,Veg Burger,578,28
M004835,R01375,Burger,Chicken Burger,293,13
M004836,R00605,Pizza,Margherita Pizza,126,26
M004837,R01258,Desserts,Chocolate Cake,644,42
M004838,R01135,South Indian,Vada,288,44
M004839,R01198,North Indian,Chole Bhature,503,13
M004840,R00596,Biryani,Mutton Biryani,408,37
M004841,R00913,Biryani,Paneer Biryani,167,20
M004842,R00562,Biryani,Veg Biryani,568,32
M004843,R00252,Chinese,Noodles,605,29
M004844,R01343,Beverages,Lemon Juice,485,40
M004845,R00016,South Indian,Masala Dosa,131,25
M004846,R01336,Burger,Veg Burger,686,24
M004847,R01162,Biryani,Paneer Biryani,247,32
M004848,R00860,Pizza,Pepperoni Pizza,520,41
M004849,R01358,Biryani,Mutton Biryani,468,21
M004850,R00513,Pizza,Margherita Pizza,668,39
M004851,R00932,North Indian,Dal Makhani,215,19
M004852,R01369,Burger,Veg Burger,189,16
M004853,R01329,South Indian,Masala Dosa,139,24
M004854,R01255,Biryani,Chicken Biryani,424,22
M004855,R01293,Chinese,Spring Roll,238,18
M004856,R01011,South Indian,Uttapam,540,12
M004857,R01331,Chinese,Manchurian,319,27
M004858,R00790,Pizza,Pepperoni Pizza,535,38
M004859,R00065,South Indian,Uttapam,501,31
M004860,R00290,Healthy Foods,Protein Bowl,514,16
M004861,R00967,South Indian,Idli,267,22
M004862,R01230,North Indian,Butter Naan,84,13
M004863,R00292,Biryani,Veg Biryani,401,12
M004864,R00290,Healthy Foods,Salad Bowl,574,18
M004865,R01496,North Indian,Dal Makhani,362,15
M004866,R00013,Chinese,Fried Rice,549,15
M004867,R00090,Pizza,Veg Pizza,275,43
M004868,R00993,North Indian,Dal Makhani,156,33
M004869,R01500,North Indian,Paneer Butter Masala,612,19
M004870,R01366,South Indian,Uttapam,388,25
M004871,R01227,South Indian,Uttapam,340,17
M004872,R00697,South Indian,Idli,158,14
M004873,R01472,South Indian,Pongal,495,12
M004874,R00520,North Indian,Paneer Butter Masala,334,13
M004875,R00012,North Indian,Paneer Butter Masala,476,24
M004876,R01441,Biryani,Paneer Biryani,98,31
M004877,R01392,South Indian,Idli,315,37
M004878,R00466,South Indian,Uttapam,491,37
M004879,R00941,Pizza,Margherita Pizza,158,11
M004880,R00663,Chinese,Spring Roll,644,16
M004881,R01311,South Indian,Idli,226,44
M004882,R01054,Pizza,Farmhouse Pizza,243,26
M004883,R01478,Beverages,Cold Coffee,527,42
M004884,R00873,South Indian,Masala Dosa,361,45
M004885,R00087,Pizza,Veg Pizza,141,33
M004886,R00267,South Indian,Idli,625,19
M004887,R01282,Biryani,Mutton Biryani,178,17
M004888,R00472,Burger,Veg Burger,292,24
M004889,R01281,Biryani,Mutton Biryani,349,42
M004890,R01394,Pizza,Margherita Pizza,512,10
M004891,R00738,South Indian,Masala Dosa,120,25
M004892,R00553,Desserts,Ice Cream,111,25
M004893,R00752,Burger,Veg Burger,387,29
M004894,R01147,Burger,Veg Burger,455,44
M004895,R00497,South Indian,Idli,651,13
M004896,R00310,Pizza,Margherita Pizza,669,29
M004897,R01072,South Indian,Masala Dosa,548,25
M004898,R00950,South Indian,Masala Dosa,167,34
M004899,R00103,Healthy Foods,Grilled Chicken,645,22
M004900,R00859,North Indian,Butter Naan,448,33
M004901,R01115,South Indian,Masala Dosa,301,17
M004902,R00956,Healthy Foods,Grilled Chicken,229,22
M004903,R00650,South Indian,Vada,142,36
M004904,R01229,Biryani,Chicken Biryani,607,23
M004905,R00844,North Indian,Dal Makhani,583,38
M004906,R01141,Biryani,Paneer Biryani,495,14
M004907,R00585,North Indian,Butter Naan,172,25
M004908,R00960,North Indian,Dal Makhani,386,21
M004909,R00726,Pizza,Farmhouse Pizza,166,35
M004910,R01276,South Indian,Uttapam,474,43
M004911,R00846,Chinese,Spring Roll,150,38
M004912,R00119,North Indian,Dal Makhani,153,25
M004913,R00421,Biryani,Paneer Biryani,622,34
M004914,R01252,Chinese,Noodles,589,21
M004915,R00467,South Indian,Idli,143,41
M004916,R00211,Chinese,Fried Rice,638,36
M004917,R01163,Desserts,Chocolate Cake,143,24
M004918,R01060,Burger,Cheese Burger,231,17
M004919,R00478,Biryani,Mutton Biryani,144,23
M004920,R00827,Biryani,Chicken Biryani,650,27
M004921,R01479,Healthy Foods,Grilled Chicken,592,26
M004922,R01324,South Indian,Uttapam,233,11
M004923,R00432,Burger,Chicken Burger,105,16
M004924,R01364,Pizza,Veg Pizza,693,29
M004925,R00627,North Indian,Chole Bhature,377,34
M004926,R00796,Biryani,Paneer Biryani,325,15
M004927,R00807,Chinese,Spring Roll,609,16
M004928,R01434,South Indian,Masala Dosa,213,32
M004929,R01260,South Indian,Uttapam,649,24
M004930,R01405,Chinese,Noodles,170,37
M004931,R01220,Healthy Foods,Grilled Chicken,276,36
M004932,R01071,Pizza,Margherita Pizza,508,44
M004933,R00414,South Indian,Pongal,248,41
M004934,R01002,Pizza,Farmhouse Pizza,604,37
M004935,R00988,Biryani,Paneer Biryani,242,17
M004936,R00964,Biryani,Mutton Biryani,256,31
M004937,R01201,Biryani,Veg Biryani,182,31
M004938,R00494,Burger,Cheese Burger,481,19
M004939,R01161,Biryani,Chicken Biryani,469,40
M004940,R00050,Chinese,Spring Roll,455,39
M004941,R01370,North Indian,Paneer Butter Masala,104,10
M004942,R00744,North Indian,Chole Bhature,597,34
M004943,R00310,Pizza,Veg Pizza,558,13
M004944,R00067,Biryani,Chicken Biryani,375,22
M004945,R00612,North Indian,Dal Makhani,343,28
M004946,R01456,Beverages,Cold Coffee,476,28
M004947,R00093,Biryani,Chicken Biryani,189,32
M004948,R00487,Biryani,Mutton Biryani,339,22
M004949,R01304,Healthy Foods,Salad Bowl,691,27
M004950,R00538,North Indian,Chole Bhature,236,32
M004951,R00739,South Indian,Vada,449,33
M004952,R00188,South Indian,Idli,469,35
M004953,R01258,Desserts,Brownie,564,32
M004954,R00228,Biryani,Chicken Biryani,81,42
M004955,R00110,Biryani,Veg Biryani,127,31
M004956,R00436,Healthy Foods,Protein Bowl,184,15
M004957,R01285,Desserts,Ice Cream,383,35
M004958,R00594,Biryani,Chicken Biryani,408,21
M004959,R01205,North Indian,Dal Makhani,154,22
M004960,R00022,South Indian,Uttapam,317,20
M004961,R00831,Desserts,Ice Cream,97,18
M004962,R00246,Desserts,Ice Cream,598,18
M004963,R00952,South Indian,Uttapam,341,31
M004964,R01184,North Indian,Chole Bhature,216,35
M004965,R00510,South Indian,Masala Dosa,591,15
M004966,R01366,South Indian,Idli,213,24
M004967,R00720,Burger,Chicken Burger,166,22
M004968,R00814,Pizza,Veg Pizza,313,31
M004969,R00953,Pizza,Farmhouse Pizza,90,26
M004970,R01017,Biryani,Chicken Biryani,84,34
M004971,R00868,Chinese,Fried Rice,261,39
M004972,R00521,Biryani,Veg Biryani,180,31
M004973,R01348,Healthy Foods,Salad Bowl,130,44
M004974,R00373,Pizza,Veg Pizza,546,21
M004975,R00604,Pizza,Veg Pizza,114,38
M004976,R00101,Chinese,Spring Roll,452,27
M004977,R00837,Biryani,Mutton Biryani,550,33
M004978,R00405,Pizza,Farmhouse Pizza,586,15
M004979,R01238,North Indian,Butter Naan,289,27
M004980,R00662,Biryani,Paneer Biryani,286,18
M004981,R01290,Pizza,Margherita Pizza,134,39
M004982,R00722,North Indian,Dal Makhani,295,43
M004983,R00930,Biryani,Paneer Biryani,615,19
M004984,R01177,South Indian,Masala Dosa,654,17
M004985,R00820,Biryani,Paneer Biryani,510,12
M004986,R01179,Biryani,Mutton Biryani,365,16
M004987,R00851,Chinese,Noodles,582,26
M004988,R00023,Biryani,Paneer Biryani,604,39
M004989,R00345,South Indian,Vada,611,13
M004990,R00417,Chinese,Spring Roll,137,20
M004991,R00854,Biryani,Mutton Biryani,470,28
M004992,R00204,South Indian,Masala Dosa,361,18
M004993,R01444,Desserts,Ice Cream,209,23
M004994,R01321,South Indian,Pongal,572,42
M004995,R00866,North Indian,Dal Makhani,375,12
M004996,R00666,Beverages,Lemon Juice,243,12
M004997,R01242,South Indian,Pongal,480,13
M004998,R00422,Chinese,Spring Roll,83,17
M004999,R00701,North Indian,Chole Bhature,278,41
M005000,R00524,Biryani,Mutton Biryani,522,33
M005001,R01176,Healthy Foods,Protein Bowl,241,23
M005002,R01477,Biryani,Veg Biryani,183,31
M005003,R00989,Pizza,Pepperoni Pizza,512,23
M005004,R00861,Pizza,Farmhouse Pizza,329,41
M005005,R01118,North Indian,Chole Bhature,168,21
M005006,R00097,South Indian,Uttapam,616,12
M005007,R00145,South Indian,Vada,237,14
M005008,R01215,North Indian,Dal Makhani,523,22
M005009,R01472,South Indian,Idli,537,20
M005010,R00021,Chinese,Spring Roll,587,36
M005011,R00012,North Indian,Paneer Butter Masala,251,37
M005012,R00613,Pizza,Pepperoni Pizza,622,42
M005013,R01312,Chinese,Spring Roll,688,32
M005014,R01358,Biryani,Mutton Biryani,461,28
M005015,R00170,North Indian,Paneer Butter Masala,326,39
M005016,R01341,North Indian,Chole Bhature,132,37
M005017,R01467,Desserts,Chocolate Cake,93,10
M005018,R01180,Biryani,Mutton Biryani,494,33
M005019,R01241,North Indian,Paneer Butter Masala,86,15
M005020,R01215,North Indian,Dal Makhani,397,23
M005021,R01335,Pizza,Pepperoni Pizza,637,37
M005022,R00338,North Indian,Dal Makhani,646,15
M005023,R00552,North Indian,Chole Bhature,584,20
M005024,R00925,Biryani,Paneer Biryani,382,23
M005025,R00301,South Indian,Uttapam,310,16
M005026,R01237,North Indian,Butter Naan,308,45
M005027,R00133,Biryani,Veg Biryani,475,11
M005028,R01251,Chinese,Spring Roll,124,36
M005029,R01037,Healthy Foods,Salad Bowl,345,43
M005030,R01285,Desserts,Chocolate Cake,129,43
M005031,R01308,North Indian,Dal Makhani,187,35
M005032,R01079,Healthy Foods,Protein Bowl,293,11
M005033,R00602,Chinese,Noodles,565,29
M005034,R00656,South Indian,Uttapam,206,17
M005035,R00675,South Indian,Uttapam,301,39
M005036,R00113,Pizza,Margherita Pizza,409,41
M005037,R01495,North Indian,Paneer Butter Masala,612,22
M005038,R00153,South Indian,Masala Dosa,134,25
M005039,R01111,South Indian,Pongal,186,29
M005040,R01094,South Indian,Masala Dosa,440,26
M005041,R00740,Burger,Veg Burger,286,38
M005042,R00522,Biryani,Paneer Biryani,663,24
M005043,R01124,North Indian,Chole Bhature,664,37
M005044,R00326,Chinese,Spring Roll,542,34
M005045,R00826,South Indian,Pongal,465,37
M005046,R01212,South Indian,Masala Dosa,549,38
M005047,R00157,Chinese,Fried Rice,418,27
M005048,R00424,South Indian,Idli,257,15
M005049,R01132,South Indian,Pongal,270,32
M005050,R01241,North Indian,Butter Naan,439,39
M005051,R01397,South Indian,Pongal,300,12
M005052,R01192,South Indian,Masala Dosa,189,34
M005053,R00698,North Indian,Butter Naan,368,45
M005054,R00928,North Indian,Chole Bhature,652,43
M005055,R00513,Pizza,Margherita Pizza,245,26
M005056,R00626,Biryani,Mutton Biryani,317,12
M005057,R01004,South Indian,Vada,305,42
M005058,R00492,Biryani,Chicken Biryani,651,23
M005059,R01403,South Indian,Pongal,694,43
M005060,R01387,South Indian,Uttapam,546,13
M005061,R00204,South Indian,Masala Dosa,670,17
M005062,R00669,Healthy Foods,Protein Bowl,497,39
M005063,R01394,Pizza,Farmhouse Pizza,82,43
M005064,R00029,Biryani,Chicken Biryani,696,19
M005065,R01431,North Indian,Dal Makhani,435,39
M005066,R01485,North Indian,Dal Makhani,182,41
M005067,R00359,Biryani,Paneer Biryani,386,25
M005068,R00959,Biryani,Veg Biryani,411,39
M005069,R01171,Pizza,Pepperoni Pizza,696,11
M005070,R00747,Biryani,Chicken Biryani,414,13
M005071,R00022,South Indian,Idli,251,28
M005072,R00401,Chinese,Manchurian,492,13
M005073,R01002,Pizza,Margherita Pizza,268,33
M005074,R01056,Burger,Cheese Burger,144,28
M005075,R00874,Biryani,Veg Biryani,308,11
M005076,R01202,North Indian,Chole Bhature,458,37
M005077,R00590,South Indian,Vada,135,13
M005078,R00155,South Indian,Idli,565,43
M005079,R01231,Biryani,Veg Biryani,679,25
M005080,R00008,South Indian,Pongal,678,26
M005081,R00641,South Indian,Masala Dosa,245,17
M005082,R00149,North Indian,Dal Makhani,384,37
M005083,R01491,Biryani,Mutton Biryani,339,45
M005084,R00642,Chinese,Spring Roll,212,25
M005085,R01181,Pizza,Margherita Pizza,108,34
M005086,R00065,South Indian,Masala Dosa,118,31
M005087,R00919,Healthy Foods,Protein Bowl,317,31
M005088,R01308,North Indian,Dal Makhani,613,13
M005089,R01359,Healthy Foods,Salad Bowl,685,18
M005090,R00589,Pizza,Pepperoni Pizza,158,20
M005091,R01448,Burger,Chicken Burger,227,43
M005092,R01172,Biryani,Veg Biryani,475,21
M005093,R00019,South Indian,Uttapam,520,34
M005094,R00748,South Indian,Idli,385,44
M005095,R01161,Biryani,Veg Biryani,296,34
M005096,R00079,Healthy Foods,Grilled Chicken,348,22
M005097,R01224,South Indian,Idli,499,10
M005098,R01244,Chinese,Manchurian,171,20
M005099,R01351,South Indian,Idli,606,24
M005100,R00331,Pizza,Veg Pizza,699,11
M005101,R00856,North Indian,Paneer Butter Masala,414,22
M005102,R00139,Biryani,Veg Biryani,220,38
M005103,R01398,South Indian,Vada,518,19
M005104,R00418,Biryani,Mutton Biryani,237,35
M005105,R00469,Chinese,Manchurian,243,28
M005106,R00675,South Indian,Idli,390,15
M005107,R00324,North Indian,Chole Bhature,150,41
M005108,R00041,South Indian,Vada,472,21
M005109,R00157,Chinese,Spring Roll,596,17
M005110,R00963,North Indian,Chole Bhature,648,19
M005111,R01238,North Indian,Paneer Butter Masala,683,24
M005112,R01269,Chinese,Fried Rice,652,33
M005113,R01125,North Indian,Butter Naan,381,42
M005114,R01238,North Indian,Chole Bhature,96,32
M005115,R00783,South Indian,Idli,589,30
M005116,R01421,South Indian,Idli,525,30
M005117,R00546,North Indian,Dal Makhani,491,44
M005118,R01336,Burger,Cheese Burger,581,12
M005119,R00414,South Indian,Idli,562,20
M005120,R01183,Biryani,Chicken Biryani,468,39
M005121,R01286,South Indian,Masala Dosa,575,23
M005122,R00820,Biryani,Mutton Biryani,511,33
M005123,R00353,Pizza,Margherita Pizza,389,13
M005124,R00525,Biryani,Veg Biryani,438,41
M005125,R01070,Burger,Chicken Burger,145,30
M005126,R00855,Biryani,Chicken Biryani,405,24
M005127,R01218,Desserts,Ice Cream,158,23
M005128,R00062,North Indian,Butter Naan,444,20
M005129,R00750,Biryani,Paneer Biryani,437,13
M005130,R01088,South Indian,Pongal,166,16
M005131,R00277,South Indian,Masala Dosa,565,40
M005132,R00924,South Indian,Vada,175,31
M005133,R00414,South Indian,Vada,347,36
M005134,R00042,Biryani,Paneer Biryani,515,35
M005135,R00187,North Indian,Dal Makhani,112,40
M005136,R00760,Healthy Foods,Grilled Chicken,604,38
M005137,R00809,Chinese,Manchurian,326,18
M005138,R00544,Biryani,Chicken Biryani,102,11
M005139,R00084,Biryani,Veg Biryani,254,15
M005140,R00568,Desserts,Chocolate Cake,565,19
M005141,R01388,Chinese,Manchurian,420,35
M005142,R00922,Biryani,Veg Biryani,200,26
M005143,R00580,North Indian,Butter Naan,528,30
M005144,R01417,Chinese,Noodles,613,13
M005145,R01329,South Indian,Uttapam,112,29
M005146,R00390,Biryani,Mutton Biryani,568,29
M005147,R00135,Chinese,Fried Rice,290,36
M005148,R00252,Chinese,Noodles,168,26
M005149,R00967,South Indian,Idli,308,28
M005150,R00685,South Indian,Uttapam,149,30
M005151,R01174,South Indian,Uttapam,547,26
M005152,R01404,South Indian,Pongal,689,36
M005153,R00812,North Indian,Butter Naan,270,40
M005154,R01099,Chinese,Noodles,429,11
M005155,R00580,North Indian,Dal Makhani,384,31
M005156,R00025,North Indian,Dal Makhani,88,17
M005157,R00049,South Indian,Uttapam,696,16
M005158,R00888,Healthy Foods,Grilled Chicken,632,40
M005159,R01421,South Indian,Idli,412,31
M005160,R01494,Chinese,Noodles,423,15
M005161,R00906,South Indian,Pongal,693,24
M005162,R01260,South Indian,Pongal,170,20
M005163,R00252,Chinese,Noodles,288,45
M005164,R01120,South Indian,Uttapam,676,14
M005165,R00503,South Indian,Vada,327,33
M005166,R01330,Burger,Chicken Burger,307,17
M005167,R01359,Healthy Foods,Grilled Chicken,334,29
M005168,R00038,Burger,Cheese Burger,524,27
M005169,R01180,Biryani,Mutton Biryani,627,28
M005170,R01011,South Indian,Vada,276,45
M005171,R00529,North Indian,Butter Naan,407,18
M005172,R00012,North Indian,Dal Makhani,231,33
M005173,R01405,Chinese,Manchurian,189,19
M005174,R00660,South Indian,Vada,502,13
M005175,R00049,South Indian,Idli,578,42
M005176,R01452,Chinese,Spring Roll,634,44
M005177,R00325,North Indian,Chole Bhature,258,40
M005178,R00221,North Indian,Paneer Butter Masala,298,41
M005179,R00818,Pizza,Margherita Pizza,255,38
M005180,R01351,South Indian,Idli,301,36
M005181,R00360,North Indian,Paneer Butter Masala,636,11
M005182,R00230,North Indian,Dal Makhani,506,39
M005183,R01486,North Indian,Butter Naan,260,25
M005184,R00170,North Indian,Butter Naan,427,15
M005185,R00500,Pizza,Veg Pizza,161,35
M005186,R00466,South Indian,Uttapam,386,25
M005187,R00121,North Indian,Chole Bhature,137,26
M005188,R00626,Biryani,Paneer Biryani,213,10
M005189,R00913,Biryani,Chicken Biryani,337,23
M005190,R00630,Burger,Chicken Burger,469,19
M005191,R00947,Biryani,Paneer Biryani,86,45
M005192,R00073,Biryani,Chicken Biryani,337,30
M005193,R00641,South Indian,Uttapam,314,25
M005194,R00660,South Indian,Masala Dosa,292,14
M005195,R00361,North Indian,Paneer Butter Masala,148,13
M005196,R00456,North Indian,Butter Naan,689,25
M005197,R01377,South Indian,Pongal,479,17
M005198,R01104,North Indian,Dal Makhani,381,38
M005199,R01071,Pizza,Pepperoni Pizza,229,23
M005200,R00676,South Indian,Idli,669,34
M005201,R00227,Biryani,Veg Biryani,329,41
M005202,R00053,South Indian,Idli,389,20
M005203,R00899,North Indian,Butter Naan,455,14
M005204,R01457,Chinese,Manchurian,311,29
M005205,R00999,Chinese,Noodles,691,10
M005206,R00466,South Indian,Pongal,360,22
M005207,R00747,Biryani,Chicken Biryani,335,26
M005208,R00322,Biryani,Veg Biryani,317,11
M005209,R00505,Pizza,Veg Pizza,287,36
M005210,R01305,Chinese,Manchurian,664,32
M005211,R00867,Pizza,Veg Pizza,595,28
M005212,R00994,South Indian,Masala Dosa,128,18
M005213,R01180,Biryani,Mutton Biryani,407,25
M005214,R01347,North Indian,Chole Bhature,372,31
M005215,R01473,South Indian,Idli,501,18
M005216,R01451,South Indian,Idli,545,24
M005217,R01449,South Indian,Vada,587,33
M005218,R00378,Biryani,Paneer Biryani,179,21
M005219,R00573,North Indian,Paneer Butter Masala,436,43
M005220,R00066,North Indian,Paneer Butter Masala,662,39
M005221,R00632,Biryani,Veg Biryani,383,18
M005222,R01027,Biryani,Chicken Biryani,301,21
M005223,R00653,Biryani,Paneer Biryani,108,44
M005224,R00855,Biryani,Veg Biryani,403,34
M005225,R00464,Pizza,Margherita Pizza,532,27
M005226,R00696,North Indian,Paneer Butter Masala,465,19
M005227,R00958,North Indian,Butter Naan,527,11
M005228,R00418,Biryani,Chicken Biryani,506,22
M005229,R00475,North Indian,Paneer Butter Masala,154,45
M005230,R01421,South Indian,Uttapam,286,43
M005231,R00833,Healthy Foods,Salad Bowl,409,25
M005232,R00897,Burger,Veg Burger,339,42
M005233,R00451,North Indian,Dal Makhani,646,26
M005234,R01103,South Indian,Idli,517,23
M005235,R00944,Healthy Foods,Protein Bowl,399,11
M005236,R00194,Burger,Cheese Burger,144,36
M005237,R00087,Pizza,Farmhouse Pizza,114,40
M005238,R01170,South Indian,Masala Dosa,557,19
M005239,R00807,Chinese,Noodles,275,21
M005240,R00523,Chinese,Noodles,637,10
M005241,R01111,South Indian,Masala Dosa,255,35
M005242,R00355,Burger,Chicken Burger,219,26
M005243,R00330,Pizza,Pepperoni Pizza,367,13
M005244,R01342,Biryani,Veg Biryani,244,23
M005245,R00735,Burger,Veg Burger,671,13
M005246,R00278,South Indian,Uttapam,529,45
M005247,R01119,Beverages,Lemon Juice,372,21
M005248,R00451,North Indian,Dal Makhani,154,42
M005249,R00858,Burger,Chicken Burger,591,31
M005250,R00452,South Indian,Uttapam,525,10
M005251,R01256,North Indian,Chole Bhature,278,13
M005252,R01324,South Indian,Uttapam,461,15
M005253,R01276,South Indian,Pongal,535,43
M005254,R00832,North Indian,Dal Makhani,188,30
M005255,R00318,Burger,Cheese Burger,245,36
M005256,R01087,North Indian,Butter Naan,423,25
M005257,R00709,Chinese,Spring Roll,652,25
M005258,R01306,Healthy Foods,Salad Bowl,572,15
M005259,R00473,North Indian,Dal Makhani,321,14
M005260,R00051,Desserts,Ice Cream,369,10
M005261,R00422,Chinese,Noodles,453,38
M005262,R01374,Beverages,Lemon Juice,590,28
M005263,R01412,Pizza,Farmhouse Pizza,95,19
M005264,R01456,Beverages,Cold Coffee,586,20
M005265,R00621,Biryani,Mutton Biryani,456,21
M005266,R01159,Pizza,Veg Pizza,387,23
M005267,R00266,Healthy Foods,Salad Bowl,458,22
M005268,R01472,South Indian,Masala Dosa,127,29
M005269,R00200,Healthy Foods,Grilled Chicken,81,30
M005270,R00853,Chinese,Spring Roll,395,40
M005271,R00700,Biryani,Chicken Biryani,674,19
M005272,R00066,North Indian,Paneer Butter Masala,503,12
M005273,R00807,Chinese,Manchurian,91,25
M005274,R01016,Burger,Veg Burger,82,24
M005275,R00716,Burger,Cheese Burger,109,11
M005276,R01468,Beverages,Cold Coffee,264,33
M005277,R00909,North Indian,Butter Naan,227,24
M005278,R00648,Chinese,Manchurian,114,31
M005279,R01323,Beverages,Cold Coffee,575,10
M005280,R00641,South Indian,Masala Dosa,416,20
M005281,R01062,Chinese,Fried Rice,479,26
M005282,R01287,South Indian,Uttapam,295,22
M005283,R00897,Burger,Cheese Burger,111,45
M005284,R00688,Healthy Foods,Protein Bowl,332,44
M005285,R00917,North Indian,Butter Naan,111,35
M005286,R00005,North Indian,Paneer Butter Masala,663,24
M005287,R01321,South Indian,Uttapam,529,18
M005288,R01188,North Indian,Chole Bhature,403,40
M005289,R01219,Healthy Foods,Grilled Chicken,231,19
M005290,R00274,South Indian,Vada,641,24
M005291,R00224,Biryani,Chicken Biryani,194,26
M005292,R00316,South Indian,Uttapam,170,17
M005293,R00668,South Indian,Pongal,265,16
M005294,R00525,Biryani,Paneer Biryani,168,13
M005295,R00097,South Indian,Idli,605,18
M005296,R00183,Healthy Foods,Salad Bowl,137,11
M005297,R01359,Healthy Foods,Protein Bowl,655,29
M005298,R01166,Pizza,Veg Pizza,644,18
M005299,R01480,Biryani,Paneer Biryani,434,13
M005300,R00560,Pizza,Margherita Pizza,471,17
M005301,R00335,South Indian,Vada,321,35
M005302,R01169,North Indian,Paneer Butter Masala,388,24
M005303,R01487,Burger,Chicken Burger,571,28
M005304,R00759,North Indian,Chole Bhature,479,33
M005305,R01237,North Indian,Dal Makhani,183,36
M005306,R00661,Pizza,Margherita Pizza,81,12
M005307,R00125,Pizza,Margherita Pizza,264,28
M005308,R00289,Biryani,Veg Biryani,228,27
M005309,R00176,South Indian,Pongal,654,41
M005310,R01326,Burger,Veg Burger,631,38
M005311,R00092,Chinese,Fried Rice,397,15
M005312,R01024,Pizza,Veg Pizza,689,24
M005313,R00761,Burger,Veg Burger,676,29
M005314,R01158,South Indian,Idli,581,16
M005315,R01271,Pizza,Margherita Pizza,692,37
M005316,R01034,Biryani,Paneer Biryani,598,30
M005317,R01339,South Indian,Idli,548,27
M005318,R01057,Burger,Chicken Burger,413,17
M005319,R00022,South Indian,Pongal,245,17
M005320,R01439,South Indian,Masala Dosa,87,30
M005321,R01337,Burger,Cheese Burger,423,10
M005322,R00166,Healthy Foods,Grilled Chicken,201,26
M005323,R00763,Chinese,Fried Rice,235,33
M005324,R00129,Burger,Cheese Burger,382,20
M005325,R00626,Biryani,Veg Biryani,132,25
M005326,R00362,South Indian,Idli,188,14
M005327,R00124,Chinese,Manchurian,539,40
M005328,R00203,Biryani,Mutton Biryani,680,37
M005329,R00237,Biryani,Veg Biryani,516,27
M005330,R00676,South Indian,Idli,532,31
M005331,R01474,Chinese,Spring Roll,101,24
M005332,R01279,North Indian,Chole Bhature,530,28
M005333,R00181,North Indian,Chole Bhature,504,37
M005334,R00202,Biryani,Mutton Biryani,91,41
M005335,R00341,North Indian,Dal Makhani,293,45
M005336,R00874,Biryani,Veg Biryani,118,25
M005337,R00680,Chinese,Noodles,189,45
M005338,R00253,Pizza,Veg Pizza,377,33
M005339,R00952,South Indian,Uttapam,189,31
M005340,R01350,South Indian,Uttapam,230,33
M005341,R01193,Pizza,Pepperoni Pizza,332,31
M005342,R00183,Healthy Foods,Salad Bowl,276,34
M005343,R01002,Pizza,Farmhouse Pizza,527,35
M005344,R01053,Biryani,Mutton Biryani,601,44
M005345,R00770,Biryani,Veg Biryani,440,35
M005346,R00910,South Indian,Masala Dosa,689,38
M005347,R00389,North Indian,Chole Bhature,499,30
M005348,R00149,North Indian,Paneer Butter Masala,656,38
M005349,R00627,North Indian,Paneer Butter Masala,647,22
M005350,R01181,Pizza,Veg Pizza,533,22
M005351,R00845,South Indian,Vada,271,10
M005352,R01388,Chinese,Manchurian,360,10
M005353,R01155,South Indian,Uttapam,235,38
M005354,R00275,North Indian,Butter Naan,164,19
M005355,R00083,North Indian,Butter Naan,505,33
M005356,R01272,Biryani,Chicken Biryani,627,24
M005357,R00826,South Indian,Pongal,399,31
M005358,R00656,South Indian,Idli,656,36
M005359,R00281,Biryani,Veg Biryani,172,30
M005360,R01324,South Indian,Masala Dosa,648,35
M005361,R00634,Burger,Chicken Burger,468,18
M005362,R00788,South Indian,Pongal,604,40
M005363,R01428,Burger,Veg Burger,415,37
M005364,R00123,Biryani,Paneer Biryani,402,38
M005365,R01117,Biryani,Paneer Biryani,230,38
M005366,R00521,Biryani,Mutton Biryani,459,38
M005367,R00283,Burger,Cheese Burger,436,28
M005368,R00378,Biryani,Paneer Biryani,300,31
M005369,R01372,South Indian,Idli,521,20
M005370,R01346,Burger,Cheese Burger,440,10
M005371,R00445,Healthy Foods,Salad Bowl,446,20
M005372,R01421,South Indian,Vada,318,30
M005373,R00217,Healthy Foods,Protein Bowl,215,25
M005374,R00584,North Indian,Chole Bhature,195,15
M005375,R00078,Chinese,Fried Rice,129,29
M005376,R00817,Burger,Chicken Burger,413,12
M005377,R00147,Beverages,Lemon Juice,185,33
M005378,R00260,South Indian,Pongal,660,18
M005379,R01221,Biryani,Mutton Biryani,218,18
M005380,R01131,South Indian,Vada,222,24
M005381,R01445,Biryani,Chicken Biryani,637,26
M005382,R00571,Burger,Chicken Burger,576,24
M005383,R00719,South Indian,Uttapam,378,43
M005384,R00135,Chinese,Noodles,446,35
M005385,R00470,South Indian,Vada,86,11
M005386,R00073,Biryani,Paneer Biryani,434,34
M005387,R00943,South Indian,Idli,591,16
M005388,R00965,North Indian,Butter Naan,181,30
M005389,R00953,Pizza,Veg Pizza,203,12
M005390,R00862,Biryani,Mutton Biryani,380,24
M005391,R00053,South Indian,Masala Dosa,500,32
M005392,R01484,South Indian,Vada,222,19
M005393,R00543,North Indian,Chole Bhature,370,33
M005394,R01234,South Indian,Idli,665,44
M005395,R00928,North Indian,Dal Makhani,328,26
M005396,R01011,South Indian,Vada,641,17
M005397,R00581,South Indian,Pongal,460,43
M005398,R00496,North Indian,Paneer Butter Masala,345,41
M005399,R00509,Biryani,Mutton Biryani,339,23
M005400,R01036,Biryani,Chicken Biryani,477,44
M005401,R00078,Chinese,Fried Rice,467,10
M005402,R00859,North Indian,Butter Naan,597,43
M005403,R00784,Burger,Cheese Burger,227,38
M005404,R00525,Biryani,Veg Biryani,258,43
M005405,R00636,Biryani,Mutton Biryani,488,29
M005406,R00077,Chinese,Noodles,366,30
M005407,R00470,South Indian,Vada,651,39
M005408,R01044,South Indian,Idli,668,24
M005409,R00597,Healthy Foods,Salad Bowl,681,11
M005410,R01298,Biryani,Paneer Biryani,659,38
M005411,R00187,North Indian,Chole Bhature,227,18
M005412,R00441,North Indian,Dal Makhani,144,41
M005413,R00359,Biryani,Paneer Biryani,284,34
M005414,R00759,North Indian,Butter Naan,210,21
M005415,R01415,South Indian,Idli,489,34
M005416,R00324,North Indian,Paneer Butter Masala,659,36
M005417,R01264,Biryani,Chicken Biryani,483,11
M005418,R00680,Chinese,Noodles,688,18
M005419,R00676,South Indian,Pongal,165,41
M005420,R01115,South Indian,Masala Dosa,119,33
M005421,R01092,Chinese,Fried Rice,468,20
M005422,R00380,Healthy Foods,Grilled Chicken,473,23
M005423,R00525,Biryani,Chicken Biryani,444,45
M005424,R00865,North Indian,Chole Bhature,545,14
M005425,R01378,Pizza,Margherita Pizza,584,45
M005426,R01371,Chinese,Noodles,280,30
M005427,R00080,Burger,Cheese Burger,653,21
M005428,R01046,North Indian,Butter Naan,200,16
M005429,R00942,Burger,Veg Burger,305,28
M005430,R00897,Burger,Veg Burger,356,30
M005431,R01359,Healthy Foods,Protein Bowl,497,23
M005432,R00613,Pizza,Pepperoni Pizza,322,37
M005433,R01306,Healthy Foods,Salad Bowl,419,42
M005434,R00726,Pizza,Farmhouse Pizza,226,17
M005435,R00364,North Indian,Butter Naan,126,14
M005436,R00456,North Indian,Paneer Butter Masala,386,40
M005437,R00087,Pizza,Veg Pizza,147,40
M005438,R01158,South Indian,Masala Dosa,400,19
M005439,R00055,Biryani,Veg Biryani,185,20
M005440,R00258,Chinese,Spring Roll,137,18
M005441,R01447,Chinese,Fried Rice,409,23
M005442,R00874,Biryani,Chicken Biryani,245,17
M005443,R00330,Pizza,Margherita Pizza,198,19
M005444,R00234,Pizza,Veg Pizza,478,30
M005445,R01288,Biryani,Paneer Biryani,486,28
M005446,R00594,Biryani,Mutton Biryani,330,20
M005447,R01026,Pizza,Pepperoni Pizza,336,24
M005448,R00431,North Indian,Dal Makhani,495,39
M005449,R00718,North Indian,Butter Naan,558,43
M005450,R00663,Chinese,Fried Rice,130,12
M005451,R00297,Burger,Chicken Burger,581,27
M005452,R01422,South Indian,Pongal,474,14
M005453,R00312,Desserts,Ice Cream,598,37
M005454,R00857,Biryani,Chicken Biryani,598,24
M005455,R00550,Biryani,Chicken Biryani,227,29
M005456,R01113,South Indian,Uttapam,632,40
M005457,R01387,South Indian,Vada,246,11
M005458,R00591,Chinese,Noodles,486,40
M005459,R01376,South Indian,Pongal,172,18
M005460,R00402,Biryani,Mutton Biryani,375,31
M005461,R00104,North Indian,Dal Makhani,682,34
M005462,R00753,Biryani,Mutton Biryani,487,36
M005463,R00275,North Indian,Chole Bhature,540,28
M005464,R00656,South Indian,Uttapam,320,22
M005465,R01484,South Indian,Masala Dosa,474,31
M005466,R00287,Pizza,Farmhouse Pizza,427,23
M005467,R01253,North Indian,Chole Bhature,451,16
M005468,R00281,Biryani,Veg Biryani,330,30
M005469,R00165,Burger,Chicken Burger,565,44
M005470,R00259,South Indian,Vada,687,28
M005471,R00911,South Indian,Uttapam,557,28
M005472,R00547,South Indian,Uttapam,469,24
M005473,R00609,South Indian,Uttapam,96,26
M005474,R00961,Biryani,Mutton Biryani,164,45
M005475,R01117,Biryani,Paneer Biryani,390,26
M005476,R00376,South Indian,Vada,503,44
M005477,R00996,Biryani,Chicken Biryani,614,16
M005478,R00423,Biryani,Veg Biryani,343,22
M005479,R00381,South Indian,Uttapam,463,12
M005480,R01026,Pizza,Margherita Pizza,146,41
M005481,R00867,Pizza,Veg Pizza,509,27
M005482,R00292,Biryani,Mutton Biryani,459,14
M005483,R01350,South Indian,Idli,393,41
M005484,R00097,South Indian,Idli,505,13
M005485,R01360,Biryani,Paneer Biryani,464,31
M005486,R01198,North Indian,Chole Bhature,182,28
M005487,R01376,South Indian,Masala Dosa,676,17
M005488,R00333,Beverages,Lemon Juice,649,42
M005489,R00314,Biryani,Paneer Biryani,380,22
M005490,R00609,South Indian,Uttapam,320,15
M005491,R00650,South Indian,Pongal,473,38
M005492,R00264,Chinese,Noodles,206,22
M005493,R00743,South Indian,Vada,366,29
M005494,R01020,Biryani,Chicken Biryani,534,25
M005495,R00739,South Indian,Vada,175,33
M005496,R01004,South Indian,Masala Dosa,362,32
M005497,R01387,South Indian,Uttapam,398,23
M005498,R01112,Pizza,Margherita Pizza,626,29
M005499,R00242,Healthy Foods,Protein Bowl,597,20
M005500,R00414,South Indian,Uttapam,201,15
M005501,R00600,South Indian,Uttapam,120,44
M005502,R01215,North Indian,Butter Naan,176,41
M005503,R01220,Healthy Foods,Protein Bowl,376,10
M005504,R00231,Burger,Chicken Burger,328,24
M005505,R01454,Chinese,Spring Roll,234,14
M005506,R00092,Chinese,Noodles,612,23
M005507,R00255,South Indian,Pongal,364,37
M005508,R00923,Biryani,Paneer Biryani,607,40
M005509,R01280,Biryani,Chicken Biryani,673,28
M005510,R01249,Chinese,Noodles,524,29
M005511,R00639,Pizza,Farmhouse Pizza,121,44
M005512,R00300,Pizza,Veg Pizza,278,41
M005513,R00242,Healthy Foods,Salad Bowl,298,44
M005514,R00263,Beverages,Cold Coffee,556,40
M005515,R01058,Burger,Veg Burger,366,15
M005516,R01330,Burger,Cheese Burger,463,26
M005517,R00436,Healthy Foods,Grilled Chicken,184,14
M005518,R00373,Pizza,Pepperoni Pizza,437,25
M005519,R00156,South Indian,Vada,140,43
M005520,R00279,Biryani,Veg Biryani,318,43
M005521,R00990,North Indian,Dal Makhani,287,34
M005522,R00986,Burger,Cheese Burger,218,20
M005523,R00174,North Indian,Butter Naan,272,25
M005524,R00739,South Indian,Masala Dosa,397,40
M005525,R00868,Chinese,Noodles,692,44
M005526,R01333,Desserts,Ice Cream,603,35
M005527,R00941,Pizza,Farmhouse Pizza,110,14
M005528,R00195,Biryani,Paneer Biryani,430,15
M005529,R01202,North Indian,Chole Bhature,363,40
M005530,R00151,South Indian,Uttapam,628,43
M005531,R00455,Biryani,Mutton Biryani,318,31
M005532,R00086,Chinese,Noodles,107,23
M005533,R00607,Healthy Foods,Protein Bowl,150,14
M005534,R00173,South Indian,Uttapam,89,40
M005535,R00336,North Indian,Butter Naan,103,20
M005536,R00472,Burger,Chicken Burger,507,32
M005537,R01161,Biryani,Veg Biryani,184,14
M005538,R01444,Desserts,Ice Cream,569,11
M005539,R00360,North Indian,Dal Makhani,86,28
M005540,R00165,Burger,Cheese Burger,592,26
M005541,R00772,Pizza,Pepperoni Pizza,448,32
M005542,R00490,Biryani,Chicken Biryani,571,36
M005543,R01259,North Indian,Dal Makhani,679,31
M005544,R01050,Biryani,Paneer Biryani,390,23
M005545,R01486,North Indian,Chole Bhature,540,31
M005546,R01408,North Indian,Paneer Butter Masala,212,17
M005547,R00471,Chinese,Manchurian,587,45
M005548,R00959,Biryani,Paneer Biryani,391,43
M005549,R00455,Biryani,Paneer Biryani,438,40
M005550,R00604,Pizza,Margherita Pizza,607,33
M005551,R01230,North Indian,Chole Bhature,150,20
M005552,R00744,North Indian,Butter Naan,653,24
M005553,R00873,South Indian,Idli,599,41
M005554,R00219,South Indian,Idli,444,20
M005555,R00888,Healthy Foods,Protein Bowl,364,29
M005556,R01440,Pizza,Pepperoni Pizza,208,17
M005557,R00753,Biryani,Veg Biryani,431,31
M005558,R00394,Biryani,Chicken Biryani,453,18
M005559,R00222,South Indian,Uttapam,274,41
M005560,R00322,Biryani,Mutton Biryani,409,44
M005561,R00101,Chinese,Manchurian,444,17
M005562,R01350,South Indian,Pongal,683,13
M005563,R00739,South Indian,Vada,105,11
M005564,R00420,Burger,Chicken Burger,128,27
M005565,R00252,Chinese,Fried Rice,398,15
M005566,R01094,South Indian,Pongal,484,11
M005567,R00224,Biryani,Mutton Biryani,238,35
M005568,R00669,Healthy Foods,Protein Bowl,92,22
M005569,R00785,South Indian,Masala Dosa,239,44
M005570,R00481,North Indian,Chole Bhature,97,39
M005571,R00215,Desserts,Chocolate Cake,493,17
M005572,R00453,Chinese,Manchurian,545,19
M005573,R00084,Biryani,Veg Biryani,437,25
M005574,R01257,South Indian,Masala Dosa,93,11
M005575,R00500,Pizza,Margherita Pizza,365,24
M005576,R01414,Pizza,Margherita Pizza,294,42
M005577,R01044,South Indian,Masala Dosa,270,33
M005578,R00339,Chinese,Manchurian,692,15
M005579,R01102,Chinese,Fried Rice,112,12
M005580,R00842,South Indian,Idli,390,34
M005581,R00398,Biryani,Mutton Biryani,346,39
M005582,R01331,Chinese,Manchurian,205,21
M005583,R00011,Desserts,Brownie,611,28
M005584,R00686,Chinese,Spring Roll,473,43
M005585,R00551,South Indian,Masala Dosa,336,22
M005586,R01314,South Indian,Idli,460,35
M005587,R00285,North Indian,Butter Naan,587,41
M005588,R00199,North Indian,Dal Makhani,608,32
M005589,R00462,South Indian,Uttapam,400,37
M005590,R00861,Pizza,Farmhouse Pizza,230,15
M005591,R01376,South Indian,Idli,430,20
M005592,R00714,North Indian,Paneer Butter Masala,181,30
M005593,R01347,North Indian,Butter Naan,339,37
M005594,R00350,Biryani,Chicken Biryani,467,14
M005595,R01030,Desserts,Ice Cream,665,44
M005596,R01389,Biryani,Chicken Biryani,401,38
M005597,R00454,South Indian,Vada,688,12
M005598,R00690,South Indian,Idli,403,20
M005599,R01150,Pizza,Pepperoni Pizza,526,32
M005600,R00908,North Indian,Paneer Butter Masala,634,36
M005601,R00164,Biryani,Chicken Biryani,638,15
M005602,R00625,Chinese,Spring Roll,283,31
M005603,R00332,Biryani,Mutton Biryani,89,37
M005604,R00055,Biryani,Mutton Biryani,558,20
M005605,R01154,Biryani,Chicken Biryani,549,11
M005606,R01090,South Indian,Uttapam,439,20
M005607,R00912,Chinese,Spring Roll,428,41
M005608,R00045,Desserts,Chocolate Cake,567,41
M005609,R00964,Biryani,Mutton Biryani,547,42
M005610,R00160,South Indian,Idli,401,41
M005611,R01011,South Indian,Idli,303,27
M005612,R01157,North Indian,Paneer Butter Masala,147,28
M005613,R00316,South Indian,Idli,473,20
M005614,R00364,North Indian,Dal Makhani,486,30
M005615,R00238,South Indian,Idli,295,29
M005616,R00546,North Indian,Chole Bhature,352,19
M005617,R01385,Chinese,Manchurian,535,19
M005618,R00472,Burger,Cheese Burger,342,34
M005619,R01314,South Indian,Idli,673,36
M005620,R00308,North Indian,Paneer Butter Masala,684,11
M005621,R00170,North Indian,Dal Makhani,221,23
M005622,R00191,Pizza,Veg Pizza,492,16
M005623,R00272,Chinese,Fried Rice,661,23
M005624,R00361,North Indian,Butter Naan,321,40
M005625,R00956,Healthy Foods,Grilled Chicken,85,17
M005626,R00278,South Indian,Uttapam,168,19
M005627,R00366,Chinese,Fried Rice,260,30
M005628,R00450,South Indian,Pongal,325,25
M005629,R01375,Burger,Veg Burger,496,29
M005630,R00189,Biryani,Mutton Biryani,354,20
M005631,R00797,Burger,Veg Burger,388,20
M005632,R01206,Chinese,Manchurian,561,14
M005633,R00267,South Indian,Pongal,161,30
M005634,R00232,Biryani,Chicken Biryani,607,43
M005635,R00954,Beverages,Mojito,215,21
M005636,R01306,Healthy Foods,Salad Bowl,500,19
M005637,R00971,North Indian,Dal Makhani,617,35
M005638,R00368,South Indian,Pongal,603,29
M005639,R01031,South Indian,Uttapam,262,17
M005640,R00269,South Indian,Uttapam,470,45
M005641,R00438,Desserts,Chocolate Cake,629,39
M005642,R01446,North Indian,Paneer Butter Masala,249,23
M005643,R01324,South Indian,Pongal,432,40
M005644,R00968,Biryani,Mutton Biryani,547,45
M005645,R01480,Biryani,Paneer Biryani,286,39
M005646,R00673,Burger,Cheese Burger,121,40
M005647,R00825,North Indian,Chole Bhature,581,36
M005648,R00695,South Indian,Idli,618,24
M005649,R00949,Healthy Foods,Grilled Chicken,470,20
M005650,R00380,Healthy Foods,Salad Bowl,506,24
M005651,R00729,North Indian,Dal Makhani,292,34
M005652,R00861,Pizza,Farmhouse Pizza,156,39
M005653,R00714,North Indian,Paneer Butter Masala,480,11
M005654,R00523,Chinese,Fried Rice,576,34
M005655,R00805,North Indian,Chole Bhature,554,11
M005656,R00362,South Indian,Idli,331,12
M005657,R00625,Chinese,Fried Rice,510,39
M005658,R00627,North Indian,Chole Bhature,338,23
M005659,R00936,Biryani,Mutton Biryani,586,14
M005660,R01028,North Indian,Chole Bhature,290,14
M005661,R00586,Biryani,Veg Biryani,400,27
M005662,R00834,Healthy Foods,Salad Bowl,249,25
M005663,R00710,Biryani,Paneer Biryani,222,15
M005664,R01391,South Indian,Vada,478,14
M005665,R01258,Desserts,Brownie,420,36
M005666,R00848,South Indian,Uttapam,196,10
M005667,R01159,Pizza,Pepperoni Pizza,144,41
M005668,R00253,Pizza,Farmhouse Pizza,537,44
M005669,R00464,Pizza,Veg Pizza,693,37
M005670,R00130,South Indian,Idli,481,12
M005671,R00440,South Indian,Masala Dosa,187,13
M005672,R01296,Burger,Cheese Burger,653,37
M005673,R00030,Pizza,Veg Pizza,457,17
M005674,R01020,Biryani,Chicken Biryani,418,33
M005675,R00084,Biryani,Mutton Biryani,460,32
M005676,R00552,North Indian,Chole Bhature,189,29
M005677,R00675,South Indian,Masala Dosa,358,37
M005678,R00500,Pizza,Pepperoni Pizza,573,21
M005679,R00610,Pizza,Pepperoni Pizza,279,43
M005680,R00326,Chinese,Manchurian,615,43
M005681,R01276,South Indian,Masala Dosa,200,40
M005682,R00094,Biryani,Paneer Biryani,397,37
M005683,R00250,South Indian,Idli,686,14
M005684,R00955,Burger,Cheese Burger,456,33
M005685,R00859,North Indian,Butter Naan,262,23
M005686,R01405,Chinese,Noodles,328,38
M005687,R01090,South Indian,Masala Dosa,694,11
M005688,R01272,Biryani,Mutton Biryani,511,36
M005689,R01336,Burger,Veg Burger,105,45
M005690,R00082,South Indian,Uttapam,412,37
M005691,R01177,South Indian,Pongal,416,41
M005692,R00992,Pizza,Farmhouse Pizza,571,18
M005693,R00055,Biryani,Veg Biryani,343,21
M005694,R01216,South Indian,Vada,421,20
M005695,R00676,South Indian,Masala Dosa,550,45
M005696,R00515,South Indian,Uttapam,512,25
M005697,R01084,South Indian,Uttapam,436,39
M005698,R01056,Burger,Chicken Burger,230,25
M005699,R00788,South Indian,Pongal,219,22
M005700,R01250,South Indian,Uttapam,611,14
M005701,R00784,Burger,Chicken Burger,174,23
M005702,R01185,North Indian,Paneer Butter Masala,580,30
M005703,R00237,Biryani,Mutton Biryani,280,19
M005704,R01026,Pizza,Margherita Pizza,168,37
M005705,R01358,Biryani,Paneer Biryani,438,25
M005706,R00924,South Indian,Vada,667,21
M005707,R01428,Burger,Chicken Burger,650,10
M005708,R00292,Biryani,Mutton Biryani,672,13
M005709,R01245,Pizza,Veg Pizza,515,30
M005710,R00113,Pizza,Pepperoni Pizza,624,28
M005711,R00804,Desserts,Brownie,390,43
M005712,R00249,North Indian,Butter Naan,422,18
M005713,R00338,North Indian,Paneer Butter Masala,446,36
M005714,R01467,Desserts,Ice Cream,547,15
M005715,R00190,Chinese,Manchurian,310,40
M005716,R01075,Burger,Chicken Burger,449,41
M005717,R00710,Biryani,Paneer Biryani,275,17
M005718,R01483,Burger,Cheese Burger,197,14
M005719,R00671,Pizza,Farmhouse Pizza,223,12
M005720,R00535,Chinese,Spring Roll,120,36
M005721,R01285,Desserts,Chocolate Cake,520,10
M005722,R01239,Chinese,Manchurian,561,18
M005723,R00616,South Indian,Idli,97,13
M005724,R01241,North Indian,Dal Makhani,576,23
M005725,R01259,North Indian,Dal Makhani,157,40
M005726,R00025,North Indian,Chole Bhature,528,14
M005727,R01220,Healthy Foods,Salad Bowl,614,37
M005728,R00584,North Indian,Paneer Butter Masala,616,13
M005729,R00748,South Indian,Vada,354,22
M005730,R01162,Biryani,Veg Biryani,94,30
M005731,R01301,Burger,Veg Burger,184,21
M005732,R01265,Pizza,Margherita Pizza,618,37
M005733,R00859,North Indian,Paneer Butter Masala,536,10
M005734,R00614,Biryani,Paneer Biryani,119,20
M005735,R00874,Biryani,Mutton Biryani,694,16
M005736,R00595,North Indian,Butter Naan,474,13
M005737,R00863,South Indian,Vada,157,19
M005738,R00034,Pizza,Veg Pizza,546,31
M005739,R00919,Healthy Foods,Salad Bowl,232,30
M005740,R01007,South Indian,Pongal,223,38
M005741,R00501,South Indian,Pongal,98,40
M005742,R00981,Burger,Veg Burger,237,19
M005743,R01233,Biryani,Paneer Biryani,232,41
M005744,R00719,South Indian,Masala Dosa,174,23
M005745,R01107,Biryani,Mutton Biryani,680,40
M005746,R01342,Biryani,Chicken Biryani,557,43
M005747,R00280,Healthy Foods,Protein Bowl,90,28
M005748,R01459,Biryani,Mutton Biryani,483,26
M005749,R00179,Pizza,Margherita Pizza,277,29
M005750,R00547,South Indian,Pongal,100,32
M005751,R00252,Chinese,Fried Rice,516,27
M005752,R00317,Desserts,Chocolate Cake,475,37
M005753,R01488,North Indian,Chole Bhature,602,45
M005754,R00554,Pizza,Farmhouse Pizza,266,44
M005755,R00849,North Indian,Butter Naan,531,42
M005756,R01339,South Indian,Pongal,377,35
M005757,R00269,South Indian,Masala Dosa,634,11
M005758,R00951,Burger,Veg Burger,260,43
M005759,R00543,North Indian,Butter Naan,205,19
M005760,R00539,Pizza,Farmhouse Pizza,261,45
M005761,R01258,Desserts,Ice Cream,341,43
M005762,R00393,Chinese,Noodles,99,39
M005763,R01250,South Indian,Idli,420,34
M005764,R00988,Biryani,Veg Biryani,193,43
M005765,R00917,North Indian,Paneer Butter Masala,154,45
M005766,R00277,South Indian,Uttapam,575,11
M005767,R00117,South Indian,Masala Dosa,206,22
M005768,R00114,Burger,Veg Burger,696,42
M005769,R00620,North Indian,Paneer Butter Masala,606,17
M005770,R00243,Burger,Cheese Burger,389,32
M005771,R00747,Biryani,Paneer Biryani,157,22
M005772,R00166,Healthy Foods,Protein Bowl,144,13
M005773,R00386,Burger,Veg Burger,336,17
M005774,R01365,North Indian,Chole Bhature,128,38
M005775,R00620,North Indian,Chole Bhature,179,40
M005776,R00729,North Indian,Paneer Butter Masala,164,14
M005777,R01153,Biryani,Paneer Biryani,544,13
M005778,R00744,North Indian,Butter Naan,311,37
M005779,R01196,Burger,Cheese Burger,631,28
M005780,R00245,Biryani,Paneer Biryani,402,22
M005781,R00912,Chinese,Spring Roll,529,35
M005782,R00328,Biryani,Veg Biryani,82,44
M005783,R01103,South Indian,Vada,607,17
M005784,R00355,Burger,Cheese Burger,224,22
M005785,R00310,Pizza,Farmhouse Pizza,251,43
M005786,R01280,Biryani,Mutton Biryani,617,15
M005787,R00616,South Indian,Vada,481,12
M005788,R00394,Biryani,Mutton Biryani,291,14
M005789,R01043,Burger,Veg Burger,642,15
M005790,R00917,North Indian,Paneer Butter Masala,125,22
M005791,R00694,North Indian,Butter Naan,698,25
M005792,R00336,North Indian,Paneer Butter Masala,465,39
M005793,R01085,North Indian,Dal Makhani,187,33
M005794,R01410,South Indian,Masala Dosa,84,23
M005795,R00864,Biryani,Mutton Biryani,337,45
M005796,R00889,South Indian,Uttapam,476,43
M005797,R00544,Biryani,Veg Biryani,213,21
M005798,R01361,South Indian,Masala Dosa,455,43
M005799,R00171,South Indian,Pongal,142,17
M005800,R00878,Biryani,Mutton Biryani,614,25
M005801,R00024,Desserts,Brownie,582,43
M005802,R01403,South Indian,Pongal,313,35
M005803,R00225,Burger,Chicken Burger,562,29
M005804,R00415,South Indian,Idli,542,33
M005805,R00511,Healthy Foods,Grilled Chicken,372,10
M005806,R01395,South Indian,Vada,283,36
M005807,R00573,North Indian,Paneer Butter Masala,242,38
M005808,R00217,Healthy Foods,Grilled Chicken,185,35
M005809,R00294,North Indian,Paneer Butter Masala,685,35
M005810,R00396,Burger,Veg Burger,629,20
M005811,R00648,Chinese,Fried Rice,511,34
M005812,R01382,Pizza,Pepperoni Pizza,670,15
M005813,R00354,North Indian,Paneer Butter Masala,492,33
M005814,R00628,Desserts,Chocolate Cake,670,34
M005815,R00674,North Indian,Chole Bhature,130,28
M005816,R00557,Chinese,Manchurian,510,41
M005817,R00122,South Indian,Vada,413,17
M005818,R01213,South Indian,Vada,481,43
M005819,R00512,Biryani,Mutton Biryani,378,38
M005820,R00604,Pizza,Farmhouse Pizza,568,21
M005821,R01274,Burger,Veg Burger,402,42
M005822,R01114,Biryani,Paneer Biryani,242,37
M005823,R00129,Burger,Chicken Burger,506,35
M005824,R01399,North Indian,Dal Makhani,303,31
M005825,R00879,South Indian,Masala Dosa,166,14
M005826,R00174,North Indian,Chole Bhature,337,41
M005827,R00842,South Indian,Vada,106,23
M005828,R01255,Biryani,Paneer Biryani,453,45
M005829,R00252,Chinese,Spring Roll,461,20
M005830,R00638,North Indian,Chole Bhature,582,42
M005831,R00912,Chinese,Noodles,96,40
M005832,R01314,South Indian,Masala Dosa,574,32
M005833,R00040,South Indian,Pongal,431,22
M005834,R00076,Burger,Cheese Burger,427,37
M005835,R00115,Pizza,Pepperoni Pizza,388,39
M005836,R00121,North Indian,Dal Makhani,366,29
M005837,R00710,Biryani,Veg Biryani,665,36
M005838,R00581,South Indian,Uttapam,274,25
M005839,R01110,South Indian,Pongal,618,32
M005840,R00796,Biryani,Veg Biryani,320,24
M005841,R00670,Burger,Cheese Burger,600,45
M005842,R00199,North Indian,Butter Naan,107,44
M005843,R01360,Biryani,Veg Biryani,647,10
M005844,R00936,Biryani,Chicken Biryani,482,38
M005845,R00355,Burger,Veg Burger,651,43
M005846,R00580,North Indian,Butter Naan,352,12
M005847,R00753,Biryani,Paneer Biryani,504,31
M005848,R01182,South Indian,Pongal,575,22
M005849,R01080,Pizza,Pepperoni Pizza,361,23
M005850,R01112,Pizza,Veg Pizza,162,16
M005851,R00802,Biryani,Paneer Biryani,525,33
M005852,R00748,South Indian,Idli,431,35
M005853,R00706,Pizza,Farmhouse Pizza,479,20
M005854,R00494,Burger,Chicken Burger,341,15
M005855,R00563,Chinese,Noodles,148,27
M005856,R00027,Burger,Veg Burger,294,30
M005857,R00241,Biryani,Paneer Biryani,612,31
M005858,R01215,North Indian,Paneer Butter Masala,664,29
M005859,R01360,Biryani,Veg Biryani,449,15
M005860,R00560,Pizza,Margherita Pizza,249,32
M005861,R00969,North Indian,Chole Bhature,269,15
M005862,R00016,South Indian,Uttapam,516,15
M005863,R00409,South Indian,Idli,505,22
M005864,R01449,South Indian,Idli,386,33
M005865,R00251,Biryani,Veg Biryani,469,32
M005866,R00490,Biryani,Paneer Biryani,265,32
M005867,R00393,Chinese,Manchurian,461,36
M005868,R00300,Pizza,Margherita Pizza,177,20
M005869,R00851,Chinese,Manchurian,263,16
M005870,R01100,Biryani,Paneer Biryani,636,33
M005871,R00674,North Indian,Dal Makhani,169,19
M005872,R01132,South Indian,Idli,333,41
M005873,R00092,Chinese,Noodles,211,42
M005874,R00363,North Indian,Dal Makhani,154,24
M005875,R00122,South Indian,Pongal,687,13
M005876,R01470,Biryani,Paneer Biryani,215,16
M005877,R01446,North Indian,Dal Makhani,662,28
M005878,R01215,North Indian,Paneer Butter Masala,478,15
M005879,R01396,Chinese,Spring Roll,605,28
M005880,R01338,Biryani,Mutton Biryani,247,40
M005881,R00309,Biryani,Mutton Biryani,696,39
M005882,R00927,North Indian,Dal Makhani,662,17
M005883,R00172,Chinese,Noodles,554,13
M005884,R00697,South Indian,Idli,541,41
M005885,R00544,Biryani,Veg Biryani,648,26
M005886,R00400,Burger,Chicken Burger,579,12
M005887,R01029,South Indian,Uttapam,365,42
M005888,R00444,Biryani,Veg Biryani,559,20
M005889,R01139,Biryani,Mutton Biryani,521,13
M005890,R00705,Chinese,Spring Roll,343,29
M005891,R00398,Biryani,Mutton Biryani,240,45
M005892,R00219,South Indian,Uttapam,407,28
M005893,R01320,Biryani,Mutton Biryani,397,10
M005894,R00713,Healthy Foods,Salad Bowl,201,45
M005895,R01203,Burger,Veg Burger,96,26
M005896,R01411,Healthy Foods,Protein Bowl,283,20
M005897,R00074,North Indian,Paneer Butter Masala,675,11
M005898,R00656,South Indian,Uttapam,199,36
M005899,R00557,Chinese,Fried Rice,116,16
M005900,R00890,South Indian,Masala Dosa,447,17
M005901,R01208,South Indian,Uttapam,467,45
M005902,R00526,North Indian,Dal Makhani,466,32
M005903,R01257,South Indian,Uttapam,122,39
M005904,R00776,North Indian,Paneer Butter Masala,427,34
M005905,R00980,Biryani,Mutton Biryani,196,34
M005906,R01420,Biryani,Paneer Biryani,412,16
M005907,R00592,Chinese,Noodles,412,11
M005908,R00318,Burger,Veg Burger,691,28
M005909,R00584,North Indian,Dal Makhani,306,45
M005910,R00780,Biryani,Chicken Biryani,696,19
M005911,R00526,North Indian,Butter Naan,569,17
M005912,R00071,South Indian,Uttapam,443,38
M005913,R00806,South Indian,Uttapam,538,10
M005914,R00275,North Indian,Paneer Butter Masala,675,33
M005915,R00410,Biryani,Veg Biryani,358,19
M005916,R00157,Chinese,Fried Rice,580,22
M005917,R01482,Biryani,Mutton Biryani,576,21
M005918,R00114,Burger,Chicken Burger,255,10
M005919,R00580,North Indian,Butter Naan,566,24
M005920,R01229,Biryani,Chicken Biryani,229,14
M005921,R00608,Chinese,Manchurian,101,12
M005922,R00322,Biryani,Mutton Biryani,462,12
M005923,R00823,North Indian,Butter Naan,496,18
M005924,R00467,South Indian,Masala Dosa,439,12
M005925,R00663,Chinese,Spring Roll,166,21
M005926,R00229,North Indian,Butter Naan,473,42
M005927,R00729,North Indian,Dal Makhani,576,39
M005928,R00050,Chinese,Manchurian,339,29
M005929,R00626,Biryani,Chicken Biryani,552,38
M005930,R00199,North Indian,Butter Naan,423,18
M005931,R01075,Burger,Veg Burger,372,33
M005932,R00158,Biryani,Paneer Biryani,243,27
M005933,R01023,Biryani,Mutton Biryani,330,44
M005934,R01137,Biryani,Paneer Biryani,414,22
M005935,R01482,Biryani,Chicken Biryani,444,29
M005936,R00084,Biryani,Veg Biryani,466,36
M005937,R00207,Healthy Foods,Protein Bowl,297,24
M005938,R00747,Biryani,Paneer Biryani,575,15
M005939,R00097,South Indian,Pongal,389,13
M005940,R00993,North Indian,Paneer Butter Masala,401,45
M005941,R00032,Beverages,Lemon Juice,423,35
M005942,R01076,Healthy Foods,Salad Bowl,476,11
M005943,R00344,South Indian,Pongal,300,27
M005944,R00994,South Indian,Masala Dosa,276,28
M005945,R00583,Healthy Foods,Grilled Chicken,661,18
M005946,R01401,South Indian,Idli,133,16
M005947,R00242,Healthy Foods,Protein Bowl,697,29
M005948,R00315,Desserts,Ice Cream,473,11
M005949,R00979,Chinese,Noodles,98,37
M005950,R00680,Chinese,Fried Rice,269,25
M005951,R00936,Biryani,Chicken Biryani,132,34
M005952,R00633,South Indian,Idli,162,45
M005953,R01317,Pizza,Farmhouse Pizza,216,16
M005954,R01497,Biryani,Veg Biryani,430,17
M005955,R00264,Chinese,Manchurian,357,34
M005956,R00071,South Indian,Pongal,699,40
M005957,R01057,Burger,Chicken Burger,341,14
M005958,R01070,Burger,Cheese Burger,658,35
M005959,R00641,South Indian,Masala Dosa,336,19
M005960,R00504,South Indian,Pongal,351,14
M005961,R00583,Healthy Foods,Salad Bowl,691,11
M005962,R00048,Pizza,Pepperoni Pizza,370,41
M005963,R00237,Biryani,Mutton Biryani,461,31
M005964,R01148,North Indian,Chole Bhature,534,16
M005965,R00589,Pizza,Veg Pizza,478,37
M005966,R00612,North Indian,Paneer Butter Masala,419,42
M005967,R01332,Burger,Veg Burger,107,21
M005968,R00508,South Indian,Idli,585,30
M005969,R00616,South Indian,Uttapam,445,11
M005970,R01073,Pizza,Farmhouse Pizza,85,22
M005971,R00897,Burger,Cheese Burger,89,26
M005972,R00003,North Indian,Paneer Butter Masala,360,10
M005973,R01290,Pizza,Farmhouse Pizza,660,21
M005974,R01111,South Indian,Uttapam,678,14
M005975,R01293,Chinese,Spring Roll,389,24
M005976,R00032,Beverages,Cold Coffee,114,15
M005977,R00173,South Indian,Uttapam,518,40
M005978,R00551,South Indian,Pongal,123,33
M005979,R00479,South Indian,Pongal,265,43
M005980,R00322,Biryani,Veg Biryani,468,12
M005981,R00440,South Indian,Masala Dosa,575,19
M005982,R01058,Burger,Veg Burger,296,41
M005983,R00320,South Indian,Pongal,571,19
M005984,R01027,Biryani,Chicken Biryani,324,29
M005985,R01479,Healthy Foods,Grilled Chicken,699,30
M005986,R01152,Biryani,Chicken Biryani,342,40
M005987,R00360,North Indian,Paneer Butter Masala,675,23
M005988,R00922,Biryani,Paneer Biryani,352,23
M005989,R00172,Chinese,Noodles,474,23
M005990,R00067,Biryani,Paneer Biryani,559,33
M005991,R01018,North Indian,Paneer Butter Masala,376,38
M005992,R01246,South Indian,Uttapam,596,42
M005993,R00751,Chinese,Fried Rice,397,28
M005994,R00401,Chinese,Noodles,226,35
M005995,R00558,Pizza,Pepperoni Pizza,375,31
M005996,R00922,Biryani,Mutton Biryani,97,35
M005997,R00633,South Indian,Vada,623,19
M005998,R00476,North Indian,Dal Makhani,547,27
M005999,R00356,South Indian,Idli,85,21
M006000,R00388,North Indian,Dal Makhani,478,26
M006001,R01164,Desserts,Brownie,362,38
M006002,R01359,Healthy Foods,Salad Bowl,359,37
M006003,R01022,North Indian,Paneer Butter Masala,200,10
M006004,R00820,Biryani,Veg Biryani,413,33
M006005,R00676,South Indian,Idli,606,20
M006006,R00811,South Indian,Pongal,466,32
M006007,R01186,Biryani,Mutton Biryani,664,30
M006008,R01486,North Indian,Paneer Butter Masala,412,34
M006009,R00597,Healthy Foods,Grilled Chicken,541,37
M006010,R01112,Pizza,Farmhouse Pizza,406,44
M006011,R00909,North Indian,Butter Naan,311,12
M006012,R01040,Burger,Veg Burger,551,42
M006013,R00154,Desserts,Brownie,700,38
M006014,R00044,Biryani,Chicken Biryani,231,23
M006015,R01037,Healthy Foods,Salad Bowl,326,17
M006016,R00945,South Indian,Uttapam,513,22
M006017,R00105,Chinese,Spring Roll,676,36
M006018,R01145,Burger,Veg Burger,337,24
M006019,R01190,Biryani,Mutton Biryani,335,42
M006020,R00372,Burger,Chicken Burger,441,41
M006021,R01356,South Indian,Idli,475,23
M006022,R00961,Biryani,Paneer Biryani,125,19
M006023,R00364,North Indian,Dal Makhani,544,21
M006024,R00246,Desserts,Ice Cream,671,44
M006025,R00776,North Indian,Butter Naan,87,15
M006026,R00452,South Indian,Vada,199,42
M006027,R01048,South Indian,Uttapam,387,12
M006028,R00536,Desserts,Chocolate Cake,605,13
M006029,R00324,North Indian,Paneer Butter Masala,503,45
M006030,R00997,North Indian,Chole Bhature,92,41
M006031,R01177,South Indian,Uttapam,296,12
M006032,R00984,North Indian,Butter Naan,399,11
M006033,R00580,North Indian,Paneer Butter Masala,488,11
M006034,R00854,Biryani,Veg Biryani,238,29
M006035,R00218,Biryani,Mutton Biryani,111,11
M006036,R00190,Chinese,Spring Roll,644,24
M006037,R01442,South Indian,Idli,395,24
M006038,R01069,North Indian,Dal Makhani,199,25
M006039,R00022,South Indian,Uttapam,446,14
M006040,R00353,Pizza,Margherita Pizza,621,43
M006041,R00381,South Indian,Masala Dosa,633,38
M006042,R00933,South Indian,Masala Dosa,116,26
M006043,R00426,Burger,Veg Burger,188,27
M006044,R01295,Pizza,Farmhouse Pizza,664,22
M006045,R00337,South Indian,Masala Dosa,85,15
M006046,R00305,Pizza,Margherita Pizza,431,15
M006047,R00063,Burger,Veg Burger,117,25
M006048,R01494,Chinese,Noodles,348,20
M006049,R00898,Beverages,Mojito,638,27
M006050,R00097,South Indian,Idli,136,39
M006051,R01427,Healthy Foods,Protein Bowl,552,36
M006052,R00266,Healthy Foods,Salad Bowl,448,36
M006053,R01108,North Indian,Chole Bhature,512,30
M006054,R00796,Biryani,Veg Biryani,500,41
M006055,R01308,North Indian,Paneer Butter Masala,247,12
M006056,R00372,Burger,Cheese Burger,282,12
M006057,R00276,South Indian,Pongal,348,37
M006058,R00162,South Indian,Masala Dosa,688,23
M006059,R00322,Biryani,Paneer Biryani,355,41
M006060,R00904,Biryani,Paneer Biryani,360,36
M006061,R01017,Biryani,Veg Biryani,323,39
M006062,R00297,Burger,Veg Burger,180,27
M006063,R01307,Biryani,Paneer Biryani,436,42
M006064,R00704,South Indian,Uttapam,136,42
M006065,R00323,Pizza,Farmhouse Pizza,317,45
M006066,R00884,Chinese,Fried Rice,275,22
M006067,R00370,Healthy Foods,Salad Bowl,408,14
M006068,R01122,Chinese,Spring Roll,470,11
M006069,R00633,South Indian,Vada,247,21
M006070,R00610,Pizza,Farmhouse Pizza,427,24
M006071,R00731,South Indian,Pongal,238,34
M006072,R00410,Biryani,Chicken Biryani,88,44
M006073,R00157,Chinese,Manchurian,186,45
M006074,R00195,Biryani,Veg Biryani,219,25
M006075,R00701,North Indian,Butter Naan,606,12
M006076,R00125,Pizza,Farmhouse Pizza,133,43
M006077,R00455,Biryani,Paneer Biryani,185,17
M006078,R01210,Biryani,Veg Biryani,108,40
M006079,R00752,Burger,Cheese Burger,152,39
M006080,R00585,North Indian,Butter Naan,366,41
M006081,R00273,Biryani,Chicken Biryani,466,19
M006082,R01340,North Indian,Butter Naan,652,15
M006083,R00413,South Indian,Pongal,699,26
M006084,R00866,North Indian,Dal Makhani,523,11
M006085,R01473,South Indian,Pongal,200,13
M006086,R00930,Biryani,Chicken Biryani,218,18
M006087,R00468,Healthy Foods,Salad Bowl,248,44
M006088,R00985,South Indian,Vada,644,24
M006089,R00079,Healthy Foods,Grilled Chicken,443,38
M006090,R00611,Beverages,Mojito,131,29
M006091,R01040,Burger,Chicken Burger,262,30
M006092,R00242,Healthy Foods,Grilled Chicken,364,31
M006093,R00145,South Indian,Pongal,532,40
M006094,R00580,North Indian,Paneer Butter Masala,392,19
M006095,R00131,South Indian,Idli,276,16
M006096,R01132,South Indian,Masala Dosa,252,31
M006097,R00940,Beverages,Lemon Juice,264,10
M006098,R00897,Burger,Veg Burger,253,40
M006099,R00816,Biryani,Veg Biryani,514,45
M006100,R01167,Pizza,Pepperoni Pizza,269,17
M006101,R01288,Biryani,Chicken Biryani,538,15
M006102,R00178,Chinese,Fried Rice,513,43
M006103,R00311,Biryani,Chicken Biryani,550,31
M006104,R00762,Burger,Veg Burger,239,18
M006105,R00851,Chinese,Fried Rice,437,43
M006106,R01343,Beverages,Mojito,213,44
M006107,R00596,Biryani,Veg Biryani,480,45
M006108,R00235,North Indian,Butter Naan,612,20
M006109,R00399,South Indian,Vada,570,31
M006110,R00925,Biryani,Mutton Biryani,154,13
M006111,R00245,Biryani,Mutton Biryani,287,28
M006112,R01325,North Indian,Chole Bhature,474,12
M006113,R01046,North Indian,Paneer Butter Masala,656,31
M006114,R00705,Chinese,Noodles,620,29
M006115,R00561,Biryani,Mutton Biryani,392,15
M006116,R01183,Biryani,Paneer Biryani,368,25
M006117,R00202,Biryani,Mutton Biryani,667,38
M006118,R01359,Healthy Foods,Grilled Chicken,543,45
M006119,R00268,South Indian,Vada,335,26
M006120,R01010,North Indian,Butter Naan,379,33
M006121,R01170,South Indian,Uttapam,396,21
M006122,R00209,North Indian,Dal Makhani,205,33
M006123,R01440,Pizza,Pepperoni Pizza,203,30
M006124,R01446,North Indian,Paneer Butter Masala,324,45
M006125,R01206,Chinese,Manchurian,389,38
M006126,R01348,Healthy Foods,Salad Bowl,469,30
M006127,R00058,Burger,Veg Burger,611,32
M006128,R00292,Biryani,Mutton Biryani,637,23
M006129,R00422,Chinese,Manchurian,626,24
M006130,R01497,Biryani,Veg Biryani,212,37
M006131,R00516,South Indian,Masala Dosa,283,22
M006132,R00719,South Indian,Idli,297,26
M006133,R00071,South Indian,Idli,190,28
M006134,R00055,Biryani,Paneer Biryani,400,42
M006135,R01423,North Indian,Chole Bhature,413,41
M006136,R01050,Biryani,Paneer Biryani,620,20
M006137,R00739,South Indian,Vada,326,22
M006138,R01142,Pizza,Farmhouse Pizza,535,36
M006139,R00755,North Indian,Paneer Butter Masala,694,42
M006140,R00665,South Indian,Masala Dosa,684,15
M006141,R00463,South Indian,Idli,178,34
M006142,R00260,South Indian,Pongal,268,28
M006143,R00717,North Indian,Chole Bhature,186,27
M006144,R00250,South Indian,Pongal,162,31
M006145,R00419,Burger,Veg Burger,359,29
M006146,R00807,Chinese,Spring Roll,339,28
M006147,R00708,Biryani,Mutton Biryani,200,22
M006148,R01147,Burger,Chicken Burger,439,38
M006149,R00869,North Indian,Chole Bhature,463,34
M006150,R00309,Biryani,Paneer Biryani,611,14
M006151,R00025,North Indian,Chole Bhature,674,33
M006152,R00318,Burger,Chicken Burger,213,44
M006153,R00292,Biryani,Veg Biryani,156,29
M006154,R00827,Biryani,Chicken Biryani,591,24
M006155,R00327,Biryani,Paneer Biryani,218,10
M006156,R00336,North Indian,Paneer Butter Masala,563,20
M006157,R00362,South Indian,Uttapam,624,41
M006158,R00991,North Indian,Chole Bhature,407,32
M006159,R01348,Healthy Foods,Grilled Chicken,288,43
M006160,R01172,Biryani,Veg Biryani,173,17
M006161,R00251,Biryani,Mutton Biryani,572,45
M006162,R00687,Burger,Veg Burger,525,11
M006163,R00029,Biryani,Mutton Biryani,215,40
M006164,R00257,North Indian,Paneer Butter Masala,296,20
M006165,R00254,Biryani,Paneer Biryani,368,43
M006166,R01060,Burger,Chicken Burger,516,13
M006167,R00770,Biryani,Veg Biryani,483,24
M006168,R00046,North Indian,Butter Naan,511,37
M006169,R00484,Chinese,Fried Rice,583,42
M006170,R00307,South Indian,Pongal,176,12
M006171,R00091,Pizza,Margherita Pizza,671,10
M006172,R00159,Biryani,Veg Biryani,444,39
M006173,R00786,South Indian,Uttapam,240,42
M006174,R00878,Biryani,Mutton Biryani,397,45
M006175,R01240,Chinese,Fried Rice,519,35
M006176,R00143,Healthy Foods,Protein Bowl,434,28
M006177,R01261,Chinese,Fried Rice,278,25
M006178,R00982,Burger,Chicken Burger,384,15
M006179,R00595,North Indian,Paneer Butter Masala,525,43
M006180,R00674,North Indian,Paneer Butter Masala,118,43
M006181,R01342,Biryani,Veg Biryani,389,10
M006182,R00619,Biryani,Chicken Biryani,250,18
M006183,R00559,North Indian,Butter Naan,611,42
M006184,R01109,North Indian,Chole Bhature,282,39
M006185,R00615,South Indian,Masala Dosa,146,25
M006186,R01279,North Indian,Paneer Butter Masala,495,15
M006187,R01460,Burger,Chicken Burger,590,28
M006188,R00146,South Indian,Pongal,451,42
M006189,R00949,Healthy Foods,Salad Bowl,222,42
M006190,R01329,South Indian,Masala Dosa,364,25
M006191,R01144,Chinese,Spring Roll,181,25
M006192,R00939,South Indian,Uttapam,672,33
M006193,R01500,North Indian,Chole Bhature,658,15
M006194,R00709,Chinese,Manchurian,207,13
M006195,R01447,Chinese,Fried Rice,639,37
M006196,R00349,South Indian,Idli,313,39
M006197,R00314,Biryani,Paneer Biryani,276,36
M006198,R00067,Biryani,Chicken Biryani,250,40
M006199,R00580,North Indian,Dal Makhani,674,26
M006200,R00461,Biryani,Veg Biryani,686,31
M006201,R00810,North Indian,Dal Makhani,484,16
M006202,R00699,South Indian,Idli,367,14
M006203,R00929,Pizza,Farmhouse Pizza,552,21
M006204,R00717,North Indian,Butter Naan,279,22
M006205,R01497,Biryani,Paneer Biryani,589,19
M006206,R01315,Chinese,Spring Roll,181,35
M006207,R00555,Healthy Foods,Salad Bowl,453,18
M006208,R01242,South Indian,Uttapam,148,11
M006209,R00791,Biryani,Mutton Biryani,680,16
M006210,R00034,Pizza,Margherita Pizza,366,42
M006211,R00548,Burger,Cheese Burger,591,21
M006212,R00544,Biryani,Paneer Biryani,659,20
M006213,R00227,Biryani,Chicken Biryani,287,23
M006214,R01086,Pizza,Farmhouse Pizza,122,38
M006215,R01220,Healthy Foods,Grilled Chicken,518,42
M006216,R00901,South Indian,Uttapam,377,11
M006217,R00268,South Indian,Uttapam,244,38
M006218,R01416,North Indian,Paneer Butter Masala,289,16
M006219,R01053,Biryani,Mutton Biryani,695,30
M006220,R00088,Biryani,Veg Biryani,669,24
M006221,R00086,Chinese,Noodles,570,32
M006222,R00096,Biryani,Mutton Biryani,154,37
M006223,R00399,South Indian,Vada,391,22
M006224,R00596,Biryani,Mutton Biryani,556,30
M006225,R00375,Healthy Foods,Salad Bowl,619,31
M006226,R00196,Chinese,Noodles,690,30
M006227,R00134,Pizza,Margherita Pizza,436,37
M006228,R00858,Burger,Veg Burger,662,13
M006229,R00524,Biryani,Paneer Biryani,106,24
M006230,R00442,Healthy Foods,Grilled Chicken,513,24
M006231,R00478,Biryani,Paneer Biryani,680,31
M006232,R00893,Beverages,Cold Coffee,138,23
M006233,R00258,Chinese,Noodles,601,13
M006234,R00067,Biryani,Chicken Biryani,442,19
M006235,R00938,Biryani,Veg Biryani,468,39
M006236,R01082,Biryani,Paneer Biryani,203,18
M006237,R00766,Pizza,Veg Pizza,653,30
M006238,R00463,South Indian,Vada,446,28
M006239,R01149,Biryani,Paneer Biryani,680,29
M006240,R01485,North Indian,Chole Bhature,334,28
M006241,R00746,Burger,Cheese Burger,352,21
M006242,R00960,North Indian,Paneer Butter Masala,192,24
M006243,R00477,Pizza,Margherita Pizza,525,16
M006244,R00997,North Indian,Dal Makhani,661,40
M006245,R00762,Burger,Chicken Burger,641,10
M006246,R00438,Desserts,Brownie,286,45
M006247,R01004,South Indian,Pongal,438,12
M006248,R00315,Desserts,Brownie,598,13
M006249,R00265,North Indian,Butter Naan,84,11
M006250,R00196,Chinese,Manchurian,158,30
M006251,R01175,North Indian,Butter Naan,394,32
M006252,R00104,North Indian,Chole Bhature,329,19
M006253,R00285,North Indian,Butter Naan,367,12
M006254,R00914,Biryani,Mutton Biryani,622,41
M006255,R00582,Pizza,Veg Pizza,107,14
M006256,R00742,Chinese,Manchurian,610,17
M006257,R00957,Pizza,Pepperoni Pizza,99,23
M006258,R01029,South Indian,Vada,97,32
M006259,R01409,South Indian,Masala Dosa,133,33
M006260,R00672,South Indian,Pongal,103,24
M006261,R01151,South Indian,Idli,647,37
M006262,R00358,South Indian,Uttapam,450,32
M006263,R00711,North Indian,Paneer Butter Masala,143,13
M006264,R01142,Pizza,Pepperoni Pizza,427,30
M006265,R00443,Pizza,Farmhouse Pizza,96,20
M006266,R00377,Pizza,Pepperoni Pizza,254,30
M006267,R01478,Beverages,Lemon Juice,348,18
M006268,R00561,Biryani,Veg Biryani,676,18
M006269,R00896,Biryani,Paneer Biryani,316,12
M006270,R00090,Pizza,Farmhouse Pizza,600,12
M006271,R00277,South Indian,Vada,460,32
M006272,R01487,Burger,Cheese Burger,489,43
M006273,R00077,Chinese,Fried Rice,527,37
M006274,R01000,Biryani,Chicken Biryani,197,13
M006275,R01478,Beverages,Mojito,675,33
M006276,R00207,Healthy Foods,Salad Bowl,603,10
M006277,R00913,Biryani,Paneer Biryani,468,44
M006278,R01347,North Indian,Dal Makhani,458,26
M006279,R00009,North Indian,Chole Bhature,348,33
M006280,R01294,South Indian,Idli,346,11
M006281,R00878,Biryani,Chicken Biryani,259,13
M006282,R01397,South Indian,Uttapam,317,17
M006283,R00297,Burger,Cheese Burger,128,23
M006284,R01230,North Indian,Chole Bhature,128,33
M006285,R01441,Biryani,Paneer Biryani,227,36
M006286,R01185,North Indian,Chole Bhature,669,43
M006287,R00607,Healthy Foods,Protein Bowl,136,40
M006288,R00219,South Indian,Vada,358,30
M006289,R00985,South Indian,Uttapam,579,26
M006290,R00443,Pizza,Pepperoni Pizza,589,41
M006291,R00437,Biryani,Veg Biryani,117,37
M006292,R00843,Burger,Chicken Burger,505,38
M006293,R00504,South Indian,Idli,426,24
M006294,R00712,Desserts,Chocolate Cake,115,29
M006295,R01152,Biryani,Veg Biryani,88,36
M006296,R00200,Healthy Foods,Salad Bowl,175,23
M006297,R00846,Chinese,Spring Roll,299,27
M006298,R00737,Pizza,Margherita Pizza,312,43
M006299,R01497,Biryani,Paneer Biryani,191,27
M006300,R00664,Pizza,Margherita Pizza,582,14
M006301,R01030,Desserts,Brownie,615,14
M006302,R00056,South Indian,Vada,585,32
M006303,R00464,Pizza,Farmhouse Pizza,687,18
M006304,R00734,Desserts,Chocolate Cake,235,19
M006305,R00846,Chinese,Noodles,429,27
M006306,R00119,North Indian,Butter Naan,480,24
M006307,R01093,Biryani,Mutton Biryani,426,25
M006308,R01232,Chinese,Manchurian,277,27
M006309,R00465,Biryani,Paneer Biryani,447,16
M006310,R01347,North Indian,Chole Bhature,334,44
M006311,R00656,South Indian,Masala Dosa,393,44
M006312,R01220,Healthy Foods,Salad Bowl,248,23
M006313,R01484,South Indian,Idli,622,41
M006314,R00131,South Indian,Idli,138,31
M006315,R00604,Pizza,Veg Pizza,512,27
M006316,R00852,Pizza,Pepperoni Pizza,693,31
M006317,R00021,Chinese,Manchurian,423,25
M006318,R00723,Healthy Foods,Grilled Chicken,220,45
M006319,R00197,North Indian,Dal Makhani,339,28
M006320,R01442,South Indian,Idli,484,22
M006321,R00208,South Indian,Vada,447,42
M006322,R00426,Burger,Veg Burger,138,22
M006323,R00848,South Indian,Vada,335,13
M006324,R01399,North Indian,Paneer Butter Masala,475,17
M006325,R01242,South Indian,Vada,603,22
M006326,R00172,Chinese,Manchurian,169,44
M006327,R00128,South Indian,Masala Dosa,685,29
M006328,R01389,Biryani,Mutton Biryani,506,24
M006329,R00284,Biryani,Paneer Biryani,122,44
M006330,R01489,Biryani,Chicken Biryani,255,43
M006331,R00265,North Indian,Chole Bhature,213,30
M006332,R01030,Desserts,Chocolate Cake,124,21
M006333,R00857,Biryani,Mutton Biryani,418,27
M006334,R01098,Beverages,Cold Coffee,672,20
M006335,R01114,Biryani,Veg Biryani,203,13
M006336,R00474,Chinese,Fried Rice,219,24
M006337,R00890,South Indian,Uttapam,645,26
M006338,R01128,Pizza,Pepperoni Pizza,319,41
M006339,R00686,Chinese,Spring Roll,210,28
M006340,R00520,North Indian,Dal Makhani,288,40
M006341,R00500,Pizza,Margherita Pizza,206,27
M006342,R00185,Biryani,Paneer Biryani,86,36
M006343,R01230,North Indian,Chole Bhature,687,24
M006344,R00082,South Indian,Vada,610,19
M006345,R01475,Pizza,Pepperoni Pizza,546,45
M006346,R00920,Burger,Veg Burger,351,34
M006347,R01050,Biryani,Chicken Biryani,93,22
M006348,R00319,Chinese,Manchurian,389,35
M006349,R00890,South Indian,Pongal,666,41
M006350,R00734,Desserts,Chocolate Cake,159,25
M006351,R00863,South Indian,Idli,311,24
M006352,R01384,Desserts,Brownie,529,43
M006353,R01030,Desserts,Brownie,687,27
M006354,R00138,Chinese,Fried Rice,115,39
M006355,R00330,Pizza,Pepperoni Pizza,355,35
M006356,R00620,North Indian,Chole Bhature,618,41
M006357,R00639,Pizza,Veg Pizza,333,43
M006358,R00944,Healthy Foods,Protein Bowl,550,31
M006359,R00513,Pizza,Margherita Pizza,628,42
M006360,R00956,Healthy Foods,Salad Bowl,527,42
M006361,R00776,North Indian,Paneer Butter Masala,313,11
M006362,R01107,Biryani,Veg Biryani,303,17
M006363,R00926,Chinese,Fried Rice,273,35
M006364,R00261,Chinese,Noodles,109,13
M006365,R00650,South Indian,Pongal,181,41
M006366,R01325,North Indian,Chole Bhature,526,27
M006367,R00567,Pizza,Pepperoni Pizza,231,12
M006368,R00622,Biryani,Chicken Biryani,341,16
M006369,R00096,Biryani,Paneer Biryani,264,15
M006370,R00587,Biryani,Mutton Biryani,501,41
M006371,R01348,Healthy Foods,Salad Bowl,600,34
M006372,R00741,Burger,Chicken Burger,273,25
M006373,R00090,Pizza,Farmhouse Pizza,270,28
M006374,R01411,Healthy Foods,Protein Bowl,697,11
M006375,R00864,Biryani,Mutton Biryani,593,39
M006376,R00265,North Indian,Dal Makhani,158,30
M006377,R00094,Biryani,Paneer Biryani,374,20
M006378,R01472,South Indian,Uttapam,641,14
M006379,R00086,Chinese,Noodles,548,42
M006380,R01345,North Indian,Butter Naan,127,21
M006381,R00404,Pizza,Farmhouse Pizza,235,14
M006382,R00688,Healthy Foods,Salad Bowl,464,42
M006383,R01464,Desserts,Chocolate Cake,666,44
M006384,R00235,North Indian,Butter Naan,362,13
M006385,R01052,Chinese,Fried Rice,610,33
M006386,R00428,Biryani,Veg Biryani,130,36
M006387,R00542,Biryani,Veg Biryani,156,24
M006388,R01001,Biryani,Veg Biryani,697,43
M006389,R00727,Biryani,Chicken Biryani,557,29
M006390,R01275,South Indian,Uttapam,284,16
M006391,R00947,Biryani,Chicken Biryani,388,11
M006392,R00729,North Indian,Butter Naan,140,13
M006393,R00571,Burger,Chicken Burger,523,17
M006394,R01334,Healthy Foods,Protein Bowl,348,10
M006395,R01433,Pizza,Veg Pizza,657,14
M006396,R00072,South Indian,Uttapam,450,41
M006397,R00147,Beverages,Lemon Juice,317,19
M006398,R01241,North Indian,Dal Makhani,191,14
M006399,R00964,Biryani,Chicken Biryani,371,31
M006400,R01299,Pizza,Veg Pizza,229,15
M006401,R00446,Healthy Foods,Protein Bowl,329,38
M006402,R00714,North Indian,Paneer Butter Masala,375,35
M006403,R00397,North Indian,Paneer Butter Masala,625,24
M006404,R01404,South Indian,Idli,526,13
M006405,R00110,Biryani,Veg Biryani,334,41
M006406,R00682,North Indian,Chole Bhature,552,42
M006407,R00690,South Indian,Idli,175,45
M006408,R00426,Burger,Cheese Burger,295,12
M006409,R00443,Pizza,Veg Pizza,548,26
M006410,R01249,Chinese,Manchurian,231,25
M006411,R00876,Burger,Cheese Burger,434,44
M006412,R00674,North Indian,Chole Bhature,332,21
M006413,R00581,South Indian,Uttapam,113,45
M006414,R00798,South Indian,Pongal,412,31
M006415,R00128,South Indian,Pongal,411,39
M006416,R01094,South Indian,Vada,277,33
M006417,R00373,Pizza,Veg Pizza,183,43
M006418,R00581,South Indian,Uttapam,318,17
M006419,R01112,Pizza,Pepperoni Pizza,533,25
M006420,R00084,Biryani,Mutton Biryani,504,30
M006421,R00499,Chinese,Spring Roll,684,21
M006422,R00337,South Indian,Uttapam,646,36
M006423,R00535,Chinese,Noodles,227,35
M006424,R01091,Pizza,Margherita Pizza,628,13
M006425,R01018,North Indian,Butter Naan,152,13
M006426,R00068,South Indian,Idli,553,43
M006427,R01235,Pizza,Pepperoni Pizza,331,15
M006428,R01172,Biryani,Chicken Biryani,370,32
M006429,R00065,South Indian,Idli,392,42
M006430,R00010,North Indian,Dal Makhani,298,20
M006431,R01195,Burger,Cheese Burger,252,27
M006432,R00636,Biryani,Mutton Biryani,672,26
M006433,R00682,North Indian,Dal Makhani,549,41
M006434,R00195,Biryani,Paneer Biryani,292,13
M006435,R00123,Biryani,Chicken Biryani,152,10
M006436,R00857,Biryani,Mutton Biryani,509,20
M006437,R00423,Biryani,Chicken Biryani,603,30
M006438,R00758,South Indian,Pongal,478,10
M006439,R00277,South Indian,Masala Dosa,178,24
M006440,R01128,Pizza,Pepperoni Pizza,294,31
M006441,R00474,Chinese,Noodles,512,18
M006442,R01294,South Indian,Uttapam,486,33
M006443,R01132,South Indian,Masala Dosa,418,44
M006444,R00072,South Indian,Vada,232,31
M006445,R01112,Pizza,Pepperoni Pizza,414,14
M006446,R00031,South Indian,Pongal,616,39
M006447,R01429,Healthy Foods,Protein Bowl,381,23
M006448,R00049,South Indian,Masala Dosa,391,42
M006449,R00130,South Indian,Uttapam,116,14
M006450,R00668,South Indian,Uttapam,618,29
M006451,R01154,Biryani,Paneer Biryani,333,24
M006452,R00170,North Indian,Chole Bhature,683,23
M006453,R01052,Chinese,Noodles,606,28
M006454,R01292,South Indian,Vada,410,30
M006455,R00837,Biryani,Paneer Biryani,305,30
M006456,R00223,Beverages,Cold Coffee,281,42
M006457,R01246,South Indian,Idli,388,41
M006458,R00151,South Indian,Idli,229,13
M006459,R00469,Chinese,Manchurian,347,12
M006460,R00979,Chinese,Noodles,375,39
M006461,R01157,North Indian,Paneer Butter Masala,319,22
M006462,R00106,Healthy Foods,Salad Bowl,635,36
M006463,R00928,North Indian,Butter Naan,480,19
M006464,R00996,Biryani,Chicken Biryani,296,29
M006465,R01340,North Indian,Chole Bhature,380,31
M006466,R00518,Pizza,Pepperoni Pizza,123,45
M006467,R01284,North Indian,Chole Bhature,509,39
M006468,R00644,North Indian,Chole Bhature,357,19
M006469,R00819,Chinese,Manchurian,409,39
M006470,R00547,South Indian,Idli,438,18
M006471,R00306,Pizza,Margherita Pizza,287,13
M006472,R00409,South Indian,Idli,203,40
M006473,R01291,Burger,Cheese Burger,618,32
M006474,R00688,Healthy Foods,Grilled Chicken,470,10
M006475,R01001,Biryani,Paneer Biryani,389,41
M006476,R00565,Biryani,Mutton Biryani,693,32
M006477,R00779,South Indian,Pongal,639,41
M006478,R00649,Desserts,Chocolate Cake,241,13
M006479,R01128,Pizza,Farmhouse Pizza,196,43
M006480,R01023,Biryani,Veg Biryani,483,23
M006481,R00419,Burger,Cheese Burger,504,41
M006482,R01115,South Indian,Uttapam,591,20
M006483,R01121,South Indian,Vada,413,44
M006484,R01112,Pizza,Pepperoni Pizza,563,45
M006485,R00719,South Indian,Idli,658,17
M006486,R00565,Biryani,Mutton Biryani,135,40
M006487,R00987,Chinese,Spring Roll,360,38
M006488,R00093,Biryani,Mutton Biryani,602,16
M006489,R01137,Biryani,Paneer Biryani,139,19
M006490,R00457,North Indian,Butter Naan,92,29
M006491,R01001,Biryani,Mutton Biryani,564,18
M006492,R00983,Healthy Foods,Protein Bowl,91,43
M006493,R01230,North Indian,Paneer Butter Masala,373,16
M006494,R00898,Beverages,Lemon Juice,336,27
M006495,R00479,South Indian,Vada,300,22
M006496,R00459,South Indian,Pongal,411,14
M006497,R00889,South Indian,Uttapam,202,23
M006498,R00746,Burger,Veg Burger,508,32
M006499,R01132,South Indian,Pongal,192,15
M006500,R00333,Beverages,Cold Coffee,479,13
M006501,R00889,South Indian,Pongal,296,16
M006502,R01126,Burger,Chicken Burger,356,38
M006503,R00692,Biryani,Mutton Biryani,308,35
M006504,R00026,North Indian,Butter Naan,513,41
M006505,R01061,Burger,Chicken Burger,183,34
M006506,R01367,Desserts,Chocolate Cake,188,20
M006507,R00255,South Indian,Idli,661,27
M006508,R00536,Desserts,Brownie,304,41
M006509,R01401,South Indian,Uttapam,246,30
M006510,R00561,Biryani,Veg Biryani,227,21
M006511,R00658,South Indian,Idli,97,45
M006512,R00234,Pizza,Veg Pizza,106,29
M006513,R01101,Pizza,Farmhouse Pizza,360,36
M006514,R00057,North Indian,Paneer Butter Masala,211,18
M006515,R00201,Biryani,Paneer Biryani,270,33
M006516,R01344,Beverages,Cold Coffee,538,16
M006517,R00460,North Indian,Dal Makhani,439,40
M006518,R00985,South Indian,Masala Dosa,653,28
M006519,R00241,Biryani,Paneer Biryani,353,34
M006520,R00392,Burger,Cheese Burger,616,25
M006521,R01183,Biryani,Veg Biryani,601,43
M006522,R00349,South Indian,Uttapam,668,35
M006523,R00607,Healthy Foods,Salad Bowl,387,39
M006524,R00537,Burger,Chicken Burger,630,28
M006525,R00143,Healthy Foods,Salad Bowl,402,21
M006526,R00198,Biryani,Paneer Biryani,649,26
M006527,R00707,South Indian,Idli,662,29
M006528,R00360,North Indian,Chole Bhature,653,45
M006529,R00538,North Indian,Dal Makhani,388,20
M006530,R00092,Chinese,Noodles,494,10
M006531,R00725,Chinese,Manchurian,413,18
M006532,R01150,Pizza,Margherita Pizza,200,26
M006533,R00384,North Indian,Butter Naan,460,31
M006534,R01149,Biryani,Paneer Biryani,617,10
M006535,R00065,South Indian,Uttapam,503,41
M006536,R00481,North Indian,Butter Naan,80,16
M006537,R00331,Pizza,Veg Pizza,214,13
M006538,R01314,South Indian,Idli,337,39
M006539,R00224,Biryani,Veg Biryani,507,43
M006540,R00120,Chinese,Spring Roll,308,19
M006541,R00041,South Indian,Uttapam,591,21
M006542,R00344,South Indian,Uttapam,314,20
M006543,R00930,Biryani,Chicken Biryani,531,28
M006544,R00891,North Indian,Chole Bhature,346,22
M006545,R00443,Pizza,Margherita Pizza,516,37
M006546,R01474,Chinese,Noodles,625,44
M006547,R01040,Burger,Cheese Burger,396,41
M006548,R00026,North Indian,Butter Naan,504,10
M006549,R00151,South Indian,Vada,302,34
M006550,R00582,Pizza,Farmhouse Pizza,259,13
M006551,R01059,South Indian,Pongal,422,41
M006552,R00027,Burger,Cheese Burger,472,11
M006553,R01456,Beverages,Lemon Juice,560,13
M006554,R00524,Biryani,Veg Biryani,136,30
M006555,R00455,Biryani,Mutton Biryani,666,24
M006556,R00936,Biryani,Veg Biryani,352,19
M006557,R00217,Healthy Foods,Salad Bowl,132,25
M006558,R00011,Desserts,Brownie,341,11
M006559,R00173,South Indian,Idli,217,27
M006560,R01036,Biryani,Chicken Biryani,320,27
M006561,R00059,Burger,Veg Burger,552,42
M006562,R01188,North Indian,Dal Makhani,284,29
M006563,R00875,Biryani,Veg Biryani,430,24
M006564,R01177,South Indian,Idli,335,31
M006565,R01304,Healthy Foods,Protein Bowl,224,18
M006566,R01111,South Indian,Idli,170,19
M006567,R01093,Biryani,Veg Biryani,310,29
M006568,R01498,Pizza,Farmhouse Pizza,156,19
M006569,R01437,Desserts,Ice Cream,405,20
M006570,R00269,South Indian,Pongal,224,42
M006571,R01208,South Indian,Masala Dosa,316,12
M006572,R00074,North Indian,Paneer Butter Masala,431,35
M006573,R01036,Biryani,Chicken Biryani,127,24
M006574,R00993,North Indian,Paneer Butter Masala,412,20
M006575,R00969,North Indian,Dal Makhani,475,29
M006576,R01499,Desserts,Ice Cream,270,36
M006577,R00851,Chinese,Noodles,334,35
M006578,R00872,Biryani,Veg Biryani,106,23
M006579,R01252,Chinese,Manchurian,633,14
M006580,R01060,Burger,Cheese Burger,337,31
M006581,R00217,Healthy Foods,Protein Bowl,383,38
M006582,R00435,Biryani,Chicken Biryani,393,28
M006583,R00878,Biryani,Paneer Biryani,192,14
M006584,R00025,North Indian,Dal Makhani,520,44
M006585,R01019,Biryani,Mutton Biryani,183,23
M006586,R00819,Chinese,Manchurian,126,41
M006587,R00779,South Indian,Pongal,513,12
M006588,R00639,Pizza,Veg Pizza,206,44
M006589,R00726,Pizza,Margherita Pizza,155,22
M006590,R00436,Healthy Foods,Grilled Chicken,230,22
M006591,R00432,Burger,Veg Burger,578,17
M006592,R01231,Biryani,Chicken Biryani,221,25
M006593,R00171,South Indian,Vada,96,45
M006594,R00050,Chinese,Noodles,395,25
M006595,R01163,Desserts,Chocolate Cake,234,29
M006596,R01324,South Indian,Vada,266,20
M006597,R00051,Desserts,Chocolate Cake,603,26
M006598,R00616,South Indian,Idli,688,18
M006599,R00692,Biryani,Veg Biryani,664,37
M006600,R00802,Biryani,Mutton Biryani,347,44
M006601,R01117,Biryani,Mutton Biryani,634,18
M006602,R00062,North Indian,Chole Bhature,165,36
M006603,R01364,Pizza,Veg Pizza,474,31
M006604,R01301,Burger,Chicken Burger,296,12
M006605,R00785,South Indian,Idli,621,41
M006606,R01282,Biryani,Paneer Biryani,161,13
M006607,R01366,South Indian,Idli,579,10
M006608,R01203,Burger,Cheese Burger,105,23
M006609,R00669,Healthy Foods,Salad Bowl,367,37
M006610,R00991,North Indian,Butter Naan,477,13
M006611,R01408,North Indian,Paneer Butter Masala,371,40
M006612,R00589,Pizza,Veg Pizza,478,21
M006613,R00463,South Indian,Masala Dosa,428,18
M006614,R01044,South Indian,Idli,257,36
M006615,R01448,Burger,Veg Burger,514,35
M006616,R00861,Pizza,Farmhouse Pizza,161,41
M006617,R00064,Chinese,Spring Roll,379,43
M006618,R00775,South Indian,Idli,216,16
M006619,R00660,South Indian,Idli,108,24
M006620,R00534,Chinese,Noodles,248,29
M006621,R00182,Biryani,Chicken Biryani,393,29
M006622,R00597,Healthy Foods,Protein Bowl,203,38
M006623,R00982,Burger,Veg Burger,541,25
M006624,R00196,Chinese,Noodles,630,43
M006625,R00205,Desserts,Chocolate Cake,597,41
M006626,R00186,South Indian,Uttapam,439,41
M006627,R00133,Biryani,Veg Biryani,147,27
M006628,R00049,South Indian,Masala Dosa,275,41
M006629,R00421,Biryani,Chicken Biryani,415,36
M006630,R00201,Biryani,Chicken Biryani,463,32
M006631,R00226,North Indian,Dal Makhani,154,11
M006632,R00273,Biryani,Paneer Biryani,474,11
M006633,R00160,South Indian,Uttapam,405,31
M006634,R00892,South Indian,Masala Dosa,221,10
M006635,R00858,Burger,Veg Burger,305,25
M006636,R01453,North Indian,Dal Makhani,384,18
M006637,R01156,South Indian,Pongal,167,12
M006638,R00192,Chinese,Fried Rice,634,27
M006639,R01454,Chinese,Spring Roll,290,36
M006640,R00191,Pizza,Margherita Pizza,577,23
M006641,R00905,Biryani,Paneer Biryani,323,12
M006642,R01247,North Indian,Butter Naan,276,10
M006643,R00034,Pizza,Veg Pizza,496,35
M006644,R00029,Biryani,Mutton Biryani,369,32
M006645,R00829,North Indian,Paneer Butter Masala,442,16
M006646,R00090,Pizza,Pepperoni Pizza,133,17
M006647,R00029,Biryani,Paneer Biryani,137,24
M006648,R00654,Biryani,Veg Biryani,541,12
M006649,R00357,Biryani,Paneer Biryani,381,14
M006650,R00520,North Indian,Paneer Butter Masala,237,26
M006651,R01314,South Indian,Uttapam,608,22
M006652,R00181,North Indian,Butter Naan,252,25
M006653,R00337,South Indian,Masala Dosa,465,45
M006654,R01374,Beverages,Mojito,90,34
M006655,R00424,South Indian,Idli,410,37
M006656,R00005,North Indian,Paneer Butter Masala,276,12
M006657,R00749,Pizza,Margherita Pizza,240,12
M006658,R01074,Biryani,Chicken Biryani,257,36
M006659,R01052,Chinese,Fried Rice,569,32
M006660,R00801,North Indian,Dal Makhani,602,43
M006661,R01003,South Indian,Masala Dosa,590,42
M006662,R01111,South Indian,Pongal,237,24
M006663,R01429,Healthy Foods,Salad Bowl,367,39
M006664,R00870,South Indian,Uttapam,323,30
M006665,R01456,Beverages,Cold Coffee,505,15
M006666,R01310,Biryani,Paneer Biryani,371,29
M006667,R01126,Burger,Veg Burger,604,42
M006668,R00165,Burger,Veg Burger,602,30
M006669,R01379,South Indian,Idli,619,31
M006670,R00970,South Indian,Pongal,284,26
M006671,R00318,Burger,Chicken Burger,605,36
M006672,R00406,Biryani,Mutton Biryani,102,40
M006673,R00406,Biryani,Mutton Biryani,165,29
M006674,R00573,North Indian,Paneer Butter Masala,417,28
M006675,R00578,Desserts,Chocolate Cake,365,27
M006676,R00189,Biryani,Mutton Biryani,602,29
M006677,R00074,North Indian,Paneer Butter Masala,685,39
M006678,R00479,South Indian,Uttapam,153,40
M006679,R01171,Pizza,Farmhouse Pizza,339,40
M006680,R00552,North Indian,Chole Bhature,501,22
M006681,R00447,Chinese,Spring Roll,94,30
M006682,R00010,North Indian,Dal Makhani,632,21
M006683,R00105,Chinese,Manchurian,202,29
M006684,R00996,Biryani,Mutton Biryani,432,41
M006685,R00183,Healthy Foods,Salad Bowl,587,17
M006686,R00978,Burger,Cheese Burger,554,38
M006687,R01107,Biryani,Veg Biryani,434,20
M006688,R00143,Healthy Foods,Protein Bowl,353,29
M006689,R00959,Biryani,Paneer Biryani,102,14
M006690,R00164,Biryani,Mutton Biryani,389,42
M006691,R00691,South Indian,Pongal,396,34
M006692,R00314,Biryani,Chicken Biryani,333,33
M006693,R00187,North Indian,Butter Naan,128,32
M006694,R00498,North Indian,Chole Bhature,563,22
M006695,R00224,Biryani,Mutton Biryani,536,42
M006696,R00043,Pizza,Farmhouse Pizza,360,38
M006697,R01475,Pizza,Veg Pizza,437,21
M006698,R00110,Biryani,Mutton Biryani,265,20
M006699,R00008,South Indian,Pongal,408,40
M006700,R00176,South Indian,Idli,582,22
M006701,R00807,Chinese,Manchurian,140,28
M006702,R01022,North Indian,Dal Makhani,203,28
M006703,R01178,Biryani,Mutton Biryani,408,32
M006704,R01143,South Indian,Vada,542,25
M006705,R00500,Pizza,Pepperoni Pizza,306,42
M006706,R00776,North Indian,Dal Makhani,410,41
M006707,R00917,North Indian,Butter Naan,589,10
M006708,R01212,South Indian,Uttapam,466,25
M006709,R01476,Pizza,Margherita Pizza,377,24
M006710,R00042,Biryani,Paneer Biryani,369,21
M006711,R00968,Biryani,Chicken Biryani,236,42
M006712,R00569,Healthy Foods,Salad Bowl,210,42
M006713,R00856,North Indian,Dal Makhani,145,38
M006714,R00315,Desserts,Brownie,508,23
M006715,R00966,South Indian,Vada,279,29
M006716,R01372,South Indian,Vada,109,24
M006717,R00511,Healthy Foods,Protein Bowl,636,26
M006718,R01064,North Indian,Butter Naan,581,20
M006719,R00037,Beverages,Cold Coffee,291,32
M006720,R00306,Pizza,Pepperoni Pizza,489,34
M006721,R00960,North Indian,Butter Naan,477,29
M006722,R00451,North Indian,Dal Makhani,588,20
M006723,R00092,Chinese,Fried Rice,201,21
M006724,R01278,South Indian,Idli,212,39
M006725,R01109,North Indian,Paneer Butter Masala,432,30
M006726,R00423,Biryani,Mutton Biryani,292,39
M006727,R00796,Biryani,Veg Biryani,697,10
M006728,R00426,Burger,Veg Burger,192,37
M006729,R01039,South Indian,Idli,681,19
M006730,R00170,North Indian,Butter Naan,498,13
M006731,R01369,Burger,Chicken Burger,661,45
M006732,R01193,Pizza,Farmhouse Pizza,335,32
M006733,R00704,South Indian,Pongal,359,35
M006734,R00151,South Indian,Masala Dosa,525,41
M006735,R00087,Pizza,Farmhouse Pizza,188,21
M006736,R00380,Healthy Foods,Grilled Chicken,514,14
M006737,R00802,Biryani,Mutton Biryani,200,13
M006738,R01034,Biryani,Veg Biryani,165,24
M006739,R00742,Chinese,Spring Roll,501,31
M006740,R01204,North Indian,Chole Bhature,628,25
M006741,R00252,Chinese,Spring Roll,401,34
M006742,R00423,Biryani,Mutton Biryani,110,12
M006743,R00373,Pizza,Farmhouse Pizza,102,26
M006744,R00414,South Indian,Uttapam,621,35
M006745,R00524,Biryani,Mutton Biryani,584,14
M006746,R00038,Burger,Cheese Burger,111,23
M006747,R00916,South Indian,Idli,497,32
M006748,R00451,North Indian,Paneer Butter Masala,492,12
M006749,R01075,Burger,Cheese Burger,233,31
M006750,R00954,Beverages,Cold Coffee,273,41
M006751,R01205,North Indian,Chole Bhature,439,39
M006752,R00637,South Indian,Vada,292,21
M006753,R01149,Biryani,Veg Biryani,621,16
M006754,R00357,Biryani,Veg Biryani,677,22
M006755,R00236,North Indian,Butter Naan,467,10
M006756,R00487,Biryani,Mutton Biryani,406,23
M006757,R00499,Chinese,Noodles,214,29
M006758,R00748,South Indian,Uttapam,669,14
M006759,R00165,Burger,Cheese Burger,426,22
M006760,R01028,North Indian,Dal Makhani,348,18
M006761,R00725,Chinese,Noodles,319,39
M006762,R01295,Pizza,Veg Pizza,315,33
M006763,R00491,North Indian,Dal Makhani,182,26
M006764,R01468,Beverages,Cold Coffee,384,32
M006765,R01032,North Indian,Butter Naan,342,18
M006766,R00742,Chinese,Noodles,382,11
M006767,R01485,North Indian,Paneer Butter Masala,505,27
M006768,R00136,North Indian,Paneer Butter Masala,292,22
M006769,R01492,Chinese,Manchurian,93,20
M006770,R01160,Burger,Veg Burger,333,41
M006771,R00500,Pizza,Pepperoni Pizza,630,30
M006772,R00052,Burger,Chicken Burger,656,42
M006773,R01436,South Indian,Vada,97,15
M006774,R00309,Biryani,Paneer Biryani,232,25
M006775,R00770,Biryani,Mutton Biryani,424,23
M006776,R00576,Pizza,Pepperoni Pizza,699,24
M006777,R01022,North Indian,Butter Naan,378,32
M006778,R01021,Burger,Cheese Burger,176,21
M006779,R00644,North Indian,Chole Bhature,316,24
M006780,R00490,Biryani,Mutton Biryani,310,12
M006781,R00413,South Indian,Pongal,172,22
M006782,R00065,South Indian,Masala Dosa,670,13
M006783,R00658,South Indian,Uttapam,645,43
M006784,R00043,Pizza,Farmhouse Pizza,499,31
M006785,R00331,Pizza,Veg Pizza,192,22
M006786,R00615,South Indian,Vada,156,26
M006787,R00946,Burger,Cheese Burger,596,36
M006788,R01283,North Indian,Butter Naan,408,37
M006789,R01469,North Indian,Chole Bhature,511,26
M006790,R00830,Biryani,Paneer Biryani,137,35
M006791,R00652,South Indian,Uttapam,183,34
M006792,R01366,South Indian,Pongal,327,25
M006793,R00067,Biryani,Chicken Biryani,696,21
M006794,R00315,Desserts,Ice Cream,349,27
M006795,R00656,South Indian,Pongal,256,27
M006796,R01128,Pizza,Pepperoni Pizza,476,14
M006797,R00401,Chinese,Manchurian,632,12
M006798,R00206,Biryani,Mutton Biryani,192,44
M006799,R00135,Chinese,Fried Rice,499,27
M006800,R00332,Biryani,Chicken Biryani,145,39
M006801,R00600,South Indian,Pongal,402,44
M006802,R00458,Biryani,Veg Biryani,501,23
M006803,R01390,Beverages,Cold Coffee,688,30
M006804,R01232,Chinese,Fried Rice,414,19
M006805,R00810,North Indian,Paneer Butter Masala,383,44
M006806,R01067,North Indian,Dal Makhani,537,18
M006807,R00835,Pizza,Veg Pizza,341,36
M006808,R00439,North Indian,Chole Bhature,172,34
M006809,R00974,South Indian,Vada,158,18
M006810,R01394,Pizza,Farmhouse Pizza,221,19
M006811,R01011,South Indian,Pongal,520,16
M006812,R01334,Healthy Foods,Grilled Chicken,677,39
M006813,R00934,North Indian,Paneer Butter Masala,383,24
M006814,R00830,Biryani,Mutton Biryani,561,16
M006815,R00786,South Indian,Masala Dosa,91,20
M006816,R00371,North Indian,Chole Bhature,393,16
M006817,R00594,Biryani,Paneer Biryani,647,34
M006818,R00513,Pizza,Veg Pizza,289,34
M006819,R00766,Pizza,Veg Pizza,651,13
M006820,R01290,Pizza,Margherita Pizza,112,16
M006821,R01367,Desserts,Brownie,445,30
M006822,R00287,Pizza,Margherita Pizza,197,45
M006823,R00782,Beverages,Cold Coffee,461,14
M006824,R00881,Chinese,Noodles,505,45
M006825,R01266,Pizza,Margherita Pizza,494,16
M006826,R01134,Biryani,Paneer Biryani,569,40
M006827,R00146,South Indian,Pongal,133,34
M006828,R00010,North Indian,Butter Naan,432,30
M006829,R00192,Chinese,Noodles,176,36
M006830,R00858,Burger,Chicken Burger,384,27
M006831,R01379,South Indian,Pongal,655,36
M006832,R00785,South Indian,Masala Dosa,258,43
M006833,R00846,Chinese,Fried Rice,404,19
M006834,R00261,Chinese,Noodles,603,27
M006835,R00052,Burger,Cheese Burger,621,32
M006836,R01210,Biryani,Mutton Biryani,417,10
M006837,R00145,South Indian,Pongal,146,16
M006838,R00697,South Indian,Vada,530,44
M006839,R00956,Healthy Foods,Salad Bowl,194,17
M006840,R00387,South Indian,Uttapam,507,19
M006841,R00251,Biryani,Chicken Biryani,337,16
M006842,R00853,Chinese,Noodles,649,10
M006843,R00350,Biryani,Veg Biryani,210,34
M006844,R01457,Chinese,Noodles,683,33
M006845,R00154,Desserts,Brownie,379,32
M006846,R00950,South Indian,Pongal,392,24
M006847,R00066,North Indian,Butter Naan,333,13
M006848,R01457,Chinese,Noodles,143,10
M006849,R00389,North Indian,Chole Bhature,166,13
M006850,R00927,North Indian,Chole Bhature,688,28
M006851,R00069,South Indian,Pongal,357,30
M006852,R00992,Pizza,Farmhouse Pizza,561,34
M006853,R00852,Pizza,Margherita Pizza,600,45
M006854,R01014,Healthy Foods,Grilled Chicken,308,40
M006855,R00738,South Indian,Pongal,238,27
M006856,R00449,Pizza,Margherita Pizza,397,40
M006857,R00213,South Indian,Uttapam,456,36
M006858,R00275,North Indian,Butter Naan,624,39
M006859,R01359,Healthy Foods,Grilled Chicken,437,42
M006860,R01090,South Indian,Pongal,578,45
M006861,R00237,Biryani,Paneer Biryani,412,22
M006862,R00857,Biryani,Paneer Biryani,658,27
M006863,R01263,South Indian,Masala Dosa,461,16
M006864,R00987,Chinese,Spring Roll,345,13
M006865,R01495,North Indian,Dal Makhani,430,35
M006866,R00668,South Indian,Pongal,695,17
M006867,R00887,Biryani,Chicken Biryani,363,10
M006868,R00441,North Indian,Butter Naan,287,23
M006869,R01408,North Indian,Dal Makhani,665,31
M006870,R01390,Beverages,Mojito,85,27
M006871,R01101,Pizza,Pepperoni Pizza,556,33
M006872,R01227,South Indian,Uttapam,679,37
M006873,R00019,South Indian,Uttapam,226,33
M006874,R01265,Pizza,Pepperoni Pizza,632,26
M006875,R00074,North Indian,Chole Bhature,277,39
M006876,R00618,South Indian,Pongal,457,33
M006877,R01423,North Indian,Chole Bhature,126,43
M006878,R01324,South Indian,Vada,582,27
M006879,R00228,Biryani,Veg Biryani,635,14
M006880,R01279,North Indian,Dal Makhani,584,35
M006881,R01482,Biryani,Mutton Biryani,700,17
M006882,R00967,South Indian,Uttapam,242,19
M006883,R00719,South Indian,Uttapam,692,11
M006884,R00287,Pizza,Margherita Pizza,540,13
M006885,R00405,Pizza,Pepperoni Pizza,270,39
M006886,R01110,South Indian,Masala Dosa,218,38
M006887,R01105,South Indian,Idli,381,30
M006888,R00968,Biryani,Mutton Biryani,454,22
M006889,R00932,North Indian,Paneer Butter Masala,462,39
M006890,R00621,Biryani,Chicken Biryani,143,25
M006891,R00623,South Indian,Pongal,99,29
M006892,R00539,Pizza,Farmhouse Pizza,666,42
M006893,R00842,South Indian,Masala Dosa,172,10
M006894,R01022,North Indian,Chole Bhature,213,20
M006895,R01096,South Indian,Masala Dosa,104,40
M006896,R01094,South Indian,Vada,634,26
M006897,R00111,Burger,Veg Burger,474,39
M006898,R00675,South Indian,Uttapam,158,17
M006899,R00596,Biryani,Veg Biryani,671,37
M006900,R00225,Burger,Chicken Burger,269,35
M006901,R00742,Chinese,Spring Roll,191,38
M006902,R00798,South Indian,Masala Dosa,254,27
M006903,R00355,Burger,Veg Burger,461,37
M006904,R01205,North Indian,Paneer Butter Masala,271,23
M006905,R00374,Biryani,Paneer Biryani,611,32
M006906,R00782,Beverages,Cold Coffee,264,19
M006907,R00557,Chinese,Noodles,114,27
M006908,R00364,North Indian,Butter Naan,92,44
M006909,R01455,South Indian,Vada,287,27
M006910,R00785,South Indian,Masala Dosa,483,26
M006911,R01436,South Indian,Pongal,588,22
M006912,R00363,North Indian,Chole Bhature,366,22
M006913,R00458,Biryani,Mutton Biryani,495,28
M006914,R00958,North Indian,Paneer Butter Masala,553,44
M006915,R01238,North Indian,Dal Makhani,412,10
M006916,R01155,South Indian,Idli,367,40
M006917,R00465,Biryani,Paneer Biryani,487,37
M006918,R00198,Biryani,Paneer Biryani,515,30
M006919,R01500,North Indian,Dal Makhani,318,35
M006920,R00538,North Indian,Chole Bhature,378,13
M006921,R00168,South Indian,Uttapam,424,38
M006922,R01126,Burger,Veg Burger,274,22
M006923,R00605,Pizza,Veg Pizza,585,28
M006924,R00432,Burger,Veg Burger,228,13
M006925,R00851,Chinese,Spring Roll,676,24
M006926,R00276,South Indian,Idli,620,32
M006927,R00598,Biryani,Mutton Biryani,281,34
M006928,R00648,Chinese,Manchurian,566,13
M006929,R00598,Biryani,Mutton Biryani,431,24
M006930,R01447,Chinese,Fried Rice,538,20
M006931,R00038,Burger,Cheese Burger,578,35
M006932,R00529,North Indian,Chole Bhature,193,33
M006933,R00004,North Indian,Paneer Butter Masala,348,11
M006934,R00594,Biryani,Mutton Biryani,407,27
M006935,R00463,South Indian,Pongal,129,38
M006936,R00606,South Indian,Uttapam,500,45
M006937,R00008,South Indian,Pongal,538,10
M006938,R00856,North Indian,Paneer Butter Masala,564,45
M006939,R00340,Beverages,Mojito,291,24
M006940,R00296,Biryani,Veg Biryani,360,31
M006941,R01484,South Indian,Masala Dosa,395,25
M006942,R00192,Chinese,Fried Rice,313,31
M006943,R00522,Biryani,Chicken Biryani,286,13
M006944,R00253,Pizza,Veg Pizza,377,20
M006945,R00978,Burger,Veg Burger,576,34
M006946,R00210,Biryani,Veg Biryani,325,37
M006947,R01232,Chinese,Manchurian,439,40
M006948,R00293,Biryani,Paneer Biryani,136,34
M006949,R00725,Chinese,Manchurian,300,28
M006950,R00744,North Indian,Dal Makhani,387,35
M006951,R00297,Burger,Veg Burger,584,12
M006952,R01176,Healthy Foods,Salad Bowl,105,28
M006953,R00325,North Indian,Dal Makhani,677,42
M006954,R00429,Biryani,Mutton Biryani,240,25
M006955,R00002,Biryani,Chicken Biryani,431,18
M006956,R00978,Burger,Chicken Burger,498,30
M006957,R00470,South Indian,Uttapam,651,16
M006958,R01372,South Indian,Idli,214,41
M006959,R01420,Biryani,Chicken Biryani,375,21
M006960,R00878,Biryani,Chicken Biryani,403,22
M006961,R00607,Healthy Foods,Salad Bowl,638,42
M006962,R01155,South Indian,Uttapam,438,11
M006963,R00566,Pizza,Farmhouse Pizza,149,30
M006964,R01040,Burger,Veg Burger,423,17
M006965,R00524,Biryani,Chicken Biryani,700,24
M006966,R00794,Biryani,Paneer Biryani,502,15
M006967,R00437,Biryani,Mutton Biryani,391,29
M006968,R01176,Healthy Foods,Protein Bowl,130,10
M006969,R00201,Biryani,Mutton Biryani,501,28
M006970,R00172,Chinese,Manchurian,153,31
M006971,R01197,Biryani,Veg Biryani,108,28
M006972,R01302,South Indian,Uttapam,628,41
M006973,R01443,South Indian,Uttapam,129,20
M006974,R00420,Burger,Veg Burger,210,42
M006975,R00319,Chinese,Spring Roll,601,35
M006976,R01166,Pizza,Farmhouse Pizza,681,23
M006977,R00745,Healthy Foods,Grilled Chicken,543,39
M006978,R00020,South Indian,Pongal,246,44
M006979,R00261,Chinese,Manchurian,208,45
M006980,R01382,Pizza,Veg Pizza,459,43
M006981,R00462,South Indian,Masala Dosa,570,12
M006982,R01374,Beverages,Cold Coffee,482,37
M006983,R00362,South Indian,Vada,614,31
M006984,R01318,Pizza,Veg Pizza,267,44
M006985,R00303,North Indian,Chole Bhature,468,34
M006986,R01032,North Indian,Dal Makhani,221,26
M006987,R00050,Chinese,Manchurian,636,39
M006988,R00284,Biryani,Paneer Biryani,266,14
M006989,R00755,North Indian,Chole Bhature,237,10
M006990,R01221,Biryani,Veg Biryani,279,32
M006991,R01416,North Indian,Dal Makhani,181,27
M006992,R01110,South Indian,Vada,388,42
M006993,R00808,North Indian,Dal Makhani,401,16
M006994,R01396,Chinese,Spring Roll,246,30
M006995,R00150,Biryani,Chicken Biryani,575,13
M006996,R01320,Biryani,Veg Biryani,230,18
M006997,R00287,Pizza,Margherita Pizza,503,27
M006998,R00944,Healthy Foods,Salad Bowl,598,44
M006999,R00456,North Indian,Paneer Butter Masala,121,32
M007000,R00870,South Indian,Idli,90,24
M007001,R01471,South Indian,Vada,159,10
M007002,R00111,Burger,Veg Burger,663,16
M007003,R00815,Biryani,Chicken Biryani,230,45
M007004,R00210,Biryani,Mutton Biryani,89,45
M007005,R01260,South Indian,Pongal,693,22
M007006,R00058,Burger,Cheese Burger,136,11
M007007,R00940,Beverages,Cold Coffee,461,32
M007008,R00122,South Indian,Pongal,382,27
M007009,R00390,Biryani,Paneer Biryani,251,14
M007010,R01199,Biryani,Paneer Biryani,171,26
M007011,R00146,South Indian,Vada,175,27
M007012,R01342,Biryani,Veg Biryani,467,29
M007013,R01121,South Indian,Vada,591,45
M007014,R00668,South Indian,Uttapam,615,42
M007015,R00778,Pizza,Farmhouse Pizza,290,42
M007016,R01329,South Indian,Uttapam,475,38
M007017,R00836,South Indian,Uttapam,541,41
M007018,R00319,Chinese,Spring Roll,103,41
M007019,R00921,North Indian,Chole Bhature,577,31
M007020,R00536,Desserts,Ice Cream,573,10
M007021,R00588,South Indian,Uttapam,235,21
M007022,R01235,Pizza,Farmhouse Pizza,574,27
M007023,R01462,South Indian,Pongal,425,39
M007024,R00730,Healthy Foods,Protein Bowl,365,42
M007025,R00158,Biryani,Paneer Biryani,213,42
M007026,R01213,South Indian,Uttapam,535,30
M007027,R00682,North Indian,Chole Bhature,182,26
M007028,R00641,South Indian,Idli,605,17
M007029,R00521,Biryani,Veg Biryani,385,36
M007030,R00394,Biryani,Paneer Biryani,601,20
M007031,R00704,South Indian,Uttapam,384,29
M007032,R01183,Biryani,Veg Biryani,423,20
M007033,R00654,Biryani,Veg Biryani,559,29
M007034,R01104,North Indian,Paneer Butter Masala,320,27
M007035,R00301,South Indian,Masala Dosa,457,43
M007036,R00414,South Indian,Masala Dosa,539,39
M007037,R00468,Healthy Foods,Grilled Chicken,118,40
M007038,R01276,South Indian,Vada,353,34
M007039,R00580,North Indian,Paneer Butter Masala,352,43
M007040,R01485,North Indian,Chole Bhature,104,25
M007041,R00371,North Indian,Paneer Butter Masala,216,21
M007042,R00588,South Indian,Idli,469,27
M007043,R00682,North Indian,Paneer Butter Masala,89,36
M007044,R01165,Burger,Cheese Burger,515,33
M007045,R01133,Chinese,Spring Roll,540,10
M007046,R01191,South Indian,Idli,573,10
M007047,R00996,Biryani,Chicken Biryani,499,26
M007048,R01084,South Indian,Uttapam,655,14
M007049,R01404,South Indian,Pongal,644,15
M007050,R01105,South Indian,Pongal,267,24
M007051,R01071,Pizza,Veg Pizza,571,36
M007052,R00338,North Indian,Chole Bhature,627,36
M007053,R01146,South Indian,Uttapam,444,30
M007054,R00271,Chinese,Manchurian,641,15
M007055,R00092,Chinese,Noodles,500,30
M007056,R00176,South Indian,Masala Dosa,84,10
M007057,R00929,Pizza,Veg Pizza,199,12
M007058,R01241,North Indian,Dal Makhani,297,32
M007059,R00082,South Indian,Vada,534,45
M007060,R00291,South Indian,Uttapam,676,22
M007061,R00183,Healthy Foods,Protein Bowl,513,32
M007062,R00706,Pizza,Farmhouse Pizza,491,34
M007063,R00227,Biryani,Paneer Biryani,180,19
M007064,R00449,Pizza,Farmhouse Pizza,604,19
M007065,R01302,South Indian,Idli,295,22
M007066,R00047,Biryani,Mutton Biryani,369,43
M007067,R00840,North Indian,Dal Makhani,269,40
M007068,R00886,Pizza,Margherita Pizza,405,41
M007069,R00603,South Indian,Uttapam,131,15
M007070,R00473,North Indian,Butter Naan,206,24
M007071,R00947,Biryani,Mutton Biryani,509,10
M007072,R00204,South Indian,Vada,616,12
M007073,R01327,South Indian,Masala Dosa,216,17
M007074,R00967,South Indian,Uttapam,585,15
M007075,R00587,Biryani,Veg Biryani,243,15
M007076,R00875,Biryani,Veg Biryani,378,31
M007077,R01193,Pizza,Pepperoni Pizza,473,16
M007078,R01459,Biryani,Mutton Biryani,471,34
M007079,R00286,South Indian,Idli,270,12
M007080,R00724,Healthy Foods,Protein Bowl,185,32
M007081,R01134,Biryani,Mutton Biryani,529,26
M007082,R01405,Chinese,Noodles,147,37
M007083,R01358,Biryani,Veg Biryani,588,28
M007084,R00562,Biryani,Paneer Biryani,276,26
M007085,R00202,Biryani,Veg Biryani,147,33
M007086,R01420,Biryani,Veg Biryani,675,45
M007087,R00765,Pizza,Veg Pizza,516,45
M007088,R00397,North Indian,Butter Naan,277,28
M007089,R00492,Biryani,Mutton Biryani,327,11
M007090,R00907,Desserts,Chocolate Cake,548,22
M007091,R00373,Pizza,Farmhouse Pizza,470,44
M007092,R00221,North Indian,Chole Bhature,621,37
M007093,R01214,South Indian,Masala Dosa,490,35
M007094,R00675,South Indian,Pongal,272,29
M007095,R01327,South Indian,Vada,144,30
M007096,R00842,South Indian,Pongal,273,34
M007097,R00656,South Indian,Masala Dosa,94,28
M007098,R00533,Chinese,Manchurian,99,28
M007099,R00130,South Indian,Uttapam,439,29
M007100,R00466,South Indian,Idli,292,44
M007101,R00508,South Indian,Masala Dosa,615,28
M007102,R00079,Healthy Foods,Grilled Chicken,570,28
M007103,R00611,Beverages,Mojito,542,33
M007104,R00116,Pizza,Farmhouse Pizza,357,26
M007105,R00178,Chinese,Fried Rice,548,27
M007106,R00949,Healthy Foods,Salad Bowl,422,25
M007107,R00594,Biryani,Paneer Biryani,318,32
M007108,R00765,Pizza,Pepperoni Pizza,450,19
M007109,R01157,North Indian,Paneer Butter Masala,454,20
M007110,R01331,Chinese,Manchurian,464,20
M007111,R00700,Biryani,Chicken Biryani,558,44
M007112,R00068,South Indian,Pongal,215,45
M007113,R01351,South Indian,Idli,400,29
M007114,R00134,Pizza,Veg Pizza,264,37
M007115,R00649,Desserts,Ice Cream,488,26
M007116,R00515,South Indian,Vada,391,34
M007117,R00517,North Indian,Butter Naan,399,42
M007118,R01345,North Indian,Dal Makhani,545,30
M007119,R01170,South Indian,Idli,558,29
M007120,R00601,South Indian,Uttapam,463,39
M007121,R00799,Chinese,Fried Rice,638,40
M007122,R01414,Pizza,Farmhouse Pizza,532,26
M007123,R01361,South Indian,Masala Dosa,618,41
M007124,R00533,Chinese,Manchurian,139,10
M007125,R00494,Burger,Chicken Burger,656,37
M007126,R00237,Biryani,Mutton Biryani,690,44
M007127,R01406,Burger,Chicken Burger,201,29
M007128,R00517,North Indian,Chole Bhature,658,12
M007129,R01371,Chinese,Noodles,425,35
M007130,R00421,Biryani,Chicken Biryani,122,28
M007131,R00772,Pizza,Margherita Pizza,487,10
M007132,R00446,Healthy Foods,Protein Bowl,553,22
M007133,R00841,Pizza,Veg Pizza,451,43
M007134,R00916,South Indian,Idli,421,13
M007135,R01463,Burger,Veg Burger,694,40
M007136,R01110,South Indian,Idli,507,17
M007137,R01422,South Indian,Idli,406,41
M007138,R00351,South Indian,Uttapam,378,33
M007139,R01393,North Indian,Butter Naan,286,15
M007140,R00346,South Indian,Idli,422,21
M007141,R01084,South Indian,Uttapam,293,24
M007142,R00986,Burger,Cheese Burger,279,14
M007143,R00534,Chinese,Spring Roll,336,14
M007144,R00271,Chinese,Noodles,217,15
M007145,R00759,North Indian,Chole Bhature,189,26
M007146,R00578,Desserts,Ice Cream,513,19
M007147,R01365,North Indian,Dal Makhani,520,23
M007148,R00908,North Indian,Butter Naan,89,23
M007149,R00943,South Indian,Pongal,197,19
M007150,R01327,South Indian,Uttapam,419,30
M007151,R01462,South Indian,Pongal,638,42
M007152,R00073,Biryani,Mutton Biryani,147,32
M007153,R00651,Pizza,Pepperoni Pizza,344,30
M007154,R01350,South Indian,Pongal,145,23
M007155,R00250,South Indian,Vada,455,26
M007156,R00758,South Indian,Uttapam,587,20
M007157,R00806,South Indian,Pongal,315,22
M007158,R00189,Biryani,Veg Biryani,646,29
M007159,R01082,Biryani,Chicken Biryani,470,30
M007160,R00222,South Indian,Uttapam,462,45
M007161,R00900,South Indian,Pongal,684,20
M007162,R00362,South Indian,Masala Dosa,114,42
M007163,R00712,Desserts,Brownie,388,24
M007164,R00821,North Indian,Paneer Butter Masala,652,19
M007165,R00734,Desserts,Brownie,221,37
M007166,R01246,South Indian,Vada,237,36
M007167,R01368,South Indian,Pongal,548,32
M007168,R00567,Pizza,Margherita Pizza,149,33
M007169,R01127,North Indian,Paneer Butter Masala,139,36
M007170,R01064,North Indian,Dal Makhani,486,39
M007171,R01371,Chinese,Fried Rice,412,19
M007172,R01129,Burger,Cheese Burger,599,32
M007173,R00491,North Indian,Paneer Butter Masala,206,44
M007174,R01448,Burger,Veg Burger,399,25
M007175,R00667,Burger,Chicken Burger,336,34
M007176,R01183,Biryani,Veg Biryani,594,10
M007177,R00378,Biryani,Chicken Biryani,530,28
M007178,R00961,Biryani,Paneer Biryani,162,14
M007179,R00783,South Indian,Vada,694,16
M007180,R01158,South Indian,Uttapam,165,38
M007181,R00640,South Indian,Masala Dosa,198,16
M007182,R01076,Healthy Foods,Salad Bowl,445,11
M007183,R00997,North Indian,Dal Makhani,323,19
M007184,R00108,Chinese,Manchurian,460,34
M007185,R00136,North Indian,Butter Naan,522,41
M007186,R01274,Burger,Veg Burger,198,38
M007187,R00707,South Indian,Uttapam,355,16
M007188,R01318,Pizza,Pepperoni Pizza,646,29
M007189,R00677,Chinese,Fried Rice,280,34
M007190,R00008,South Indian,Pongal,334,15
M007191,R00359,Biryani,Chicken Biryani,118,10
M007192,R00088,Biryani,Veg Biryani,441,12
M007193,R00143,Healthy Foods,Protein Bowl,291,19
M007194,R00589,Pizza,Veg Pizza,643,16
M007195,R01410,South Indian,Pongal,323,25
M007196,R01116,Biryani,Chicken Biryani,93,45
M007197,R01119,Beverages,Cold Coffee,615,16
M007198,R00282,South Indian,Pongal,596,41
M007199,R01294,South Indian,Masala Dosa,642,19
M007200,R00102,Burger,Veg Burger,263,21
M007201,R00224,Biryani,Mutton Biryani,663,34
M007202,R01410,South Indian,Masala Dosa,101,11
M007203,R00051,Desserts,Brownie,98,35
M007204,R00707,South Indian,Vada,368,22
M007205,R01463,Burger,Cheese Burger,208,14
M007206,R00512,Biryani,Paneer Biryani,403,13
M007207,R00796,Biryani,Chicken Biryani,111,38
M007208,R01235,Pizza,Veg Pizza,481,25
M007209,R00601,South Indian,Masala Dosa,203,28
M007210,R00044,Biryani,Chicken Biryani,630,27
M007211,R00607,Healthy Foods,Protein Bowl,602,19
M007212,R01266,Pizza,Farmhouse Pizza,386,41
M007213,R00040,South Indian,Vada,241,40
M007214,R00893,Beverages,Lemon Juice,431,27
M007215,R01390,Beverages,Lemon Juice,623,19
M007216,R01276,South Indian,Idli,638,36
M007217,R01455,South Indian,Uttapam,681,39
M007218,R00225,Burger,Chicken Burger,488,29
M007219,R01471,South Indian,Vada,431,25
M007220,R01114,Biryani,Paneer Biryani,178,44
M007221,R00035,Biryani,Veg Biryani,270,32
M007222,R00671,Pizza,Veg Pizza,570,35
M007223,R01359,Healthy Foods,Grilled Chicken,593,21
M007224,R00307,South Indian,Masala Dosa,251,30
M007225,R00393,Chinese,Fried Rice,190,18
M007226,R00724,Healthy Foods,Protein Bowl,508,18
M007227,R01328,Chinese,Fried Rice,533,20
M007228,R00939,South Indian,Vada,139,14
M007229,R01286,South Indian,Uttapam,668,31
M007230,R01230,North Indian,Paneer Butter Masala,333,20
M007231,R00296,Biryani,Mutton Biryani,296,12
M007232,R01425,North Indian,Dal Makhani,483,17
M007233,R00630,Burger,Chicken Burger,158,27
M007234,R00423,Biryani,Mutton Biryani,659,33
M007235,R01261,Chinese,Fried Rice,540,16
M007236,R01265,Pizza,Farmhouse Pizza,288,20
M007237,R00851,Chinese,Manchurian,360,39
M007238,R00511,Healthy Foods,Grilled Chicken,97,29
M007239,R00551,South Indian,Uttapam,512,42
M007240,R00874,Biryani,Paneer Biryani,326,30
M007241,R00955,Burger,Chicken Burger,125,44
M007242,R01423,North Indian,Chole Bhature,83,11
M007243,R00214,North Indian,Chole Bhature,307,21
M007244,R00761,Burger,Chicken Burger,518,26
M007245,R00139,Biryani,Paneer Biryani,573,10
M007246,R00102,Burger,Veg Burger,359,45
M007247,R00176,South Indian,Idli,260,41
M007248,R01399,North Indian,Chole Bhature,689,20
M007249,R01317,Pizza,Pepperoni Pizza,253,26
M007250,R00028,Burger,Cheese Burger,588,16
M007251,R00627,North Indian,Chole Bhature,366,12
M007252,R01039,South Indian,Vada,111,36
M007253,R00075,North Indian,Butter Naan,274,27
M007254,R01279,North Indian,Paneer Butter Masala,548,44
M007255,R01116,Biryani,Paneer Biryani,214,13
M007256,R00033,Burger,Veg Burger,145,20
M007257,R00863,South Indian,Idli,139,19
M007258,R01061,Burger,Cheese Burger,613,35
M007259,R00164,Biryani,Veg Biryani,199,45
M007260,R00825,North Indian,Chole Bhature,552,19
M007261,R00396,Burger,Veg Burger,680,13
M007262,R00422,Chinese,Fried Rice,350,18
M007263,R00378,Biryani,Mutton Biryani,149,25
M007264,R01420,Biryani,Chicken Biryani,201,38
M007265,R01259,North Indian,Dal Makhani,268,17
M007266,R00232,Biryani,Mutton Biryani,207,38
M007267,R00687,Burger,Veg Burger,596,19
M007268,R00247,South Indian,Idli,151,34
M007269,R00156,South Indian,Vada,395,14
M007270,R01497,Biryani,Veg Biryani,676,39
M007271,R00272,Chinese,Spring Roll,524,13
M007272,R00670,Burger,Veg Burger,310,36
M007273,R01325,North Indian,Dal Makhani,245,21
M007274,R00724,Healthy Foods,Protein Bowl,628,16
M007275,R00015,South Indian,Masala Dosa,351,27
M007276,R01488,North Indian,Paneer Butter Masala,239,35
M007277,R00726,Pizza,Veg Pizza,445,13
M007278,R00735,Burger,Cheese Burger,293,32
M007279,R01107,Biryani,Paneer Biryani,390,16
M007280,R00069,South Indian,Uttapam,256,12
M007281,R00270,Burger,Chicken Burger,660,30
M007282,R00662,Biryani,Paneer Biryani,286,21
M007283,R00400,Burger,Chicken Burger,604,18
M007284,R00157,Chinese,Manchurian,414,29
M007285,R00436,Healthy Foods,Grilled Chicken,466,17
M007286,R00191,Pizza,Veg Pizza,282,11
M007287,R00692,Biryani,Veg Biryani,526,13
M007288,R00672,South Indian,Uttapam,142,22
M007289,R01260,South Indian,Pongal,649,16
M007290,R00598,Biryani,Chicken Biryani,636,40
M007291,R00686,Chinese,Spring Roll,122,12
M007292,R01062,Chinese,Spring Roll,468,44
M007293,R00264,Chinese,Noodles,595,41
M007294,R00609,South Indian,Vada,553,38
M007295,R00261,Chinese,Manchurian,623,38
M007296,R01288,Biryani,Paneer Biryani,503,35
M007297,R00298,South Indian,Idli,542,33
M007298,R00647,North Indian,Paneer Butter Masala,497,33
M007299,R01175,North Indian,Paneer Butter Masala,431,23
M007300,R01472,South Indian,Uttapam,295,29
M007301,R00974,South Indian,Pongal,577,44
M007302,R00752,Burger,Chicken Burger,169,14
M007303,R01211,Biryani,Chicken Biryani,82,42
M007304,R00455,Biryani,Paneer Biryani,254,24
M007305,R01373,Burger,Chicken Burger,561,40
M007306,R00448,Burger,Cheese Burger,542,15
M007307,R00331,Pizza,Pepperoni Pizza,338,32
M007308,R00185,Biryani,Paneer Biryani,538,42
M007309,R00621,Biryani,Veg Biryani,659,17
M007310,R00922,Biryani,Paneer Biryani,403,19
M007311,R00881,Chinese,Spring Roll,82,34
M007312,R01208,South Indian,Idli,209,28
M007313,R00420,Burger,Veg Burger,334,24
M007314,R01243,Chinese,Spring Roll,328,33
M007315,R00891,North Indian,Butter Naan,406,45
M007316,R00121,North Indian,Chole Bhature,251,32
M007317,R01289,Chinese,Noodles,159,19
M007318,R01209,Burger,Chicken Burger,561,35
M007319,R01227,South Indian,Idli,171,31
M007320,R00235,North Indian,Chole Bhature,671,30
M007321,R00510,South Indian,Masala Dosa,651,39
M007322,R01235,Pizza,Farmhouse Pizza,97,38
M007323,R01074,Biryani,Veg Biryani,198,39
M007324,R00968,Biryani,Veg Biryani,551,22
M007325,R01485,North Indian,Dal Makhani,303,18
M007326,R00627,North Indian,Paneer Butter Masala,324,37
M007327,R01475,Pizza,Veg Pizza,592,12
M007328,R00786,South Indian,Masala Dosa,284,26
M007329,R01190,Biryani,Paneer Biryani,138,35
M007330,R00458,Biryani,Paneer Biryani,186,14
M007331,R01238,North Indian,Paneer Butter Masala,381,12
M007332,R00675,South Indian,Uttapam,559,40
M007333,R00850,Biryani,Mutton Biryani,580,41
M007334,R00383,Biryani,Mutton Biryani,444,34
M007335,R00742,Chinese,Manchurian,650,13
M007336,R00551,South Indian,Idli,148,31
M007337,R00051,Desserts,Chocolate Cake,389,37
M007338,R01105,South Indian,Masala Dosa,333,41
M007339,R00799,Chinese,Noodles,603,19
M007340,R00551,South Indian,Idli,474,19
M007341,R00694,North Indian,Butter Naan,181,29
M007342,R01451,South Indian,Pongal,390,17
M007343,R01028,North Indian,Dal Makhani,604,21
M007344,R00746,Burger,Veg Burger,262,16
M007345,R01344,Beverages,Lemon Juice,610,10
M007346,R01465,Burger,Chicken Burger,177,18
M007347,R00319,Chinese,Spring Roll,266,43
M007348,R01285,Desserts,Brownie,372,23
M007349,R00353,Pizza,Margherita Pizza,593,27
M007350,R00078,Chinese,Spring Roll,242,33
M007351,R01329,South Indian,Pongal,201,32
M007352,R00846,Chinese,Noodles,165,45
M007353,R00893,Beverages,Cold Coffee,453,28
M007354,R01342,Biryani,Chicken Biryani,124,27
M007355,R01221,Biryani,Mutton Biryani,184,35
M007356,R00256,Biryani,Veg Biryani,278,29
M007357,R00018,North Indian,Butter Naan,324,16
M007358,R00163,Burger,Chicken Burger,524,42
M007359,R01104,North Indian,Butter Naan,451,34
M007360,R01323,Beverages,Mojito,660,31
M007361,R00876,Burger,Chicken Burger,465,23
M007362,R00830,Biryani,Paneer Biryani,186,18
M007363,R01477,Biryani,Paneer Biryani,190,24
M007364,R00380,Healthy Foods,Protein Bowl,141,15
M007365,R01451,South Indian,Uttapam,203,38
M007366,R01298,Biryani,Veg Biryani,435,21
M007367,R00782,Beverages,Lemon Juice,255,17
M007368,R00837,Biryani,Chicken Biryani,196,31
M007369,R01499,Desserts,Ice Cream,643,32
M007370,R00628,Desserts,Ice Cream,237,29
M007371,R01283,North Indian,Dal Makhani,575,42
M007372,R00352,Pizza,Margherita Pizza,333,14
M007373,R01081,South Indian,Pongal,237,20
M007374,R00529,North Indian,Chole Bhature,266,34
M007375,R00524,Biryani,Veg Biryani,308,24
M007376,R00323,Pizza,Pepperoni Pizza,83,27
M007377,R00260,South Indian,Uttapam,106,31
M007378,R00936,Biryani,Paneer Biryani,372,25
M007379,R00169,Burger,Chicken Burger,632,30
M007380,R01118,North Indian,Butter Naan,362,44
M007381,R01309,Burger,Chicken Burger,394,28
M007382,R00406,Biryani,Chicken Biryani,469,30
M007383,R00008,South Indian,Uttapam,123,19
M007384,R00173,South Indian,Pongal,312,35
M007385,R00774,Biryani,Paneer Biryani,144,22
M007386,R00986,Burger,Veg Burger,547,25
M007387,R00671,Pizza,Veg Pizza,470,43
M007388,R01224,South Indian,Masala Dosa,295,24
M007389,R00480,South Indian,Uttapam,396,43
M007390,R01091,Pizza,Veg Pizza,133,14
M007391,R00408,Chinese,Fried Rice,619,41
M007392,R00091,Pizza,Margherita Pizza,435,44
M007393,R00946,Burger,Cheese Burger,434,43
M007394,R00229,North Indian,Butter Naan,142,39
M007395,R01356,South Indian,Uttapam,166,39
M007396,R00606,South Indian,Uttapam,296,20
M007397,R00853,Chinese,Fried Rice,364,29
M007398,R00176,South Indian,Uttapam,117,38
M007399,R00034,Pizza,Margherita Pizza,420,38
M007400,R00021,Chinese,Spring Roll,376,11
M007401,R01347,North Indian,Butter Naan,171,24
M007402,R00722,North Indian,Dal Makhani,243,17
M007403,R00685,South Indian,Pongal,264,41
M007404,R00748,South Indian,Idli,497,32
M007405,R00009,North Indian,Chole Bhature,549,12
M007406,R00464,Pizza,Farmhouse Pizza,158,21
M007407,R00055,Biryani,Veg Biryani,609,36
M007408,R00938,Biryani,Veg Biryani,202,32
M007409,R00396,Burger,Veg Burger,84,40
M007410,R00650,South Indian,Masala Dosa,523,30
M007411,R01171,Pizza,Veg Pizza,106,19
M007412,R00538,North Indian,Chole Bhature,220,19
M007413,R00018,North Indian,Chole Bhature,667,19
M007414,R00359,Biryani,Paneer Biryani,527,39
M007415,R00528,South Indian,Uttapam,87,21
M007416,R01311,South Indian,Vada,183,21
M007417,R01086,Pizza,Margherita Pizza,224,16
M007418,R01306,Healthy Foods,Grilled Chicken,234,30
M007419,R00135,Chinese,Noodles,202,34
M007420,R00117,South Indian,Masala Dosa,130,36
M007421,R00058,Burger,Veg Burger,524,38
M007422,R01237,North Indian,Chole Bhature,571,39
M007423,R01154,Biryani,Veg Biryani,487,34
M007424,R00087,Pizza,Margherita Pizza,353,36
M007425,R00513,Pizza,Pepperoni Pizza,290,26
M007426,R00937,Healthy Foods,Grilled Chicken,309,12
M007427,R00523,Chinese,Fried Rice,366,16
M007428,R01053,Biryani,Chicken Biryani,417,18
M007429,R00387,South Indian,Vada,277,39
M007430,R00591,Chinese,Fried Rice,465,38
M007431,R01481,North Indian,Chole Bhature,436,12
M007432,R00608,Chinese,Noodles,643,18
M007433,R00469,Chinese,Fried Rice,602,15
M007434,R01078,Biryani,Chicken Biryani,290,12
M007435,R00479,South Indian,Idli,406,27
M007436,R01452,Chinese,Spring Roll,655,31
M007437,R01058,Burger,Veg Burger,432,30
M007438,R01333,Desserts,Brownie,676,25
M007439,R00059,Burger,Chicken Burger,243,20
M007440,R01363,Biryani,Veg Biryani,661,23
M007441,R00634,Burger,Chicken Burger,661,37
M007442,R00479,South Indian,Masala Dosa,237,45
M007443,R00856,North Indian,Chole Bhature,196,29
M007444,R00122,South Indian,Masala Dosa,375,37
M007445,R01205,North Indian,Chole Bhature,660,21
M007446,R01454,Chinese,Fried Rice,672,21
M007447,R01039,South Indian,Uttapam,500,45
M007448,R01097,South Indian,Uttapam,453,17
M007449,R00043,Pizza,Margherita Pizza,551,16
M007450,R00717,North Indian,Paneer Butter Masala,263,12
M007451,R00425,Pizza,Pepperoni Pizza,483,33
M007452,R00682,North Indian,Chole Bhature,635,27
M007453,R01030,Desserts,Chocolate Cake,175,28
M007454,R00214,North Indian,Chole Bhature,206,30
M007455,R00788,South Indian,Pongal,238,14
M007456,R01467,Desserts,Ice Cream,375,43
M007457,R01454,Chinese,Noodles,397,19
M007458,R01349,Biryani,Veg Biryani,507,38
M007459,R00829,North Indian,Dal Makhani,246,28
M007460,R00698,North Indian,Dal Makhani,130,20
M007461,R00193,North Indian,Paneer Butter Masala,165,35
M007462,R00470,South Indian,Pongal,139,39
M007463,R00645,Beverages,Lemon Juice,99,24
M007464,R00749,Pizza,Pepperoni Pizza,251,20
M007465,R00304,South Indian,Masala Dosa,249,19
M007466,R00128,South Indian,Idli,569,15
M007467,R01364,Pizza,Veg Pizza,295,27
M007468,R01395,South Indian,Idli,680,33
M007469,R01498,Pizza,Veg Pizza,530,13
M007470,R01272,Biryani,Mutton Biryani,339,15
M007471,R00582,Pizza,Margherita Pizza,190,29
M007472,R01033,Beverages,Mojito,569,23
M007473,R01130,North Indian,Butter Naan,192,22
M007474,R00309,Biryani,Mutton Biryani,330,39
M007475,R01193,Pizza,Margherita Pizza,262,12
M007476,R01092,Chinese,Fried Rice,164,35
M007477,R01318,Pizza,Veg Pizza,374,20
M007478,R00392,Burger,Veg Burger,108,28
M007479,R00455,Biryani,Veg Biryani,236,26
M007480,R00918,North Indian,Butter Naan,295,39
M007481,R01476,Pizza,Veg Pizza,590,30
M007482,R01137,Biryani,Chicken Biryani,241,13
M007483,R00679,South Indian,Idli,139,17
M007484,R00314,Biryani,Veg Biryani,155,31
M007485,R00456,North Indian,Dal Makhani,403,12
M007486,R01166,Pizza,Pepperoni Pizza,525,40
M007487,R01329,South Indian,Masala Dosa,146,43
M007488,R00601,South Indian,Pongal,247,19
M007489,R00833,Healthy Foods,Salad Bowl,320,25
M007490,R00452,South Indian,Pongal,93,28
M007491,R01408,North Indian,Paneer Butter Masala,528,43
M007492,R00012,North Indian,Chole Bhature,263,35
M007493,R01350,South Indian,Uttapam,568,25
M007494,R00195,Biryani,Veg Biryani,300,18
M007495,R00355,Burger,Veg Burger,123,45
M007496,R01450,South Indian,Uttapam,534,29
M007497,R01407,Biryani,Paneer Biryani,226,45
M007498,R00346,South Indian,Uttapam,546,44
M007499,R00525,Biryani,Veg Biryani,122,16
M007500,R01075,Burger,Veg Burger,122,11
M007501,R01118,North Indian,Chole Bhature,114,18
M007502,R00833,Healthy Foods,Protein Bowl,198,28
M007503,R01200,Biryani,Mutton Biryani,660,20
M007504,R00507,North Indian,Paneer Butter Masala,330,26
M007505,R01491,Biryani,Paneer Biryani,245,25
M007506,R00136,North Indian,Paneer Butter Masala,294,33
M007507,R01238,North Indian,Chole Bhature,416,28
M007508,R00888,Healthy Foods,Grilled Chicken,681,25
M007509,R00098,Biryani,Paneer Biryani,122,11
M007510,R00789,Burger,Chicken Burger,373,36
M007511,R00606,South Indian,Vada,472,11
M007512,R00473,North Indian,Chole Bhature,134,45
M007513,R01130,North Indian,Butter Naan,518,24
M007514,R00728,Biryani,Veg Biryani,143,35
M007515,R00583,Healthy Foods,Protein Bowl,581,15
M007516,R01423,North Indian,Dal Makhani,374,27
M007517,R00156,South Indian,Vada,212,33
M007518,R00032,Beverages,Lemon Juice,220,31
M007519,R00692,Biryani,Chicken Biryani,429,38
M007520,R01249,Chinese,Fried Rice,91,33
M007521,R00423,Biryani,Paneer Biryani,607,40
M007522,R00652,South Indian,Idli,386,12
M007523,R00895,Pizza,Veg Pizza,276,36
M007524,R00819,Chinese,Noodles,659,40
M007525,R00136,North Indian,Paneer Butter Masala,481,44
M007526,R01110,South Indian,Masala Dosa,275,13
M007527,R01437,Desserts,Brownie,538,35
M007528,R00318,Burger,Chicken Burger,531,14
M007529,R00048,Pizza,Margherita Pizza,236,24
M007530,R00858,Burger,Chicken Burger,405,38
M007531,R01049,South Indian,Masala Dosa,604,38
M007532,R00278,South Indian,Idli,593,10
M007533,R00656,South Indian,Pongal,196,23
M007534,R00305,Pizza,Veg Pizza,157,39
M007535,R00948,South Indian,Idli,675,42
M007536,R00808,North Indian,Butter Naan,165,41
M007537,R00190,Chinese,Spring Roll,428,33
M007538,R00566,Pizza,Margherita Pizza,343,13
M007539,R01171,Pizza,Veg Pizza,535,33
M007540,R01185,North Indian,Paneer Butter Masala,115,32
M007541,R01030,Desserts,Chocolate Cake,353,45
M007542,R00656,South Indian,Masala Dosa,691,13
M007543,R00540,Desserts,Chocolate Cake,202,21
M007544,R00624,North Indian,Dal Makhani,400,23
M007545,R00505,Pizza,Farmhouse Pizza,503,38
M007546,R00826,South Indian,Uttapam,614,41
M007547,R01002,Pizza,Farmhouse Pizza,197,35
M007548,R00549,Chinese,Fried Rice,592,21
M007549,R00140,Biryani,Mutton Biryani,350,13
M007550,R00210,Biryani,Mutton Biryani,418,21
M007551,R01184,North Indian,Paneer Butter Masala,412,15
M007552,R01261,Chinese,Noodles,218,44
M007553,R00754,Burger,Chicken Burger,244,36
M007554,R00179,Pizza,Margherita Pizza,490,17
M007555,R00212,Pizza,Pepperoni Pizza,324,22
M007556,R01051,Pizza,Pepperoni Pizza,545,24
M007557,R00794,Biryani,Mutton Biryani,468,32
M007558,R00138,Chinese,Manchurian,489,24
M007559,R01265,Pizza,Farmhouse Pizza,449,11
M007560,R01383,North Indian,Butter Naan,404,13
M007561,R00428,Biryani,Mutton Biryani,477,36
M007562,R00199,North Indian,Butter Naan,89,23
M007563,R00403,North Indian,Paneer Butter Masala,414,15
M007564,R00940,Beverages,Cold Coffee,435,10
M007565,R01086,Pizza,Pepperoni Pizza,488,24
M007566,R00274,South Indian,Idli,665,25
M007567,R00440,South Indian,Idli,306,16
M007568,R00380,Healthy Foods,Protein Bowl,91,20
M007569,R00896,Biryani,Mutton Biryani,152,39
M007570,R00459,South Indian,Pongal,227,19
M007571,R01005,Beverages,Mojito,633,12
M007572,R00663,Chinese,Spring Roll,268,36
M007573,R01448,Burger,Chicken Burger,609,24
M007574,R00751,Chinese,Manchurian,122,14
M007575,R01140,Beverages,Lemon Juice,179,35
M007576,R00129,Burger,Veg Burger,302,11
M007577,R01428,Burger,Chicken Burger,563,28
M007578,R01105,South Indian,Uttapam,366,12
M007579,R00560,Pizza,Margherita Pizza,696,29
M007580,R00250,South Indian,Idli,144,13
M007581,R00856,North Indian,Paneer Butter Masala,494,45
M007582,R00819,Chinese,Manchurian,411,15
M007583,R00148,Burger,Chicken Burger,376,34
M007584,R00713,Healthy Foods,Salad Bowl,393,34
M007585,R00384,North Indian,Butter Naan,599,35
M007586,R01481,North Indian,Butter Naan,308,11
M007587,R00360,North Indian,Paneer Butter Masala,306,25
M007588,R00025,North Indian,Chole Bhature,652,42
M007589,R01237,North Indian,Butter Naan,301,10
M007590,R01185,North Indian,Butter Naan,480,16
M007591,R00922,Biryani,Mutton Biryani,377,23
M007592,R00124,Chinese,Fried Rice,647,30
M007593,R00983,Healthy Foods,Protein Bowl,367,29
M007594,R01302,South Indian,Pongal,197,15
M007595,R00007,South Indian,Vada,188,35
M007596,R00075,North Indian,Dal Makhani,136,36
M007597,R01267,Biryani,Mutton Biryani,420,43
M007598,R00419,Burger,Veg Burger,685,35
M007599,R01017,Biryani,Mutton Biryani,635,14
M007600,R00113,Pizza,Veg Pizza,267,44
M007601,R00401,Chinese,Fried Rice,415,21
M007602,R00052,Burger,Cheese Burger,381,42
M007603,R00438,Desserts,Ice Cream,136,30
M007604,R00418,Biryani,Mutton Biryani,579,29
M007605,R01237,North Indian,Butter Naan,333,15
M007606,R00096,Biryani,Chicken Biryani,256,45
M007607,R00981,Burger,Chicken Burger,305,30
M007608,R01098,Beverages,Mojito,578,43
M007609,R00883,South Indian,Vada,267,16
M007610,R00244,Chinese,Fried Rice,384,23
M007611,R00926,Chinese,Manchurian,627,14
M007612,R00147,Beverages,Mojito,544,30
M007613,R00539,Pizza,Pepperoni Pizza,644,34
M007614,R00835,Pizza,Farmhouse Pizza,559,22
M007615,R01354,Biryani,Veg Biryani,258,45
M007616,R00981,Burger,Veg Burger,293,40
M007617,R01175,North Indian,Butter Naan,89,15
M007618,R00865,North Indian,Chole Bhature,295,16
M007619,R01028,North Indian,Paneer Butter Masala,451,11
M007620,R00098,Biryani,Mutton Biryani,523,42
M007621,R00228,Biryani,Veg Biryani,508,33
M007622,R00086,Chinese,Manchurian,218,39
M007623,R01193,Pizza,Pepperoni Pizza,633,36
M007624,R00216,North Indian,Paneer Butter Masala,85,20
M007625,R00201,Biryani,Mutton Biryani,162,21
M007626,R00856,North Indian,Butter Naan,181,24
M007627,R00240,Desserts,Brownie,404,30
M007628,R01162,Biryani,Veg Biryani,665,32
M007629,R01085,North Indian,Paneer Butter Masala,445,21
M007630,R01145,Burger,Veg Burger,296,33
M007631,R00523,Chinese,Noodles,326,34
M007632,R00515,South Indian,Masala Dosa,354,13
M007633,R00886,Pizza,Farmhouse Pizza,282,40
M007634,R00718,North Indian,Butter Naan,574,38
M007635,R01490,South Indian,Pongal,616,25
M007636,R00642,Chinese,Spring Roll,194,40
M007637,R01156,South Indian,Masala Dosa,534,25
M007638,R01062,Chinese,Manchurian,331,39
M007639,R00784,Burger,Veg Burger,408,37
M007640,R00815,Biryani,Paneer Biryani,389,36
M007641,R00753,Biryani,Veg Biryani,450,20
M007642,R01369,Burger,Cheese Burger,312,23
M007643,R01438,Biryani,Mutton Biryani,223,26
M007644,R00836,South Indian,Vada,524,39
M007645,R00564,North Indian,Chole Bhature,555,17
M007646,R00704,South Indian,Idli,417,30
M007647,R01359,Healthy Foods,Grilled Chicken,514,40
M007648,R00983,Healthy Foods,Salad Bowl,139,29
M007649,R01164,Desserts,Ice Cream,441,17
M007650,R00055,Biryani,Chicken Biryani,564,32
M007651,R00517,North Indian,Butter Naan,126,17
M007652,R01097,South Indian,Idli,230,10
M007653,R00318,Burger,Chicken Burger,420,17
M007654,R00436,Healthy Foods,Salad Bowl,562,11
M007655,R00458,Biryani,Mutton Biryani,607,27
M007656,R00840,North Indian,Chole Bhature,525,22
M007657,R01332,Burger,Cheese Burger,306,17
M007658,R00820,Biryani,Mutton Biryani,132,34
M007659,R00147,Beverages,Mojito,189,27
M007660,R00067,Biryani,Paneer Biryani,344,32
M007661,R00570,Pizza,Farmhouse Pizza,380,18
M007662,R01494,Chinese,Spring Roll,314,15
M007663,R00268,South Indian,Uttapam,431,28
M007664,R00146,South Indian,Pongal,390,10
M007665,R00930,Biryani,Mutton Biryani,559,26
M007666,R00008,South Indian,Uttapam,193,38
M007667,R00076,Burger,Chicken Burger,588,19
M007668,R00236,North Indian,Butter Naan,680,34
M007669,R01016,Burger,Chicken Burger,98,10
M007670,R01413,Pizza,Farmhouse Pizza,116,20
M007671,R00548,Burger,Cheese Burger,301,28
M007672,R01137,Biryani,Paneer Biryani,304,40
M007673,R00123,Biryani,Chicken Biryani,227,28
M007674,R01360,Biryani,Chicken Biryani,114,21
M007675,R01112,Pizza,Margherita Pizza,317,23
M007676,R00506,Chinese,Spring Roll,478,12
M007677,R01083,Pizza,Margherita Pizza,652,11
M007678,R00710,Biryani,Mutton Biryani,418,42
M007679,R00997,North Indian,Butter Naan,347,35
M007680,R00145,South Indian,Vada,406,15
M007681,R00454,South Indian,Vada,597,26
M007682,R01083,Pizza,Veg Pizza,204,21
M007683,R00454,South Indian,Pongal,573,20
M007684,R01345,North Indian,Paneer Butter Masala,643,39
M007685,R00823,North Indian,Dal Makhani,392,11
M007686,R00965,North Indian,Butter Naan,259,31
M007687,R00340,Beverages,Mojito,556,27
M007688,R01043,Burger,Chicken Burger,362,40
M007689,R01143,South Indian,Pongal,199,32
M007690,R01028,North Indian,Dal Makhani,417,32
M007691,R01301,Burger,Chicken Burger,581,38
M007692,R00524,Biryani,Paneer Biryani,92,10
M007693,R00411,Biryani,Chicken Biryani,456,45
M007694,R01434,South Indian,Masala Dosa,255,24
M007695,R00599,Chinese,Manchurian,562,25
M007696,R01194,South Indian,Pongal,228,21
M007697,R01094,South Indian,Pongal,271,18
M007698,R00103,Healthy Foods,Protein Bowl,313,17
M007699,R01132,South Indian,Pongal,279,23
M007700,R01354,Biryani,Paneer Biryani,554,43
M007701,R00485,North Indian,Butter Naan,548,14
M007702,R00823,North Indian,Dal Makhani,386,37
M007703,R00214,North Indian,Paneer Butter Masala,481,24
M007704,R00510,South Indian,Masala Dosa,404,12
M007705,R00355,Burger,Veg Burger,544,41
M007706,R00833,Healthy Foods,Protein Bowl,631,36
M007707,R00049,South Indian,Masala Dosa,513,24
M007708,R00858,Burger,Chicken Burger,671,16
M007709,R00685,South Indian,Uttapam,511,35
M007710,R00976,Biryani,Chicken Biryani,552,19
M007711,R00122,South Indian,Masala Dosa,370,12
M007712,R01363,Biryani,Chicken Biryani,669,10
M007713,R01366,South Indian,Vada,541,27
M007714,R00567,Pizza,Margherita Pizza,94,32
M007715,R01493,Pizza,Margherita Pizza,343,31
M007716,R00927,North Indian,Chole Bhature,529,39
M007717,R00998,Chinese,Fried Rice,122,20
M007718,R00536,Desserts,Ice Cream,586,19
M007719,R00361,North Indian,Butter Naan,617,27
M007720,R00425,Pizza,Pepperoni Pizza,337,43
M007721,R01423,North Indian,Butter Naan,215,40
M007722,R00313,Biryani,Chicken Biryani,187,19
M007723,R00869,North Indian,Dal Makhani,570,27
M007724,R00181,North Indian,Dal Makhani,332,39
M007725,R00958,North Indian,Chole Bhature,246,14
M007726,R00776,North Indian,Dal Makhani,580,24
M007727,R01184,North Indian,Paneer Butter Masala,610,12
M007728,R01373,Burger,Veg Burger,312,29
M007729,R01126,Burger,Cheese Burger,264,35
M007730,R00389,North Indian,Chole Bhature,365,11
M007731,R00118,South Indian,Vada,143,28
M007732,R00832,North Indian,Dal Makhani,86,32
M007733,R00741,Burger,Chicken Burger,554,30
M007734,R00497,South Indian,Vada,508,44
M007735,R01468,Beverages,Mojito,212,34
M007736,R01294,South Indian,Masala Dosa,635,20
M007737,R00033,Burger,Chicken Burger,407,13
M007738,R00923,Biryani,Mutton Biryani,620,21
M007739,R01500,North Indian,Chole Bhature,546,12
M007740,R01111,South Indian,Idli,387,10
M007741,R00660,South Indian,Pongal,281,24
M007742,R00882,Biryani,Chicken Biryani,148,37
M007743,R00682,North Indian,Paneer Butter Masala,599,44
M007744,R01200,Biryani,Mutton Biryani,687,40
M007745,R01241,North Indian,Paneer Butter Masala,163,30
M007746,R01151,South Indian,Uttapam,99,12
M007747,R00467,South Indian,Vada,526,37
M007748,R00782,Beverages,Cold Coffee,425,27
M007749,R00286,South Indian,Idli,97,43
M007750,R01184,North Indian,Chole Bhature,167,29
M007751,R01258,Desserts,Ice Cream,182,42
M007752,R00736,Pizza,Pepperoni Pizza,456,31
M007753,R01184,North Indian,Paneer Butter Masala,560,16
M007754,R01349,Biryani,Paneer Biryani,591,26
M007755,R00578,Desserts,Ice Cream,611,42
M007756,R01202,North Indian,Butter Naan,264,39
M007757,R01232,Chinese,Manchurian,666,26
M007758,R00753,Biryani,Mutton Biryani,641,19
M007759,R00699,South Indian,Masala Dosa,647,37
M007760,R00876,Burger,Chicken Burger,345,10
M007761,R01362,Biryani,Paneer Biryani,137,17
M007762,R00152,South Indian,Uttapam,574,17
M007763,R00188,South Indian,Vada,404,24
M007764,R01396,Chinese,Fried Rice,527,19
M007765,R00144,Biryani,Veg Biryani,544,29
M007766,R00475,North Indian,Dal Makhani,274,34
M007767,R01099,Chinese,Noodles,412,31
M007768,R01139,Biryani,Paneer Biryani,519,18
M007769,R00632,Biryani,Mutton Biryani,638,29
M007770,R00389,North Indian,Paneer Butter Masala,334,39
M007771,R01252,Chinese,Fried Rice,336,22
M007772,R01114,Biryani,Veg Biryani,381,24
M007773,R00240,Desserts,Brownie,661,45
M007774,R00775,South Indian,Vada,583,43
M007775,R00125,Pizza,Pepperoni Pizza,248,44
M007776,R00931,Desserts,Ice Cream,201,20
M007777,R00646,Healthy Foods,Salad Bowl,247,25
M007778,R01148,North Indian,Paneer Butter Masala,496,10
M007779,R01455,South Indian,Uttapam,457,38
M007780,R01312,Chinese,Spring Roll,569,17
M007781,R00311,Biryani,Chicken Biryani,206,32
M007782,R01187,South Indian,Masala Dosa,459,28
M007783,R01009,Biryani,Paneer Biryani,232,29
M007784,R01190,Biryani,Mutton Biryani,565,42
M007785,R00580,North Indian,Dal Makhani,586,38
M007786,R00288,North Indian,Paneer Butter Masala,635,41
M007787,R01099,Chinese,Spring Roll,444,43
M007788,R00055,Biryani,Veg Biryani,313,24
M007789,R00442,Healthy Foods,Protein Bowl,91,41
M007790,R00739,South Indian,Pongal,610,29
M007791,R00962,Desserts,Brownie,660,44
M007792,R00128,South Indian,Vada,495,44
M007793,R00850,Biryani,Mutton Biryani,127,35
M007794,R01034,Biryani,Veg Biryani,620,32
M007795,R01414,Pizza,Veg Pizza,647,33
M007796,R01042,South Indian,Pongal,305,36
M007797,R01475,Pizza,Veg Pizza,124,24
M007798,R00582,Pizza,Veg Pizza,305,11
M007799,R01455,South Indian,Vada,650,39
M007800,R00924,South Indian,Uttapam,135,14
M007801,R01378,Pizza,Farmhouse Pizza,366,15
M007802,R00599,Chinese,Spring Roll,218,38
M007803,R00578,Desserts,Brownie,645,24
M007804,R00297,Burger,Chicken Burger,536,41
M007805,R01235,Pizza,Farmhouse Pizza,636,14
M007806,R00102,Burger,Chicken Burger,330,28
M007807,R00359,Biryani,Paneer Biryani,606,20
M007808,R00644,North Indian,Paneer Butter Masala,581,10
M007809,R00792,Burger,Veg Burger,450,19
M007810,R01416,North Indian,Paneer Butter Masala,334,36
M007811,R01332,Burger,Chicken Burger,506,13
M007812,R00676,South Indian,Idli,263,17
M007813,R00974,South Indian,Vada,581,18
M007814,R00838,Biryani,Paneer Biryani,588,41
M007815,R00963,North Indian,Dal Makhani,121,26
M007816,R00655,Healthy Foods,Grilled Chicken,430,38
M007817,R01284,North Indian,Chole Bhature,632,33
M007818,R00703,Chinese,Noodles,122,40
M007819,R00489,North Indian,Butter Naan,275,14
M007820,R01371,Chinese,Fried Rice,370,13
M007821,R00894,North Indian,Chole Bhature,211,23
M007822,R00999,Chinese,Noodles,392,27
M007823,R00577,Biryani,Chicken Biryani,311,26
M007824,R01012,North Indian,Butter Naan,638,44
M007825,R00523,Chinese,Spring Roll,666,31
M007826,R00493,North Indian,Paneer Butter Masala,498,11
M007827,R00667,Burger,Veg Burger,627,11
M007828,R00130,South Indian,Pongal,623,40
M007829,R00855,Biryani,Paneer Biryani,500,19
M007830,R01145,Burger,Chicken Burger,307,23
M007831,R01348,Healthy Foods,Grilled Chicken,260,11
M007832,R01389,Biryani,Mutton Biryani,624,16
M007833,R01243,Chinese,Fried Rice,314,39
M007834,R01468,Beverages,Cold Coffee,378,39
M007835,R01180,Biryani,Chicken Biryani,82,38
M007836,R00791,Biryani,Mutton Biryani,561,40
M007837,R01376,South Indian,Pongal,282,42
M007838,R00950,South Indian,Idli,330,41
M007839,R00011,Desserts,Brownie,669,36
M007840,R00058,Burger,Veg Burger,422,41
M007841,R01023,Biryani,Veg Biryani,575,42
M007842,R00603,South Indian,Masala Dosa,401,15
M007843,R01105,South Indian,Idli,618,45
M007844,R00448,Burger,Cheese Burger,191,31
M007845,R00176,South Indian,Vada,436,35
M007846,R00017,Desserts,Chocolate Cake,656,44
M007847,R00813,Burger,Chicken Burger,363,16
M007848,R00989,Pizza,Pepperoni Pizza,245,24
M007849,R00633,South Indian,Pongal,288,12
M007850,R00362,South Indian,Idli,530,45
M007851,R01359,Healthy Foods,Protein Bowl,618,39
M007852,R00751,Chinese,Manchurian,262,33
M007853,R01153,Biryani,Veg Biryani,191,22
M007854,R00910,South Indian,Vada,150,20
M007855,R01211,Biryani,Veg Biryani,80,43
M007856,R00603,South Indian,Vada,150,17
M007857,R00964,Biryani,Mutton Biryani,535,22
M007858,R00715,Healthy Foods,Grilled Chicken,661,35
M007859,R01379,South Indian,Uttapam,90,26
M007860,R01188,North Indian,Chole Bhature,255,40
M007861,R00041,South Indian,Masala Dosa,688,37
M007862,R00685,South Indian,Vada,347,20
M007863,R00892,South Indian,Pongal,152,42
M007864,R00540,Desserts,Chocolate Cake,165,28
M007865,R00328,Biryani,Paneer Biryani,664,11
M007866,R00820,Biryani,Veg Biryani,533,39
M007867,R00594,Biryani,Veg Biryani,531,13
M007868,R00858,Burger,Cheese Burger,90,32
M007869,R00553,Desserts,Chocolate Cake,691,32
M007870,R01104,North Indian,Dal Makhani,490,21
M007871,R01187,South Indian,Pongal,657,39
M007872,R01125,North Indian,Paneer Butter Masala,471,39
M007873,R00280,Healthy Foods,Grilled Chicken,229,11
M007874,R00594,Biryani,Veg Biryani,536,40
M007875,R00637,South Indian,Idli,483,17
M007876,R00725,Chinese,Noodles,208,17
M007877,R00706,Pizza,Margherita Pizza,105,19
M007878,R00376,South Indian,Vada,633,38
M007879,R01361,South Indian,Masala Dosa,171,41
M007880,R01347,North Indian,Dal Makhani,301,39
M007881,R00120,Chinese,Noodles,484,28
M007882,R00881,Chinese,Noodles,439,26
M007883,R01091,Pizza,Veg Pizza,97,19
M007884,R00927,North Indian,Dal Makhani,152,23
M007885,R00304,South Indian,Idli,530,41
M007886,R00635,Biryani,Paneer Biryani,234,40
M007887,R00363,North Indian,Chole Bhature,442,35
M007888,R00862,Biryani,Veg Biryani,529,29
M007889,R00794,Biryani,Chicken Biryani,318,40
M007890,R00354,North Indian,Butter Naan,633,27
M007891,R01097,South Indian,Pongal,379,36
M007892,R00204,South Indian,Pongal,673,22
M007893,R01241,North Indian,Chole Bhature,156,27
M007894,R00783,South Indian,Masala Dosa,174,14
M007895,R01375,Burger,Chicken Burger,689,30
M007896,R00378,Biryani,Veg Biryani,330,41
M007897,R01008,North Indian,Dal Makhani,91,36
M007898,R01380,Biryani,Mutton Biryani,159,29
M007899,R00252,Chinese,Manchurian,172,27
M007900,R00547,South Indian,Masala Dosa,633,38
M007901,R01259,North Indian,Chole Bhature,304,13
M007902,R00969,North Indian,Chole Bhature,134,20
M007903,R01436,South Indian,Uttapam,162,20
M007904,R00702,South Indian,Masala Dosa,122,42
M007905,R01460,Burger,Chicken Burger,418,17
M007906,R00793,Chinese,Noodles,476,35
M007907,R01383,North Indian,Dal Makhani,689,41
M007908,R01443,South Indian,Vada,570,11
M007909,R01303,Burger,Cheese Burger,166,28
M007910,R01413,Pizza,Farmhouse Pizza,560,26
M007911,R00638,North Indian,Chole Bhature,193,10
M007912,R00574,South Indian,Pongal,336,17
M007913,R01267,Biryani,Veg Biryani,341,44
M007914,R01205,North Indian,Chole Bhature,519,36
M007915,R00883,South Indian,Uttapam,414,19
M007916,R00507,North Indian,Butter Naan,524,17
M007917,R00453,Chinese,Noodles,384,45
M007918,R00624,North Indian,Butter Naan,265,23
M007919,R00552,North Indian,Chole Bhature,563,35
M007920,R00481,North Indian,Butter Naan,562,22
M007921,R00713,Healthy Foods,Salad Bowl,660,30
M007922,R01254,Pizza,Pepperoni Pizza,482,23
M007923,R00725,Chinese,Noodles,302,37
M007924,R00226,North Indian,Butter Naan,439,32
M007925,R01128,Pizza,Pepperoni Pizza,353,22
M007926,R00672,South Indian,Pongal,520,20
M007927,R00517,North Indian,Chole Bhature,409,15
M007928,R00285,North Indian,Chole Bhature,489,39
M007929,R00949,Healthy Foods,Salad Bowl,625,29
M007930,R00827,Biryani,Veg Biryani,182,22
M007931,R00096,Biryani,Paneer Biryani,524,23
M007932,R00054,Healthy Foods,Grilled Chicken,215,36
M007933,R00332,Biryani,Paneer Biryani,220,15
M007934,R00909,North Indian,Chole Bhature,299,14
M007935,R00772,Pizza,Farmhouse Pizza,128,15
M007936,R00360,North Indian,Chole Bhature,606,20
M007937,R00720,Burger,Veg Burger,690,29
M007938,R00954,Beverages,Lemon Juice,633,34
M007939,R00129,Burger,Chicken Burger,91,26
M007940,R00406,Biryani,Chicken Biryani,188,43
M007941,R00756,Burger,Veg Burger,599,20
M007942,R00924,South Indian,Pongal,506,26
M007943,R00253,Pizza,Farmhouse Pizza,325,43
M007944,R00961,Biryani,Mutton Biryani,320,11
M007945,R00628,Desserts,Ice Cream,334,18
M007946,R01141,Biryani,Veg Biryani,530,41
M007947,R01401,South Indian,Idli,344,20
M007948,R01296,Burger,Chicken Burger,446,14
M007949,R00993,North Indian,Dal Makhani,536,41
M007950,R00454,South Indian,Idli,297,11
M007951,R00066,North Indian,Dal Makhani,276,20
M007952,R00313,Biryani,Paneer Biryani,382,21
M007953,R00229,North Indian,Dal Makhani,281,10
M007954,R00237,Biryani,Chicken Biryani,367,40
M007955,R00767,South Indian,Masala Dosa,183,43
M007956,R00095,Healthy Foods,Protein Bowl,417,31
M007957,R01151,South Indian,Pongal,127,37
M007958,R01155,South Indian,Vada,608,27
M007959,R00263,Beverages,Mojito,518,13
M007960,R01182,South Indian,Pongal,692,15
M007961,R00333,Beverages,Lemon Juice,211,44
M007962,R00657,Pizza,Pepperoni Pizza,582,38
M007963,R00679,South Indian,Idli,514,29
M007964,R01499,Desserts,Ice Cream,626,32
M007965,R00195,Biryani,Chicken Biryani,511,44
M007966,R00772,Pizza,Veg Pizza,574,37
M007967,R01185,North Indian,Butter Naan,248,32
M007968,R01183,Biryani,Paneer Biryani,642,30
M007969,R00582,Pizza,Pepperoni Pizza,262,18
M007970,R00883,South Indian,Vada,218,33
M007971,R00993,North Indian,Butter Naan,151,28
M007972,R00635,Biryani,Mutton Biryani,662,44
M007973,R01495,North Indian,Dal Makhani,178,45
M007974,R00062,North Indian,Butter Naan,366,38
M007975,R00885,Burger,Chicken Burger,600,21
M007976,R00543,North Indian,Chole Bhature,246,33
M007977,R01086,Pizza,Margherita Pizza,628,45
M007978,R00431,North Indian,Butter Naan,460,37
M007979,R01267,Biryani,Chicken Biryani,132,27
M007980,R01385,Chinese,Spring Roll,202,40
M007981,R01012,North Indian,Chole Bhature,496,32
M007982,R00272,Chinese,Fried Rice,694,43
M007983,R00502,Burger,Cheese Burger,224,33
M007984,R01324,South Indian,Idli,587,38
M007985,R00703,Chinese,Manchurian,331,11
M007986,R00537,Burger,Chicken Burger,484,31
M007987,R00088,Biryani,Veg Biryani,279,42
M007988,R00412,North Indian,Chole Bhature,243,12
M007989,R00371,North Indian,Butter Naan,279,31
M007990,R00820,Biryani,Paneer Biryani,119,44
M007991,R01147,Burger,Veg Burger,387,43
M007992,R00983,Healthy Foods,Protein Bowl,347,12
M007993,R01294,South Indian,Vada,272,22
M007994,R00479,South Indian,Masala Dosa,116,25
M007995,R01442,South Indian,Idli,488,39
M007996,R01344,Beverages,Cold Coffee,470,45
M007997,R00675,South Indian,Masala Dosa,678,13
M007998,R00322,Biryani,Paneer Biryani,337,17
M007999,R00922,Biryani,Paneer Biryani,588,18
M008000,R01413,Pizza,Farmhouse Pizza,119,11
M008001,R01479,Healthy Foods,Protein Bowl,97,32
M008002,R01241,North Indian,Chole Bhature,383,15
M008003,R00331,Pizza,Farmhouse Pizza,559,45
M008004,R00113,Pizza,Veg Pizza,535,39
M008005,R00400,Burger,Chicken Burger,105,16
M008006,R00490,Biryani,Veg Biryani,438,37
M008007,R00333,Beverages,Lemon Juice,506,34
M008008,R01445,Biryani,Mutton Biryani,325,42
M008009,R00300,Pizza,Pepperoni Pizza,453,36
M008010,R00872,Biryani,Mutton Biryani,161,32
M008011,R00261,Chinese,Spring Roll,643,16
M008012,R00710,Biryani,Chicken Biryani,486,32
M008013,R01298,Biryani,Veg Biryani,203,26
M008014,R00750,Biryani,Veg Biryani,695,39
M008015,R01211,Biryani,Veg Biryani,696,12
M008016,R01082,Biryani,Chicken Biryani,570,31
M008017,R00229,North Indian,Paneer Butter Masala,223,43
M008018,R00397,North Indian,Dal Makhani,151,40
M008019,R01247,North Indian,Paneer Butter Masala,674,19
M008020,R00380,Healthy Foods,Protein Bowl,289,18
M008021,R00129,Burger,Chicken Burger,259,26
M008022,R01491,Biryani,Paneer Biryani,192,22
M008023,R00310,Pizza,Pepperoni Pizza,178,32
M008024,R00877,South Indian,Uttapam,380,35
M008025,R00050,Chinese,Noodles,328,32
M008026,R01045,Beverages,Mojito,649,39
M008027,R00317,Desserts,Chocolate Cake,507,35
M008028,R00195,Biryani,Mutton Biryani,205,40
M008029,R00042,Biryani,Veg Biryani,415,42
M008030,R00112,Biryani,Mutton Biryani,403,43
M008031,R00108,Chinese,Fried Rice,104,26
M008032,R00711,North Indian,Butter Naan,639,10
M008033,R00050,Chinese,Manchurian,235,25
M008034,R00630,Burger,Chicken Burger,689,33
M008035,R00692,Biryani,Paneer Biryani,236,38
M008036,R00904,Biryani,Paneer Biryani,696,44
M008037,R00399,South Indian,Idli,97,27
M008038,R01318,Pizza,Farmhouse Pizza,336,19
M008039,R00906,South Indian,Pongal,534,35
M008040,R01497,Biryani,Paneer Biryani,338,41
M008041,R01409,South Indian,Masala Dosa,655,25
M008042,R00475,North Indian,Paneer Butter Masala,666,32
M008043,R00135,Chinese,Spring Roll,343,22
M008044,R00525,Biryani,Paneer Biryani,374,24
M008045,R01276,South Indian,Vada,460,10
M008046,R00936,Biryani,Mutton Biryani,593,37
M008047,R00130,South Indian,Idli,423,19
M008048,R01470,Biryani,Veg Biryani,601,28
M008049,R00683,Biryani,Chicken Biryani,236,32
M008050,R00936,Biryani,Veg Biryani,464,33
M008051,R00436,Healthy Foods,Salad Bowl,559,41
M008052,R01181,Pizza,Margherita Pizza,507,19
M008053,R00011,Desserts,Ice Cream,280,24
M008054,R01448,Burger,Chicken Burger,532,33
M008055,R00654,Biryani,Veg Biryani,526,12
M008056,R00007,South Indian,Idli,279,19
M008057,R01228,Chinese,Noodles,395,37
M008058,R00071,South Indian,Idli,388,11
M008059,R01123,Biryani,Paneer Biryani,216,33
M008060,R01435,North Indian,Chole Bhature,680,10
M008061,R00825,North Indian,Paneer Butter Masala,272,14
M008062,R00569,Healthy Foods,Protein Bowl,274,25
M008063,R01489,Biryani,Mutton Biryani,667,44
M008064,R00151,South Indian,Uttapam,370,18
M008065,R01401,South Indian,Pongal,180,41
M008066,R00323,Pizza,Pepperoni Pizza,630,21
M008067,R00320,South Indian,Uttapam,303,25
M008068,R01142,Pizza,Veg Pizza,412,35
M008069,R00324,North Indian,Paneer Butter Masala,548,31
M008070,R00741,Burger,Cheese Burger,303,21
M008071,R01115,South Indian,Uttapam,332,12
M008072,R00088,Biryani,Mutton Biryani,332,30
M008073,R01396,Chinese,Noodles,633,25
M008074,R00821,North Indian,Butter Naan,471,27
M008075,R00198,Biryani,Veg Biryani,661,10
M008076,R00959,Biryani,Chicken Biryani,432,37
M008077,R00047,Biryani,Chicken Biryani,526,40
M008078,R00299,Pizza,Pepperoni Pizza,133,40
M008079,R00732,North Indian,Chole Bhature,556,12
M008080,R01429,Healthy Foods,Protein Bowl,504,28
M008081,R00280,Healthy Foods,Salad Bowl,292,41
M008082,R00773,North Indian,Dal Makhani,661,43
M008083,R01160,Burger,Veg Burger,290,34
M008084,R00563,Chinese,Noodles,620,12
M008085,R00795,Pizza,Veg Pizza,640,37
M008086,R01136,Pizza,Veg Pizza,272,30
M008087,R01274,Burger,Cheese Burger,424,44
M008088,R00010,North Indian,Dal Makhani,363,36
M008089,R01495,North Indian,Dal Makhani,102,33
M008090,R01285,Desserts,Brownie,120,33
M008091,R00094,Biryani,Chicken Biryani,580,32
M008092,R00021,Chinese,Manchurian,154,36
M008093,R01400,North Indian,Butter Naan,597,17
M008094,R00610,Pizza,Margherita Pizza,468,17
M008095,R00311,Biryani,Mutton Biryani,305,34
M008096,R00128,South Indian,Uttapam,445,40
M008097,R00816,Biryani,Veg Biryani,475,23
M008098,R00127,Biryani,Veg Biryani,142,44
M008099,R00424,South Indian,Vada,228,10
M008100,R00461,Biryani,Chicken Biryani,378,13
M008101,R01146,South Indian,Idli,462,41
M008102,R01329,South Indian,Idli,256,13
M008103,R01402,North Indian,Paneer Butter Masala,607,41
M008104,R01384,Desserts,Chocolate Cake,558,39
M008105,R00955,Burger,Chicken Burger,664,21
M008106,R00699,South Indian,Vada,82,22
M008107,R00649,Desserts,Brownie,325,37
M008108,R01169,North Indian,Dal Makhani,541,15
M008109,R00525,Biryani,Veg Biryani,302,36
M008110,R01310,Biryani,Paneer Biryani,561,28
M008111,R00600,South Indian,Masala Dosa,93,35
M008112,R00102,Burger,Cheese Burger,298,40
M008113,R00455,Biryani,Chicken Biryani,291,20
M008114,R00693,South Indian,Vada,451,36
M008115,R00584,North Indian,Chole Bhature,319,30
M008116,R00248,North Indian,Dal Makhani,266,25
M008117,R00173,South Indian,Vada,241,40
M008118,R00924,South Indian,Uttapam,658,17
M008119,R01275,South Indian,Uttapam,616,27
M008120,R01263,South Indian,Pongal,142,20
M008121,R00269,South Indian,Uttapam,196,40
M008122,R00889,South Indian,Idli,585,16
M008123,R00451,North Indian,Chole Bhature,624,45
M008124,R01191,South Indian,Uttapam,618,36
M008125,R00139,Biryani,Veg Biryani,516,19
M008126,R01190,Biryani,Veg Biryani,551,30
M008127,R01446,North Indian,Chole Bhature,502,16
M008128,R01371,Chinese,Manchurian,168,13
M008129,R00315,Desserts,Chocolate Cake,219,24
M008130,R01212,South Indian,Pongal,605,29
M008131,R00871,Pizza,Pepperoni Pizza,140,20
M008132,R01403,South Indian,Uttapam,671,21
M008133,R00623,South Indian,Masala Dosa,683,44
M008134,R00447,Chinese,Fried Rice,585,18
M008135,R00418,Biryani,Paneer Biryani,620,13
M008136,R01193,Pizza,Veg Pizza,145,34
M008137,R00682,North Indian,Chole Bhature,111,21
M008138,R00373,Pizza,Farmhouse Pizza,135,37
M008139,R00837,Biryani,Mutton Biryani,368,10
M008140,R00126,Chinese,Manchurian,205,40
M008141,R01350,South Indian,Idli,92,19
M008142,R00726,Pizza,Pepperoni Pizza,502,11
M008143,R00542,Biryani,Veg Biryani,625,21
M008144,R01440,Pizza,Farmhouse Pizza,122,43
M008145,R00628,Desserts,Chocolate Cake,522,22
M008146,R00113,Pizza,Farmhouse Pizza,379,41
M008147,R00957,Pizza,Margherita Pizza,632,41
M008148,R00729,North Indian,Chole Bhature,430,16
M008149,R00937,Healthy Foods,Grilled Chicken,163,23
M008150,R00752,Burger,Veg Burger,164,13
M008151,R01179,Biryani,Chicken Biryani,115,17
M008152,R01277,Biryani,Veg Biryani,495,36
M008153,R00820,Biryani,Paneer Biryani,92,13
M008154,R00395,North Indian,Chole Bhature,662,25
M008155,R01485,North Indian,Butter Naan,351,28
M008156,R00932,North Indian,Chole Bhature,634,18
M008157,R00353,Pizza,Veg Pizza,530,24
M008158,R00376,South Indian,Vada,143,21
M008159,R01176,Healthy Foods,Salad Bowl,579,45
M008160,R00403,North Indian,Dal Makhani,687,13
M008161,R00694,North Indian,Chole Bhature,243,10
M008162,R01489,Biryani,Mutton Biryani,473,18
M008163,R00900,South Indian,Idli,621,18
M008164,R00665,South Indian,Pongal,334,17
M008165,R00241,Biryani,Paneer Biryani,692,23
M008166,R00666,Beverages,Cold Coffee,241,41
M008167,R00057,North Indian,Paneer Butter Masala,399,34
M008168,R00671,Pizza,Veg Pizza,411,29
M008169,R00422,Chinese,Fried Rice,515,44
M008170,R01017,Biryani,Paneer Biryani,84,27
M008171,R00146,South Indian,Uttapam,251,12
M008172,R00844,North Indian,Butter Naan,453,33
M008173,R01290,Pizza,Veg Pizza,538,42
M008174,R00145,South Indian,Idli,282,38
M008175,R00959,Biryani,Paneer Biryani,541,44
M008176,R01365,North Indian,Paneer Butter Masala,689,16
M008177,R00867,Pizza,Margherita Pizza,274,28
M008178,R00443,Pizza,Veg Pizza,614,22
M008179,R00788,South Indian,Vada,425,15
M008180,R01107,Biryani,Paneer Biryani,500,27
M008181,R01104,North Indian,Butter Naan,258,40
M008182,R00327,Biryani,Veg Biryani,653,42
M008183,R00462,South Indian,Pongal,245,17
M008184,R00016,South Indian,Masala Dosa,498,12
M008185,R00435,Biryani,Mutton Biryani,397,27
M008186,R01019,Biryani,Mutton Biryani,646,12
M008187,R00899,North Indian,Dal Makhani,169,24
M008188,R00374,Biryani,Paneer Biryani,682,10
M008189,R00375,Healthy Foods,Grilled Chicken,82,44
M008190,R00649,Desserts,Ice Cream,662,14
M008191,R01366,South Indian,Vada,277,43
M008192,R00562,Biryani,Mutton Biryani,468,19
M008193,R00386,Burger,Chicken Burger,570,34
M008194,R01178,Biryani,Paneer Biryani,463,13
M008195,R00674,North Indian,Butter Naan,237,34
M008196,R00323,Pizza,Farmhouse Pizza,527,20
M008197,R00547,South Indian,Vada,552,40
M008198,R01223,Biryani,Mutton Biryani,514,12
M008199,R01453,North Indian,Dal Makhani,258,39
M008200,R01369,Burger,Veg Burger,316,28
M008201,R00695,South Indian,Pongal,690,44
M008202,R00351,South Indian,Idli,120,14
M008203,R00386,Burger,Chicken Burger,475,23
M008204,R00582,Pizza,Margherita Pizza,93,38
M008205,R01215,North Indian,Paneer Butter Masala,376,43
M008206,R01429,Healthy Foods,Salad Bowl,402,45
M008207,R00952,South Indian,Masala Dosa,299,28
M008208,R01151,South Indian,Vada,141,33
M008209,R00587,Biryani,Chicken Biryani,320,14
M008210,R00612,North Indian,Paneer Butter Masala,426,37
M008211,R01076,Healthy Foods,Salad Bowl,629,22
M008212,R01429,Healthy Foods,Grilled Chicken,681,30
M008213,R00535,Chinese,Fried Rice,115,20
M008214,R00043,Pizza,Veg Pizza,310,44
M008215,R00236,North Indian,Dal Makhani,619,38
M008216,R00755,North Indian,Butter Naan,145,35
M008217,R00045,Desserts,Brownie,341,24
M008218,R01325,North Indian,Butter Naan,142,31
M008219,R00712,Desserts,Chocolate Cake,436,44
M008220,R00558,Pizza,Pepperoni Pizza,82,11
M008221,R00259,South Indian,Vada,394,11
M008222,R01074,Biryani,Mutton Biryani,567,29
M008223,R01253,North Indian,Paneer Butter Masala,697,20
M008224,R00048,Pizza,Margherita Pizza,298,44
M008225,R00644,North Indian,Dal Makhani,557,27
M008226,R01057,Burger,Chicken Burger,644,19
M008227,R00825,North Indian,Paneer Butter Masala,286,28
M008228,R00042,Biryani,Paneer Biryani,217,43
M008229,R00584,North Indian,Chole Bhature,284,33
M008230,R01417,Chinese,Fried Rice,192,10
M008231,R00680,Chinese,Fried Rice,554,12
M008232,R00965,North Indian,Dal Makhani,374,44
M008233,R00510,South Indian,Idli,655,10
M008234,R00694,North Indian,Butter Naan,276,35
M008235,R00120,Chinese,Fried Rice,151,33
M008236,R01431,North Indian,Butter Naan,111,17
M008237,R01219,Healthy Foods,Grilled Chicken,386,28
M008238,R00896,Biryani,Chicken Biryani,617,18
M008239,R01037,Healthy Foods,Protein Bowl,547,26
M008240,R00390,Biryani,Veg Biryani,274,14
M008241,R00240,Desserts,Chocolate Cake,257,41
M008242,R00644,North Indian,Butter Naan,560,42
M008243,R01225,Biryani,Chicken Biryani,191,27
M008244,R00165,Burger,Veg Burger,503,41
M008245,R01355,Biryani,Chicken Biryani,92,23
M008246,R00771,Beverages,Cold Coffee,213,16
M008247,R00689,Burger,Chicken Burger,427,24
M008248,R00472,Burger,Veg Burger,415,27
M008249,R01092,Chinese,Spring Roll,569,37
M008250,R01465,Burger,Cheese Burger,531,34
M008251,R00883,South Indian,Pongal,665,26
M008252,R01137,Biryani,Mutton Biryani,566,14
M008253,R00086,Chinese,Noodles,132,37
M008254,R00442,Healthy Foods,Salad Bowl,374,21
M008255,R00431,North Indian,Butter Naan,389,20
M008256,R01043,Burger,Cheese Burger,153,34
M008257,R01250,South Indian,Masala Dosa,595,39
M008258,R00325,North Indian,Dal Makhani,543,28
M008259,R00483,Chinese,Fried Rice,427,27
M008260,R00110,Biryani,Mutton Biryani,142,28
M008261,R01248,Pizza,Farmhouse Pizza,555,17
M008262,R00778,Pizza,Margherita Pizza,364,29
M008263,R01355,Biryani,Veg Biryani,503,44
M008264,R00182,Biryani,Paneer Biryani,197,43
M008265,R00357,Biryani,Veg Biryani,435,30
M008266,R01052,Chinese,Noodles,640,15
M008267,R00506,Chinese,Manchurian,470,31
M008268,R01376,South Indian,Vada,656,15
M008269,R00761,Burger,Chicken Burger,530,24
M008270,R00680,Chinese,Noodles,152,45
M008271,R00868,Chinese,Fried Rice,210,21
M008272,R01193,Pizza,Veg Pizza,659,37
M008273,R00008,South Indian,Masala Dosa,411,38
M008274,R00850,Biryani,Paneer Biryani,82,23
M008275,R01034,Biryani,Veg Biryani,532,28
M008276,R01353,South Indian,Masala Dosa,100,20
M008277,R00898,Beverages,Mojito,647,16
M008278,R01183,Biryani,Mutton Biryani,286,34
M008279,R01011,South Indian,Vada,400,39
M008280,R00051,Desserts,Chocolate Cake,638,26
M008281,R01475,Pizza,Veg Pizza,310,40
M008282,R00628,Desserts,Chocolate Cake,447,16
M008283,R00164,Biryani,Mutton Biryani,700,45
M008284,R00859,North Indian,Paneer Butter Masala,391,43
M008285,R01379,South Indian,Idli,379,20
M008286,R00678,Biryani,Mutton Biryani,495,15
M008287,R01005,Beverages,Lemon Juice,84,18
M008288,R00578,Desserts,Chocolate Cake,135,19
M008289,R00648,Chinese,Noodles,224,24
M008290,R01499,Desserts,Ice Cream,323,21
M008291,R00442,Healthy Foods,Protein Bowl,538,41
M008292,R00837,Biryani,Veg Biryani,221,15
M008293,R01132,South Indian,Uttapam,530,14
M008294,R00983,Healthy Foods,Salad Bowl,692,13
M008295,R00518,Pizza,Farmhouse Pizza,365,40
M008296,R00172,Chinese,Spring Roll,532,12
M008297,R00134,Pizza,Pepperoni Pizza,557,15
M008298,R01052,Chinese,Spring Roll,414,45
M008299,R00313,Biryani,Mutton Biryani,549,15
M008300,R01335,Pizza,Farmhouse Pizza,343,21
M008301,R00775,South Indian,Idli,682,38
M008302,R01382,Pizza,Margherita Pizza,362,18
M008303,R01101,Pizza,Margherita Pizza,468,28
M008304,R00492,Biryani,Paneer Biryani,268,44
M008305,R00149,North Indian,Chole Bhature,688,28
M008306,R01242,South Indian,Uttapam,138,22
M008307,R00235,North Indian,Paneer Butter Masala,190,38
M008308,R01252,Chinese,Manchurian,114,39
M008309,R00866,North Indian,Paneer Butter Masala,92,18
M008310,R00392,Burger,Cheese Burger,648,43
M008311,R00748,South Indian,Idli,152,13
M008312,R01241,North Indian,Butter Naan,206,12
M008313,R00076,Burger,Chicken Burger,421,30
M008314,R00282,South Indian,Vada,452,43
M008315,R00665,South Indian,Pongal,668,40
M008316,R00801,North Indian,Butter Naan,197,36
M008317,R01357,South Indian,Idli,547,36
M008318,R00857,Biryani,Veg Biryani,408,26
M008319,R00684,South Indian,Masala Dosa,410,37
M008320,R00192,Chinese,Fried Rice,243,29
M008321,R00674,North Indian,Butter Naan,419,13
M008322,R01463,Burger,Cheese Burger,616,25
M008323,R01284,North Indian,Paneer Butter Masala,686,37
M008324,R00107,Chinese,Manchurian,475,27
M008325,R00171,South Indian,Masala Dosa,534,27
M008326,R00463,South Indian,Masala Dosa,216,13
M008327,R01210,Biryani,Chicken Biryani,80,44
M008328,R00085,Pizza,Margherita Pizza,251,25
M008329,R01138,Healthy Foods,Grilled Chicken,319,32
M008330,R00801,North Indian,Butter Naan,660,12
M008331,R00546,North Indian,Dal Makhani,295,26
M008332,R01335,Pizza,Margherita Pizza,109,24
M008333,R00987,Chinese,Fried Rice,342,44
M008334,R01438,Biryani,Mutton Biryani,184,34
M008335,R00575,South Indian,Idli,90,25
M008336,R00206,Biryani,Chicken Biryani,390,16
M008337,R00736,Pizza,Veg Pizza,541,14
M008338,R00661,Pizza,Pepperoni Pizza,205,27
M008339,R00154,Desserts,Ice Cream,405,15
M008340,R00632,Biryani,Chicken Biryani,594,24
M008341,R01409,South Indian,Masala Dosa,358,36
M008342,R00569,Healthy Foods,Protein Bowl,676,35
M008343,R00786,South Indian,Vada,370,27
M008344,R01096,South Indian,Pongal,359,15
M008345,R00957,Pizza,Pepperoni Pizza,472,18
M008346,R00300,Pizza,Pepperoni Pizza,599,13
M008347,R00895,Pizza,Farmhouse Pizza,369,21
M008348,R01475,Pizza,Veg Pizza,657,16
M008349,R01365,North Indian,Paneer Butter Masala,449,11
M008350,R00890,South Indian,Masala Dosa,333,45
M008351,R00509,Biryani,Veg Biryani,267,20
M008352,R00936,Biryani,Mutton Biryani,686,24
M008353,R01390,Beverages,Lemon Juice,492,17
M008354,R01410,South Indian,Idli,551,17
M008355,R00556,Biryani,Chicken Biryani,430,35
M008356,R01186,Biryani,Paneer Biryani,106,19
M008357,R01481,North Indian,Butter Naan,136,28
M008358,R01105,South Indian,Vada,615,23
M008359,R01391,South Indian,Idli,426,28
M008360,R00378,Biryani,Mutton Biryani,279,42
M008361,R01148,North Indian,Butter Naan,177,23
M008362,R01405,Chinese,Noodles,160,14
M008363,R00961,Biryani,Veg Biryani,451,15
M008364,R00610,Pizza,Veg Pizza,393,14
M008365,R00423,Biryani,Paneer Biryani,545,39
M008366,R00210,Biryani,Paneer Biryani,275,17
M008367,R01008,North Indian,Paneer Butter Masala,241,17
M008368,R00493,North Indian,Chole Bhature,163,18
M008369,R00151,South Indian,Idli,613,25
M008370,R01217,Burger,Chicken Burger,356,11
M008371,R00163,Burger,Veg Burger,462,40
M008372,R00071,South Indian,Pongal,368,21
M008373,R00156,South Indian,Idli,411,11
M008374,R00484,Chinese,Manchurian,345,20
M008375,R00090,Pizza,Margherita Pizza,693,13
M008376,R00416,North Indian,Chole Bhature,393,11
M008377,R01347,North Indian,Chole Bhature,225,12
M008378,R01400,North Indian,Paneer Butter Masala,237,19
M008379,R01026,Pizza,Pepperoni Pizza,131,11
M008380,R00881,Chinese,Manchurian,324,23
M008381,R00786,South Indian,Uttapam,215,32
M008382,R01271,Pizza,Farmhouse Pizza,529,36
M008383,R00914,Biryani,Paneer Biryani,562,38
M008384,R01096,South Indian,Idli,265,18
M008385,R01161,Biryani,Chicken Biryani,484,20
M008386,R00021,Chinese,Manchurian,276,37
M008387,R01403,South Indian,Idli,131,16
M008388,R00644,North Indian,Paneer Butter Masala,679,18
M008389,R01483,Burger,Cheese Burger,490,43
M008390,R01454,Chinese,Spring Roll,130,32
M008391,R01319,South Indian,Masala Dosa,283,10
M008392,R00062,North Indian,Chole Bhature,425,13
M008393,R01276,South Indian,Masala Dosa,546,43
M008394,R00423,Biryani,Paneer Biryani,665,44
M008395,R01044,South Indian,Vada,115,18
M008396,R00286,South Indian,Vada,632,17
M008397,R00664,Pizza,Pepperoni Pizza,385,20
M008398,R00055,Biryani,Chicken Biryani,548,18
M008399,R00293,Biryani,Veg Biryani,192,42
M008400,R01133,Chinese,Spring Roll,432,32
M008401,R01055,South Indian,Masala Dosa,498,36
M008402,R00044,Biryani,Veg Biryani,532,34
M008403,R00028,Burger,Veg Burger,473,20
M008404,R00538,North Indian,Paneer Butter Masala,348,39
M008405,R01268,North Indian,Chole Bhature,487,32
M008406,R00509,Biryani,Paneer Biryani,597,10
M008407,R01007,South Indian,Pongal,273,37
M008408,R00329,Healthy Foods,Grilled Chicken,459,11
M008409,R01500,North Indian,Dal Makhani,316,42
M008410,R01171,Pizza,Farmhouse Pizza,213,38
M008411,R00435,Biryani,Chicken Biryani,309,40
M008412,R00495,Chinese,Manchurian,500,10
M008413,R01207,Desserts,Chocolate Cake,258,23
M008414,R01257,South Indian,Vada,146,29
M008415,R01404,South Indian,Masala Dosa,233,43
M008416,R00404,Pizza,Veg Pizza,637,32
M008417,R00859,North Indian,Paneer Butter Masala,357,40
M008418,R00071,South Indian,Masala Dosa,635,14
M008419,R00442,Healthy Foods,Grilled Chicken,200,27
M008420,R00005,North Indian,Butter Naan,147,28
M008421,R00800,Healthy Foods,Protein Bowl,617,23
M008422,R00380,Healthy Foods,Salad Bowl,87,14
M008423,R00688,Healthy Foods,Protein Bowl,688,21
M008424,R01343,Beverages,Cold Coffee,408,13
M008425,R01265,Pizza,Farmhouse Pizza,553,26
M008426,R00486,South Indian,Uttapam,255,31
M008427,R00178,Chinese,Manchurian,613,42
M008428,R00675,South Indian,Pongal,140,40
M008429,R00774,Biryani,Veg Biryani,638,24
M008430,R00049,South Indian,Idli,426,16
M008431,R01243,Chinese,Spring Roll,429,17
M008432,R01322,Burger,Chicken Burger,606,27
M008433,R00276,South Indian,Masala Dosa,573,20
M008434,R00058,Burger,Chicken Burger,246,36
M008435,R00058,Burger,Chicken Burger,581,26
M008436,R00510,South Indian,Masala Dosa,411,39
M008437,R00156,South Indian,Idli,485,24
M008438,R00061,Biryani,Chicken Biryani,639,22
M008439,R01417,Chinese,Spring Roll,222,43
M008440,R01350,South Indian,Masala Dosa,180,41
M008441,R00649,Desserts,Brownie,197,11
M008442,R00969,North Indian,Butter Naan,328,17
M008443,R01271,Pizza,Margherita Pizza,83,20
M008444,R00949,Healthy Foods,Salad Bowl,292,26
M008445,R00973,Biryani,Paneer Biryani,466,15
M008446,R01156,South Indian,Uttapam,85,36
M008447,R00587,Biryani,Paneer Biryani,80,28
M008448,R01005,Beverages,Cold Coffee,300,21
M008449,R00755,North Indian,Chole Bhature,620,38
M008450,R01083,Pizza,Pepperoni Pizza,219,35
M008451,R00963,North Indian,Butter Naan,114,44
M008452,R00114,Burger,Cheese Burger,136,41
M008453,R00204,South Indian,Masala Dosa,198,33
M008454,R00539,Pizza,Pepperoni Pizza,401,12
M008455,R01096,South Indian,Idli,195,35
M008456,R00327,Biryani,Mutton Biryani,263,28
M008457,R00173,South Indian,Idli,298,13
M008458,R00394,Biryani,Chicken Biryani,655,18
M008459,R00697,South Indian,Uttapam,345,31
M008460,R00381,South Indian,Idli,436,13
M008461,R01413,Pizza,Veg Pizza,533,41
M008462,R00434,Burger,Cheese Burger,349,39
M008463,R01226,South Indian,Uttapam,626,19
M008464,R00766,Pizza,Margherita Pizza,636,24
M008465,R00011,Desserts,Brownie,630,40
M008466,R00164,Biryani,Veg Biryani,614,14
M008467,R01494,Chinese,Spring Roll,396,29
M008468,R01185,North Indian,Chole Bhature,197,21
M008469,R01372,South Indian,Pongal,573,13
M008470,R00721,Chinese,Spring Roll,457,24
M008471,R00335,South Indian,Masala Dosa,563,20
M008472,R00881,Chinese,Spring Roll,98,20
M008473,R01286,South Indian,Idli,620,44
M008474,R00549,Chinese,Fried Rice,407,24
M008475,R01211,Biryani,Chicken Biryani,236,27
M008476,R00694,North Indian,Paneer Butter Masala,588,33
M008477,R01325,North Indian,Butter Naan,449,20
M008478,R00951,Burger,Cheese Burger,290,40
M008479,R01263,South Indian,Idli,572,22
M008480,R00212,Pizza,Pepperoni Pizza,153,34
M008481,R00445,Healthy Foods,Grilled Chicken,131,29
M008482,R01303,Burger,Cheese Burger,592,14
M008483,R00067,Biryani,Chicken Biryani,552,41
M008484,R00895,Pizza,Margherita Pizza,344,11
M008485,R01194,South Indian,Vada,93,29
M008486,R01421,South Indian,Masala Dosa,388,45
M008487,R01190,Biryani,Paneer Biryani,370,14
M008488,R01060,Burger,Cheese Burger,129,17
M008489,R00952,South Indian,Idli,279,30
M008490,R00347,Healthy Foods,Salad Bowl,608,27
M008491,R01349,Biryani,Chicken Biryani,312,29
M008492,R00641,South Indian,Uttapam,236,18
M008493,R00452,South Indian,Uttapam,560,25
M008494,R00727,Biryani,Mutton Biryani,494,26
M008495,R01462,South Indian,Vada,682,20
M008496,R01435,North Indian,Chole Bhature,326,29
M008497,R01287,South Indian,Masala Dosa,313,39
M008498,R00377,Pizza,Farmhouse Pizza,539,18
M008499,R00623,South Indian,Pongal,402,13
M008500,R01318,Pizza,Farmhouse Pizza,170,10
M008501,R00545,South Indian,Pongal,208,14
M008502,R00652,South Indian,Pongal,600,21
M008503,R00270,Burger,Chicken Burger,122,18
M008504,R01090,South Indian,Uttapam,597,35
M008505,R00312,Desserts,Brownie,633,24
M008506,R00488,South Indian,Masala Dosa,290,30
M008507,R01070,Burger,Veg Burger,94,33
M008508,R00096,Biryani,Veg Biryani,89,30
M008509,R01052,Chinese,Noodles,337,33
M008510,R00534,Chinese,Fried Rice,134,38
M008511,R00997,North Indian,Butter Naan,318,13
M008512,R00793,Chinese,Fried Rice,120,42
M008513,R01197,Biryani,Mutton Biryani,410,26
M008514,R00787,Pizza,Farmhouse Pizza,232,14
M008515,R01191,South Indian,Masala Dosa,430,41
M008516,R00181,North Indian,Butter Naan,108,30
M008517,R00676,South Indian,Idli,639,41
M008518,R00946,Burger,Veg Burger,164,26
M008519,R01321,South Indian,Pongal,539,33
M008520,R00040,South Indian,Pongal,358,37
M008521,R01460,Burger,Cheese Burger,621,36
M008522,R00697,South Indian,Vada,505,22
M008523,R01423,North Indian,Chole Bhature,140,16
M008524,R00918,North Indian,Chole Bhature,691,16
M008525,R00624,North Indian,Paneer Butter Masala,137,25
M008526,R00512,Biryani,Mutton Biryani,509,12
M008527,R00506,Chinese,Noodles,294,26
M008528,R00990,North Indian,Butter Naan,556,18
M008529,R00215,Desserts,Chocolate Cake,87,22
M008530,R00537,Burger,Cheese Burger,442,44
M008531,R00930,Biryani,Chicken Biryani,117,22
M008532,R00969,North Indian,Paneer Butter Masala,594,16
M008533,R01077,Burger,Chicken Burger,693,28
M008534,R00007,South Indian,Masala Dosa,264,42
M008535,R00865,North Indian,Paneer Butter Masala,360,45
M008536,R01431,North Indian,Dal Makhani,90,15
M008537,R00116,Pizza,Veg Pizza,699,40
M008538,R00388,North Indian,Butter Naan,275,10
M008539,R01377,South Indian,Vada,166,19
M008540,R00942,Burger,Cheese Burger,96,29
M008541,R00620,North Indian,Paneer Butter Masala,203,14
M008542,R01197,Biryani,Paneer Biryani,439,42
M008543,R01486,North Indian,Chole Bhature,198,18
M008544,R00297,Burger,Veg Burger,303,19
M008545,R01486,North Indian,Butter Naan,582,11
M008546,R00030,Pizza,Margherita Pizza,293,12
M008547,R00167,South Indian,Masala Dosa,224,23
M008548,R00061,Biryani,Paneer Biryani,658,33
M008549,R00787,Pizza,Veg Pizza,382,31
M008550,R00376,South Indian,Pongal,510,20
M008551,R01159,Pizza,Margherita Pizza,194,43
M008552,R01382,Pizza,Margherita Pizza,168,43
M008553,R00027,Burger,Chicken Burger,119,23
M008554,R00625,Chinese,Fried Rice,515,20
M008555,R00361,North Indian,Dal Makhani,210,23
M008556,R00850,Biryani,Mutton Biryani,594,31
M008557,R00433,Pizza,Margherita Pizza,592,33
M008558,R00676,South Indian,Idli,460,40
M008559,R00557,Chinese,Noodles,222,24
M008560,R00165,Burger,Chicken Burger,664,28
M008561,R00020,South Indian,Uttapam,454,10
M008562,R00135,Chinese,Spring Roll,552,34
M008563,R00326,Chinese,Manchurian,601,42
M008564,R00756,Burger,Chicken Burger,94,31
M008565,R01491,Biryani,Veg Biryani,570,12
M008566,R00040,South Indian,Pongal,581,36
M008567,R00616,South Indian,Idli,440,40
M008568,R00278,South Indian,Masala Dosa,588,32
M008569,R01357,South Indian,Idli,537,40
M008570,R01059,South Indian,Idli,550,24
M008571,R00643,South Indian,Pongal,541,12
M008572,R00019,South Indian,Vada,681,19
M008573,R00829,North Indian,Paneer Butter Masala,600,36
M008574,R00212,Pizza,Margherita Pizza,257,11
M008575,R00302,North Indian,Chole Bhature,488,42
M008576,R01329,South Indian,Pongal,224,16
M008577,R01228,Chinese,Fried Rice,688,16
M008578,R00875,Biryani,Veg Biryani,291,22
M008579,R00270,Burger,Veg Burger,247,39
M008580,R01407,Biryani,Veg Biryani,285,14
M008581,R00778,Pizza,Farmhouse Pizza,661,28
M008582,R00032,Beverages,Cold Coffee,111,35
M008583,R00149,North Indian,Paneer Butter Masala,134,23
M008584,R00076,Burger,Cheese Burger,94,42
M008585,R00786,South Indian,Pongal,507,12
M008586,R00555,Healthy Foods,Protein Bowl,468,23
M008587,R01482,Biryani,Mutton Biryani,359,17
M008588,R01018,North Indian,Chole Bhature,294,16
M008589,R01304,Healthy Foods,Salad Bowl,393,40
M008590,R00677,Chinese,Spring Roll,373,18
M008591,R01372,South Indian,Pongal,521,34
M008592,R01421,South Indian,Masala Dosa,187,27
M008593,R01321,South Indian,Uttapam,648,34
M008594,R01202,North Indian,Chole Bhature,499,23
M008595,R00150,Biryani,Mutton Biryani,383,25
M008596,R01254,Pizza,Farmhouse Pizza,159,44
M008597,R00611,Beverages,Lemon Juice,222,35
M008598,R00037,Beverages,Lemon Juice,136,23
M008599,R01102,Chinese,Noodles,507,14
M008600,R00136,North Indian,Chole Bhature,358,13
M008601,R00079,Healthy Foods,Grilled Chicken,370,15
M008602,R01138,Healthy Foods,Salad Bowl,110,36
M008603,R00172,Chinese,Fried Rice,505,10
M008604,R00894,North Indian,Paneer Butter Masala,384,41
M008605,R01154,Biryani,Chicken Biryani,567,39
M008606,R01330,Burger,Chicken Burger,148,34
M008607,R00559,North Indian,Dal Makhani,557,31
M008608,R01201,Biryani,Veg Biryani,299,17
M008609,R01190,Biryani,Mutton Biryani,185,21
M008610,R00795,Pizza,Veg Pizza,369,42
M008611,R00452,South Indian,Vada,400,19
M008612,R01184,North Indian,Paneer Butter Masala,496,35
M008613,R00623,South Indian,Masala Dosa,121,22
M008614,R00572,South Indian,Idli,395,44
M008615,R01412,Pizza,Veg Pizza,580,11
M008616,R00045,Desserts,Chocolate Cake,233,18
M008617,R00266,Healthy Foods,Protein Bowl,681,26
M008618,R01306,Healthy Foods,Grilled Chicken,452,35
M008619,R00410,Biryani,Veg Biryani,285,35
M008620,R00426,Burger,Veg Burger,394,30
M008621,R01309,Burger,Cheese Burger,153,28
M008622,R00878,Biryani,Mutton Biryani,652,37
M008623,R00581,South Indian,Vada,277,27
M008624,R00247,South Indian,Uttapam,304,15
M008625,R00302,North Indian,Chole Bhature,652,43
M008626,R00338,North Indian,Butter Naan,510,29
M008627,R01383,North Indian,Paneer Butter Masala,478,28
M008628,R01392,South Indian,Uttapam,259,21
M008629,R00973,Biryani,Chicken Biryani,650,12
M008630,R01326,Burger,Cheese Burger,127,11
M008631,R00906,South Indian,Pongal,603,20
M008632,R01187,South Indian,Vada,447,24
M008633,R00932,North Indian,Dal Makhani,103,34
M008634,R00612,North Indian,Butter Naan,177,38
M008635,R00659,Biryani,Mutton Biryani,123,44
M008636,R00895,Pizza,Farmhouse Pizza,207,45
M008637,R00767,South Indian,Pongal,419,15
M008638,R00001,South Indian,Idli,144,25
M008639,R00418,Biryani,Paneer Biryani,318,19
M008640,R00880,Chinese,Fried Rice,534,29
M008641,R00931,Desserts,Chocolate Cake,214,10
M008642,R00651,Pizza,Margherita Pizza,617,32
M008643,R00682,North Indian,Chole Bhature,191,30
M008644,R00134,Pizza,Pepperoni Pizza,630,31
M008645,R01421,South Indian,Vada,462,42
M008646,R00654,Biryani,Paneer Biryani,456,16
M008647,R01228,Chinese,Noodles,80,22
M008648,R00089,Chinese,Manchurian,203,26
M008649,R00219,South Indian,Idli,302,35
M008650,R00513,Pizza,Farmhouse Pizza,534,41
M008651,R01346,Burger,Cheese Burger,263,35
M008652,R00727,Biryani,Chicken Biryani,654,22
M008653,R00477,Pizza,Margherita Pizza,418,35
M008654,R00334,Biryani,Mutton Biryani,585,28
M008655,R00394,Biryani,Paneer Biryani,212,27
M008656,R00986,Burger,Veg Burger,634,29
M008657,R00764,Pizza,Pepperoni Pizza,138,16
M008658,R01172,Biryani,Veg Biryani,217,25
M008659,R00801,North Indian,Dal Makhani,374,37
M008660,R01183,Biryani,Veg Biryani,430,12
M008661,R00805,North Indian,Butter Naan,353,11
M008662,R00015,South Indian,Idli,661,11
M008663,R01469,North Indian,Dal Makhani,565,37
M008664,R01408,North Indian,Paneer Butter Masala,136,12
M008665,R00395,North Indian,Dal Makhani,682,13
M008666,R01347,North Indian,Paneer Butter Masala,165,27
M008667,R00544,Biryani,Chicken Biryani,499,30
M008668,R00657,Pizza,Pepperoni Pizza,208,10
M008669,R01117,Biryani,Paneer Biryani,370,30
M008670,R01400,North Indian,Dal Makhani,441,20
M008671,R00302,North Indian,Butter Naan,530,23
M008672,R01327,South Indian,Masala Dosa,239,27
M008673,R01048,South Indian,Idli,401,26
M008674,R00672,South Indian,Masala Dosa,599,41
M008675,R00030,Pizza,Veg Pizza,615,20
M008676,R01284,North Indian,Paneer Butter Masala,181,39
M008677,R00125,Pizza,Pepperoni Pizza,138,26
M008678,R00255,South Indian,Vada,638,36
M008679,R00584,North Indian,Dal Makhani,533,40
M008680,R00176,South Indian,Masala Dosa,530,14
M008681,R01069,North Indian,Paneer Butter Masala,462,35
M008682,R00045,Desserts,Brownie,80,33
M008683,R00469,Chinese,Manchurian,104,25
M008684,R00485,North Indian,Paneer Butter Masala,277,42
M008685,R01092,Chinese,Manchurian,560,16
M008686,R00983,Healthy Foods,Grilled Chicken,85,36
M008687,R01360,Biryani,Chicken Biryani,226,37
M008688,R00994,South Indian,Idli,682,33
M008689,R01484,South Indian,Uttapam,436,24
M008690,R00252,Chinese,Spring Roll,619,16
M008691,R00988,Biryani,Mutton Biryani,697,39
M008692,R00599,Chinese,Fried Rice,413,38
M008693,R00540,Desserts,Brownie,235,11
M008694,R00072,South Indian,Uttapam,482,11
M008695,R00367,Chinese,Spring Roll,565,34
M008696,R00143,Healthy Foods,Protein Bowl,496,11
M008697,R00860,Pizza,Farmhouse Pizza,418,24
M008698,R00904,Biryani,Veg Biryani,676,11
M008699,R00873,South Indian,Idli,110,28
M008700,R00571,Burger,Chicken Burger,225,41
M008701,R01010,North Indian,Paneer Butter Masala,543,15
M008702,R00898,Beverages,Mojito,336,44
M008703,R00851,Chinese,Manchurian,690,16
M008704,R00986,Burger,Cheese Burger,503,10
M008705,R00150,Biryani,Mutton Biryani,686,23
M008706,R00562,Biryani,Mutton Biryani,240,24
M008707,R00390,Biryani,Mutton Biryani,522,31
M008708,R01453,North Indian,Butter Naan,374,20
M008709,R00744,North Indian,Butter Naan,189,44
M008710,R00801,North Indian,Dal Makhani,669,12
M008711,R01304,Healthy Foods,Salad Bowl,417,32
M008712,R01496,North Indian,Dal Makhani,217,29
M008713,R01252,Chinese,Fried Rice,653,19
M008714,R00062,North Indian,Paneer Butter Masala,303,43
M008715,R00255,South Indian,Idli,194,35
M008716,R01423,North Indian,Chole Bhature,593,27
M008717,R01478,Beverages,Lemon Juice,529,43
M008718,R01235,Pizza,Margherita Pizza,475,24
M008719,R01152,Biryani,Veg Biryani,473,24
M008720,R00930,Biryani,Chicken Biryani,187,29
M008721,R00696,North Indian,Paneer Butter Masala,81,45
M008722,R00074,North Indian,Chole Bhature,384,19
M008723,R01078,Biryani,Mutton Biryani,119,19
M008724,R00058,Burger,Veg Burger,436,14
M008725,R00640,South Indian,Uttapam,274,34
M008726,R01139,Biryani,Paneer Biryani,303,20
M008727,R00844,North Indian,Butter Naan,265,43
M008728,R00534,Chinese,Noodles,377,31
M008729,R00585,North Indian,Chole Bhature,597,38
M008730,R00576,Pizza,Farmhouse Pizza,267,17
M008731,R00668,South Indian,Masala Dosa,113,14
M008732,R00687,Burger,Cheese Burger,114,16
M008733,R01069,North Indian,Chole Bhature,171,23
M008734,R00374,Biryani,Paneer Biryani,398,12
M008735,R00140,Biryani,Veg Biryani,244,17
M008736,R00780,Biryani,Veg Biryani,289,23
M008737,R00208,South Indian,Masala Dosa,341,20
M008738,R00629,South Indian,Masala Dosa,310,10
M008739,R00114,Burger,Cheese Burger,697,28
M008740,R00523,Chinese,Fried Rice,92,24
M008741,R00716,Burger,Veg Burger,520,44
M008742,R00734,Desserts,Chocolate Cake,394,35
M008743,R00320,South Indian,Idli,679,37
M008744,R00589,Pizza,Farmhouse Pizza,595,14
M008745,R01222,South Indian,Masala Dosa,360,14
M008746,R00500,Pizza,Margherita Pizza,697,30
M008747,R01037,Healthy Foods,Salad Bowl,124,34
M008748,R01429,Healthy Foods,Salad Bowl,365,29
M008749,R01233,Biryani,Veg Biryani,563,44
M008750,R00254,Biryani,Mutton Biryani,642,11
M008751,R00849,North Indian,Chole Bhature,684,14
M008752,R00856,North Indian,Dal Makhani,395,36
M008753,R00347,Healthy Foods,Grilled Chicken,626,33
M008754,R01206,Chinese,Spring Roll,96,40
M008755,R01473,South Indian,Pongal,363,17
M008756,R01131,South Indian,Idli,236,24
M008757,R00452,South Indian,Idli,140,16
M008758,R00094,Biryani,Veg Biryani,193,23
M008759,R00576,Pizza,Pepperoni Pizza,85,20
M008760,R00403,North Indian,Chole Bhature,413,26
M008761,R00688,Healthy Foods,Salad Bowl,170,43
M008762,R00505,Pizza,Margherita Pizza,110,38
M008763,R01444,Desserts,Brownie,680,42
M008764,R00995,Beverages,Cold Coffee,604,30
M008765,R00505,Pizza,Margherita Pizza,310,28
M008766,R00428,Biryani,Chicken Biryani,665,27
M008767,R00169,Burger,Cheese Burger,582,12
M008768,R00765,Pizza,Farmhouse Pizza,685,13
M008769,R01167,Pizza,Margherita Pizza,215,19
M008770,R01311,South Indian,Masala Dosa,187,37
M008771,R00080,Burger,Chicken Burger,633,29
M008772,R00347,Healthy Foods,Grilled Chicken,563,24
M008773,R00572,South Indian,Pongal,132,45
M008774,R01364,Pizza,Farmhouse Pizza,636,23
M008775,R00714,North Indian,Dal Makhani,475,18
M008776,R01454,Chinese,Manchurian,648,36
M008777,R00182,Biryani,Veg Biryani,425,40
M008778,R00103,Healthy Foods,Salad Bowl,342,30
M008779,R00195,Biryani,Mutton Biryani,151,19
M008780,R00314,Biryani,Chicken Biryani,469,40
M008781,R00716,Burger,Veg Burger,309,34
M008782,R00623,South Indian,Masala Dosa,518,18
M008783,R00716,Burger,Cheese Burger,439,37
M008784,R00575,South Indian,Vada,436,39
M008785,R00662,Biryani,Paneer Biryani,141,33
M008786,R00364,North Indian,Paneer Butter Masala,315,41
M008787,R01263,South Indian,Pongal,112,18
M008788,R01268,North Indian,Butter Naan,546,38
M008789,R01448,Burger,Cheese Burger,547,18
M008790,R00917,North Indian,Butter Naan,169,39
M008791,R01113,South Indian,Masala Dosa,380,37
M008792,R00370,Healthy Foods,Salad Bowl,176,30
M008793,R00857,Biryani,Mutton Biryani,187,35
M008794,R01073,Pizza,Veg Pizza,636,32
M008795,R01157,North Indian,Dal Makhani,196,25
M008796,R00765,Pizza,Farmhouse Pizza,514,26
M008797,R00259,South Indian,Vada,460,38
M008798,R01420,Biryani,Chicken Biryani,275,42
M008799,R00282,South Indian,Vada,216,35
M008800,R01235,Pizza,Pepperoni Pizza,208,40
M008801,R01021,Burger,Veg Burger,116,15
M008802,R01478,Beverages,Lemon Juice,120,25
M008803,R00799,Chinese,Fried Rice,134,10
M008804,R00418,Biryani,Veg Biryani,682,38
M008805,R00697,South Indian,Uttapam,634,18
M008806,R00278,South Indian,Vada,645,29
M008807,R01364,Pizza,Pepperoni Pizza,620,10
M008808,R00846,Chinese,Fried Rice,320,45
M008809,R00826,South Indian,Vada,648,26
M008810,R00488,South Indian,Vada,102,19
M008811,R01248,Pizza,Pepperoni Pizza,304,24
M008812,R00950,South Indian,Uttapam,133,11
M008813,R00194,Burger,Chicken Burger,245,15
M008814,R00855,Biryani,Mutton Biryani,579,30
M008815,R00767,South Indian,Masala Dosa,157,22
M008816,R00017,Desserts,Brownie,254,22
M008817,R00393,Chinese,Spring Roll,335,42
M008818,R00561,Biryani,Chicken Biryani,148,16
M008819,R00259,South Indian,Pongal,256,18
M008820,R00498,North Indian,Dal Makhani,275,16
M008821,R00702,South Indian,Uttapam,335,20
M008822,R00142,Burger,Veg Burger,183,23
M008823,R00753,Biryani,Chicken Biryani,676,14
M008824,R01263,South Indian,Pongal,576,35
M008825,R00150,Biryani,Mutton Biryani,424,28
M008826,R01254,Pizza,Farmhouse Pizza,296,12
M008827,R00808,North Indian,Dal Makhani,186,43
M008828,R00266,Healthy Foods,Salad Bowl,153,10
M008829,R01323,Beverages,Lemon Juice,374,11
M008830,R01435,North Indian,Paneer Butter Masala,386,27
M008831,R00887,Biryani,Chicken Biryani,136,40
M008832,R00966,South Indian,Masala Dosa,194,26
M008833,R00448,Burger,Chicken Burger,329,38
M008834,R00298,South Indian,Masala Dosa,300,26
M008835,R01099,Chinese,Manchurian,562,41
M008836,R00303,North Indian,Paneer Butter Masala,162,44
M008837,R00872,Biryani,Veg Biryani,612,19
M008838,R00918,North Indian,Dal Makhani,518,37
M008839,R01443,South Indian,Uttapam,200,40
M008840,R00767,South Indian,Uttapam,120,40
M008841,R00104,North Indian,Butter Naan,328,14
M008842,R01463,Burger,Cheese Burger,130,28
M008843,R00892,South Indian,Pongal,592,33
M008844,R00096,Biryani,Mutton Biryani,214,10
M008845,R00131,South Indian,Idli,339,19
M008846,R00594,Biryani,Paneer Biryani,121,27
M008847,R00232,Biryani,Paneer Biryani,448,41
M008848,R01106,Burger,Chicken Burger,674,40
M008849,R00071,South Indian,Masala Dosa,515,30
M008850,R00255,South Indian,Masala Dosa,318,10
M008851,R00896,Biryani,Mutton Biryani,89,22
M008852,R01124,North Indian,Butter Naan,520,20
M008853,R00113,Pizza,Pepperoni Pizza,182,32
M008854,R00232,Biryani,Veg Biryani,426,36
M008855,R00688,Healthy Foods,Protein Bowl,344,19
M008856,R01027,Biryani,Chicken Biryani,459,11
M008857,R00563,Chinese,Manchurian,627,13
M008858,R01316,Chinese,Fried Rice,176,41
M008859,R01148,North Indian,Dal Makhani,691,16
M008860,R00791,Biryani,Paneer Biryani,166,27
M008861,R00742,Chinese,Spring Roll,548,10
M008862,R01270,Biryani,Veg Biryani,617,25
M008863,R00394,Biryani,Chicken Biryani,375,25
M008864,R01113,South Indian,Idli,476,13
M008865,R00919,Healthy Foods,Salad Bowl,314,16
M008866,R00350,Biryani,Veg Biryani,228,15
M008867,R01099,Chinese,Fried Rice,250,24
M008868,R00580,North Indian,Dal Makhani,591,14
M008869,R01262,South Indian,Vada,599,10
M008870,R01328,Chinese,Fried Rice,436,14
M008871,R00870,South Indian,Idli,468,45
M008872,R00117,South Indian,Uttapam,498,31
M008873,R00990,North Indian,Dal Makhani,312,10
M008874,R00739,South Indian,Masala Dosa,420,35
M008875,R01099,Chinese,Fried Rice,98,35
M008876,R00529,North Indian,Dal Makhani,652,16
M008877,R01367,Desserts,Ice Cream,644,37
M008878,R00937,Healthy Foods,Grilled Chicken,484,41
M008879,R01380,Biryani,Paneer Biryani,340,23
M008880,R01012,North Indian,Butter Naan,344,36
M008881,R00079,Healthy Foods,Salad Bowl,196,28
M008882,R01089,South Indian,Pongal,552,14
M008883,R01479,Healthy Foods,Salad Bowl,103,17
M008884,R00473,North Indian,Butter Naan,80,24
M008885,R01151,South Indian,Pongal,683,22
M008886,R00210,Biryani,Paneer Biryani,246,27
M008887,R00486,South Indian,Masala Dosa,224,23
M008888,R01100,Biryani,Chicken Biryani,673,40
M008889,R01167,Pizza,Farmhouse Pizza,190,30
M008890,R00468,Healthy Foods,Grilled Chicken,152,23
M008891,R01156,South Indian,Pongal,551,44
M008892,R00202,Biryani,Veg Biryani,93,23
M008893,R00133,Biryani,Veg Biryani,411,21
M008894,R00530,North Indian,Dal Makhani,371,38
M008895,R00712,Desserts,Chocolate Cake,89,43
M008896,R00900,South Indian,Pongal,666,31
M008897,R00253,Pizza,Pepperoni Pizza,688,32
M008898,R00404,Pizza,Farmhouse Pizza,193,10
M008899,R01027,Biryani,Chicken Biryani,692,30
M008900,R00708,Biryani,Veg Biryani,351,24
M008901,R00802,Biryani,Paneer Biryani,227,41
M008902,R00621,Biryani,Chicken Biryani,394,41
M008903,R00791,Biryani,Mutton Biryani,213,13
M008904,R00024,Desserts,Ice Cream,368,39
M008905,R01104,North Indian,Dal Makhani,541,16
M008906,R00452,South Indian,Pongal,242,21
M008907,R01307,Biryani,Paneer Biryani,376,31
M008908,R00467,South Indian,Uttapam,180,21
M008909,R01165,Burger,Veg Burger,346,41
M008910,R00576,Pizza,Pepperoni Pizza,491,28
M008911,R01201,Biryani,Mutton Biryani,207,21
M008912,R01068,South Indian,Vada,551,39
M008913,R01235,Pizza,Margherita Pizza,101,22
M008914,R01393,North Indian,Dal Makhani,529,37
M008915,R00116,Pizza,Farmhouse Pizza,216,17
M008916,R00068,South Indian,Pongal,516,10
M008917,R01359,Healthy Foods,Grilled Chicken,488,39
M008918,R00107,Chinese,Noodles,92,31
M008919,R00437,Biryani,Paneer Biryani,440,14
M008920,R00406,Biryani,Veg Biryani,616,43
M008921,R00190,Chinese,Fried Rice,622,38
M008922,R01141,Biryani,Mutton Biryani,292,14
M008923,R00074,North Indian,Chole Bhature,146,29
M008924,R01484,South Indian,Uttapam,540,42
M008925,R00179,Pizza,Margherita Pizza,365,24
M008926,R00533,Chinese,Noodles,608,10
M008927,R00741,Burger,Veg Burger,438,20
M008928,R00788,South Indian,Pongal,665,21
M008929,R00542,Biryani,Veg Biryani,105,38
M008930,R00747,Biryani,Mutton Biryani,496,43
M008931,R00139,Biryani,Chicken Biryani,442,45
M008932,R00859,North Indian,Paneer Butter Masala,393,30
M008933,R00693,South Indian,Pongal,428,45
M008934,R00538,North Indian,Chole Bhature,402,30
M008935,R00280,Healthy Foods,Salad Bowl,156,21
M008936,R00641,South Indian,Pongal,653,31
M008937,R01326,Burger,Cheese Burger,95,34
M008938,R00833,Healthy Foods,Grilled Chicken,511,41
M008939,R00511,Healthy Foods,Protein Bowl,619,45
M008940,R01120,South Indian,Vada,699,16
M008941,R00173,South Indian,Masala Dosa,347,31
M008942,R01059,South Indian,Idli,378,16
M008943,R00159,Biryani,Chicken Biryani,508,35
M008944,R00482,Pizza,Pepperoni Pizza,578,17
M008945,R00400,Burger,Chicken Burger,244,45
M008946,R01491,Biryani,Paneer Biryani,340,29
M008947,R01399,North Indian,Butter Naan,362,40
M008948,R00262,South Indian,Uttapam,453,26
M008949,R00970,South Indian,Idli,235,31
M008950,R01344,Beverages,Mojito,137,30
M008951,R00442,Healthy Foods,Protein Bowl,565,44
M008952,R01310,Biryani,Chicken Biryani,324,42
M008953,R00079,Healthy Foods,Salad Bowl,671,41
M008954,R00903,Chinese,Fried Rice,532,28
M008955,R01423,North Indian,Paneer Butter Masala,470,31
M008956,R01251,Chinese,Spring Roll,284,24
M008957,R01181,Pizza,Veg Pizza,603,38
M008958,R00145,South Indian,Uttapam,513,19
M008959,R01061,Burger,Veg Burger,490,32
M008960,R00084,Biryani,Paneer Biryani,639,21
M008961,R00716,Burger,Chicken Burger,98,27
M008962,R01457,Chinese,Manchurian,489,27
M008963,R00104,North Indian,Paneer Butter Masala,177,30
M008964,R01357,South Indian,Idli,461,22
M008965,R00077,Chinese,Manchurian,305,44
M008966,R00933,South Indian,Idli,181,28
M008967,R00565,Biryani,Paneer Biryani,396,25
M008968,R01412,Pizza,Margherita Pizza,527,32
M008969,R00172,Chinese,Fried Rice,151,28
M008970,R00318,Burger,Chicken Burger,604,11
M008971,R00475,North Indian,Butter Naan,492,45
M008972,R01127,North Indian,Dal Makhani,646,17
M008973,R00100,Biryani,Chicken Biryani,534,10
M008974,R01333,Desserts,Chocolate Cake,687,20
M008975,R00286,South Indian,Masala Dosa,214,12
M008976,R00793,Chinese,Fried Rice,281,14
M008977,R01014,Healthy Foods,Protein Bowl,332,27
M008978,R01028,North Indian,Dal Makhani,118,30
M008979,R01497,Biryani,Paneer Biryani,609,18
M008980,R00598,Biryani,Paneer Biryani,457,41
M008981,R00644,North Indian,Butter Naan,135,42
M008982,R00187,North Indian,Butter Naan,80,22
M008983,R00549,Chinese,Noodles,697,27
M008984,R01484,South Indian,Uttapam,367,31
M008985,R00735,Burger,Veg Burger,164,18
M008986,R00955,Burger,Cheese Burger,621,22
M008987,R00864,Biryani,Chicken Biryani,209,33
M008988,R00578,Desserts,Ice Cream,690,17
M008989,R00698,North Indian,Paneer Butter Masala,123,39
M008990,R00549,Chinese,Noodles,225,38
M008991,R00299,Pizza,Margherita Pizza,269,25
M008992,R00396,Burger,Veg Burger,297,28
M008993,R00954,Beverages,Mojito,479,33
M008994,R00866,North Indian,Chole Bhature,320,44
M008995,R01123,Biryani,Paneer Biryani,557,20
M008996,R00406,Biryani,Chicken Biryani,501,27
M008997,R00629,South Indian,Idli,416,32
M008998,R00733,South Indian,Vada,203,20
M008999,R00345,South Indian,Masala Dosa,584,13
M009000,R00959,Biryani,Mutton Biryani,188,22
M009001,R01087,North Indian,Dal Makhani,558,26
M009002,R01235,Pizza,Farmhouse Pizza,465,19
M009003,R01246,South Indian,Pongal,670,33
M009004,R01113,South Indian,Masala Dosa,681,30
M009005,R00956,Healthy Foods,Protein Bowl,684,33
M009006,R01107,Biryani,Chicken Biryani,549,42
M009007,R00116,Pizza,Margherita Pizza,287,30
M009008,R01007,South Indian,Vada,217,42
M009009,R00746,Burger,Veg Burger,211,41
M009010,R00280,Healthy Foods,Protein Bowl,346,13
M009011,R00099,Pizza,Farmhouse Pizza,199,20
M009012,R00048,Pizza,Farmhouse Pizza,518,15
M009013,R01346,Burger,Cheese Burger,517,41
M009014,R01298,Biryani,Chicken Biryani,697,43
M009015,R01116,Biryani,Chicken Biryani,429,34
M009016,R00239,South Indian,Idli,169,39
M009017,R00322,Biryani,Paneer Biryani,368,42
M009018,R00990,North Indian,Paneer Butter Masala,697,27
M009019,R00087,Pizza,Margherita Pizza,494,15
M009020,R00962,Desserts,Chocolate Cake,170,43
M009021,R00804,Desserts,Brownie,520,20
M009022,R00696,North Indian,Paneer Butter Masala,280,30
M009023,R00955,Burger,Cheese Burger,625,32
M009024,R00138,Chinese,Fried Rice,645,36
M009025,R00737,Pizza,Pepperoni Pizza,171,27
M009026,R00982,Burger,Veg Burger,365,43
M009027,R00305,Pizza,Pepperoni Pizza,559,39
M009028,R00709,Chinese,Spring Roll,693,28
M009029,R01029,South Indian,Pongal,212,44
M009030,R01310,Biryani,Veg Biryani,305,11
M009031,R01399,North Indian,Paneer Butter Masala,100,26
M009032,R00706,Pizza,Veg Pizza,201,28
M009033,R01246,South Indian,Uttapam,282,43
M009034,R00338,North Indian,Butter Naan,418,13
M009035,R00736,Pizza,Farmhouse Pizza,324,43
M009036,R00279,Biryani,Veg Biryani,312,44
M009037,R00784,Burger,Veg Burger,631,41
M009038,R00669,Healthy Foods,Salad Bowl,339,36
M009039,R00291,South Indian,Uttapam,552,12
M009040,R00099,Pizza,Margherita Pizza,406,45
M009041,R01097,South Indian,Masala Dosa,358,41
M009042,R00927,North Indian,Paneer Butter Masala,380,29
M009043,R00008,South Indian,Idli,475,29
M009044,R00681,South Indian,Pongal,514,31
M009045,R00448,Burger,Veg Burger,685,17
M009046,R01163,Desserts,Brownie,322,13
M009047,R00613,Pizza,Veg Pizza,209,41
M009048,R01184,North Indian,Dal Makhani,687,31
M009049,R00494,Burger,Chicken Burger,267,12
M009050,R00313,Biryani,Chicken Biryani,246,17
M009051,R01388,Chinese,Manchurian,391,21
M009052,R00494,Burger,Veg Burger,518,24
M009053,R00154,Desserts,Chocolate Cake,406,35
M009054,R00489,North Indian,Butter Naan,341,22
M009055,R00861,Pizza,Pepperoni Pizza,294,10
M009056,R00300,Pizza,Pepperoni Pizza,203,23
M009057,R00376,South Indian,Pongal,435,44
M009058,R00276,South Indian,Uttapam,487,34
M009059,R00765,Pizza,Pepperoni Pizza,244,22
M009060,R00244,Chinese,Noodles,124,40
M009061,R01166,Pizza,Pepperoni Pizza,298,45
M009062,R00362,South Indian,Pongal,198,31
M009063,R01082,Biryani,Chicken Biryani,343,14
M009064,R01064,North Indian,Chole Bhature,615,14
M009065,R01369,Burger,Cheese Burger,622,14
M009066,R00032,Beverages,Lemon Juice,425,21
M009067,R00041,South Indian,Pongal,428,36
M009068,R00706,Pizza,Farmhouse Pizza,303,23
M009069,R01350,South Indian,Pongal,105,23
M009070,R00400,Burger,Veg Burger,112,29
M009071,R00980,Biryani,Chicken Biryani,189,21
M009072,R00975,Desserts,Brownie,303,11
M009073,R00795,Pizza,Pepperoni Pizza,381,14
M009074,R01260,South Indian,Idli,332,40
M009075,R01242,South Indian,Idli,637,24
M009076,R00653,Biryani,Mutton Biryani,425,11
M009077,R00706,Pizza,Margherita Pizza,227,34
M009078,R00945,South Indian,Pongal,111,14
M009079,R01371,Chinese,Fried Rice,672,44
M009080,R01464,Desserts,Brownie,399,44
M009081,R00249,North Indian,Butter Naan,100,14
M009082,R01424,Burger,Veg Burger,377,38
M009083,R00937,Healthy Foods,Salad Bowl,100,12
M009084,R00293,Biryani,Paneer Biryani,608,15
M009085,R00499,Chinese,Fried Rice,128,32
M009086,R00209,North Indian,Chole Bhature,518,43
M009087,R00337,South Indian,Masala Dosa,633,27
M009088,R00498,North Indian,Butter Naan,273,27
M009089,R01218,Desserts,Chocolate Cake,697,33
M009090,R00216,North Indian,Chole Bhature,367,25
M009091,R00106,Healthy Foods,Protein Bowl,439,13
M009092,R00494,Burger,Cheese Burger,212,39
M009093,R01379,South Indian,Vada,542,14
M009094,R00294,North Indian,Butter Naan,697,27
M009095,R01209,Burger,Veg Burger,502,38
M009096,R01310,Biryani,Veg Biryani,98,12
M009097,R00964,Biryani,Paneer Biryani,403,42
M009098,R00805,North Indian,Butter Naan,697,41
M009099,R00232,Biryani,Chicken Biryani,694,30
M009100,R00175,Chinese,Noodles,465,25
M009101,R00734,Desserts,Ice Cream,519,31
M009102,R00097,South Indian,Vada,171,45
M009103,R00030,Pizza,Margherita Pizza,556,29
M009104,R00210,Biryani,Chicken Biryani,531,13
M009105,R00477,Pizza,Farmhouse Pizza,661,14
M009106,R01491,Biryani,Chicken Biryani,532,43
M009107,R01499,Desserts,Brownie,373,26
M009108,R01084,South Indian,Pongal,389,19
M009109,R00416,North Indian,Dal Makhani,81,14
M009110,R00631,North Indian,Dal Makhani,254,10
M009111,R00292,Biryani,Paneer Biryani,639,42
M009112,R00688,Healthy Foods,Protein Bowl,222,15
M009113,R00137,North Indian,Paneer Butter Masala,590,22
M009114,R00785,South Indian,Masala Dosa,358,37
M009115,R01289,Chinese,Spring Roll,223,19
M009116,R00639,Pizza,Veg Pizza,344,34
M009117,R00131,South Indian,Vada,635,15
M009118,R00463,South Indian,Uttapam,204,10
M009119,R00315,Desserts,Ice Cream,86,29
M009120,R00267,South Indian,Masala Dosa,321,27
M009121,R00266,Healthy Foods,Salad Bowl,596,22
M009122,R01008,North Indian,Butter Naan,487,30
M009123,R00544,Biryani,Mutton Biryani,353,21
M009124,R01315,Chinese,Noodles,536,31
M009125,R01075,Burger,Cheese Burger,452,26
M009126,R00945,South Indian,Uttapam,651,17
M009127,R01188,North Indian,Butter Naan,400,36
M009128,R01365,North Indian,Chole Bhature,131,20
M009129,R01064,North Indian,Butter Naan,317,41
M009130,R01215,North Indian,Dal Makhani,217,38
M009131,R01280,Biryani,Chicken Biryani,213,43
M009132,R01354,Biryani,Veg Biryani,426,25
M009133,R00332,Biryani,Paneer Biryani,255,18
M009134,R00795,Pizza,Margherita Pizza,641,10
M009135,R00747,Biryani,Mutton Biryani,164,42
M009136,R00650,South Indian,Idli,510,25
M009137,R01422,South Indian,Idli,522,44
M009138,R00861,Pizza,Veg Pizza,112,32
M009139,R00390,Biryani,Mutton Biryani,85,44
M009140,R00899,North Indian,Paneer Butter Masala,458,15
M009141,R00781,Pizza,Farmhouse Pizza,131,23
M009142,R01384,Desserts,Ice Cream,492,42
M009143,R00524,Biryani,Veg Biryani,166,27
M009144,R00875,Biryani,Mutton Biryani,361,25
M009145,R00691,South Indian,Pongal,454,35
M009146,R00485,North Indian,Butter Naan,177,18
M009147,R00633,South Indian,Pongal,586,35
M009148,R01116,Biryani,Mutton Biryani,694,38
M009149,R01051,Pizza,Farmhouse Pizza,340,10
M009150,R01002,Pizza,Veg Pizza,575,23
M009151,R01258,Desserts,Chocolate Cake,562,30
M009152,R00515,South Indian,Masala Dosa,117,41
M009153,R00064,Chinese,Spring Roll,588,10
M009154,R00362,South Indian,Pongal,654,34
M009155,R00465,Biryani,Veg Biryani,599,17
M009156,R00155,South Indian,Pongal,394,35
M009157,R01482,Biryani,Mutton Biryani,478,36
M009158,R01386,Desserts,Chocolate Cake,102,19
M009159,R00896,Biryani,Mutton Biryani,456,10
M009160,R01210,Biryani,Paneer Biryani,284,18
M009161,R01100,Biryani,Paneer Biryani,305,23
M009162,R01047,Chinese,Noodles,557,31
M009163,R00624,North Indian,Chole Bhature,669,41
M009164,R00958,North Indian,Paneer Butter Masala,315,44
M009165,R00347,Healthy Foods,Grilled Chicken,605,21
M009166,R01465,Burger,Cheese Burger,660,19
M009167,R00390,Biryani,Mutton Biryani,276,27
M009168,R01209,Burger,Chicken Burger,174,29
M009169,R01400,North Indian,Butter Naan,617,13
M009170,R00915,North Indian,Butter Naan,435,16
M009171,R00400,Burger,Chicken Burger,95,24
M009172,R00992,Pizza,Farmhouse Pizza,540,37
M009173,R01017,Biryani,Veg Biryani,243,29
M009174,R00533,Chinese,Fried Rice,493,29
M009175,R01387,South Indian,Idli,669,40
M009176,R00199,North Indian,Dal Makhani,302,30
M009177,R01129,Burger,Cheese Burger,587,16
M009178,R00452,South Indian,Uttapam,591,37
M009179,R00827,Biryani,Chicken Biryani,395,29
M009180,R01375,Burger,Cheese Burger,332,18
M009181,R01046,North Indian,Dal Makhani,176,31
M009182,R00222,South Indian,Pongal,619,45
M009183,R01229,Biryani,Paneer Biryani,307,21
M009184,R01213,South Indian,Pongal,134,21
M009185,R00229,North Indian,Dal Makhani,256,24
M009186,R00112,Biryani,Chicken Biryani,644,17
M009187,R00243,Burger,Cheese Burger,404,11
M009188,R00462,South Indian,Uttapam,299,33
M009189,R00637,South Indian,Idli,162,29
M009190,R00521,Biryani,Chicken Biryani,671,25
M009191,R00778,Pizza,Veg Pizza,542,18
M009192,R01475,Pizza,Pepperoni Pizza,381,42
M009193,R00865,North Indian,Butter Naan,166,38
M009194,R00570,Pizza,Veg Pizza,493,14
M009195,R00488,South Indian,Idli,550,10
M009196,R00784,Burger,Cheese Burger,358,42
M009197,R00538,North Indian,Dal Makhani,217,28
M009198,R00612,North Indian,Paneer Butter Masala,600,11
M009199,R00523,Chinese,Noodles,511,19
M009200,R01393,North Indian,Butter Naan,595,37
M009201,R01295,Pizza,Pepperoni Pizza,196,28
M009202,R00267,South Indian,Masala Dosa,599,30
M009203,R00560,Pizza,Pepperoni Pizza,655,10
M009204,R00443,Pizza,Pepperoni Pizza,229,26
M009205,R00267,South Indian,Idli,456,34
M009206,R00240,Desserts,Ice Cream,481,28
M009207,R00183,Healthy Foods,Grilled Chicken,253,38
M009208,R00163,Burger,Chicken Burger,318,29
M009209,R00355,Burger,Chicken Burger,396,39
M009210,R00545,South Indian,Vada,530,44
M009211,R01263,South Indian,Idli,643,39
M009212,R00085,Pizza,Margherita Pizza,584,25
M009213,R00602,Chinese,Noodles,353,22
M009214,R00904,Biryani,Paneer Biryani,510,26
M009215,R00858,Burger,Chicken Burger,590,40
M009216,R00687,Burger,Veg Burger,636,17
M009217,R01270,Biryani,Veg Biryani,117,36
M009218,R00467,South Indian,Masala Dosa,688,44
M009219,R01218,Desserts,Chocolate Cake,458,15
M009220,R00951,Burger,Veg Burger,580,29
M009221,R00397,North Indian,Dal Makhani,191,22
M009222,R00739,South Indian,Vada,464,22
M009223,R01340,North Indian,Butter Naan,475,26
M009224,R00835,Pizza,Farmhouse Pizza,653,31
M009225,R00714,North Indian,Paneer Butter Masala,484,30
M009226,R01216,South Indian,Masala Dosa,634,24
M009227,R00281,Biryani,Veg Biryani,282,20
M009228,R00591,Chinese,Spring Roll,100,25
M009229,R00952,South Indian,Uttapam,527,35
M009230,R00252,Chinese,Spring Roll,517,29
M009231,R01075,Burger,Chicken Burger,251,30
M009232,R00829,North Indian,Butter Naan,675,24
M009233,R00970,South Indian,Masala Dosa,592,36
M009234,R00519,South Indian,Uttapam,517,29
M009235,R01092,Chinese,Noodles,411,14
M009236,R01231,Biryani,Chicken Biryani,485,39
M009237,R00793,Chinese,Spring Roll,250,28
M009238,R00872,Biryani,Chicken Biryani,580,16
M009239,R00771,Beverages,Mojito,589,18
M009240,R00019,South Indian,Pongal,475,14
M009241,R01337,Burger,Cheese Burger,511,18
M009242,R00180,Healthy Foods,Grilled Chicken,621,33
M009243,R00838,Biryani,Chicken Biryani,392,29
M009244,R00315,Desserts,Chocolate Cake,181,39
M009245,R00344,South Indian,Idli,672,24
M009246,R01124,North Indian,Paneer Butter Masala,164,21
M009247,R00234,Pizza,Pepperoni Pizza,491,43
M009248,R01424,Burger,Veg Burger,172,41
M009249,R00069,South Indian,Masala Dosa,135,11
M009250,R00429,Biryani,Veg Biryani,274,21
M009251,R01484,South Indian,Idli,608,39
M009252,R00847,South Indian,Idli,132,42
M009253,R01220,Healthy Foods,Grilled Chicken,428,35
M009254,R00830,Biryani,Veg Biryani,652,32
M009255,R00602,Chinese,Fried Rice,309,27
M009256,R00855,Biryani,Mutton Biryani,521,41
M009257,R00749,Pizza,Pepperoni Pizza,116,22
M009258,R01110,South Indian,Masala Dosa,437,22
M009259,R00126,Chinese,Noodles,664,14
M009260,R00062,North Indian,Butter Naan,152,30
M009261,R00245,Biryani,Veg Biryani,328,40
M009262,R01338,Biryani,Veg Biryani,672,24
M009263,R00669,Healthy Foods,Protein Bowl,179,14
M009264,R00423,Biryani,Mutton Biryani,242,39
M009265,R00996,Biryani,Veg Biryani,129,16
M009266,R00624,North Indian,Chole Bhature,382,11
M009267,R00347,Healthy Foods,Grilled Chicken,517,36
M009268,R00198,Biryani,Paneer Biryani,274,18
M009269,R00027,Burger,Cheese Burger,672,13
M009270,R00792,Burger,Chicken Burger,395,23
M009271,R00684,South Indian,Uttapam,555,28
M009272,R00238,South Indian,Pongal,175,32
M009273,R01409,South Indian,Uttapam,437,28
M009274,R01410,South Indian,Vada,639,37
M009275,R00060,South Indian,Vada,385,14
M009276,R00518,Pizza,Pepperoni Pizza,639,12
M009277,R01473,South Indian,Pongal,493,33
M009278,R00432,Burger,Chicken Burger,179,21
M009279,R00730,Healthy Foods,Protein Bowl,499,22
M009280,R00244,Chinese,Noodles,335,12
M009281,R00107,Chinese,Fried Rice,685,24
M009282,R01395,South Indian,Uttapam,168,20
M009283,R01497,Biryani,Chicken Biryani,525,18
M009284,R00218,Biryani,Paneer Biryani,373,34
M009285,R01455,South Indian,Vada,483,10
M009286,R00275,North Indian,Chole Bhature,505,22
M009287,R00663,Chinese,Noodles,235,33
M009288,R01459,Biryani,Chicken Biryani,207,19
M009289,R00322,Biryani,Mutton Biryani,266,34
M009290,R00702,South Indian,Idli,168,44
M009291,R01431,North Indian,Dal Makhani,551,26
M009292,R00785,South Indian,Idli,216,11
M009293,R01431,North Indian,Dal Makhani,99,42
M009294,R01298,Biryani,Chicken Biryani,203,45
M009295,R00775,South Indian,Pongal,87,21
M009296,R01038,North Indian,Paneer Butter Masala,499,32
M009297,R01146,South Indian,Idli,638,31
M009298,R01347,North Indian,Paneer Butter Masala,247,10
M009299,R00157,Chinese,Spring Roll,127,12
M009300,R01304,Healthy Foods,Protein Bowl,188,45
M009301,R01487,Burger,Cheese Burger,241,38
M009302,R01118,North Indian,Paneer Butter Masala,296,40
M009303,R00562,Biryani,Mutton Biryani,87,22
M009304,R01192,South Indian,Pongal,339,36
M009305,R01270,Biryani,Paneer Biryani,151,23
M009306,R00167,South Indian,Idli,336,13
M009307,R00951,Burger,Veg Burger,176,44
M009308,R00227,Biryani,Mutton Biryani,531,29
M009309,R00142,Burger,Veg Burger,113,15
M009310,R00322,Biryani,Paneer Biryani,532,31
M009311,R00628,Desserts,Brownie,354,32
M009312,R00232,Biryani,Mutton Biryani,273,21
M009313,R00512,Biryani,Mutton Biryani,156,31
M009314,R01079,Healthy Foods,Salad Bowl,379,18
M009315,R00175,Chinese,Spring Roll,284,23
M009316,R00953,Pizza,Margherita Pizza,401,10
M009317,R01005,Beverages,Lemon Juice,136,19
M009318,R01131,South Indian,Uttapam,306,27
M009319,R00474,Chinese,Noodles,164,44
M009320,R01334,Healthy Foods,Salad Bowl,412,34
M009321,R01373,Burger,Chicken Burger,215,28
M009322,R00987,Chinese,Fried Rice,486,43
M009323,R00615,South Indian,Masala Dosa,184,11
M009324,R00831,Desserts,Chocolate Cake,181,33
M009325,R00287,Pizza,Pepperoni Pizza,508,43
M009326,R00631,North Indian,Butter Naan,194,19
M009327,R00721,Chinese,Spring Roll,417,37
M009328,R01164,Desserts,Chocolate Cake,479,35
M009329,R00001,South Indian,Idli,193,20
M009330,R01002,Pizza,Pepperoni Pizza,263,19
M009331,R00422,Chinese,Noodles,464,30
M009332,R00487,Biryani,Mutton Biryani,282,26
M009333,R00943,South Indian,Masala Dosa,595,42
M009334,R00624,North Indian,Butter Naan,531,12
M009335,R00540,Desserts,Ice Cream,685,43
M009336,R01480,Biryani,Veg Biryani,388,18
M009337,R00033,Burger,Chicken Burger,150,35
M009338,R01172,Biryani,Paneer Biryani,248,45
M009339,R00899,North Indian,Dal Makhani,690,33
M009340,R00976,Biryani,Veg Biryani,246,41
M009341,R00655,Healthy Foods,Grilled Chicken,583,27
M009342,R00485,North Indian,Chole Bhature,388,12
M009343,R01083,Pizza,Veg Pizza,373,36
M009344,R01126,Burger,Veg Burger,523,25
M009345,R00119,North Indian,Butter Naan,331,43
M009346,R00725,Chinese,Fried Rice,327,18
M009347,R00710,Biryani,Chicken Biryani,437,21
M009348,R01483,Burger,Veg Burger,380,22
M009349,R01372,South Indian,Uttapam,605,35
M009350,R01365,North Indian,Butter Naan,177,41
M009351,R00761,Burger,Chicken Burger,151,30
M009352,R00306,Pizza,Margherita Pizza,585,18
M009353,R01461,Beverages,Lemon Juice,429,16
M009354,R00549,Chinese,Manchurian,446,25
M009355,R00521,Biryani,Veg Biryani,211,28
M009356,R01063,Beverages,Lemon Juice,131,20
M009357,R00431,North Indian,Butter Naan,271,31
M009358,R01375,Burger,Chicken Burger,470,40
M009359,R00147,Beverages,Cold Coffee,563,14
M009360,R01454,Chinese,Fried Rice,550,17
M009361,R00241,Biryani,Chicken Biryani,652,37
M009362,R00020,South Indian,Uttapam,128,40
M009363,R00536,Desserts,Brownie,369,40
M009364,R00900,South Indian,Masala Dosa,103,13
M009365,R01078,Biryani,Mutton Biryani,444,22
M009366,R01048,South Indian,Uttapam,663,30
M009367,R00908,North Indian,Dal Makhani,151,22
M009368,R00654,Biryani,Veg Biryani,418,41
M009369,R00510,South Indian,Uttapam,610,14
M009370,R01017,Biryani,Mutton Biryani,255,23
M009371,R00614,Biryani,Mutton Biryani,538,35
M009372,R00919,Healthy Foods,Grilled Chicken,217,10
M009373,R00483,Chinese,Spring Roll,501,39
M009374,R01320,Biryani,Veg Biryani,518,39
M009375,R01161,Biryani,Chicken Biryani,471,39
M009376,R01281,Biryani,Veg Biryani,306,16
M009377,R00650,South Indian,Idli,307,11
M009378,R00512,Biryani,Paneer Biryani,82,15
M009379,R01300,South Indian,Pongal,316,25
M009380,R00564,North Indian,Butter Naan,633,36
M009381,R00510,South Indian,Idli,182,44
M009382,R01402,North Indian,Paneer Butter Masala,370,10
M009383,R00063,Burger,Chicken Burger,525,36
M009384,R00696,North Indian,Chole Bhature,170,26
M009385,R00073,Biryani,Veg Biryani,591,28
M009386,R01275,South Indian,Masala Dosa,539,25
M009387,R00786,South Indian,Uttapam,690,36
M009388,R00338,North Indian,Butter Naan,323,15
M009389,R00842,South Indian,Vada,689,33
M009390,R01346,Burger,Chicken Burger,630,35
M009391,R01348,Healthy Foods,Protein Bowl,486,11
M009392,R01312,Chinese,Manchurian,556,29
M009393,R00219,South Indian,Idli,371,14
M009394,R00839,Biryani,Veg Biryani,629,44
M009395,R00863,South Indian,Vada,276,17
M009396,R01376,South Indian,Uttapam,637,14
M009397,R01206,Chinese,Manchurian,319,24
M009398,R00133,Biryani,Mutton Biryani,172,12
M009399,R00677,Chinese,Fried Rice,133,45
M009400,R00828,South Indian,Pongal,393,20
M009401,R00057,North Indian,Butter Naan,516,17
M009402,R01131,South Indian,Pongal,192,41
M009403,R00008,South Indian,Pongal,602,20
M009404,R01259,North Indian,Butter Naan,484,24
M009405,R00923,Biryani,Paneer Biryani,499,26
M009406,R01404,South Indian,Uttapam,356,40
M009407,R00417,Chinese,Fried Rice,598,26
M009408,R00457,North Indian,Paneer Butter Masala,465,36
M009409,R00786,South Indian,Idli,84,10
M009410,R01402,North Indian,Dal Makhani,641,33
M009411,R01382,Pizza,Margherita Pizza,643,32
M009412,R00115,Pizza,Margherita Pizza,106,23
M009413,R00144,Biryani,Mutton Biryani,229,23
M009414,R00709,Chinese,Noodles,215,31
M009415,R01193,Pizza,Margherita Pizza,448,33
M009416,R01283,North Indian,Dal Makhani,271,37
M009417,R00007,South Indian,Idli,440,35
M009418,R00417,Chinese,Spring Roll,89,19
M009419,R00971,North Indian,Dal Makhani,222,38
M009420,R00730,Healthy Foods,Grilled Chicken,639,15
M009421,R00321,North Indian,Chole Bhature,231,34
M009422,R00904,Biryani,Chicken Biryani,599,12
M009423,R00673,Burger,Veg Burger,426,43
M009424,R00504,South Indian,Idli,681,40
M009425,R01125,North Indian,Dal Makhani,568,30
M009426,R01319,South Indian,Uttapam,291,16
M009427,R00388,North Indian,Chole Bhature,159,44
M009428,R01058,Burger,Veg Burger,392,34
M009429,R01067,North Indian,Chole Bhature,482,43
M009430,R00551,South Indian,Vada,104,25
M009431,R00623,South Indian,Vada,348,29
M009432,R00947,Biryani,Veg Biryani,92,25
M009433,R01378,Pizza,Pepperoni Pizza,290,30
M009434,R00058,Burger,Chicken Burger,278,23
M009435,R00893,Beverages,Cold Coffee,603,28
M009436,R00341,North Indian,Dal Makhani,302,18
M009437,R01167,Pizza,Margherita Pizza,336,29
M009438,R01452,Chinese,Fried Rice,228,10
M009439,R00337,South Indian,Vada,87,38
M009440,R00356,South Indian,Pongal,548,42
M009441,R01494,Chinese,Noodles,646,44
M009442,R01096,South Indian,Vada,418,19
M009443,R00262,South Indian,Idli,111,33
M009444,R00970,South Indian,Idli,620,44
M009445,R01215,North Indian,Butter Naan,698,25
M009446,R00003,North Indian,Paneer Butter Masala,623,42
M009447,R01029,South Indian,Uttapam,555,23
M009448,R00409,South Indian,Masala Dosa,448,21
M009449,R01327,South Indian,Uttapam,489,15
M009450,R00678,Biryani,Chicken Biryani,571,21
M009451,R00706,Pizza,Pepperoni Pizza,526,10
M009452,R00175,Chinese,Manchurian,370,16
M009453,R00347,Healthy Foods,Grilled Chicken,493,40
M009454,R01402,North Indian,Butter Naan,287,28
M009455,R00957,Pizza,Veg Pizza,341,34
M009456,R00091,Pizza,Pepperoni Pizza,380,44
M009457,R00907,Desserts,Ice Cream,120,11
M009458,R00149,North Indian,Butter Naan,575,32
M009459,R00795,Pizza,Margherita Pizza,441,44
M009460,R00539,Pizza,Veg Pizza,571,30
M009461,R01021,Burger,Veg Burger,362,10
M009462,R00165,Burger,Chicken Burger,145,30
M009463,R01045,Beverages,Cold Coffee,150,33
M009464,R00316,South Indian,Idli,393,21
M009465,R01007,South Indian,Vada,562,43
M009466,R00375,Healthy Foods,Grilled Chicken,267,40
M009467,R01443,South Indian,Pongal,245,44
M009468,R00471,Chinese,Manchurian,108,44
M009469,R01432,Beverages,Cold Coffee,426,15
M009470,R00726,Pizza,Farmhouse Pizza,481,10
M009471,R00009,North Indian,Butter Naan,424,37
M009472,R00689,Burger,Cheese Burger,207,17
M009473,R00604,Pizza,Pepperoni Pizza,593,21
M009474,R01088,South Indian,Idli,456,23
M009475,R01340,North Indian,Dal Makhani,446,14
M009476,R00847,South Indian,Pongal,273,37
M009477,R00685,South Indian,Vada,146,28
M009478,R00356,South Indian,Vada,295,37
M009479,R01013,Biryani,Chicken Biryani,173,29
M009480,R00363,North Indian,Dal Makhani,252,44
M009481,R01311,South Indian,Uttapam,462,10
M009482,R00771,Beverages,Mojito,648,33
M009483,R00686,Chinese,Fried Rice,121,14
M009484,R00909,North Indian,Dal Makhani,379,44
M009485,R00235,North Indian,Paneer Butter Masala,297,20
M009486,R00467,South Indian,Vada,273,17
M009487,R00806,South Indian,Uttapam,537,25
M009488,R01155,South Indian,Uttapam,131,27
M009489,R00078,Chinese,Noodles,354,22
M009490,R00126,Chinese,Noodles,88,36
M009491,R00521,Biryani,Mutton Biryani,593,44
M009492,R01088,South Indian,Vada,257,44
M009493,R00925,Biryani,Veg Biryani,221,38
M009494,R00900,South Indian,Masala Dosa,224,32
M009495,R00912,Chinese,Noodles,465,34
M009496,R00996,Biryani,Chicken Biryani,443,19
M009497,R01081,South Indian,Pongal,426,20
M009498,R01134,Biryani,Chicken Biryani,594,30
M009499,R01123,Biryani,Veg Biryani,529,44
M009500,R00268,South Indian,Vada,213,34
M009501,R01485,North Indian,Dal Makhani,312,35
M009502,R01151,South Indian,Pongal,348,22
M009503,R00721,Chinese,Manchurian,554,36
M009504,R00200,Healthy Foods,Grilled Chicken,200,29
M009505,R00664,Pizza,Pepperoni Pizza,271,33
M009506,R01073,Pizza,Veg Pizza,666,42
M009507,R00161,Pizza,Margherita Pizza,452,30
M009508,R00957,Pizza,Margherita Pizza,676,45
M009509,R00461,Biryani,Paneer Biryani,337,32
M009510,R00907,Desserts,Chocolate Cake,570,24
M009511,R01193,Pizza,Margherita Pizza,114,37
M009512,R00407,Biryani,Paneer Biryani,245,18
M009513,R00421,Biryani,Veg Biryani,185,28
M009514,R00888,Healthy Foods,Protein Bowl,294,41
M009515,R01372,South Indian,Masala Dosa,256,13
M009516,R00271,Chinese,Manchurian,402,29
M009517,R00695,South Indian,Pongal,504,36
M009518,R00047,Biryani,Veg Biryani,638,21
M009519,R00966,South Indian,Vada,498,18
M009520,R00311,Biryani,Veg Biryani,104,36
M009521,R01364,Pizza,Margherita Pizza,556,29
M009522,R00828,South Indian,Idli,672,20
M009523,R00553,Desserts,Brownie,403,30
M009524,R00763,Chinese,Noodles,95,36
M009525,R00591,Chinese,Noodles,198,19
M009526,R00255,South Indian,Pongal,365,16
M009527,R00660,South Indian,Uttapam,657,15
M009528,R00799,Chinese,Manchurian,316,13
M009529,R00054,Healthy Foods,Grilled Chicken,387,44
M009530,R00897,Burger,Veg Burger,143,18
M009531,R01325,North Indian,Butter Naan,627,15
M009532,R00465,Biryani,Paneer Biryani,699,31
M009533,R00202,Biryani,Chicken Biryani,150,22
M009534,R01374,Beverages,Mojito,603,33
M009535,R00080,Burger,Cheese Burger,546,29
M009536,R00902,Biryani,Chicken Biryani,624,44
M009537,R00838,Biryani,Mutton Biryani,276,41
M009538,R00449,Pizza,Farmhouse Pizza,286,15
M009539,R00793,Chinese,Fried Rice,232,28
M009540,R00355,Burger,Cheese Burger,90,25
M009541,R00796,Biryani,Mutton Biryani,264,32
M009542,R00002,Biryani,Veg Biryani,259,32
M009543,R00581,South Indian,Uttapam,153,36
M009544,R00585,North Indian,Paneer Butter Masala,329,16
M009545,R00172,Chinese,Spring Roll,236,39
M009546,R00559,North Indian,Butter Naan,667,37
M009547,R00220,Biryani,Veg Biryani,310,23
M009548,R00418,Biryani,Mutton Biryani,458,23
M009549,R00633,South Indian,Pongal,525,17
M009550,R00449,Pizza,Farmhouse Pizza,230,13
M009551,R01330,Burger,Veg Burger,574,29
M009552,R01265,Pizza,Veg Pizza,493,30
M009553,R01026,Pizza,Margherita Pizza,194,26
M009554,R00322,Biryani,Paneer Biryani,578,32
M009555,R01044,South Indian,Vada,672,34
M009556,R00935,North Indian,Dal Makhani,526,39
M009557,R00677,Chinese,Spring Roll,600,38
M009558,R01101,Pizza,Margherita Pizza,488,33
M009559,R01338,Biryani,Chicken Biryani,285,41
M009560,R00955,Burger,Cheese Burger,658,41
M009561,R01310,Biryani,Veg Biryani,314,23
M009562,R01301,Burger,Cheese Burger,362,27
M009563,R01384,Desserts,Ice Cream,669,14
M009564,R00120,Chinese,Noodles,340,39
M009565,R00010,North Indian,Dal Makhani,431,29
M009566,R00100,Biryani,Mutton Biryani,457,17
M009567,R01224,South Indian,Pongal,472,14
M009568,R01074,Biryani,Paneer Biryani,181,45
M009569,R00091,Pizza,Veg Pizza,351,25
M009570,R01159,Pizza,Farmhouse Pizza,290,39
M009571,R01291,Burger,Cheese Burger,117,23
M009572,R00200,Healthy Foods,Grilled Chicken,528,41
M009573,R00778,Pizza,Farmhouse Pizza,160,16
M009574,R00189,Biryani,Veg Biryani,351,27
M009575,R00697,South Indian,Idli,442,16
M009576,R00692,Biryani,Mutton Biryani,363,11
M009577,R00637,South Indian,Vada,290,22
M009578,R00527,Biryani,Mutton Biryani,594,23
M009579,R01215,North Indian,Paneer Butter Masala,586,32
M009580,R00433,Pizza,Farmhouse Pizza,528,41
M009581,R00349,South Indian,Vada,387,31
M009582,R00927,North Indian,Dal Makhani,480,28
M009583,R00213,South Indian,Vada,105,29
M009584,R00172,Chinese,Noodles,201,14
M009585,R01093,Biryani,Paneer Biryani,348,45
M009586,R01305,Chinese,Manchurian,694,14
M009587,R00424,South Indian,Uttapam,84,25
M009588,R00338,North Indian,Dal Makhani,110,16
M009589,R00035,Biryani,Veg Biryani,97,42
M009590,R01095,South Indian,Masala Dosa,356,40
M009591,R00797,Burger,Cheese Burger,577,21
M009592,R00459,South Indian,Idli,514,17
M009593,R00100,Biryani,Veg Biryani,259,30
M009594,R00345,South Indian,Vada,236,14
M009595,R00112,Biryani,Chicken Biryani,404,17
M009596,R00884,Chinese,Noodles,525,14
M009597,R01163,Desserts,Chocolate Cake,332,43
M009598,R01067,North Indian,Paneer Butter Masala,329,39
M009599,R00912,Chinese,Noodles,320,18
M009600,R00888,Healthy Foods,Protein Bowl,331,13
M009601,R01129,Burger,Chicken Burger,106,30
M009602,R01410,South Indian,Masala Dosa,484,19
M009603,R00874,Biryani,Veg Biryani,649,15
M009604,R00323,Pizza,Veg Pizza,544,11
M009605,R00755,North Indian,Dal Makhani,368,20
M009606,R01283,North Indian,Chole Bhature,333,43
M009607,R01265,Pizza,Pepperoni Pizza,550,28
M009608,R00008,South Indian,Vada,256,43
M009609,R00253,Pizza,Farmhouse Pizza,367,11
M009610,R00403,North Indian,Dal Makhani,160,11
M009611,R01164,Desserts,Brownie,458,34
M009612,R00011,Desserts,Ice Cream,624,10
M009613,R00982,Burger,Chicken Burger,402,18
M009614,R01339,South Indian,Masala Dosa,560,29
M009615,R01068,South Indian,Uttapam,654,34
M009616,R00774,Biryani,Veg Biryani,407,10
M009617,R00869,North Indian,Butter Naan,112,12
M009618,R00471,Chinese,Spring Roll,359,15
M009619,R00973,Biryani,Chicken Biryani,256,44
M009620,R01180,Biryani,Chicken Biryani,559,38
M009621,R01343,Beverages,Lemon Juice,184,35
M009622,R00628,Desserts,Chocolate Cake,171,45
M009623,R00583,Healthy Foods,Grilled Chicken,511,32
M009624,R00729,North Indian,Paneer Butter Masala,571,18
M009625,R00016,South Indian,Vada,126,29
M009626,R00775,South Indian,Masala Dosa,578,27
M009627,R01189,North Indian,Dal Makhani,216,40
M009628,R01390,Beverages,Cold Coffee,127,42
M009629,R01384,Desserts,Ice Cream,539,36
M009630,R00541,South Indian,Masala Dosa,96,27
M009631,R01112,Pizza,Margherita Pizza,386,23
M009632,R01260,South Indian,Vada,551,16
M009633,R00643,South Indian,Idli,303,13
M009634,R00961,Biryani,Veg Biryani,95,10
M009635,R01226,South Indian,Masala Dosa,290,45
M009636,R00335,South Indian,Masala Dosa,113,12
M009637,R00521,Biryani,Mutton Biryani,398,33
M009638,R00261,Chinese,Spring Roll,215,10
M009639,R01236,North Indian,Dal Makhani,338,22
M009640,R00531,Healthy Foods,Salad Bowl,421,21
M009641,R00085,Pizza,Farmhouse Pizza,238,37
M009642,R00174,North Indian,Butter Naan,336,19
M009643,R00577,Biryani,Paneer Biryani,537,29
M009644,R00899,North Indian,Dal Makhani,273,30
M009645,R00732,North Indian,Chole Bhature,656,12
M009646,R00782,Beverages,Cold Coffee,499,28
M009647,R00936,Biryani,Paneer Biryani,306,19
M009648,R00565,Biryani,Mutton Biryani,332,20
M009649,R00392,Burger,Chicken Burger,446,20
M009650,R00337,South Indian,Masala Dosa,669,39
M009651,R00088,Biryani,Paneer Biryani,394,23
M009652,R00308,North Indian,Chole Bhature,428,31
M009653,R00371,North Indian,Butter Naan,686,35
M009654,R00181,North Indian,Paneer Butter Masala,436,25
M009655,R00275,North Indian,Paneer Butter Masala,285,39
M009656,R00703,Chinese,Manchurian,250,42
M009657,R00523,Chinese,Fried Rice,118,12
M009658,R00282,South Indian,Pongal,287,30
M009659,R01265,Pizza,Margherita Pizza,580,19
M009660,R01345,North Indian,Chole Bhature,369,15
M009661,R00158,Biryani,Chicken Biryani,499,21
M009662,R01241,North Indian,Butter Naan,499,30
M009663,R01033,Beverages,Cold Coffee,643,33
M009664,R01150,Pizza,Margherita Pizza,338,33
M009665,R01223,Biryani,Veg Biryani,334,42
M009666,R00967,South Indian,Masala Dosa,510,20
M009667,R01479,Healthy Foods,Protein Bowl,184,44
M009668,R01106,Burger,Veg Burger,443,32
M009669,R00781,Pizza,Margherita Pizza,307,18
M009670,R00420,Burger,Veg Burger,181,30
M009671,R00068,South Indian,Idli,181,30
M009672,R00700,Biryani,Chicken Biryani,388,20
M009673,R00402,Biryani,Paneer Biryani,282,34
M009674,R01213,South Indian,Uttapam,286,14
M009675,R00446,Healthy Foods,Grilled Chicken,172,39
M009676,R00024,Desserts,Ice Cream,102,16
M009677,R00721,Chinese,Fried Rice,127,34
M009678,R00691,South Indian,Uttapam,483,20
M009679,R00537,Burger,Chicken Burger,138,11
M009680,R01067,North Indian,Chole Bhature,538,12
M009681,R00742,Chinese,Fried Rice,215,26
M009682,R01148,North Indian,Paneer Butter Masala,356,11
M009683,R01131,South Indian,Pongal,300,34
M009684,R01366,South Indian,Masala Dosa,553,12
M009685,R00223,Beverages,Lemon Juice,447,12
M009686,R01345,North Indian,Dal Makhani,280,45
M009687,R01416,North Indian,Butter Naan,144,24
M009688,R01308,North Indian,Dal Makhani,656,40
M009689,R00540,Desserts,Chocolate Cake,288,12
M009690,R00524,Biryani,Mutton Biryani,497,44
M009691,R01093,Biryani,Chicken Biryani,295,18
M009692,R00497,South Indian,Uttapam,615,12
M009693,R00240,Desserts,Ice Cream,434,11
M009694,R00763,Chinese,Fried Rice,323,12
M009695,R01354,Biryani,Paneer Biryani,215,21
M009696,R00395,North Indian,Dal Makhani,228,36
M009697,R00809,Chinese,Noodles,506,39
M009698,R00607,Healthy Foods,Protein Bowl,461,31
M009699,R00078,Chinese,Manchurian,369,38
M009700,R00004,North Indian,Chole Bhature,656,12
M009701,R00921,North Indian,Paneer Butter Masala,215,41
M009702,R00221,North Indian,Butter Naan,102,44
M009703,R00729,North Indian,Dal Makhani,644,34
M009704,R00382,South Indian,Vada,447,29
M009705,R00540,Desserts,Brownie,94,28
M009706,R00444,Biryani,Paneer Biryani,383,20
M009707,R00598,Biryani,Mutton Biryani,580,36
M009708,R01197,Biryani,Chicken Biryani,537,12
M009709,R00387,South Indian,Pongal,691,23
M009710,R00295,South Indian,Vada,695,16
M009711,R01433,Pizza,Veg Pizza,165,44
M009712,R01222,South Indian,Idli,322,42
M009713,R00422,Chinese,Noodles,309,12
M009714,R00438,Desserts,Brownie,350,45
M009715,R01029,South Indian,Vada,405,16
M009716,R01440,Pizza,Margherita Pizza,589,24
M009717,R00664,Pizza,Veg Pizza,231,43
M009718,R00258,Chinese,Manchurian,381,45
M009719,R00075,North Indian,Butter Naan,160,12
M009720,R00087,Pizza,Pepperoni Pizza,344,27
M009721,R00418,Biryani,Mutton Biryani,447,45
M009722,R01047,Chinese,Manchurian,94,19
M009723,R00684,South Indian,Vada,115,39
M009724,R01229,Biryani,Mutton Biryani,437,14
M009725,R01495,North Indian,Dal Makhani,375,16
M009726,R01284,North Indian,Dal Makhani,389,28
M009727,R00045,Desserts,Ice Cream,439,15
M009728,R01092,Chinese,Fried Rice,300,34
M009729,R00490,Biryani,Mutton Biryani,564,10
M009730,R00453,Chinese,Spring Roll,399,17
M009731,R00162,South Indian,Idli,597,26
M009732,R00583,Healthy Foods,Protein Bowl,187,25
M009733,R01280,Biryani,Chicken Biryani,469,39
M009734,R00610,Pizza,Pepperoni Pizza,83,17
M009735,R01374,Beverages,Mojito,113,31
M009736,R00796,Biryani,Paneer Biryani,250,23
M009737,R00436,Healthy Foods,Protein Bowl,188,31
M009738,R01212,South Indian,Masala Dosa,625,44
M009739,R00661,Pizza,Pepperoni Pizza,502,17
M009740,R00705,Chinese,Manchurian,190,44
M009741,R01254,Pizza,Veg Pizza,169,12
M009742,R01306,Healthy Foods,Protein Bowl,522,39
M009743,R01128,Pizza,Farmhouse Pizza,381,23
M009744,R00283,Burger,Chicken Burger,320,25
M009745,R01066,Healthy Foods,Protein Bowl,101,41
M009746,R00065,South Indian,Uttapam,441,12
M009747,R01380,Biryani,Paneer Biryani,376,14
M009748,R00017,Desserts,Chocolate Cake,287,27
M009749,R00761,Burger,Veg Burger,334,31
M009750,R00891,North Indian,Paneer Butter Masala,360,26
M009751,R01103,South Indian,Masala Dosa,459,29
M009752,R00065,South Indian,Vada,204,38
M009753,R00658,South Indian,Vada,538,28
M009754,R00740,Burger,Veg Burger,361,39
M009755,R00694,North Indian,Dal Makhani,562,29
M009756,R00775,South Indian,Pongal,318,27
M009757,R01058,Burger,Veg Burger,318,29
M009758,R00080,Burger,Cheese Burger,416,42
M009759,R00590,South Indian,Pongal,539,13
M009760,R01372,South Indian,Idli,95,10
M009761,R00324,North Indian,Paneer Butter Masala,127,26
M009762,R01034,Biryani,Mutton Biryani,137,34
M009763,R01178,Biryani,Veg Biryani,459,45
M009764,R00422,Chinese,Manchurian,405,30
M009765,R00355,Burger,Cheese Burger,233,15
M009766,R00395,North Indian,Chole Bhature,436,33
M009767,R00712,Desserts,Brownie,440,42
M009768,R00537,Burger,Cheese Burger,337,22
M009769,R00380,Healthy Foods,Salad Bowl,437,42
M009770,R01215,North Indian,Butter Naan,432,26
M009771,R00035,Biryani,Chicken Biryani,571,18
M009772,R00921,North Indian,Chole Bhature,387,24
M009773,R00057,North Indian,Butter Naan,487,18
M009774,R00616,South Indian,Masala Dosa,490,34
M009775,R00219,South Indian,Uttapam,327,38
M009776,R00482,Pizza,Farmhouse Pizza,694,22
M009777,R00089,Chinese,Noodles,306,40
M009778,R01197,Biryani,Chicken Biryani,377,37
M009779,R00323,Pizza,Margherita Pizza,629,12
M009780,R01044,South Indian,Pongal,189,30
M009781,R00740,Burger,Cheese Burger,138,37
M009782,R01480,Biryani,Veg Biryani,456,39
M009783,R00137,North Indian,Chole Bhature,273,24
M009784,R00463,South Indian,Vada,661,36
M009785,R00648,Chinese,Spring Roll,270,39
M009786,R00173,South Indian,Vada,145,42
M009787,R00852,Pizza,Veg Pizza,167,17
M009788,R00239,South Indian,Uttapam,246,20
M009789,R00444,Biryani,Paneer Biryani,363,29
M009790,R00960,North Indian,Paneer Butter Masala,661,17
M009791,R00463,South Indian,Uttapam,654,25
M009792,R00912,Chinese,Fried Rice,299,36
M009793,R00664,Pizza,Farmhouse Pizza,545,18
M009794,R01033,Beverages,Mojito,657,14
M009795,R00361,North Indian,Paneer Butter Masala,613,29
M009796,R01417,Chinese,Noodles,604,38
M009797,R00984,North Indian,Paneer Butter Masala,542,31
M009798,R00762,Burger,Veg Burger,185,26
M009799,R00247,South Indian,Pongal,187,11
M009800,R00778,Pizza,Farmhouse Pizza,286,19
M009801,R01203,Burger,Veg Burger,284,21
M009802,R01290,Pizza,Farmhouse Pizza,487,34
M009803,R00932,North Indian,Dal Makhani,566,24
M009804,R00637,South Indian,Vada,578,27
M009805,R01020,Biryani,Mutton Biryani,667,32
M009806,R01349,Biryani,Chicken Biryani,645,34
M009807,R00887,Biryani,Mutton Biryani,484,15
M009808,R00663,Chinese,Noodles,569,45
M009809,R00853,Chinese,Manchurian,664,32
M009810,R01092,Chinese,Fried Rice,668,25
M009811,R01248,Pizza,Veg Pizza,116,10
M009812,R00134,Pizza,Pepperoni Pizza,553,20
M009813,R00248,North Indian,Chole Bhature,145,29
M009814,R00533,Chinese,Manchurian,215,30
M009815,R01058,Burger,Veg Burger,108,44
M009816,R00282,South Indian,Pongal,336,39
M009817,R01143,South Indian,Masala Dosa,160,25
M009818,R00798,South Indian,Pongal,357,42
M009819,R00684,South Indian,Masala Dosa,364,44
M009820,R00184,Burger,Chicken Burger,576,34
M009821,R00372,Burger,Chicken Burger,481,23
M009822,R00382,South Indian,Vada,621,24
M009823,R00697,South Indian,Masala Dosa,88,39
M009824,R01409,South Indian,Vada,358,28
M009825,R01397,South Indian,Masala Dosa,670,29
M009826,R01392,South Indian,Masala Dosa,435,41
M009827,R00987,Chinese,Spring Roll,336,19
M009828,R01397,South Indian,Uttapam,623,13
M009829,R00507,North Indian,Dal Makhani,168,11
M009830,R01207,Desserts,Brownie,459,25
M009831,R00210,Biryani,Chicken Biryani,111,43
M009832,R00814,Pizza,Farmhouse Pizza,300,16
M009833,R01039,South Indian,Vada,570,35
M009834,R00188,South Indian,Pongal,635,39
M009835,R00505,Pizza,Veg Pizza,583,40
M009836,R00760,Healthy Foods,Grilled Chicken,671,32
M009837,R00210,Biryani,Mutton Biryani,362,36
M009838,R00686,Chinese,Spring Roll,135,40
M009839,R01458,South Indian,Vada,404,41
M009840,R00124,Chinese,Noodles,329,27
M009841,R00723,Healthy Foods,Protein Bowl,517,34
M009842,R01046,North Indian,Dal Makhani,297,39
M009843,R00676,South Indian,Uttapam,558,18
M009844,R00020,South Indian,Vada,116,45
M009845,R01335,Pizza,Farmhouse Pizza,474,10
M009846,R00036,Chinese,Fried Rice,301,10
M009847,R00710,Biryani,Mutton Biryani,605,37
M009848,R00933,South Indian,Masala Dosa,552,27
M009849,R00862,Biryani,Veg Biryani,551,44
M009850,R00579,Chinese,Manchurian,313,38
M009851,R00828,South Indian,Uttapam,228,11
M009852,R00843,Burger,Veg Burger,186,20
M009853,R00673,Burger,Chicken Burger,283,38
M009854,R00680,Chinese,Manchurian,621,25
M009855,R01441,Biryani,Chicken Biryani,631,40
M009856,R00119,North Indian,Paneer Butter Masala,696,27
M009857,R00445,Healthy Foods,Salad Bowl,458,17
M009858,R01380,Biryani,Mutton Biryani,678,22
M009859,R00117,South Indian,Idli,242,39
M009860,R00950,South Indian,Idli,497,44
M009861,R00115,Pizza,Veg Pizza,587,33
M009862,R00129,Burger,Cheese Burger,666,26
M009863,R01327,South Indian,Uttapam,93,35
M009864,R01440,Pizza,Farmhouse Pizza,556,42
M009865,R00543,North Indian,Paneer Butter Masala,584,22
M009866,R00740,Burger,Veg Burger,627,35
M009867,R00168,South Indian,Pongal,427,11
M009868,R00112,Biryani,Veg Biryani,656,34
M009869,R00524,Biryani,Chicken Biryani,432,32
M009870,R00493,North Indian,Butter Naan,317,22
M009871,R00639,Pizza,Veg Pizza,221,14
M009872,R01309,Burger,Chicken Burger,477,42
M009873,R00569,Healthy Foods,Salad Bowl,641,17
M009874,R01307,Biryani,Mutton Biryani,179,34
M009875,R00142,Burger,Veg Burger,218,39
M009876,R01084,South Indian,Pongal,632,11
M009877,R00801,North Indian,Paneer Butter Masala,174,18
M009878,R01077,Burger,Veg Burger,104,34
M009879,R00987,Chinese,Manchurian,193,35
M009880,R00938,Biryani,Veg Biryani,386,27
M009881,R01416,North Indian,Chole Bhature,667,12
M009882,R00264,Chinese,Noodles,517,16
M009883,R00075,North Indian,Dal Makhani,145,10
M009884,R01189,North Indian,Chole Bhature,636,14
M009885,R00004,North Indian,Dal Makhani,115,20
M009886,R00001,South Indian,Uttapam,303,14
M009887,R01223,Biryani,Mutton Biryani,613,45
M009888,R00081,Biryani,Mutton Biryani,377,23
M009889,R00863,South Indian,Pongal,256,44
M009890,R00692,Biryani,Paneer Biryani,522,36
M009891,R00841,Pizza,Veg Pizza,515,12
M009892,R00328,Biryani,Paneer Biryani,255,42
M009893,R00586,Biryani,Veg Biryani,144,13
M009894,R00450,South Indian,Vada,349,37
M009895,R01301,Burger,Veg Burger,264,29
M009896,R01053,Biryani,Paneer Biryani,223,45
M009897,R00761,Burger,Chicken Burger,549,24
M009898,R00858,Burger,Cheese Burger,193,44
M009899,R00022,South Indian,Pongal,376,18
M009900,R00412,North Indian,Paneer Butter Masala,661,20
M009901,R00476,North Indian,Dal Makhani,605,29
M009902,R00911,South Indian,Vada,625,22
M009903,R00186,South Indian,Uttapam,527,24
M009904,R01173,Healthy Foods,Salad Bowl,344,37
M009905,R00256,Biryani,Paneer Biryani,692,41
M009906,R01285,Desserts,Ice Cream,84,25
M009907,R00406,Biryani,Veg Biryani,457,29
M009908,R00163,Burger,Veg Burger,309,34
M009909,R00394,Biryani,Mutton Biryani,593,43
M009910,R00110,Biryani,Paneer Biryani,473,21
M009911,R00306,Pizza,Pepperoni Pizza,515,31
M009912,R00149,North Indian,Chole Bhature,616,26
M009913,R00348,South Indian,Idli,200,40
M009914,R01041,South Indian,Idli,171,37
M009915,R01365,North Indian,Butter Naan,138,22
M009916,R00571,Burger,Cheese Burger,696,10
M009917,R00540,Desserts,Ice Cream,176,16
M009918,R01000,Biryani,Mutton Biryani,352,38
M009919,R00054,Healthy Foods,Grilled Chicken,694,25
M009920,R00876,Burger,Veg Burger,493,36
M009921,R01007,South Indian,Uttapam,499,41
M009922,R01142,Pizza,Margherita Pizza,223,25
M009923,R01179,Biryani,Veg Biryani,562,28
M009924,R00646,Healthy Foods,Grilled Chicken,231,12
M009925,R00627,North Indian,Paneer Butter Masala,444,29
M009926,R00630,Burger,Cheese Burger,693,43
M009927,R00994,South Indian,Vada,339,45
M009928,R01490,South Indian,Pongal,535,18
M009929,R00838,Biryani,Mutton Biryani,465,40
M009930,R00890,South Indian,Pongal,221,42
M009931,R00887,Biryani,Mutton Biryani,504,28
M009932,R00693,South Indian,Vada,426,34
M009933,R00228,Biryani,Paneer Biryani,406,16
M009934,R00660,South Indian,Vada,562,44
M009935,R00850,Biryani,Veg Biryani,251,25
M009936,R00886,Pizza,Veg Pizza,253,16
M009937,R00470,South Indian,Pongal,617,22
M009938,R01322,Burger,Cheese Burger,550,15
M009939,R00133,Biryani,Mutton Biryani,159,36
M009940,R00454,South Indian,Vada,375,43
M009941,R00877,South Indian,Pongal,330,31
M009942,R00265,North Indian,Paneer Butter Masala,619,36
M009943,R01471,South Indian,Pongal,656,20
M009944,R00977,South Indian,Uttapam,296,41
M009945,R00104,North Indian,Chole Bhature,513,16
M009946,R01496,North Indian,Dal Makhani,330,36
M009947,R00363,North Indian,Paneer Butter Masala,624,43
M009948,R00495,Chinese,Spring Roll,263,28
M009949,R00939,South Indian,Pongal,365,14
M009950,R01441,Biryani,Mutton Biryani,310,39
M009951,R00033,Burger,Veg Burger,530,29
M009952,R01430,North Indian,Paneer Butter Masala,396,30
M009953,R00575,South Indian,Idli,558,15
M009954,R00859,North Indian,Paneer Butter Masala,333,22
M009955,R00122,South Indian,Idli,468,10
M009956,R01100,Biryani,Chicken Biryani,526,12
M009957,R01107,Biryani,Veg Biryani,548,10
M009958,R01481,North Indian,Chole Bhature,461,44
M009959,R00582,Pizza,Farmhouse Pizza,532,21
M009960,R01278,South Indian,Uttapam,277,18
M009961,R00925,Biryani,Paneer Biryani,189,13
M009962,R00653,Biryani,Mutton Biryani,95,20
M009963,R00881,Chinese,Fried Rice,366,45
M009964,R01094,South Indian,Masala Dosa,631,26
M009965,R00544,Biryani,Veg Biryani,544,20
M009966,R00082,South Indian,Pongal,654,21
M009967,R00323,Pizza,Veg Pizza,468,28
M009968,R00314,Biryani,Paneer Biryani,612,32
M009969,R00279,Biryani,Mutton Biryani,88,22
M009970,R00706,Pizza,Margherita Pizza,268,27
M009971,R00220,Biryani,Mutton Biryani,155,10
M009972,R00695,South Indian,Vada,297,34
M009973,R00549,Chinese,Noodles,110,35
M009974,R00544,Biryani,Mutton Biryani,254,22
M009975,R00665,South Indian,Masala Dosa,599,39
M009976,R00031,South Indian,Vada,692,36
M009977,R00928,North Indian,Chole Bhature,417,29
M009978,R00926,Chinese,Manchurian,511,13
M009979,R01133,Chinese,Noodles,193,26
M009980,R01377,South Indian,Masala Dosa,300,35
M009981,R00190,Chinese,Spring Roll,370,25
M009982,R01276,South Indian,Pongal,291,34
M009983,R00555,Healthy Foods,Protein Bowl,339,39
M009984,R01330,Burger,Chicken Burger,392,28
M009985,R00655,Healthy Foods,Protein Bowl,154,31
M009986,R00796,Biryani,Chicken Biryani,479,40
M009987,R00963,North Indian,Dal Makhani,378,14
M009988,R01391,South Indian,Idli,150,21
M009989,R01154,Biryani,Mutton Biryani,371,22
M009990,R00385,South Indian,Pongal,514,23
M009991,R00532,North Indian,Dal Makhani,410,38
M009992,R00712,Desserts,Ice Cream,104,24
M009993,R00077,Chinese,Fried Rice,151,32
M009994,R00502,Burger,Veg Burger,642,27
M009995,R00049,South Indian,Pongal,147,25
M009996,R01313,North Indian,Paneer Butter Masala,272,11
M009997,R01104,North Indian,Dal Makhani,81,24
M009998,R01291,Burger,Cheese Burger,602,38
M009999,R01249,Chinese,Noodles,643,40
M010000,R01292,South Indian,Idli,413,24
M010001,R01109,North Indian,Butter Naan,670,10
M010002,R00306,Pizza,Veg Pizza,290,12
M010003,R01097,South Indian,Masala Dosa,570,27
M010004,R00004,North Indian,Paneer Butter Masala,209,41
M010005,R00088,Biryani,Veg Biryani,164,31
M010006,R00709,Chinese,Manchurian,536,36
M010007,R00218,Biryani,Chicken Biryani,651,26
M010008,R00972,North Indian,Dal Makhani,595,15
M010009,R00341,North Indian,Dal Makhani,540,34
M010010,R00556,Biryani,Mutton Biryani,477,42
M010011,R00562,Biryani,Veg Biryani,99,39
M010012,R00595,North Indian,Paneer Butter Masala,495,19
M010013,R01496,North Indian,Dal Makhani,378,37
M010014,R00563,Chinese,Noodles,281,10
M010015,R00044,Biryani,Chicken Biryani,299,23
M010016,R00752,Burger,Cheese Burger,194,23
M010017,R00802,Biryani,Veg Biryani,431,35
M010018,R00422,Chinese,Spring Roll,346,10
M010019,R00331,Pizza,Veg Pizza,201,21
M010020,R01168,Biryani,Chicken Biryani,491,16
M010021,R00525,Biryani,Chicken Biryani,416,24
M010022,R00953,Pizza,Veg Pizza,593,30
M010023,R00887,Biryani,Mutton Biryani,339,45
M010024,R00117,South Indian,Uttapam,520,31
M010025,R01306,Healthy Foods,Salad Bowl,400,10
M010026,R00433,Pizza,Veg Pizza,254,12
M010027,R01177,South Indian,Uttapam,197,21
M010028,R00807,Chinese,Noodles,480,45
M010029,R01296,Burger,Veg Burger,499,23
M010030,R01409,South Indian,Pongal,364,12
M010031,R01184,North Indian,Dal Makhani,386,43
M010032,R01448,Burger,Cheese Burger,527,28
M010033,R00389,North Indian,Paneer Butter Masala,321,41
M010034,R00982,Burger,Cheese Burger,301,44
M010035,R00348,South Indian,Vada,662,44
M010036,R00026,North Indian,Paneer Butter Masala,388,21
M010037,R00028,Burger,Cheese Burger,227,22
M010038,R00739,South Indian,Idli,246,13
M010039,R00409,South Indian,Masala Dosa,512,35
M010040,R00400,Burger,Chicken Burger,315,14
M010041,R01057,Burger,Cheese Burger,168,30
M010042,R01201,Biryani,Paneer Biryani,239,24
M010043,R00161,Pizza,Veg Pizza,235,34
M010044,R00092,Chinese,Spring Roll,674,25
M010045,R00917,North Indian,Chole Bhature,686,44
M010046,R01177,South Indian,Uttapam,678,38
M010047,R01283,North Indian,Chole Bhature,281,19
M010048,R01442,South Indian,Idli,456,27
M010049,R00805,North Indian,Dal Makhani,408,41
M010050,R01379,South Indian,Uttapam,139,14
M010051,R00038,Burger,Cheese Burger,303,25
M010052,R00608,Chinese,Noodles,250,31
M010053,R00944,Healthy Foods,Protein Bowl,659,19
M010054,R00361,North Indian,Chole Bhature,511,22
M010055,R01017,Biryani,Veg Biryani,540,45
M010056,R00973,Biryani,Mutton Biryani,689,10
M010057,R01006,Burger,Veg Burger,642,31
M010058,R00319,Chinese,Spring Roll,310,39
M010059,R01372,South Indian,Idli,89,22
M010060,R01175,North Indian,Chole Bhature,492,30
M010061,R00741,Burger,Chicken Burger,175,34
M010062,R00137,North Indian,Butter Naan,516,28
M010063,R01250,South Indian,Idli,451,28
M010064,R00737,Pizza,Pepperoni Pizza,291,17
M010065,R00393,Chinese,Fried Rice,552,20
M010066,R00492,Biryani,Veg Biryani,377,14
M010067,R01012,North Indian,Chole Bhature,217,42
M010068,R01348,Healthy Foods,Protein Bowl,402,30
M010069,R00719,South Indian,Vada,258,15
M010070,R00728,Biryani,Veg Biryani,436,24
M010071,R00742,Chinese,Noodles,553,37
M010072,R00077,Chinese,Spring Roll,577,11
M010073,R00074,North Indian,Butter Naan,325,11
M010074,R01243,Chinese,Spring Roll,685,33
M010075,R00591,Chinese,Fried Rice,427,32
M010076,R00584,North Indian,Dal Makhani,530,20
M010077,R00819,Chinese,Noodles,311,15
M010078,R00642,Chinese,Fried Rice,186,21
M010079,R00358,South Indian,Idli,312,25
M010080,R00359,Biryani,Paneer Biryani,119,22
M010081,R00964,Biryani,Mutton Biryani,373,19
M010082,R01250,South Indian,Pongal,623,30
M010083,R01472,South Indian,Masala Dosa,387,12
M010084,R00424,South Indian,Masala Dosa,252,36
M010085,R00705,Chinese,Fried Rice,577,31
M010086,R00334,Biryani,Mutton Biryani,480,18
M010087,R00733,South Indian,Masala Dosa,224,41
M010088,R01102,Chinese,Noodles,363,39
M010089,R00074,North Indian,Butter Naan,259,41
M010090,R00073,Biryani,Mutton Biryani,107,35
M010091,R00233,Pizza,Veg Pizza,598,42
M010092,R00338,North Indian,Chole Bhature,108,13
M010093,R01125,North Indian,Chole Bhature,561,35
M010094,R01340,North Indian,Dal Makhani,395,41
M010095,R00897,Burger,Veg Burger,523,35
M010096,R01221,Biryani,Veg Biryani,667,17
M010097,R01320,Biryani,Veg Biryani,205,32
M010098,R01490,South Indian,Uttapam,583,29
M010099,R00814,Pizza,Pepperoni Pizza,427,28
M010100,R00229,North Indian,Butter Naan,160,11
M010101,R00436,Healthy Foods,Grilled Chicken,165,36
M010102,R00926,Chinese,Manchurian,595,30
M010103,R00936,Biryani,Veg Biryani,161,15
M010104,R00833,Healthy Foods,Protein Bowl,84,11
M010105,R00924,South Indian,Masala Dosa,279,31
M010106,R00861,Pizza,Margherita Pizza,397,15
M010107,R00723,Healthy Foods,Grilled Chicken,349,43
M010108,R00634,Burger,Chicken Burger,306,32
M010109,R01240,Chinese,Noodles,403,16
M010110,R00481,North Indian,Dal Makhani,220,22
M010111,R00350,Biryani,Veg Biryani,416,33
M010112,R00769,Biryani,Paneer Biryani,566,36
M010113,R00648,Chinese,Manchurian,463,21
M010114,R00824,Chinese,Spring Roll,429,28
M010115,R00125,Pizza,Margherita Pizza,300,31
M010116,R00164,Biryani,Chicken Biryani,536,23
M010117,R01091,Pizza,Veg Pizza,355,38
M010118,R00642,Chinese,Spring Roll,448,13
M010119,R00170,North Indian,Chole Bhature,484,17
M010120,R00294,North Indian,Paneer Butter Masala,109,31
M010121,R00756,Burger,Cheese Burger,559,22
M010122,R00321,North Indian,Paneer Butter Masala,221,33
M010123,R00017,Desserts,Ice Cream,411,14
M010124,R00011,Desserts,Ice Cream,434,13
M010125,R00536,Desserts,Chocolate Cake,675,22
M010126,R01230,North Indian,Chole Bhature,241,27
M010127,R01308,North Indian,Chole Bhature,286,30
M010128,R00930,Biryani,Chicken Biryani,659,37
M010129,R01488,North Indian,Butter Naan,496,35
M010130,R01328,Chinese,Noodles,190,18
M010131,R00730,Healthy Foods,Protein Bowl,594,29
M010132,R00817,Burger,Chicken Burger,577,43
M010133,R01083,Pizza,Pepperoni Pizza,597,22
M010134,R01427,Healthy Foods,Grilled Chicken,305,41
M010135,R00239,South Indian,Pongal,386,10
M010136,R00553,Desserts,Ice Cream,535,24
M010137,R01451,South Indian,Pongal,190,27
M010138,R00032,Beverages,Cold Coffee,444,29
M010139,R00427,Pizza,Pepperoni Pizza,663,45
M010140,R01043,Burger,Veg Burger,188,15
M010141,R00711,North Indian,Butter Naan,641,40
M010142,R00479,South Indian,Vada,242,43
M010143,R01234,South Indian,Masala Dosa,595,41
M010144,R01313,North Indian,Dal Makhani,405,27
M010145,R00151,South Indian,Pongal,680,10
M010146,R00156,South Indian,Idli,242,40
M010147,R01091,Pizza,Farmhouse Pizza,122,26
M010148,R00783,South Indian,Pongal,213,45
M010149,R00507,North Indian,Dal Makhani,492,26
M010150,R00575,South Indian,Vada,544,32
M010151,R01000,Biryani,Veg Biryani,469,37
M010152,R00843,Burger,Chicken Burger,264,27
M010153,R00437,Biryani,Chicken Biryani,397,35
M010154,R00714,North Indian,Paneer Butter Masala,81,18
M010155,R00237,Biryani,Veg Biryani,285,25
M010156,R00454,South Indian,Pongal,397,38
M010157,R01273,South Indian,Uttapam,206,45
M010158,R00553,Desserts,Brownie,260,28
M010159,R00449,Pizza,Veg Pizza,619,18
M010160,R00242,Healthy Foods,Grilled Chicken,87,36
M010161,R00572,South Indian,Uttapam,480,42
M010162,R00501,South Indian,Pongal,90,43
M010163,R00076,Burger,Veg Burger,291,18
M010164,R00526,North Indian,Paneer Butter Masala,80,18
M010165,R00177,South Indian,Pongal,695,17
M010166,R00168,South Indian,Idli,598,45
M010167,R00357,Biryani,Paneer Biryani,301,42
M010168,R01498,Pizza,Margherita Pizza,381,35
M010169,R00636,Biryani,Chicken Biryani,334,19
M010170,R00419,Burger,Cheese Burger,465,10
M010171,R00646,Healthy Foods,Protein Bowl,224,31
M010172,R00661,Pizza,Pepperoni Pizza,316,13
M010173,R00559,North Indian,Paneer Butter Masala,574,35
M010174,R01492,Chinese,Fried Rice,578,37
M010175,R00613,Pizza,Pepperoni Pizza,543,13
M010176,R00016,South Indian,Masala Dosa,652,16
M010177,R00063,Burger,Cheese Burger,641,18
M010178,R00550,Biryani,Paneer Biryani,444,27
M010179,R00016,South Indian,Masala Dosa,289,12
M010180,R00030,Pizza,Veg Pizza,627,36
M010181,R01228,Chinese,Spring Roll,507,30
M010182,R00735,Burger,Cheese Burger,133,13
M010183,R00117,South Indian,Idli,318,23
M010184,R00365,Burger,Cheese Burger,541,23
M010185,R00987,Chinese,Noodles,459,45
M010186,R00080,Burger,Veg Burger,236,35
M010187,R00689,Burger,Veg Burger,528,28
M010188,R00072,South Indian,Vada,353,21
M010189,R00460,North Indian,Paneer Butter Masala,223,10
M010190,R01226,South Indian,Idli,683,15
M010191,R00536,Desserts,Ice Cream,481,31
M010192,R01145,Burger,Veg Burger,163,16
M010193,R00802,Biryani,Paneer Biryani,613,36
M010194,R01458,South Indian,Idli,89,18
M010195,R00322,Biryani,Paneer Biryani,665,11
M010196,R01458,South Indian,Uttapam,175,36
M010197,R00705,Chinese,Noodles,410,32
M010198,R00953,Pizza,Pepperoni Pizza,560,26
M010199,R00056,South Indian,Vada,649,19
M010200,R01154,Biryani,Chicken Biryani,377,26
M010201,R00224,Biryani,Veg Biryani,327,32
M010202,R00920,Burger,Cheese Burger,425,45
M010203,R00720,Burger,Veg Burger,495,11
M010204,R00981,Burger,Chicken Burger,700,18
M010205,R00984,North Indian,Butter Naan,639,33
M010206,R00191,Pizza,Margherita Pizza,281,22
M010207,R00259,South Indian,Pongal,226,21
M010208,R00436,Healthy Foods,Grilled Chicken,535,30
M010209,R00865,North Indian,Butter Naan,96,25
M010210,R01305,Chinese,Manchurian,285,10
M010211,R01280,Biryani,Paneer Biryani,595,21
M010212,R00576,Pizza,Pepperoni Pizza,487,21
M010213,R00782,Beverages,Mojito,583,38
M010214,R01108,North Indian,Paneer Butter Masala,443,25
M010215,R01273,South Indian,Uttapam,399,44
M010216,R01112,Pizza,Veg Pizza,571,40
M010217,R00465,Biryani,Paneer Biryani,371,12
M010218,R00126,Chinese,Noodles,265,19
M010219,R00942,Burger,Chicken Burger,557,20
M010220,R01425,North Indian,Chole Bhature,203,28
M010221,R00328,Biryani,Chicken Biryani,226,14
M010222,R00691,South Indian,Masala Dosa,452,27
M010223,R01057,Burger,Veg Burger,182,39
M010224,R01072,South Indian,Uttapam,216,10
M010225,R00382,South Indian,Vada,84,10
M010226,R00413,South Indian,Vada,197,43
M010227,R01487,Burger,Cheese Burger,196,18
M010228,R00012,North Indian,Chole Bhature,169,45
M010229,R01488,North Indian,Dal Makhani,694,32
M010230,R00953,Pizza,Farmhouse Pizza,634,19
M010231,R01013,Biryani,Mutton Biryani,284,40
M010232,R00464,Pizza,Farmhouse Pizza,531,23
M010233,R01178,Biryani,Chicken Biryani,667,30
M010234,R01345,North Indian,Paneer Butter Masala,393,39
M010235,R00332,Biryani,Chicken Biryani,459,37
M010236,R00077,Chinese,Noodles,426,10
M010237,R00932,North Indian,Dal Makhani,319,14
M010238,R00495,Chinese,Manchurian,473,13
M010239,R01363,Biryani,Mutton Biryani,434,39
M010240,R00155,South Indian,Uttapam,641,38
M010241,R00962,Desserts,Brownie,631,23
M010242,R00468,Healthy Foods,Grilled Chicken,657,45
M010243,R01430,North Indian,Paneer Butter Masala,343,19
M010244,R00048,Pizza,Farmhouse Pizza,504,40
M010245,R01410,South Indian,Pongal,323,45
M010246,R01318,Pizza,Farmhouse Pizza,180,10
M010247,R00156,South Indian,Uttapam,466,22
M010248,R00340,Beverages,Cold Coffee,153,31
M010249,R00424,South Indian,Uttapam,586,31
M010250,R01110,South Indian,Pongal,318,21
M010251,R00066,North Indian,Chole Bhature,225,10
M010252,R00008,South Indian,Uttapam,364,24
M010253,R00060,South Indian,Masala Dosa,664,42
M010254,R01157,North Indian,Dal Makhani,688,15
M010255,R00747,Biryani,Chicken Biryani,672,31
M010256,R00255,South Indian,Uttapam,222,10
M010257,R00990,North Indian,Butter Naan,533,17
M010258,R00283,Burger,Veg Burger,248,16
M010259,R00807,Chinese,Manchurian,562,37
M010260,R00296,Biryani,Mutton Biryani,146,34
M010261,R00537,Burger,Chicken Burger,571,14
M010262,R01202,North Indian,Butter Naan,577,37
M010263,R01410,South Indian,Pongal,260,44
M010264,R00851,Chinese,Fried Rice,599,37
M010265,R01367,Desserts,Chocolate Cake,187,45
M010266,R01260,South Indian,Uttapam,659,20
M010267,R00664,Pizza,Pepperoni Pizza,436,28
M010268,R01499,Desserts,Chocolate Cake,385,26
M010269,R01495,North Indian,Chole Bhature,296,35
M010270,R01429,Healthy Foods,Salad Bowl,549,23
M010271,R01095,South Indian,Idli,547,26
M010272,R01012,North Indian,Butter Naan,521,13
M010273,R00809,Chinese,Fried Rice,208,25
M010274,R00038,Burger,Cheese Burger,494,26
M010275,R00906,South Indian,Uttapam,439,39
M010276,R00119,North Indian,Dal Makhani,197,25
M010277,R00597,Healthy Foods,Protein Bowl,273,39
M010278,R00521,Biryani,Veg Biryani,514,23
M010279,R01174,South Indian,Vada,282,21
M010280,R00663,Chinese,Spring Roll,700,13
M010281,R00398,Biryani,Mutton Biryani,377,27
M010282,R01472,South Indian,Masala Dosa,602,27
M010283,R00887,Biryani,Chicken Biryani,597,11
M010284,R01475,Pizza,Veg Pizza,141,34
M010285,R00541,South Indian,Idli,501,33
M010286,R01014,Healthy Foods,Protein Bowl,113,23
M010287,R00295,South Indian,Pongal,422,30
M010288,R01104,North Indian,Paneer Butter Masala,548,25
M010289,R00238,South Indian,Masala Dosa,651,38
M010290,R01163,Desserts,Brownie,402,36
M010291,R00559,North Indian,Paneer Butter Masala,578,19
M010292,R01389,Biryani,Paneer Biryani,497,39
M010293,R01017,Biryani,Mutton Biryani,119,44
M010294,R00389,North Indian,Paneer Butter Masala,556,14
M010295,R00310,Pizza,Farmhouse Pizza,193,33
M010296,R01227,South Indian,Pongal,113,11
M010297,R00425,Pizza,Margherita Pizza,311,23
M010298,R00608,Chinese,Noodles,426,30
M010299,R00180,Healthy Foods,Protein Bowl,261,20
M010300,R01360,Biryani,Paneer Biryani,193,22
M010301,R01358,Biryani,Paneer Biryani,571,28
M010302,R01416,North Indian,Dal Makhani,512,26
M010303,R00678,Biryani,Veg Biryani,169,27
M010304,R00450,South Indian,Idli,522,34
M010305,R01103,South Indian,Pongal,652,32
M010306,R00468,Healthy Foods,Salad Bowl,229,37
M010307,R01111,South Indian,Masala Dosa,587,21
M010308,R00393,Chinese,Manchurian,626,44
M010309,R00405,Pizza,Margherita Pizza,423,34
M010310,R00151,South Indian,Vada,352,16
M010311,R01366,South Indian,Uttapam,81,16
M010312,R00175,Chinese,Manchurian,131,36
M010313,R00068,South Indian,Uttapam,236,18
M010314,R00399,South Indian,Vada,313,43
M010315,R00297,Burger,Cheese Burger,396,40
M010316,R01218,Desserts,Ice Cream,154,17
M010317,R01059,South Indian,Vada,297,33
M010318,R00821,North Indian,Chole Bhature,591,25
M010319,R00290,Healthy Foods,Salad Bowl,90,10
M010320,R00692,Biryani,Chicken Biryani,378,30
M010321,R00578,Desserts,Ice Cream,333,25
M010322,R01333,Desserts,Ice Cream,459,23
M010323,R00954,Beverages,Cold Coffee,216,11
M010324,R00329,Healthy Foods,Salad Bowl,217,31
M010325,R01012,North Indian,Chole Bhature,520,30
M010326,R01452,Chinese,Spring Roll,367,44
M010327,R01218,Desserts,Ice Cream,289,11
M010328,R01167,Pizza,Farmhouse Pizza,163,45
M010329,R00978,Burger,Veg Burger,481,22
M010330,R01340,North Indian,Dal Makhani,312,34
M010331,R00646,Healthy Foods,Salad Bowl,124,20
M010332,R00133,Biryani,Veg Biryani,589,22
M010333,R01228,Chinese,Fried Rice,375,10
M010334,R00645,Beverages,Cold Coffee,275,40
M010335,R00007,South Indian,Uttapam,507,33
M010336,R00717,North Indian,Paneer Butter Masala,277,15
M010337,R00385,South Indian,Idli,164,42
M010338,R00937,Healthy Foods,Salad Bowl,442,11
M010339,R01171,Pizza,Pepperoni Pizza,350,19
M010340,R01185,North Indian,Dal Makhani,654,32
M010341,R00920,Burger,Cheese Burger,266,43
M010342,R01261,Chinese,Spring Roll,696,22
M010343,R00106,Healthy Foods,Grilled Chicken,145,25
M010344,R00797,Burger,Veg Burger,540,42
M010345,R00836,South Indian,Uttapam,325,35
M010346,R01270,Biryani,Mutton Biryani,245,37
M010347,R01206,Chinese,Noodles,471,18
M010348,R00378,Biryani,Veg Biryani,228,38
M010349,R00993,North Indian,Dal Makhani,247,28
M010350,R00555,Healthy Foods,Protein Bowl,170,26
M010351,R01324,South Indian,Masala Dosa,390,26
M010352,R00419,Burger,Cheese Burger,524,25
M010353,R01366,South Indian,Vada,663,39
M010354,R00174,North Indian,Chole Bhature,353,35
M010355,R00133,Biryani,Mutton Biryani,376,35
M010356,R00552,North Indian,Paneer Butter Masala,587,39
M010357,R00261,Chinese,Fried Rice,339,36
M010358,R00582,Pizza,Pepperoni Pizza,690,28
M010359,R01096,South Indian,Pongal,336,29
M010360,R00276,South Indian,Masala Dosa,161,26
M010361,R00484,Chinese,Noodles,304,45
M010362,R01118,North Indian,Paneer Butter Masala,329,16
M010363,R00106,Healthy Foods,Salad Bowl,605,12
M010364,R00741,Burger,Chicken Burger,204,33
M010365,R00699,South Indian,Vada,249,42
M010366,R01286,South Indian,Pongal,225,45
M010367,R00538,North Indian,Paneer Butter Masala,666,11
M010368,R00533,Chinese,Manchurian,407,20
M010369,R00627,North Indian,Butter Naan,317,33
M010370,R00302,North Indian,Dal Makhani,324,32
M010371,R00403,North Indian,Paneer Butter Masala,169,21
M010372,R01478,Beverages,Lemon Juice,403,36
M010373,R01481,North Indian,Butter Naan,138,21
M010374,R00527,Biryani,Veg Biryani,93,42
M010375,R00661,Pizza,Farmhouse Pizza,96,30
M010376,R01435,North Indian,Dal Makhani,178,15
M010377,R00893,Beverages,Mojito,642,27
M010378,R00514,Burger,Veg Burger,551,28
M010379,R00435,Biryani,Paneer Biryani,497,34
M010380,R00122,South Indian,Masala Dosa,193,11
M010381,R01224,South Indian,Uttapam,299,26
M010382,R00323,Pizza,Farmhouse Pizza,599,14
M010383,R01093,Biryani,Mutton Biryani,314,34
M010384,R00474,Chinese,Spring Roll,275,28
M010385,R00774,Biryani,Veg Biryani,379,14
M010386,R01492,Chinese,Noodles,184,24
M010387,R00067,Biryani,Veg Biryani,392,40
M010388,R01091,Pizza,Margherita Pizza,430,19
M010389,R00865,North Indian,Chole Bhature,480,34
M010390,R01366,South Indian,Pongal,470,38
M010391,R01298,Biryani,Paneer Biryani,619,45
M010392,R00122,South Indian,Masala Dosa,622,28
M010393,R00532,North Indian,Butter Naan,603,16
M010394,R00460,North Indian,Paneer Butter Masala,499,40
M010395,R00874,Biryani,Mutton Biryani,549,17
M010396,R00225,Burger,Veg Burger,250,34
M010397,R00703,Chinese,Fried Rice,604,11
M010398,R00815,Biryani,Mutton Biryani,657,10
M010399,R00778,Pizza,Veg Pizza,252,14
M010400,R00180,Healthy Foods,Salad Bowl,610,34
M010401,R00823,North Indian,Dal Makhani,605,40
M010402,R00524,Biryani,Veg Biryani,657,18
M010403,R00773,North Indian,Paneer Butter Masala,172,27
M010404,R00571,Burger,Chicken Burger,238,33
M010405,R01315,Chinese,Fried Rice,418,37
M010406,R01063,Beverages,Cold Coffee,164,30
M010407,R00641,South Indian,Masala Dosa,449,29
M010408,R01037,Healthy Foods,Grilled Chicken,409,14
M010409,R00403,North Indian,Dal Makhani,93,15
M010410,R01187,South Indian,Masala Dosa,401,30
M010411,R00594,Biryani,Paneer Biryani,694,13
M010412,R00793,Chinese,Noodles,410,11
M010413,R00010,North Indian,Chole Bhature,506,16
M010414,R01330,Burger,Chicken Burger,84,44
M010415,R01458,South Indian,Idli,450,45
M010416,R00821,North Indian,Butter Naan,253,40
M010417,R00120,Chinese,Manchurian,563,19
M010418,R00218,Biryani,Veg Biryani,378,18
M010419,R01195,Burger,Cheese Burger,529,23
M010420,R01455,South Indian,Vada,161,15
M010421,R00301,South Indian,Uttapam,657,12
M010422,R01397,South Indian,Masala Dosa,609,21
M010423,R00160,South Indian,Pongal,672,17
M010424,R01048,South Indian,Uttapam,195,24
M010425,R00212,Pizza,Pepperoni Pizza,541,12
M010426,R01180,Biryani,Mutton Biryani,185,21
M010427,R00701,North Indian,Paneer Butter Masala,685,10
M010428,R00085,Pizza,Farmhouse Pizza,81,31
M010429,R01462,South Indian,Vada,650,17
M010430,R01059,South Indian,Vada,666,28
M010431,R00604,Pizza,Margherita Pizza,361,10
M010432,R00744,North Indian,Chole Bhature,270,41
M010433,R00956,Healthy Foods,Salad Bowl,353,22
M010434,R00792,Burger,Cheese Burger,244,43
M010435,R00393,Chinese,Spring Roll,587,36
M010436,R00080,Burger,Chicken Burger,247,26
M010437,R00875,Biryani,Chicken Biryani,138,30
M010438,R00751,Chinese,Spring Roll,121,34
M010439,R00094,Biryani,Veg Biryani,675,32
M010440,R00900,South Indian,Pongal,107,36
M010441,R00402,Biryani,Paneer Biryani,421,40
M010442,R00022,South Indian,Pongal,509,37
M010443,R01126,Burger,Veg Burger,450,40
M010444,R00245,Biryani,Chicken Biryani,339,33
M010445,R00265,North Indian,Butter Naan,214,10
M010446,R00981,Burger,Veg Burger,392,22
M010447,R00058,Burger,Veg Burger,426,38
M010448,R00870,South Indian,Uttapam,105,34
M010449,R00172,Chinese,Spring Roll,516,32
M010450,R00363,North Indian,Dal Makhani,109,37
M010451,R00766,Pizza,Margherita Pizza,629,44
M010452,R00441,North Indian,Dal Makhani,365,41
M010453,R00328,Biryani,Veg Biryani,377,38
M010454,R00577,Biryani,Paneer Biryani,266,45
M010455,R00092,Chinese,Noodles,363,28
M010456,R00029,Biryani,Paneer Biryani,272,44
M010457,R01216,South Indian,Vada,273,27
M010458,R00176,South Indian,Pongal,338,37
M010459,R01124,North Indian,Chole Bhature,333,26
M010460,R00638,North Indian,Butter Naan,181,27
M010461,R00129,Burger,Cheese Burger,652,20
M010462,R00944,Healthy Foods,Protein Bowl,574,19
M010463,R00587,Biryani,Veg Biryani,595,26
M010464,R00284,Biryani,Mutton Biryani,480,16
M010465,R00188,South Indian,Pongal,281,11
M010466,R00005,North Indian,Chole Bhature,699,33
M010467,R00121,North Indian,Chole Bhature,375,33
M010468,R01445,Biryani,Veg Biryani,231,28
M010469,R00526,North Indian,Chole Bhature,191,35
M010470,R01284,North Indian,Butter Naan,168,45
M010471,R01027,Biryani,Paneer Biryani,637,10
M010472,R00792,Burger,Cheese Burger,697,35
M010473,R00846,Chinese,Manchurian,430,15
M010474,R00754,Burger,Cheese Burger,226,16
M010475,R00714,North Indian,Dal Makhani,285,30
M010476,R01485,North Indian,Dal Makhani,469,43
M010477,R00741,Burger,Veg Burger,644,32
M010478,R01287,South Indian,Pongal,429,10
M010479,R00466,South Indian,Uttapam,592,38
M010480,R01104,North Indian,Chole Bhature,677,19
M010481,R00813,Burger,Chicken Burger,216,44
M010482,R01219,Healthy Foods,Protein Bowl,479,35
M010483,R00219,South Indian,Masala Dosa,357,15
M010484,R00704,South Indian,Pongal,657,18
M010485,R00631,North Indian,Paneer Butter Masala,379,40
M010486,R00541,South Indian,Uttapam,540,21
M010487,R00801,North Indian,Butter Naan,181,25
M010488,R00776,North Indian,Chole Bhature,546,23
M010489,R00096,Biryani,Veg Biryani,146,17
M010490,R00697,South Indian,Masala Dosa,143,40
M010491,R00098,Biryani,Veg Biryani,466,24
M010492,R00110,Biryani,Chicken Biryani,461,28
M010493,R00297,Burger,Veg Burger,503,22
M010494,R00362,South Indian,Pongal,358,43
M010495,R00641,South Indian,Idli,661,35
M010496,R00360,North Indian,Paneer Butter Masala,453,28
M010497,R00827,Biryani,Mutton Biryani,95,26
M010498,R00437,Biryani,Chicken Biryani,653,32
M010499,R00184,Burger,Cheese Burger,399,35
M010500,R01187,South Indian,Vada,574,33
M010501,R01212,South Indian,Vada,93,45
M010502,R01201,Biryani,Veg Biryani,651,44
M010503,R01298,Biryani,Paneer Biryani,421,32
M010504,R00337,South Indian,Vada,598,24
M010505,R00929,Pizza,Pepperoni Pizza,486,32
M010506,R00040,South Indian,Uttapam,652,24
M010507,R01283,North Indian,Paneer Butter Masala,192,31
M010508,R01414,Pizza,Margherita Pizza,86,43
M010509,R00654,Biryani,Veg Biryani,176,39
M010510,R00075,North Indian,Chole Bhature,380,36
M010511,R00006,Pizza,Pepperoni Pizza,123,30
M010512,R00458,Biryani,Chicken Biryani,125,16
M010513,R00331,Pizza,Pepperoni Pizza,503,31
M010514,R00829,North Indian,Chole Bhature,622,42
M010515,R00863,South Indian,Uttapam,478,11
M010516,R00718,North Indian,Paneer Butter Masala,665,24
M010517,R00065,South Indian,Pongal,446,16
M010518,R00451,North Indian,Butter Naan,270,21
M010519,R00474,Chinese,Spring Roll,258,31
M010520,R01097,South Indian,Pongal,99,24
M010521,R01050,Biryani,Mutton Biryani,424,25
M010522,R01463,Burger,Chicken Burger,620,37
M010523,R00306,Pizza,Farmhouse Pizza,261,32
M010524,R00561,Biryani,Paneer Biryani,626,30
M010525,R00430,Biryani,Mutton Biryani,205,19
M010526,R00242,Healthy Foods,Salad Bowl,675,41
M010527,R00161,Pizza,Margherita Pizza,564,37
M010528,R00234,Pizza,Farmhouse Pizza,331,32
M010529,R00163,Burger,Cheese Burger,471,30
M010530,R00112,Biryani,Mutton Biryani,671,37
M010531,R01227,South Indian,Pongal,459,40
M010532,R00602,Chinese,Noodles,559,34
M010533,R00724,Healthy Foods,Protein Bowl,611,19
M010534,R00574,South Indian,Idli,315,41
M010535,R01320,Biryani,Mutton Biryani,422,18
M010536,R00337,South Indian,Uttapam,610,34
M010537,R00346,South Indian,Pongal,625,28
M010538,R01097,South Indian,Uttapam,509,40
M010539,R00658,South Indian,Pongal,365,16
M010540,R00665,South Indian,Pongal,187,40
M010541,R00240,Desserts,Ice Cream,516,20
M010542,R01192,South Indian,Uttapam,518,16
M010543,R00550,Biryani,Mutton Biryani,182,27
M010544,R00414,South Indian,Idli,691,28
M010545,R00147,Beverages,Mojito,680,32
M010546,R01042,South Indian,Vada,600,13
M010547,R00928,North Indian,Paneer Butter Masala,291,28
M010548,R00540,Desserts,Chocolate Cake,414,32
M010549,R00507,North Indian,Butter Naan,579,26
M010550,R00615,South Indian,Masala Dosa,240,37
M010551,R01432,Beverages,Cold Coffee,672,45
M010552,R00587,Biryani,Paneer Biryani,569,23
M010553,R00798,South Indian,Vada,97,20
M010554,R00425,Pizza,Pepperoni Pizza,406,31
M010555,R00287,Pizza,Pepperoni Pizza,304,39
M010556,R00054,Healthy Foods,Protein Bowl,619,33
M010557,R00258,Chinese,Spring Roll,570,21
M010558,R01164,Desserts,Brownie,407,15
M010559,R00290,Healthy Foods,Salad Bowl,344,26
M010560,R00984,North Indian,Dal Makhani,567,24
M010561,R00991,North Indian,Butter Naan,99,34
M010562,R01478,Beverages,Mojito,407,45
M010563,R00275,North Indian,Chole Bhature,526,37
M010564,R00329,Healthy Foods,Grilled Chicken,141,35
M010565,R00829,North Indian,Dal Makhani,174,13
M010566,R01154,Biryani,Chicken Biryani,81,11
M010567,R00996,Biryani,Paneer Biryani,370,14
M010568,R00400,Burger,Cheese Burger,269,45
M010569,R01125,North Indian,Butter Naan,581,19
M010570,R00553,Desserts,Brownie,149,19
M010571,R00958,North Indian,Dal Makhani,344,19
M010572,R00112,Biryani,Veg Biryani,636,13
M010573,R00115,Pizza,Farmhouse Pizza,427,14
M010574,R00885,Burger,Veg Burger,283,25
M010575,R01351,South Indian,Vada,528,35
M010576,R00512,Biryani,Paneer Biryani,542,37
M010577,R00196,Chinese,Fried Rice,169,29
M010578,R00745,Healthy Foods,Grilled Chicken,377,17
M010579,R00201,Biryani,Chicken Biryani,657,26
M010580,R00239,South Indian,Idli,415,14
M010581,R00420,Burger,Chicken Burger,663,28
M010582,R01213,South Indian,Vada,562,44
M010583,R00873,South Indian,Uttapam,576,43
M010584,R00192,Chinese,Spring Roll,192,32
M010585,R01072,South Indian,Idli,160,24
M010586,R00284,Biryani,Mutton Biryani,423,12
M010587,R00758,South Indian,Masala Dosa,434,44
M010588,R01495,North Indian,Chole Bhature,274,38
M010589,R01458,South Indian,Pongal,470,18
M010590,R00295,South Indian,Masala Dosa,280,26
M010591,R00229,North Indian,Butter Naan,327,16
M010592,R00223,Beverages,Lemon Juice,96,25
M010593,R00345,South Indian,Pongal,496,43
M010594,R00138,Chinese,Spring Roll,498,18
M010595,R01453,North Indian,Paneer Butter Masala,690,38
M010596,R00367,Chinese,Fried Rice,438,37
M010597,R00729,North Indian,Chole Bhature,677,32
M010598,R01339,South Indian,Vada,327,25
M010599,R00855,Biryani,Veg Biryani,212,29
M010600,R00595,North Indian,Dal Makhani,156,23
M010601,R00321,North Indian,Chole Bhature,462,23
M010602,R00835,Pizza,Veg Pizza,162,41
M010603,R00781,Pizza,Pepperoni Pizza,466,26
M010604,R01096,South Indian,Uttapam,436,26
M010605,R00720,Burger,Chicken Burger,588,29
M010606,R00246,Desserts,Brownie,269,33
M010607,R01180,Biryani,Veg Biryani,137,25
M010608,R00669,Healthy Foods,Protein Bowl,251,21
M010609,R01439,South Indian,Idli,688,19
M010610,R00627,North Indian,Dal Makhani,130,26
M010611,R00846,Chinese,Fried Rice,437,13
M010612,R01043,Burger,Veg Burger,370,32
M010613,R00252,Chinese,Spring Roll,680,40
M010614,R00548,Burger,Chicken Burger,550,23
M010615,R00238,South Indian,Idli,528,19
M010616,R00105,Chinese,Fried Rice,505,22
M010617,R00292,Biryani,Paneer Biryani,694,18
M010618,R00096,Biryani,Mutton Biryani,355,14
M010619,R00129,Burger,Chicken Burger,586,22
M010620,R00976,Biryani,Mutton Biryani,622,32
M010621,R01262,South Indian,Uttapam,290,17
M010622,R00044,Biryani,Mutton Biryani,233,21
M010623,R00507,North Indian,Butter Naan,511,13
M010624,R01098,Beverages,Cold Coffee,94,19
M010625,R01420,Biryani,Mutton Biryani,279,31
M010626,R00698,North Indian,Dal Makhani,493,14
M010627,R01207,Desserts,Ice Cream,330,40
M010628,R00580,North Indian,Butter Naan,341,33
M010629,R01112,Pizza,Farmhouse Pizza,489,44
M010630,R01281,Biryani,Chicken Biryani,350,39
M010631,R00287,Pizza,Farmhouse Pizza,224,14
M010632,R00731,South Indian,Idli,421,34
M010633,R01479,Healthy Foods,Grilled Chicken,581,38
M010634,R01136,Pizza,Pepperoni Pizza,492,18
M010635,R00531,Healthy Foods,Salad Bowl,313,43
M010636,R01217,Burger,Chicken Burger,678,14
M010637,R00194,Burger,Veg Burger,369,40
M010638,R00673,Burger,Veg Burger,185,43
M010639,R00512,Biryani,Mutton Biryani,563,45
M010640,R00619,Biryani,Paneer Biryani,687,10
M010641,R01241,North Indian,Paneer Butter Masala,378,11
M010642,R01264,Biryani,Veg Biryani,375,17
M010643,R00503,South Indian,Uttapam,224,27
M010644,R00531,Healthy Foods,Salad Bowl,106,37
M010645,R00283,Burger,Veg Burger,184,34
M010646,R00058,Burger,Chicken Burger,477,34
M010647,R00103,Healthy Foods,Grilled Chicken,445,18
M010648,R01086,Pizza,Pepperoni Pizza,607,12
M010649,R00803,South Indian,Idli,430,35
M010650,R00947,Biryani,Mutton Biryani,687,35
M010651,R00739,South Indian,Vada,608,17
M010652,R00072,South Indian,Masala Dosa,495,15
M010653,R00575,South Indian,Vada,173,33
M010654,R01001,Biryani,Chicken Biryani,499,10
M010655,R00486,South Indian,Uttapam,137,11
M010656,R01334,Healthy Foods,Grilled Chicken,280,36
M010657,R01301,Burger,Chicken Burger,313,12
M010658,R00036,Chinese,Fried Rice,215,28
M010659,R01296,Burger,Veg Burger,699,37
M010660,R01249,Chinese,Spring Roll,609,28
M010661,R01087,North Indian,Dal Makhani,493,21
M010662,R00114,Burger,Chicken Burger,661,44
M010663,R00314,Biryani,Chicken Biryani,126,33
M010664,R00233,Pizza,Farmhouse Pizza,367,14
M010665,R00892,South Indian,Uttapam,327,34
M010666,R01106,Burger,Veg Burger,569,33
M010667,R01383,North Indian,Chole Bhature,473,29
M010668,R00658,South Indian,Uttapam,494,25
M010669,R00149,North Indian,Dal Makhani,459,35
M010670,R00712,Desserts,Chocolate Cake,401,24
M010671,R01134,Biryani,Chicken Biryani,229,16
M010672,R00337,South Indian,Vada,301,26
M010673,R00140,Biryani,Paneer Biryani,256,37
M010674,R00263,Beverages,Mojito,281,39
M010675,R00024,Desserts,Ice Cream,167,21
M010676,R00639,Pizza,Veg Pizza,538,14
M010677,R00167,South Indian,Pongal,137,36
M010678,R00003,North Indian,Paneer Butter Masala,215,20
M010679,R00956,Healthy Foods,Grilled Chicken,630,40
M010680,R00118,South Indian,Pongal,569,13
M010681,R01384,Desserts,Ice Cream,321,24
M010682,R00406,Biryani,Veg Biryani,315,16
M010683,R00065,South Indian,Idli,179,25
M010684,R00755,North Indian,Dal Makhani,533,17
M010685,R00090,Pizza,Margherita Pizza,385,38
M010686,R00808,North Indian,Butter Naan,515,13
M010687,R00239,South Indian,Idli,561,27
M010688,R00997,North Indian,Paneer Butter Masala,220,23
M010689,R00598,Biryani,Paneer Biryani,664,43
M010690,R00606,South Indian,Idli,199,35
M010691,R00918,North Indian,Butter Naan,210,45
M010692,R01343,Beverages,Lemon Juice,637,12
M010693,R01309,Burger,Cheese Burger,690,31
M010694,R00414,South Indian,Idli,182,26
M010695,R00154,Desserts,Ice Cream,657,22
M010696,R01153,Biryani,Chicken Biryani,347,43
M010697,R00889,South Indian,Uttapam,337,26
M010698,R00076,Burger,Cheese Burger,614,22
M010699,R00228,Biryani,Mutton Biryani,677,17
M010700,R00579,Chinese,Manchurian,302,23
M010701,R01397,South Indian,Pongal,385,14
M010702,R00814,Pizza,Margherita Pizza,582,18
M010703,R00872,Biryani,Mutton Biryani,582,41
M010704,R00790,Pizza,Pepperoni Pizza,143,14
M010705,R00232,Biryani,Mutton Biryani,423,20
M010706,R01414,Pizza,Pepperoni Pizza,556,40
M010707,R00916,South Indian,Idli,632,20
M010708,R00823,North Indian,Dal Makhani,522,17
M010709,R00118,South Indian,Uttapam,538,23
M010710,R00564,North Indian,Butter Naan,597,18
M010711,R00025,North Indian,Paneer Butter Masala,630,34
M010712,R01310,Biryani,Chicken Biryani,511,22
M010713,R00362,South Indian,Pongal,367,35
M010714,R00464,Pizza,Pepperoni Pizza,211,20
M010715,R00523,Chinese,Spring Roll,422,19
M010716,R00200,Healthy Foods,Salad Bowl,266,23
M010717,R01294,South Indian,Pongal,457,45
M010718,R00085,Pizza,Margherita Pizza,625,45
M010719,R01462,South Indian,Uttapam,515,31
M010720,R00478,Biryani,Chicken Biryani,681,41
M010721,R00487,Biryani,Paneer Biryani,184,37
M010722,R01141,Biryani,Chicken Biryani,439,25
M010723,R00490,Biryani,Chicken Biryani,634,38
M010724,R01015,North Indian,Paneer Butter Masala,536,21
M010725,R00842,South Indian,Pongal,100,44
M010726,R00060,South Indian,Idli,635,21
M010727,R01026,Pizza,Margherita Pizza,679,22
M010728,R01327,South Indian,Masala Dosa,564,35
M010729,R00781,Pizza,Margherita Pizza,629,34
M010730,R00657,Pizza,Farmhouse Pizza,653,33
M010731,R00091,Pizza,Veg Pizza,226,13
M010732,R01078,Biryani,Chicken Biryani,305,34
M010733,R00233,Pizza,Margherita Pizza,369,24
M010734,R01300,South Indian,Idli,216,42
M010735,R00215,Desserts,Ice Cream,290,26
M010736,R00416,North Indian,Chole Bhature,681,39
M010737,R00083,North Indian,Dal Makhani,367,34
M010738,R00817,Burger,Cheese Burger,362,10
M010739,R00277,South Indian,Masala Dosa,526,12
M010740,R01354,Biryani,Veg Biryani,409,32
M010741,R01173,Healthy Foods,Grilled Chicken,161,37
M010742,R00504,South Indian,Vada,242,32
M010743,R01180,Biryani,Chicken Biryani,570,36
M010744,R00622,Biryani,Mutton Biryani,697,44
M010745,R00950,South Indian,Idli,631,35
M010746,R00605,Pizza,Pepperoni Pizza,438,17
M010747,R00617,Biryani,Chicken Biryani,157,41
M010748,R00972,North Indian,Paneer Butter Masala,180,19
M010749,R00875,Biryani,Paneer Biryani,237,15
M010750,R00746,Burger,Cheese Burger,230,42
M010751,R00115,Pizza,Margherita Pizza,598,32
M010752,R00195,Biryani,Chicken Biryani,632,42
M010753,R01301,Burger,Cheese Burger,208,45
M010754,R00398,Biryani,Veg Biryani,500,35
M010755,R01030,Desserts,Brownie,499,43
M010756,R01404,South Indian,Masala Dosa,352,35
M010757,R01100,Biryani,Paneer Biryani,114,42
M010758,R01172,Biryani,Chicken Biryani,105,21
M010759,R00386,Burger,Chicken Burger,150,20
M010760,R00237,Biryani,Veg Biryani,131,32
M010761,R00529,North Indian,Butter Naan,255,30
M010762,R00220,Biryani,Mutton Biryani,177,20
M010763,R01405,Chinese,Fried Rice,476,42
M010764,R01403,South Indian,Vada,366,29
M010765,R00037,Beverages,Lemon Juice,206,38
M010766,R00304,South Indian,Vada,271,25
M010767,R01323,Beverages,Cold Coffee,322,34
M010768,R00933,South Indian,Idli,207,37
M010769,R00366,Chinese,Manchurian,167,41
M010770,R01195,Burger,Veg Burger,164,19
M010771,R00048,Pizza,Pepperoni Pizza,162,10
M010772,R00253,Pizza,Farmhouse Pizza,247,33
M010773,R00964,Biryani,Mutton Biryani,106,26
M010774,R01358,Biryani,Veg Biryani,523,32
M010775,R01145,Burger,Cheese Burger,665,34
M010776,R01370,North Indian,Chole Bhature,556,18
M010777,R01428,Burger,Veg Burger,293,36
M010778,R01401,South Indian,Pongal,181,45
M010779,R00711,North Indian,Dal Makhani,621,29
M010780,R00587,Biryani,Mutton Biryani,587,15
M010781,R00862,Biryani,Paneer Biryani,114,12
M010782,R01262,South Indian,Pongal,443,12
M010783,R01497,Biryani,Paneer Biryani,531,12
M010784,R00739,South Indian,Idli,214,42
M010785,R01413,Pizza,Pepperoni Pizza,333,38
M010786,R01215,North Indian,Paneer Butter Masala,107,42
M010787,R00054,Healthy Foods,Protein Bowl,187,10
M010788,R00881,Chinese,Noodles,295,44
M010789,R00907,Desserts,Ice Cream,349,21
M010790,R01089,South Indian,Idli,175,35
M010791,R00441,North Indian,Butter Naan,375,18
M010792,R01125,North Indian,Paneer Butter Masala,607,18
M010793,R00218,Biryani,Chicken Biryani,378,23
M010794,R00095,Healthy Foods,Salad Bowl,545,30
M010795,R00516,South Indian,Vada,80,13
M010796,R00050,Chinese,Fried Rice,429,37
M010797,R00617,Biryani,Paneer Biryani,249,14
M010798,R01297,Biryani,Mutton Biryani,203,32
M010799,R00542,Biryani,Chicken Biryani,468,31
M010800,R01075,Burger,Cheese Burger,155,17
M010801,R00745,Healthy Foods,Protein Bowl,129,18
M010802,R01040,Burger,Chicken Burger,503,10
M010803,R01344,Beverages,Lemon Juice,567,23
M010804,R00540,Desserts,Ice Cream,134,23
M010805,R01043,Burger,Chicken Burger,383,16
M010806,R01126,Burger,Veg Burger,471,15
M010807,R00284,Biryani,Mutton Biryani,129,11
M010808,R00913,Biryani,Chicken Biryani,135,39
M010809,R00372,Burger,Veg Burger,228,32
M010810,R00390,Biryani,Veg Biryani,577,26
M010811,R00897,Burger,Chicken Burger,598,25
M010812,R01105,South Indian,Masala Dosa,639,22
M010813,R01351,South Indian,Masala Dosa,110,16
M010814,R00986,Burger,Chicken Burger,445,36
M010815,R00351,South Indian,Uttapam,333,28
M010816,R00916,South Indian,Uttapam,381,14
M010817,R00710,Biryani,Veg Biryani,168,29
M010818,R00875,Biryani,Chicken Biryani,442,24
M010819,R01051,Pizza,Pepperoni Pizza,137,27
M010820,R01416,North Indian,Paneer Butter Masala,633,43
M010821,R00273,Biryani,Veg Biryani,482,45
M010822,R00465,Biryani,Chicken Biryani,594,35
M010823,R01205,North Indian,Chole Bhature,82,40
M010824,R01363,Biryani,Chicken Biryani,168,29
M010825,R01103,South Indian,Vada,307,24
M010826,R00700,Biryani,Veg Biryani,242,13
M010827,R00416,North Indian,Chole Bhature,562,39
M010828,R01452,Chinese,Manchurian,474,41
M010829,R00037,Beverages,Lemon Juice,221,32
M010830,R01276,South Indian,Uttapam,612,41
M010831,R00323,Pizza,Farmhouse Pizza,611,14
M010832,R00289,Biryani,Veg Biryani,690,11
M010833,R01313,North Indian,Butter Naan,369,38
M010834,R00650,South Indian,Uttapam,357,12
M010835,R00253,Pizza,Margherita Pizza,619,34
M010836,R00929,Pizza,Pepperoni Pizza,478,23
M010837,R00134,Pizza,Farmhouse Pizza,121,28
M010838,R00289,Biryani,Mutton Biryani,439,17
M010839,R00873,South Indian,Masala Dosa,212,13
M010840,R01167,Pizza,Farmhouse Pizza,444,33
M010841,R01419,Biryani,Veg Biryani,404,38
M010842,R00044,Biryani,Mutton Biryani,147,19
M010843,R00390,Biryani,Veg Biryani,105,27
M010844,R00820,Biryani,Mutton Biryani,537,19
M010845,R00920,Burger,Cheese Burger,272,13
M010846,R00872,Biryani,Chicken Biryani,87,26
M010847,R00219,South Indian,Vada,660,23
M010848,R00958,North Indian,Butter Naan,86,35
M010849,R00454,South Indian,Masala Dosa,320,30
M010850,R00402,Biryani,Mutton Biryani,420,33
M010851,R00796,Biryani,Mutton Biryani,235,31
M010852,R00582,Pizza,Margherita Pizza,159,30
M010853,R01016,Burger,Cheese Burger,416,16
M010854,R00161,Pizza,Pepperoni Pizza,447,15
M010855,R01492,Chinese,Spring Roll,474,10
M010856,R00357,Biryani,Veg Biryani,592,42
M010857,R00937,Healthy Foods,Protein Bowl,309,38
M010858,R01060,Burger,Chicken Burger,85,22
M010859,R00211,Chinese,Spring Roll,558,17
M010860,R01290,Pizza,Pepperoni Pizza,394,40
M010861,R00895,Pizza,Farmhouse Pizza,503,37
M010862,R00834,Healthy Foods,Protein Bowl,585,40
M010863,R01158,South Indian,Pongal,217,11
M010864,R00776,North Indian,Paneer Butter Masala,485,13
M010865,R00797,Burger,Cheese Burger,372,28
M010866,R01216,South Indian,Masala Dosa,222,34
M010867,R01147,Burger,Chicken Burger,523,30
M010868,R00575,South Indian,Vada,350,36
M010869,R01459,Biryani,Paneer Biryani,170,19
M010870,R01042,South Indian,Idli,190,31
M010871,R01360,Biryani,Chicken Biryani,154,40
M010872,R01410,South Indian,Pongal,136,40
M010873,R00653,Biryani,Chicken Biryani,263,35
M010874,R00889,South Indian,Pongal,564,33
M010875,R01124,North Indian,Butter Naan,600,11
M010876,R00116,Pizza,Pepperoni Pizza,166,45
M010877,R01244,Chinese,Noodles,223,24
M010878,R01196,Burger,Chicken Burger,480,41
M010879,R01457,Chinese,Manchurian,642,29
M010880,R00558,Pizza,Pepperoni Pizza,533,36
M010881,R00461,Biryani,Paneer Biryani,194,17
M010882,R00008,South Indian,Pongal,693,12
M010883,R01128,Pizza,Veg Pizza,326,13
M010884,R00866,North Indian,Chole Bhature,615,20
M010885,R00026,North Indian,Dal Makhani,539,12
M010886,R00943,South Indian,Masala Dosa,637,19
M010887,R00840,North Indian,Dal Makhani,463,36
M010888,R01035,Chinese,Manchurian,616,40
M010889,R00227,Biryani,Chicken Biryani,489,18
M010890,R00058,Burger,Cheese Burger,292,36
M010891,R00244,Chinese,Fried Rice,629,32
M010892,R01337,Burger,Cheese Burger,180,25
M010893,R00323,Pizza,Margherita Pizza,644,13
M010894,R00252,Chinese,Spring Roll,344,28
M010895,R00445,Healthy Foods,Salad Bowl,450,24
M010896,R00896,Biryani,Chicken Biryani,98,19
M010897,R01319,South Indian,Vada,295,42
M010898,R01341,North Indian,Chole Bhature,122,14
M010899,R01112,Pizza,Pepperoni Pizza,183,19
M010900,R00745,Healthy Foods,Grilled Chicken,119,19
M010901,R00411,Biryani,Paneer Biryani,203,14
M010902,R00476,North Indian,Butter Naan,203,16
M010903,R00436,Healthy Foods,Salad Bowl,347,13
M010904,R00261,Chinese,Manchurian,121,42
M010905,R01232,Chinese,Manchurian,201,33
M010906,R00395,North Indian,Chole Bhature,104,33
M010907,R00060,South Indian,Idli,455,30
M010908,R01254,Pizza,Farmhouse Pizza,691,15
M010909,R01017,Biryani,Mutton Biryani,662,37
M010910,R01236,North Indian,Butter Naan,487,40
M010911,R00665,South Indian,Masala Dosa,351,25
M010912,R00297,Burger,Cheese Burger,665,36
M010913,R00552,North Indian,Butter Naan,137,29
M010914,R00272,Chinese,Manchurian,587,24
M010915,R00533,Chinese,Manchurian,111,39
M010916,R00700,Biryani,Chicken Biryani,563,38
M010917,R00976,Biryani,Paneer Biryani,337,42
M010918,R01489,Biryani,Veg Biryani,161,35
M010919,R00266,Healthy Foods,Protein Bowl,221,22
M010920,R01290,Pizza,Margherita Pizza,386,25
M010921,R01435,North Indian,Paneer Butter Masala,502,24
M010922,R00903,Chinese,Fried Rice,183,23
M010923,R00117,South Indian,Uttapam,540,34
M010924,R00622,Biryani,Paneer Biryani,476,45
M010925,R00263,Beverages,Mojito,696,32
M010926,R00268,South Indian,Uttapam,417,36
M010927,R00931,Desserts,Ice Cream,210,43
M010928,R00431,North Indian,Paneer Butter Masala,278,23
M010929,R00158,Biryani,Chicken Biryani,424,38
M010930,R01292,South Indian,Vada,177,45
M010931,R01241,North Indian,Paneer Butter Masala,560,20
M010932,R01498,Pizza,Margherita Pizza,445,17
M010933,R00852,Pizza,Pepperoni Pizza,327,30
M010934,R00404,Pizza,Pepperoni Pizza,355,41
M010935,R00314,Biryani,Veg Biryani,150,36
M010936,R01093,Biryani,Mutton Biryani,681,37
M010937,R00580,North Indian,Paneer Butter Masala,399,20
M010938,R00531,Healthy Foods,Salad Bowl,333,35
M010939,R00840,North Indian,Chole Bhature,258,20
M010940,R00286,South Indian,Vada,229,18
M010941,R00288,North Indian,Chole Bhature,289,41
M010942,R00815,Biryani,Mutton Biryani,462,10
M010943,R00529,North Indian,Butter Naan,230,23
M010944,R01062,Chinese,Fried Rice,675,36
M010945,R01134,Biryani,Paneer Biryani,125,13
M010946,R00564,North Indian,Butter Naan,137,26
M010947,R00774,Biryani,Veg Biryani,472,39
M010948,R00358,South Indian,Masala Dosa,171,16
M010949,R00299,Pizza,Margherita Pizza,479,18
M010950,R01287,South Indian,Idli,560,24
M010951,R00686,Chinese,Manchurian,203,19
M010952,R00633,South Indian,Idli,603,44
M010953,R00196,Chinese,Fried Rice,513,35
M010954,R00304,South Indian,Pongal,482,26
M010955,R00066,North Indian,Dal Makhani,297,33
M010956,R01294,South Indian,Uttapam,566,26
M010957,R00486,South Indian,Masala Dosa,635,20
M010958,R00986,Burger,Veg Burger,93,41
M010959,R01436,South Indian,Idli,122,13
M010960,R00112,Biryani,Paneer Biryani,292,45
M010961,R00341,North Indian,Paneer Butter Masala,400,34
M010962,R01119,Beverages,Lemon Juice,647,17
M010963,R00339,Chinese,Fried Rice,248,37
M010964,R00977,South Indian,Masala Dosa,514,43
M010965,R01179,Biryani,Paneer Biryani,342,36
M010966,R01077,Burger,Veg Burger,484,16
M010967,R00063,Burger,Veg Burger,219,11
M010968,R00043,Pizza,Margherita Pizza,376,15
M010969,R01335,Pizza,Veg Pizza,298,27
M010970,R00861,Pizza,Farmhouse Pizza,639,24
M010971,R01460,Burger,Veg Burger,658,33
M010972,R01177,South Indian,Uttapam,221,12
M010973,R00013,Chinese,Manchurian,193,22
M010974,R00054,Healthy Foods,Protein Bowl,348,42
M010975,R01189,North Indian,Dal Makhani,438,17
M010976,R01446,North Indian,Butter Naan,396,34
M010977,R00452,South Indian,Idli,656,25
M010978,R00237,Biryani,Paneer Biryani,575,32
M010979,R00209,North Indian,Butter Naan,253,44
M010980,R00953,Pizza,Margherita Pizza,332,40
M010981,R01017,Biryani,Veg Biryani,503,29
M010982,R01015,North Indian,Chole Bhature,523,34
M010983,R00894,North Indian,Dal Makhani,612,11
M010984,R00014,Biryani,Mutton Biryani,166,30
M010985,R01134,Biryani,Chicken Biryani,547,33
M010986,R00529,North Indian,Dal Makhani,562,32
M010987,R01226,South Indian,Masala Dosa,613,15
M010988,R00590,South Indian,Idli,447,18
M010989,R00216,North Indian,Butter Naan,353,13
M010990,R00250,South Indian,Vada,310,39
M010991,R00547,South Indian,Pongal,292,14
M010992,R00935,North Indian,Chole Bhature,93,12
M010993,R00447,Chinese,Noodles,623,29
M010994,R01035,Chinese,Noodles,698,11
M010995,R01287,South Indian,Pongal,588,23
M010996,R00142,Burger,Cheese Burger,257,25
M010997,R00454,South Indian,Idli,531,20
M010998,R01367,Desserts,Brownie,244,24
M010999,R00780,Biryani,Chicken Biryani,277,17
M011000,R00581,South Indian,Masala Dosa,487,39
M011001,R00475,North Indian,Butter Naan,665,19
M011002,R00616,South Indian,Uttapam,340,15
M011003,R00577,Biryani,Paneer Biryani,592,14
M011004,R01426,North Indian,Dal Makhani,393,20
M011005,R00504,South Indian,Uttapam,658,22
M011006,R00254,Biryani,Mutton Biryani,84,38
M011007,R00619,Biryani,Mutton Biryani,99,43
M011008,R01033,Beverages,Lemon Juice,543,32
M011009,R01451,South Indian,Idli,125,45
M011010,R00872,Biryani,Paneer Biryani,88,19
M011011,R00938,Biryani,Chicken Biryani,319,15
M011012,R01191,South Indian,Pongal,290,29
M011013,R00999,Chinese,Manchurian,436,45
M011014,R00313,Biryani,Veg Biryani,175,38
M011015,R00691,South Indian,Pongal,429,39
M011016,R01380,Biryani,Mutton Biryani,338,43
M011017,R00421,Biryani,Paneer Biryani,483,12
M011018,R00084,Biryani,Veg Biryani,101,45
M011019,R01131,South Indian,Masala Dosa,176,33
M011020,R01128,Pizza,Farmhouse Pizza,687,43
M011021,R00191,Pizza,Margherita Pizza,299,31
M011022,R00096,Biryani,Chicken Biryani,276,15
M011023,R01189,North Indian,Paneer Butter Masala,620,24
M011024,R00536,Desserts,Brownie,456,26
M011025,R01459,Biryani,Paneer Biryani,105,45
M011026,R00868,Chinese,Manchurian,368,25
M011027,R00602,Chinese,Manchurian,198,31
M011028,R00086,Chinese,Manchurian,582,29
M011029,R00452,South Indian,Uttapam,697,13
M011030,R00784,Burger,Cheese Burger,206,23
M011031,R00518,Pizza,Pepperoni Pizza,231,36
M011032,R00856,North Indian,Butter Naan,135,32
M011033,R01199,Biryani,Veg Biryani,495,43
M011034,R00656,South Indian,Idli,312,18
M011035,R00474,Chinese,Spring Roll,559,38
M011036,R00559,North Indian,Chole Bhature,429,22
M011037,R01399,North Indian,Butter Naan,435,23
M011038,R00081,Biryani,Paneer Biryani,181,36
M011039,R00263,Beverages,Cold Coffee,175,42
M011040,R01314,South Indian,Masala Dosa,106,40
M011041,R00889,South Indian,Pongal,268,11
M011042,R01004,South Indian,Pongal,459,44
M011043,R00312,Desserts,Brownie,652,41
M011044,R00115,Pizza,Veg Pizza,264,20
M011045,R00294,North Indian,Chole Bhature,551,20
M011046,R00885,Burger,Cheese Burger,114,30
M011047,R00048,Pizza,Margherita Pizza,629,34
M011048,R00212,Pizza,Margherita Pizza,623,13
M011049,R01458,South Indian,Vada,506,20
M011050,R01034,Biryani,Chicken Biryani,457,16
M011051,R01026,Pizza,Margherita Pizza,290,22
M011052,R00883,South Indian,Pongal,163,17
M011053,R00163,Burger,Chicken Burger,307,30
M011054,R00158,Biryani,Mutton Biryani,207,18
M011055,R01289,Chinese,Spring Roll,679,24
M011056,R00230,North Indian,Butter Naan,676,15
M011057,R01323,Beverages,Lemon Juice,486,39
M011058,R00235,North Indian,Chole Bhature,607,28
M011059,R00550,Biryani,Veg Biryani,425,26
M011060,R01413,Pizza,Margherita Pizza,143,38
M011061,R00059,Burger,Chicken Burger,124,27
M011062,R00810,North Indian,Dal Makhani,656,30
M011063,R00710,Biryani,Paneer Biryani,128,32
M011064,R01476,Pizza,Margherita Pizza,362,44
M011065,R00970,South Indian,Vada,588,44
M011066,R01178,Biryani,Mutton Biryani,591,13
M011067,R00135,Chinese,Noodles,439,20
M011068,R01484,South Indian,Vada,206,37
M011069,R01482,Biryani,Veg Biryani,443,35
M011070,R00273,Biryani,Chicken Biryani,234,37
M011071,R00885,Burger,Veg Burger,231,38
M011072,R00909,North Indian,Dal Makhani,626,44
M011073,R01130,North Indian,Paneer Butter Masala,698,10
M011074,R00534,Chinese,Spring Roll,667,17
M011075,R00756,Burger,Cheese Burger,589,14
M011076,R01140,Beverages,Cold Coffee,328,41
M011077,R00429,Biryani,Mutton Biryani,465,36
M011078,R00701,North Indian,Paneer Butter Masala,327,19
M011079,R00441,North Indian,Butter Naan,152,42
M011080,R00327,Biryani,Paneer Biryani,569,30
M011081,R01284,North Indian,Paneer Butter Masala,169,39
M011082,R00509,Biryani,Chicken Biryani,553,25
M011083,R01233,Biryani,Chicken Biryani,674,38
M011084,R00907,Desserts,Ice Cream,612,11
M011085,R01261,Chinese,Spring Roll,344,28
M011086,R00473,North Indian,Paneer Butter Masala,135,32
M011087,R00421,Biryani,Chicken Biryani,325,39
M011088,R01149,Biryani,Mutton Biryani,413,16
M011089,R01181,Pizza,Farmhouse Pizza,199,29
M011090,R00827,Biryani,Chicken Biryani,307,23
M011091,R00380,Healthy Foods,Salad Bowl,640,23
M011092,R01081,South Indian,Masala Dosa,397,25
M011093,R01053,Biryani,Chicken Biryani,179,24
M011094,R00627,North Indian,Butter Naan,645,44
M011095,R00097,South Indian,Vada,690,28
M011096,R01306,Healthy Foods,Salad Bowl,515,42
M011097,R00304,South Indian,Masala Dosa,635,10
M011098,R01371,Chinese,Noodles,92,10
M011099,R00231,Burger,Chicken Burger,664,30
M011100,R01363,Biryani,Veg Biryani,619,43
M011101,R01385,Chinese,Spring Roll,505,20
M011102,R00496,North Indian,Paneer Butter Masala,127,18
M011103,R00702,South Indian,Uttapam,125,22
M011104,R01040,Burger,Veg Burger,448,40
M011105,R00156,South Indian,Pongal,342,12
M011106,R00278,South Indian,Idli,537,24
M011107,R01227,South Indian,Idli,580,45
M011108,R00379,Biryani,Chicken Biryani,245,25
M011109,R01186,Biryani,Paneer Biryani,543,14
M011110,R00458,Biryani,Chicken Biryani,431,16
M011111,R00454,South Indian,Pongal,204,32
M011112,R01182,South Indian,Idli,442,42
M011113,R00380,Healthy Foods,Salad Bowl,251,33
M011114,R01253,North Indian,Chole Bhature,490,15
M011115,R00885,Burger,Cheese Burger,452,16
M011116,R00726,Pizza,Farmhouse Pizza,202,37
M011117,R00602,Chinese,Fried Rice,309,20
M011118,R00039,South Indian,Pongal,401,15
M011119,R00440,South Indian,Pongal,537,22
M011120,R00832,North Indian,Chole Bhature,576,36
M011121,R00695,South Indian,Idli,319,20
M011122,R00701,North Indian,Dal Makhani,389,35
M011123,R01027,Biryani,Paneer Biryani,116,43
M011124,R01413,Pizza,Margherita Pizza,236,38
M011125,R00046,North Indian,Chole Bhature,310,35
M011126,R00494,Burger,Chicken Burger,290,42
M011127,R00466,South Indian,Pongal,139,14
M011128,R01219,Healthy Foods,Salad Bowl,124,43
M011129,R00055,Biryani,Chicken Biryani,311,22
M011130,R00842,South Indian,Idli,278,34
M011131,R00027,Burger,Chicken Burger,415,43
M011132,R00518,Pizza,Pepperoni Pizza,303,21
M011133,R01322,Burger,Veg Burger,370,32
M011134,R01188,North Indian,Paneer Butter Masala,294,27
M011135,R00307,South Indian,Uttapam,93,13
M011136,R00662,Biryani,Veg Biryani,149,19
M011137,R00905,Biryani,Paneer Biryani,225,12
M011138,R00830,Biryani,Chicken Biryani,372,35
M011139,R00839,Biryani,Mutton Biryani,289,40
M011140,R00247,South Indian,Vada,217,39
M011141,R00391,South Indian,Pongal,292,14
M011142,R01431,North Indian,Dal Makhani,565,42
M011143,R00698,North Indian,Dal Makhani,645,29
M011144,R00111,Burger,Chicken Burger,255,16
M011145,R00845,South Indian,Idli,298,13
M011146,R00451,North Indian,Butter Naan,384,12
M011147,R00079,Healthy Foods,Grilled Chicken,331,23
M011148,R01289,Chinese,Manchurian,358,42
M011149,R00742,Chinese,Noodles,221,25
M011150,R00274,South Indian,Vada,672,13
M011151,R00927,North Indian,Dal Makhani,408,23
M011152,R00396,Burger,Veg Burger,522,13
M011153,R01081,South Indian,Pongal,459,44
M011154,R01336,Burger,Veg Burger,156,11
M011155,R01042,South Indian,Masala Dosa,578,14
M011156,R00814,Pizza,Margherita Pizza,572,12
M011157,R00122,South Indian,Idli,148,22
M011158,R01138,Healthy Foods,Salad Bowl,575,44
M011159,R00116,Pizza,Margherita Pizza,316,41
M011160,R01178,Biryani,Paneer Biryani,120,31
M011161,R00234,Pizza,Farmhouse Pizza,413,16
M011162,R00117,South Indian,Vada,369,10
M011163,R00223,Beverages,Mojito,313,21
M011164,R00223,Beverages,Mojito,444,23
M011165,R00083,North Indian,Butter Naan,156,45
M011166,R00773,North Indian,Paneer Butter Masala,664,41
M011167,R00679,South Indian,Masala Dosa,383,45
M011168,R00328,Biryani,Veg Biryani,490,28
M011169,R00348,South Indian,Idli,262,44
M011170,R00508,South Indian,Vada,243,29
M011171,R01257,South Indian,Uttapam,82,42
M011172,R00029,Biryani,Mutton Biryani,117,25
M011173,R00484,Chinese,Noodles,181,33
M011174,R00134,Pizza,Veg Pizza,617,25
M011175,R00739,South Indian,Masala Dosa,344,15
M011176,R00448,Burger,Cheese Burger,628,27
M011177,R00637,South Indian,Idli,241,13
M011178,R01245,Pizza,Veg Pizza,356,32
M011179,R00752,Burger,Veg Burger,409,30
M011180,R01212,South Indian,Pongal,563,27
M011181,R00160,South Indian,Vada,408,13
M011182,R00202,Biryani,Veg Biryani,488,45
M011183,R01424,Burger,Veg Burger,536,13
M011184,R00229,North Indian,Butter Naan,307,28
M011185,R01056,Burger,Veg Burger,236,41
M011186,R01067,North Indian,Butter Naan,304,34
M011187,R00889,South Indian,Vada,112,24
M011188,R01404,South Indian,Pongal,363,43
M011189,R01060,Burger,Veg Burger,454,25
M011190,R00996,Biryani,Veg Biryani,571,16
M011191,R00342,Burger,Veg Burger,236,12
M011192,R00549,Chinese,Spring Roll,162,31
M011193,R00516,South Indian,Pongal,150,45
M011194,R00927,North Indian,Chole Bhature,218,43
M011195,R00249,North Indian,Butter Naan,428,35
M011196,R01064,North Indian,Dal Makhani,266,21
M011197,R01308,North Indian,Dal Makhani,603,20
M011198,R01382,Pizza,Margherita Pizza,104,19
M011199,R00213,South Indian,Pongal,410,36
M011200,R00840,North Indian,Butter Naan,328,40
M011201,R00469,Chinese,Noodles,125,37
M011202,R00675,South Indian,Idli,249,33
M011203,R00253,Pizza,Veg Pizza,485,24
M011204,R01309,Burger,Cheese Burger,185,14
M011205,R00328,Biryani,Chicken Biryani,362,19
M011206,R00256,Biryani,Veg Biryani,672,34
M011207,R01243,Chinese,Fried Rice,331,42
M011208,R01030,Desserts,Ice Cream,186,13
M011209,R01033,Beverages,Lemon Juice,257,28
M011210,R01441,Biryani,Mutton Biryani,98,13
M011211,R00081,Biryani,Veg Biryani,700,44
M011212,R01142,Pizza,Farmhouse Pizza,321,38
M011213,R00713,Healthy Foods,Salad Bowl,612,27
M011214,R00751,Chinese,Fried Rice,631,44
M011215,R00591,Chinese,Fried Rice,699,40
M011216,R01412,Pizza,Veg Pizza,330,42
M011217,R00458,Biryani,Chicken Biryani,163,34
M011218,R00520,North Indian,Chole Bhature,410,17
M011219,R00978,Burger,Veg Burger,103,15
M011220,R01140,Beverages,Lemon Juice,116,35
M011221,R00688,Healthy Foods,Salad Bowl,582,42
M011222,R00060,South Indian,Masala Dosa,116,25
M011223,R00636,Biryani,Veg Biryani,660,18
M011224,R00702,South Indian,Uttapam,370,22
M011225,R01059,South Indian,Pongal,670,26
M011226,R00043,Pizza,Pepperoni Pizza,100,25
M011227,R01076,Healthy Foods,Grilled Chicken,396,26
M011228,R00792,Burger,Veg Burger,650,32
M011229,R01206,Chinese,Manchurian,99,35
M011230,R01300,South Indian,Masala Dosa,310,17
M011231,R00699,South Indian,Pongal,312,11
M011232,R00618,South Indian,Idli,391,44
M011233,R00066,North Indian,Butter Naan,682,34
M011234,R00841,Pizza,Farmhouse Pizza,460,23
M011235,R00834,Healthy Foods,Grilled Chicken,474,26
M011236,R00012,North Indian,Dal Makhani,466,34
M011237,R01281,Biryani,Paneer Biryani,206,45
M011238,R00775,South Indian,Uttapam,185,20
M011239,R01185,North Indian,Butter Naan,101,25
M011240,R01040,Burger,Veg Burger,532,38
M011241,R00546,North Indian,Dal Makhani,157,23
M011242,R00601,South Indian,Uttapam,254,43
M011243,R00700,Biryani,Paneer Biryani,148,16
M011244,R01465,Burger,Cheese Burger,417,12
M011245,R00807,Chinese,Manchurian,434,43
M011246,R01345,North Indian,Paneer Butter Masala,633,20
M011247,R00221,North Indian,Butter Naan,116,43
M011248,R00993,North Indian,Butter Naan,489,30
M011249,R01310,Biryani,Paneer Biryani,469,36
M011250,R01348,Healthy Foods,Grilled Chicken,684,28
M011251,R01138,Healthy Foods,Protein Bowl,168,45
M011252,R00071,South Indian,Pongal,255,11
M011253,R00562,Biryani,Mutton Biryani,691,31
M011254,R00041,South Indian,Pongal,188,16
M011255,R00930,Biryani,Paneer Biryani,259,18
M011256,R00915,North Indian,Dal Makhani,462,42
M011257,R01172,Biryani,Mutton Biryani,548,16
M011258,R00761,Burger,Chicken Burger,458,38
M011259,R01220,Healthy Foods,Salad Bowl,569,43
M011260,R01359,Healthy Foods,Grilled Chicken,415,28
M011261,R01035,Chinese,Manchurian,563,22
M011262,R01102,Chinese,Noodles,332,27
M011263,R00393,Chinese,Spring Roll,665,42
M011264,R01161,Biryani,Paneer Biryani,179,41
M011265,R01231,Biryani,Mutton Biryani,239,37
M011266,R00009,North Indian,Chole Bhature,641,18
M011267,R00668,South Indian,Masala Dosa,683,34
M011268,R00217,Healthy Foods,Protein Bowl,562,40
M011269,R00681,South Indian,Idli,486,35
M011270,R01106,Burger,Cheese Burger,335,45
M011271,R00220,Biryani,Mutton Biryani,224,32
M011272,R00258,Chinese,Manchurian,209,35
M011273,R01436,South Indian,Pongal,325,33
M011274,R01081,South Indian,Masala Dosa,465,38
M011275,R00554,Pizza,Veg Pizza,339,10
M011276,R00647,North Indian,Butter Naan,553,23
M011277,R00608,Chinese,Noodles,439,33
M011278,R01236,North Indian,Dal Makhani,519,31
M011279,R01395,South Indian,Pongal,299,17
M011280,R00213,South Indian,Uttapam,509,18
M011281,R01489,Biryani,Paneer Biryani,380,39
M011282,R00961,Biryani,Paneer Biryani,408,16
M011283,R01477,Biryani,Paneer Biryani,102,17
M011284,R01153,Biryani,Chicken Biryani,478,23
M011285,R01342,Biryani,Mutton Biryani,216,19
M011286,R00172,Chinese,Manchurian,241,39
M011287,R00237,Biryani,Veg Biryani,295,35
M011288,R00023,Biryani,Veg Biryani,106,20
M011289,R00663,Chinese,Noodles,450,24
M011290,R00405,Pizza,Veg Pizza,311,31
M011291,R00438,Desserts,Chocolate Cake,611,20
M011292,R01364,Pizza,Veg Pizza,114,26
M011293,R01216,South Indian,Pongal,415,32
M011294,R00485,North Indian,Chole Bhature,560,19
M011295,R01369,Burger,Veg Burger,213,31
M011296,R00366,Chinese,Spring Roll,154,27
M011297,R00089,Chinese,Spring Roll,152,34
M011298,R00075,North Indian,Paneer Butter Masala,472,38
M011299,R00343,South Indian,Vada,406,44
M011300,R00998,Chinese,Noodles,576,15
M011301,R00982,Burger,Veg Burger,492,18
M011302,R00321,North Indian,Paneer Butter Masala,674,45
M011303,R00248,North Indian,Butter Naan,560,19
M011304,R00418,Biryani,Veg Biryani,326,10
M011305,R00427,Pizza,Pepperoni Pizza,395,44
M011306,R00241,Biryani,Chicken Biryani,275,40
M011307,R01470,Biryani,Veg Biryani,150,44
M011308,R00868,Chinese,Manchurian,338,14
M011309,R01441,Biryani,Chicken Biryani,668,39
M011310,R01002,Pizza,Veg Pizza,594,40
M011311,R00252,Chinese,Manchurian,403,41
M011312,R00230,North Indian,Chole Bhature,513,41
M011313,R00941,Pizza,Farmhouse Pizza,128,16
M011314,R00915,North Indian,Chole Bhature,502,26
M011315,R00249,North Indian,Chole Bhature,316,33
M011316,R00506,Chinese,Fried Rice,186,10
M011317,R00885,Burger,Chicken Burger,158,36
M011318,R00837,Biryani,Veg Biryani,416,25
M011319,R00446,Healthy Foods,Protein Bowl,384,33
M011320,R00760,Healthy Foods,Salad Bowl,356,24
M011321,R00843,Burger,Veg Burger,420,25
M011322,R00301,South Indian,Pongal,335,17
M011323,R00136,North Indian,Paneer Butter Masala,354,24
M011324,R00915,North Indian,Butter Naan,453,40
M011325,R00010,North Indian,Dal Makhani,401,27
M011326,R01125,North Indian,Butter Naan,255,41
M011327,R00404,Pizza,Veg Pizza,288,38
M011328,R00280,Healthy Foods,Salad Bowl,539,28
M011329,R00026,North Indian,Dal Makhani,619,31
M011330,R01156,South Indian,Vada,583,43
M011331,R00735,Burger,Chicken Burger,681,37
M011332,R00017,Desserts,Brownie,106,12
M011333,R00394,Biryani,Paneer Biryani,227,32
M011334,R01043,Burger,Veg Burger,348,38
M011335,R01269,Chinese,Spring Roll,140,36
M011336,R00975,Desserts,Chocolate Cake,94,12
M011337,R00201,Biryani,Paneer Biryani,305,17
M011338,R00469,Chinese,Manchurian,541,40
M011339,R01191,South Indian,Masala Dosa,149,21
M011340,R01006,Burger,Cheese Burger,174,27
M011341,R01492,Chinese,Spring Roll,327,45
M011342,R00189,Biryani,Chicken Biryani,306,11
M011343,R00921,North Indian,Chole Bhature,328,38
M011344,R00942,Burger,Chicken Burger,80,31
M011345,R00218,Biryani,Paneer Biryani,463,12
M011346,R01445,Biryani,Paneer Biryani,697,23
M011347,R00409,South Indian,Masala Dosa,694,21
M011348,R01456,Beverages,Cold Coffee,110,28
M011349,R00373,Pizza,Pepperoni Pizza,170,33
M011350,R01263,South Indian,Masala Dosa,296,21
M011351,R00938,Biryani,Chicken Biryani,201,29
M011352,R01225,Biryani,Veg Biryani,163,44
M011353,R00023,Biryani,Chicken Biryani,456,27
M011354,R00101,Chinese,Noodles,580,39
M011355,R00634,Burger,Veg Burger,640,45
M011356,R00924,South Indian,Uttapam,391,22
M011357,R00187,North Indian,Paneer Butter Masala,285,21
M011358,R01491,Biryani,Chicken Biryani,172,37
M011359,R00916,South Indian,Uttapam,643,29
M011360,R00623,South Indian,Idli,347,28
M011361,R01361,South Indian,Masala Dosa,530,18
M011362,R00161,Pizza,Margherita Pizza,429,32
M011363,R01398,South Indian,Vada,108,32
M011364,R00718,North Indian,Chole Bhature,226,15
M011365,R00446,Healthy Foods,Salad Bowl,456,21
M011366,R01266,Pizza,Veg Pizza,114,28
M011367,R00216,North Indian,Paneer Butter Masala,519,25
M011368,R00082,South Indian,Masala Dosa,580,44
M011369,R00894,North Indian,Butter Naan,343,42
M011370,R00993,North Indian,Chole Bhature,161,42
M011371,R00805,North Indian,Butter Naan,516,27
M011372,R00371,North Indian,Dal Makhani,638,37
M011373,R00218,Biryani,Veg Biryani,271,29
M011374,R00227,Biryani,Paneer Biryani,245,36
M011375,R00551,South Indian,Vada,341,24
M011376,R01010,North Indian,Butter Naan,198,34
M011377,R01130,North Indian,Paneer Butter Masala,549,16
M011378,R00909,North Indian,Dal Makhani,542,16
M011379,R00584,North Indian,Dal Makhani,109,28
M011380,R00546,North Indian,Paneer Butter Masala,596,11
M011381,R01308,North Indian,Paneer Butter Masala,220,35
M011382,R00600,South Indian,Pongal,437,44
M011383,R00690,South Indian,Masala Dosa,659,13
M011384,R00782,Beverages,Cold Coffee,287,32
M011385,R00350,Biryani,Paneer Biryani,537,26
M011386,R00132,Biryani,Veg Biryani,501,29
M011387,R00015,South Indian,Vada,680,21
M011388,R00064,Chinese,Noodles,432,40
M011389,R00734,Desserts,Chocolate Cake,536,38
M011390,R00136,North Indian,Chole Bhature,370,17
M011391,R00352,Pizza,Veg Pizza,276,10
M011392,R01157,North Indian,Butter Naan,118,41
M011393,R01430,North Indian,Butter Naan,253,23
M011394,R01370,North Indian,Chole Bhature,141,44
M011395,R01193,Pizza,Margherita Pizza,220,35
M011396,R00851,Chinese,Noodles,87,36
M011397,R01218,Desserts,Ice Cream,553,44
M011398,R00277,South Indian,Masala Dosa,85,38
M011399,R00646,Healthy Foods,Grilled Chicken,182,10
M011400,R00362,South Indian,Pongal,559,24
M011401,R01438,Biryani,Veg Biryani,319,20
M011402,R00741,Burger,Chicken Burger,147,14
M011403,R00317,Desserts,Ice Cream,455,15
M011404,R00437,Biryani,Mutton Biryani,466,28
M011405,R00881,Chinese,Fried Rice,558,38
M011406,R01499,Desserts,Ice Cream,288,36
M011407,R00456,North Indian,Chole Bhature,154,28
M011408,R00989,Pizza,Farmhouse Pizza,573,35
M011409,R01472,South Indian,Uttapam,689,45
M011410,R00620,North Indian,Butter Naan,543,29
M011411,R01169,North Indian,Dal Makhani,391,11
M011412,R00498,North Indian,Butter Naan,570,34
M011413,R00695,South Indian,Uttapam,305,18
M011414,R00234,Pizza,Farmhouse Pizza,444,41
M011415,R00885,Burger,Chicken Burger,433,34
M011416,R01303,Burger,Veg Burger,496,21
M011417,R01002,Pizza,Pepperoni Pizza,508,35
M011418,R00770,Biryani,Chicken Biryani,223,33
M011419,R00834,Healthy Foods,Grilled Chicken,203,45
M011420,R00805,North Indian,Dal Makhani,362,37
M011421,R00533,Chinese,Fried Rice,148,33
M011422,R01407,Biryani,Paneer Biryani,406,13
M011423,R01468,Beverages,Mojito,110,27
M011424,R00988,Biryani,Mutton Biryani,696,36
M011425,R00091,Pizza,Margherita Pizza,441,42
M011426,R00818,Pizza,Margherita Pizza,377,32
M011427,R00348,South Indian,Pongal,446,20
M011428,R00718,North Indian,Dal Makhani,442,33
M011429,R01281,Biryani,Mutton Biryani,588,19
M011430,R00186,South Indian,Pongal,307,28
M011431,R00814,Pizza,Pepperoni Pizza,405,28
M011432,R00891,North Indian,Chole Bhature,668,28
M011433,R00746,Burger,Cheese Burger,231,30
M011434,R01068,South Indian,Uttapam,531,10
M011435,R00582,Pizza,Farmhouse Pizza,234,12
M011436,R00105,Chinese,Spring Roll,486,28
M011437,R00926,Chinese,Noodles,339,35
M011438,R01214,South Indian,Uttapam,406,17
M011439,R00867,Pizza,Pepperoni Pizza,489,16
M011440,R01382,Pizza,Pepperoni Pizza,253,43
M011441,R00042,Biryani,Paneer Biryani,691,26
M011442,R01094,South Indian,Vada,646,28
M011443,R00227,Biryani,Veg Biryani,204,41
M011444,R00641,South Indian,Pongal,586,29
M011445,R00633,South Indian,Vada,305,18
M011446,R00235,North Indian,Paneer Butter Masala,94,36
M011447,R00256,Biryani,Mutton Biryani,99,28
M011448,R00527,Biryani,Veg Biryani,440,39
M011449,R00438,Desserts,Brownie,387,24
M011450,R00212,Pizza,Pepperoni Pizza,84,32
M011451,R01212,South Indian,Pongal,651,22
M011452,R01335,Pizza,Margherita Pizza,250,42
M011453,R00944,Healthy Foods,Protein Bowl,635,12
M011454,R00847,South Indian,Pongal,681,20
M011455,R01013,Biryani,Mutton Biryani,597,25
M011456,R00081,Biryani,Chicken Biryani,489,30
M011457,R01159,Pizza,Farmhouse Pizza,288,13
M011458,R01308,North Indian,Paneer Butter Masala,428,28
M011459,R00697,South Indian,Vada,543,18
M011460,R00113,Pizza,Pepperoni Pizza,407,23
M011461,R01018,North Indian,Butter Naan,351,21
M011462,R00816,Biryani,Mutton Biryani,684,35
M011463,R00541,South Indian,Vada,466,19
M011464,R01249,Chinese,Manchurian,393,44
M011465,R00255,South Indian,Pongal,479,34
M011466,R01426,North Indian,Paneer Butter Masala,288,41
M011467,R00231,Burger,Chicken Burger,652,25
M011468,R00794,Biryani,Veg Biryani,375,10
M011469,R00831,Desserts,Brownie,87,18
M011470,R00771,Beverages,Lemon Juice,553,35
M011471,R01415,South Indian,Masala Dosa,602,30
M011472,R01024,Pizza,Veg Pizza,338,33
M011473,R00898,Beverages,Cold Coffee,530,41
M011474,R00627,North Indian,Butter Naan,443,22
M011475,R01042,South Indian,Masala Dosa,458,44
M011476,R00302,North Indian,Paneer Butter Masala,210,14
M011477,R01068,South Indian,Vada,173,32
M011478,R01411,Healthy Foods,Grilled Chicken,588,20
M011479,R00088,Biryani,Paneer Biryani,660,23
M011480,R00437,Biryani,Chicken Biryani,455,16
M011481,R01296,Burger,Veg Burger,374,16
M011482,R00902,Biryani,Paneer Biryani,653,41
M011483,R00597,Healthy Foods,Protein Bowl,560,27
M011484,R00133,Biryani,Veg Biryani,508,27
M011485,R01174,South Indian,Uttapam,567,38
M011486,R00835,Pizza,Veg Pizza,348,41
M011487,R00222,South Indian,Masala Dosa,383,10
M011488,R00532,North Indian,Dal Makhani,363,22
M011489,R01064,North Indian,Paneer Butter Masala,257,37
M011490,R01067,North Indian,Dal Makhani,492,36
M011491,R00090,Pizza,Veg Pizza,403,36
M011492,R00003,North Indian,Butter Naan,453,23
M011493,R01113,South Indian,Vada,300,39
M011494,R00744,North Indian,Paneer Butter Masala,195,16
M011495,R00227,Biryani,Mutton Biryani,135,12
M011496,R00984,North Indian,Butter Naan,138,37
M011497,R00350,Biryani,Paneer Biryani,240,35
M011498,R01222,South Indian,Vada,167,35
M011499,R01270,Biryani,Paneer Biryani,663,28
M011500,R00854,Biryani,Paneer Biryani,247,33
M011501,R00543,North Indian,Paneer Butter Masala,139,22
M011502,R00791,Biryani,Mutton Biryani,325,45
M011503,R00322,Biryani,Mutton Biryani,543,28
M011504,R00361,North Indian,Paneer Butter Masala,622,27
M011505,R01375,Burger,Chicken Burger,563,33
M011506,R01418,South Indian,Pongal,641,42
M011507,R01178,Biryani,Veg Biryani,314,25
M011508,R00544,Biryani,Veg Biryani,633,23
M011509,R00992,Pizza,Margherita Pizza,171,34
M011510,R00334,Biryani,Veg Biryani,202,41
M011511,R00182,Biryani,Mutton Biryani,92,32
M011512,R00350,Biryani,Chicken Biryani,298,26
M011513,R00581,South Indian,Uttapam,561,12
M011514,R01396,Chinese,Fried Rice,628,43
M011515,R01261,Chinese,Manchurian,86,29
M011516,R01196,Burger,Cheese Burger,102,34
M011517,R00756,Burger,Chicken Burger,271,33
M011518,R00513,Pizza,Veg Pizza,489,29
M011519,R00876,Burger,Cheese Burger,629,29
M011520,R00221,North Indian,Butter Naan,113,34
M011521,R01291,Burger,Veg Burger,519,24
M011522,R00781,Pizza,Pepperoni Pizza,345,16
M011523,R00275,North Indian,Dal Makhani,503,15
M011524,R00957,Pizza,Pepperoni Pizza,206,42
M011525,R00532,North Indian,Paneer Butter Masala,598,38
M011526,R01290,Pizza,Veg Pizza,405,28
M011527,R00505,Pizza,Margherita Pizza,188,29
M011528,R01459,Biryani,Chicken Biryani,204,40
M011529,R01381,South Indian,Uttapam,280,36
M011530,R00553,Desserts,Brownie,184,16
M011531,R00108,Chinese,Fried Rice,242,40
M011532,R00395,North Indian,Butter Naan,362,14
M011533,R00122,South Indian,Vada,234,31
M011534,R00640,South Indian,Pongal,141,41
M011535,R00338,North Indian,Butter Naan,673,21
M011536,R01370,North Indian,Butter Naan,163,17
M011537,R01493,Pizza,Veg Pizza,101,42
M011538,R01109,North Indian,Chole Bhature,673,20
M011539,R00278,South Indian,Uttapam,604,39
M011540,R00574,South Indian,Masala Dosa,693,29
M011541,R01330,Burger,Chicken Burger,641,20
M011542,R01034,Biryani,Chicken Biryani,107,45
M011543,R00612,North Indian,Chole Bhature,483,33
M011544,R01077,Burger,Veg Burger,484,34
M011545,R01045,Beverages,Cold Coffee,180,11
M011546,R01041,South Indian,Pongal,538,12
M011547,R01174,South Indian,Masala Dosa,329,27
M011548,R00210,Biryani,Paneer Biryani,202,13
M011549,R00682,North Indian,Butter Naan,690,20
M011550,R00060,South Indian,Pongal,90,27
M011551,R01050,Biryani,Veg Biryani,365,32
M011552,R00383,Biryani,Mutton Biryani,547,34
M011553,R00598,Biryani,Chicken Biryani,120,11
M011554,R01058,Burger,Cheese Burger,670,23
M011555,R00997,North Indian,Paneer Butter Masala,216,31
M011556,R00674,North Indian,Chole Bhature,346,41
M011557,R00821,North Indian,Paneer Butter Masala,683,28
M011558,R00919,Healthy Foods,Grilled Chicken,597,11
M011559,R00141,Desserts,Chocolate Cake,246,17
M011560,R01350,South Indian,Uttapam,419,24
M011561,R01426,North Indian,Dal Makhani,292,44
M011562,R01090,South Indian,Pongal,607,28
M011563,R00039,South Indian,Uttapam,108,42
M011564,R00316,South Indian,Pongal,691,37
M011565,R01473,South Indian,Masala Dosa,498,10
M011566,R00261,Chinese,Noodles,453,25
M011567,R01246,South Indian,Pongal,143,28
M011568,R01299,Pizza,Farmhouse Pizza,570,44
M011569,R00385,South Indian,Pongal,677,34
M011570,R00636,Biryani,Paneer Biryani,538,40
M011571,R00837,Biryani,Mutton Biryani,644,16
M011572,R00564,North Indian,Butter Naan,191,41
M011573,R00380,Healthy Foods,Grilled Chicken,698,31
M011574,R00364,North Indian,Chole Bhature,183,18
M011575,R00908,North Indian,Paneer Butter Masala,376,18
M011576,R00642,Chinese,Fried Rice,486,22
M011577,R00168,South Indian,Idli,352,10
M011578,R00216,North Indian,Paneer Butter Masala,314,38
M011579,R00632,Biryani,Mutton Biryani,253,10
M011580,R01000,Biryani,Veg Biryani,668,15
M011581,R01112,Pizza,Pepperoni Pizza,319,38
M011582,R00363,North Indian,Dal Makhani,296,13
M011583,R00761,Burger,Chicken Burger,489,24
M011584,R01461,Beverages,Cold Coffee,691,32
M011585,R00209,North Indian,Butter Naan,170,17
M011586,R01277,Biryani,Mutton Biryani,526,42
M011587,R00107,Chinese,Fried Rice,534,25
M011588,R00132,Biryani,Mutton Biryani,523,20
M011589,R00348,South Indian,Uttapam,374,13
M011590,R00863,South Indian,Masala Dosa,276,27
M011591,R00018,North Indian,Paneer Butter Masala,521,22
M011592,R00077,Chinese,Manchurian,200,38
M011593,R01292,South Indian,Idli,369,15
M011594,R00771,Beverages,Lemon Juice,623,40
M011595,R01174,South Indian,Idli,193,42
M011596,R00272,Chinese,Noodles,591,19
M011597,R01026,Pizza,Veg Pizza,88,17
M011598,R00476,North Indian,Paneer Butter Masala,184,29
M011599,R01440,Pizza,Veg Pizza,560,35
M011600,R01378,Pizza,Pepperoni Pizza,385,41
M011601,R00737,Pizza,Farmhouse Pizza,185,33
M011602,R01013,Biryani,Chicken Biryani,634,33
M011603,R00244,Chinese,Noodles,644,22
M011604,R01265,Pizza,Pepperoni Pizza,526,18
M011605,R00523,Chinese,Manchurian,408,23
M011606,R01097,South Indian,Vada,237,23
M011607,R00478,Biryani,Mutton Biryani,568,36
M011608,R01032,North Indian,Chole Bhature,81,24
M011609,R00089,Chinese,Noodles,656,25
M011610,R00995,Beverages,Cold Coffee,245,14
M011611,R00224,Biryani,Paneer Biryani,368,40
M011612,R00595,North Indian,Paneer Butter Masala,560,21
M011613,R00267,South Indian,Vada,233,18
M011614,R01051,Pizza,Farmhouse Pizza,471,38
M011615,R00377,Pizza,Margherita Pizza,86,34
M011616,R00775,South Indian,Idli,382,34
M011617,R00260,South Indian,Masala Dosa,637,35
M011618,R00188,South Indian,Idli,570,24
M011619,R00024,Desserts,Brownie,353,21
M011620,R00955,Burger,Cheese Burger,280,37
M011621,R01267,Biryani,Veg Biryani,352,11
M011622,R01500,North Indian,Dal Makhani,206,34
M011623,R00935,North Indian,Chole Bhature,98,30
M011624,R00007,South Indian,Pongal,397,15
M011625,R00915,North Indian,Paneer Butter Masala,589,40
M011626,R01066,Healthy Foods,Salad Bowl,524,37
M011627,R00723,Healthy Foods,Grilled Chicken,387,26
M011628,R01045,Beverages,Cold Coffee,648,23
M011629,R01352,Biryani,Chicken Biryani,82,11
M011630,R00458,Biryani,Paneer Biryani,217,41
M011631,R01325,North Indian,Dal Makhani,96,27
M011632,R00506,Chinese,Spring Roll,680,39
M011633,R01396,Chinese,Spring Roll,605,11
M011634,R00793,Chinese,Manchurian,636,43
M011635,R01442,South Indian,Idli,348,35
M011636,R00837,Biryani,Chicken Biryani,343,40
M011637,R00539,Pizza,Farmhouse Pizza,387,44
M011638,R01437,Desserts,Ice Cream,140,27
M011639,R01498,Pizza,Margherita Pizza,273,44
M011640,R00003,North Indian,Butter Naan,135,13
M011641,R01219,Healthy Foods,Protein Bowl,380,35
M011642,R01356,South Indian,Vada,453,21
M011643,R00667,Burger,Veg Burger,569,33
M011644,R01239,Chinese,Fried Rice,415,15
M011645,R00172,Chinese,Fried Rice,560,10
M011646,R00793,Chinese,Fried Rice,199,40
M011647,R00586,Biryani,Veg Biryani,177,34
M011648,R00774,Biryani,Chicken Biryani,385,28
M011649,R01210,Biryani,Mutton Biryani,473,35
M011650,R00037,Beverages,Cold Coffee,564,25
M011651,R01197,Biryani,Paneer Biryani,574,13
M011652,R00891,North Indian,Chole Bhature,155,16
M011653,R01064,North Indian,Butter Naan,682,15
M011654,R00525,Biryani,Paneer Biryani,394,31
M011655,R00824,Chinese,Noodles,302,39
M011656,R00446,Healthy Foods,Grilled Chicken,518,40
M011657,R00915,North Indian,Chole Bhature,656,31
M011658,R00809,Chinese,Noodles,411,40
M011659,R00518,Pizza,Veg Pizza,602,19
M011660,R01092,Chinese,Noodles,171,16
M011661,R00276,South Indian,Pongal,105,15
M011662,R01465,Burger,Cheese Burger,450,29
M011663,R00973,Biryani,Veg Biryani,188,30
M011664,R00422,Chinese,Manchurian,212,24
M011665,R00817,Burger,Chicken Burger,508,29
M011666,R01122,Chinese,Manchurian,212,10
M011667,R00244,Chinese,Manchurian,491,40
M011668,R00632,Biryani,Chicken Biryani,118,39
M011669,R00090,Pizza,Veg Pizza,614,29
M011670,R00013,Chinese,Manchurian,549,20
M011671,R00236,North Indian,Paneer Butter Masala,464,44
M011672,R00272,Chinese,Fried Rice,483,17
M011673,R01396,Chinese,Spring Roll,657,11
M011674,R01071,Pizza,Pepperoni Pizza,629,20
M011675,R01282,Biryani,Paneer Biryani,199,43
M011676,R00621,Biryani,Chicken Biryani,195,42
M011677,R00651,Pizza,Margherita Pizza,474,16
M011678,R01417,Chinese,Noodles,498,15
M011679,R00300,Pizza,Pepperoni Pizza,629,24
M011680,R01196,Burger,Chicken Burger,653,26
M011681,R00194,Burger,Chicken Burger,197,35
M011682,R00939,South Indian,Idli,417,19
M011683,R00395,North Indian,Butter Naan,456,35
M011684,R01173,Healthy Foods,Grilled Chicken,328,26
M011685,R00706,Pizza,Veg Pizza,600,33
M011686,R00263,Beverages,Mojito,329,33
M011687,R01011,South Indian,Pongal,364,44
M011688,R01130,North Indian,Paneer Butter Masala,542,18
M011689,R01270,Biryani,Mutton Biryani,193,11
M011690,R00682,North Indian,Butter Naan,140,22
M011691,R00330,Pizza,Farmhouse Pizza,451,37
M011692,R01045,Beverages,Mojito,86,15
M011693,R01185,North Indian,Dal Makhani,628,19
M011694,R00564,North Indian,Chole Bhature,192,21
M011695,R00956,Healthy Foods,Grilled Chicken,162,28
M011696,R00413,South Indian,Pongal,355,25
M011697,R00240,Desserts,Chocolate Cake,272,44
M011698,R00682,North Indian,Dal Makhani,410,28
M011699,R00006,Pizza,Farmhouse Pizza,641,43
M011700,R01237,North Indian,Butter Naan,175,20
M011701,R01216,South Indian,Masala Dosa,272,28
M011702,R00723,Healthy Foods,Protein Bowl,654,28
M011703,R00164,Biryani,Mutton Biryani,390,39
M011704,R00002,Biryani,Mutton Biryani,313,14
M011705,R00104,North Indian,Chole Bhature,194,26
M011706,R01084,South Indian,Uttapam,696,30
M011707,R00278,South Indian,Pongal,526,10
M011708,R00317,Desserts,Chocolate Cake,605,35
M011709,R01417,Chinese,Fried Rice,172,34
M011710,R00441,North Indian,Dal Makhani,436,37
M011711,R01333,Desserts,Chocolate Cake,446,13
M011712,R00164,Biryani,Paneer Biryani,674,26
M011713,R00948,South Indian,Vada,424,37
M011714,R01434,South Indian,Pongal,641,43
M011715,R00823,North Indian,Paneer Butter Masala,432,36
M011716,R01167,Pizza,Veg Pizza,677,12
M011717,R00206,Biryani,Veg Biryani,99,36
M011718,R01114,Biryani,Mutton Biryani,594,37
M011719,R00362,South Indian,Idli,453,45
M011720,R01224,South Indian,Vada,672,25
M011721,R00259,South Indian,Pongal,134,16
M011722,R00517,North Indian,Paneer Butter Masala,353,31
M011723,R01036,Biryani,Chicken Biryani,121,25
M011724,R00447,Chinese,Fried Rice,294,17
M011725,R00907,Desserts,Ice Cream,209,28
M011726,R00345,South Indian,Masala Dosa,126,28
M011727,R01183,Biryani,Paneer Biryani,650,41
M011728,R01180,Biryani,Veg Biryani,626,45
M011729,R00906,South Indian,Uttapam,537,20
M011730,R00190,Chinese,Spring Roll,196,45
M011731,R01058,Burger,Chicken Burger,640,22
M011732,R01030,Desserts,Chocolate Cake,560,38
M011733,R00259,South Indian,Masala Dosa,518,38
M011734,R00938,Biryani,Veg Biryani,497,31
M011735,R00203,Biryani,Veg Biryani,560,38
M011736,R00991,North Indian,Butter Naan,496,36
M011737,R00996,Biryani,Paneer Biryani,129,15
M011738,R00487,Biryani,Paneer Biryani,223,29
M011739,R00063,Burger,Veg Burger,428,32
M011740,R01053,Biryani,Veg Biryani,435,20
M011741,R01416,North Indian,Chole Bhature,637,15
M011742,R01348,Healthy Foods,Protein Bowl,96,42
M011743,R01145,Burger,Chicken Burger,272,38
M011744,R00441,North Indian,Dal Makhani,196,41
M011745,R00077,Chinese,Manchurian,504,24
M011746,R01498,Pizza,Margherita Pizza,324,23
M011747,R01496,North Indian,Chole Bhature,384,27
M011748,R00551,South Indian,Uttapam,458,27
M011749,R00570,Pizza,Margherita Pizza,355,33
M011750,R00991,North Indian,Paneer Butter Masala,623,41
M011751,R00333,Beverages,Lemon Juice,152,38
M011752,R00180,Healthy Foods,Grilled Chicken,611,41
M011753,R00737,Pizza,Pepperoni Pizza,194,29
M011754,R00284,Biryani,Chicken Biryani,496,39
M011755,R01246,South Indian,Idli,650,13
M011756,R00113,Pizza,Pepperoni Pizza,187,22
M011757,R01059,South Indian,Uttapam,554,29
M011758,R00587,Biryani,Mutton Biryani,166,22
M011759,R00367,Chinese,Fried Rice,376,17
M011760,R01243,Chinese,Manchurian,686,34
M011761,R01226,South Indian,Uttapam,675,36
M011762,R00858,Burger,Veg Burger,393,41
M011763,R00405,Pizza,Farmhouse Pizza,540,43
M011764,R00985,South Indian,Pongal,629,44
M011765,R00012,North Indian,Dal Makhani,488,11
M011766,R00323,Pizza,Farmhouse Pizza,330,28
M011767,R00800,Healthy Foods,Protein Bowl,135,27
M011768,R00186,South Indian,Idli,509,16
M011769,R00921,North Indian,Butter Naan,602,29
M011770,R01412,Pizza,Farmhouse Pizza,120,25
M011771,R00420,Burger,Veg Burger,629,30
M011772,R00212,Pizza,Veg Pizza,367,44
M011773,R00428,Biryani,Veg Biryani,451,37
M011774,R00339,Chinese,Spring Roll,163,44
M011775,R00084,Biryani,Veg Biryani,196,13
M011776,R00745,Healthy Foods,Salad Bowl,535,15
M011777,R00820,Biryani,Mutton Biryani,511,13
M011778,R01131,South Indian,Masala Dosa,408,11
M011779,R01286,South Indian,Vada,681,18
M011780,R00138,Chinese,Manchurian,466,17
M011781,R00192,Chinese,Fried Rice,403,13
M011782,R00968,Biryani,Paneer Biryani,564,15
M011783,R00505,Pizza,Margherita Pizza,462,12
M011784,R00441,North Indian,Paneer Butter Masala,657,25
M011785,R00390,Biryani,Chicken Biryani,601,42
M011786,R00348,South Indian,Masala Dosa,286,11
M011787,R00734,Desserts,Chocolate Cake,674,15
M011788,R00022,South Indian,Masala Dosa,253,23
M011789,R01484,South Indian,Vada,197,12
M011790,R00085,Pizza,Veg Pizza,515,34
M011791,R01355,Biryani,Veg Biryani,486,43
M011792,R01190,Biryani,Veg Biryani,351,34
M011793,R01220,Healthy Foods,Protein Bowl,690,43
M011794,R01173,Healthy Foods,Salad Bowl,512,16
M011795,R00723,Healthy Foods,Grilled Chicken,288,39
M011796,R00841,Pizza,Pepperoni Pizza,499,22
M011797,R00715,Healthy Foods,Protein Bowl,122,33
M011798,R00664,Pizza,Veg Pizza,279,26
M011799,R00365,Burger,Veg Burger,363,19
M011800,R00703,Chinese,Fried Rice,467,19
M011801,R00163,Burger,Cheese Burger,645,10
M011802,R01267,Biryani,Mutton Biryani,643,32
M011803,R01385,Chinese,Spring Roll,483,24
M011804,R00181,North Indian,Dal Makhani,394,11
M011805,R01469,North Indian,Paneer Butter Masala,473,11
M011806,R00911,South Indian,Masala Dosa,193,29
M011807,R00719,South Indian,Pongal,164,13
M011808,R01287,South Indian,Idli,373,25
M011809,R01279,North Indian,Paneer Butter Masala,139,30
M011810,R00364,North Indian,Chole Bhature,556,34
M011811,R01141,Biryani,Paneer Biryani,159,35
M011812,R00984,North Indian,Chole Bhature,572,40
M011813,R00303,North Indian,Paneer Butter Masala,253,40
M011814,R01370,North Indian,Dal Makhani,187,17
M011815,R00232,Biryani,Veg Biryani,306,27
M011816,R00538,North Indian,Paneer Butter Masala,224,31
M011817,R01160,Burger,Cheese Burger,388,34
M011818,R01176,Healthy Foods,Grilled Chicken,523,30
M011819,R00980,Biryani,Veg Biryani,488,23
M011820,R01016,Burger,Cheese Burger,582,18
M011821,R00448,Burger,Cheese Burger,602,40
M011822,R00210,Biryani,Mutton Biryani,408,42
M011823,R01239,Chinese,Fried Rice,617,33
M011824,R00682,North Indian,Chole Bhature,520,20
M011825,R01162,Biryani,Veg Biryani,502,10
M011826,R00919,Healthy Foods,Salad Bowl,692,10
M011827,R00362,South Indian,Masala Dosa,554,23
M011828,R00169,Burger,Veg Burger,245,13
M011829,R00111,Burger,Chicken Burger,500,35
M011830,R01287,South Indian,Vada,341,10
M011831,R00466,South Indian,Pongal,276,28
M011832,R00775,South Indian,Vada,688,32
M011833,R01127,North Indian,Paneer Butter Masala,196,25
M011834,R00881,Chinese,Spring Roll,267,26
M011835,R01108,North Indian,Paneer Butter Masala,419,24
M011836,R01464,Desserts,Brownie,534,26
M011837,R00648,Chinese,Fried Rice,173,24
M011838,R00019,South Indian,Vada,697,19
M011839,R00281,Biryani,Veg Biryani,613,32
M011840,R01369,Burger,Chicken Burger,109,12
M011841,R00639,Pizza,Farmhouse Pizza,119,39
M011842,R01127,North Indian,Dal Makhani,124,30
M011843,R00502,Burger,Cheese Burger,501,14
M011844,R01412,Pizza,Margherita Pizza,418,10
M011845,R00685,South Indian,Masala Dosa,570,25
M011846,R00713,Healthy Foods,Protein Bowl,652,15
M011847,R00692,Biryani,Chicken Biryani,692,12
M011848,R00530,North Indian,Paneer Butter Masala,627,44
M011849,R00393,Chinese,Noodles,427,38
M011850,R01055,South Indian,Idli,447,12
M011851,R01008,North Indian,Chole Bhature,271,41
M011852,R01246,South Indian,Masala Dosa,612,39
M011853,R00629,South Indian,Masala Dosa,482,34
M011854,R00289,Biryani,Veg Biryani,284,24
M011855,R00484,Chinese,Noodles,381,25
M011856,R01187,South Indian,Pongal,678,28
M011857,R00989,Pizza,Farmhouse Pizza,317,31
M011858,R00303,North Indian,Butter Naan,154,32
M011859,R00555,Healthy Foods,Grilled Chicken,478,28
M011860,R00767,South Indian,Masala Dosa,419,25
M011861,R00035,Biryani,Mutton Biryani,596,43
M011862,R00848,South Indian,Vada,283,21
M011863,R00543,North Indian,Butter Naan,380,29
M011864,R00575,South Indian,Uttapam,395,41
M011865,R00574,South Indian,Uttapam,209,14
M011866,R00305,Pizza,Veg Pizza,238,26
M011867,R00040,South Indian,Vada,446,22
M011868,R00086,Chinese,Noodles,113,24
M011869,R00900,South Indian,Uttapam,336,33
M011870,R01049,South Indian,Masala Dosa,580,45
M011871,R00756,Burger,Chicken Burger,84,20
M011872,R00655,Healthy Foods,Salad Bowl,534,16
M011873,R00539,Pizza,Veg Pizza,452,45
M011874,R00214,North Indian,Paneer Butter Masala,263,19
M011875,R00028,Burger,Chicken Burger,653,13
M011876,R00222,South Indian,Uttapam,408,14
M011877,R00461,Biryani,Mutton Biryani,523,30
M011878,R01242,South Indian,Uttapam,301,28
M011879,R00651,Pizza,Farmhouse Pizza,203,32
M011880,R00627,North Indian,Paneer Butter Masala,148,26
M011881,R01129,Burger,Veg Burger,396,22
M011882,R01371,Chinese,Noodles,278,26
M011883,R00803,South Indian,Uttapam,123,37
M011884,R00877,South Indian,Masala Dosa,466,19
M011885,R00104,North Indian,Butter Naan,316,17
M011886,R00260,South Indian,Vada,489,12
M011887,R00647,North Indian,Chole Bhature,372,39
M011888,R00349,South Indian,Vada,337,22
M011889,R00136,North Indian,Butter Naan,225,22
M011890,R01320,Biryani,Veg Biryani,422,29
M011891,R00445,Healthy Foods,Salad Bowl,492,31
M011892,R01317,Pizza,Pepperoni Pizza,167,23
M011893,R00420,Burger,Cheese Burger,676,19
M011894,R00326,Chinese,Fried Rice,448,13
M011895,R01466,Pizza,Pepperoni Pizza,100,12
M011896,R00674,North Indian,Paneer Butter Masala,471,41
M011897,R01101,Pizza,Veg Pizza,584,29
M011898,R01064,North Indian,Dal Makhani,208,39
M011899,R00356,South Indian,Idli,462,36
M011900,R00655,Healthy Foods,Salad Bowl,401,20
M011901,R00095,Healthy Foods,Protein Bowl,136,41
M011902,R00907,Desserts,Chocolate Cake,177,44
M011903,R00774,Biryani,Mutton Biryani,637,25
M011904,R01058,Burger,Veg Burger,261,10
M011905,R00713,Healthy Foods,Protein Bowl,670,30
M011906,R01319,South Indian,Uttapam,621,45
M011907,R00238,South Indian,Pongal,616,27
M011908,R00020,South Indian,Uttapam,627,35
M011909,R00513,Pizza,Veg Pizza,187,12
M011910,R00993,North Indian,Dal Makhani,155,21
M011911,R01164,Desserts,Ice Cream,468,24
M011912,R01256,North Indian,Butter Naan,686,15
M011913,R01350,South Indian,Idli,160,39
M011914,R00037,Beverages,Cold Coffee,569,24
M011915,R00826,South Indian,Pongal,500,28
M011916,R00707,South Indian,Uttapam,203,25
M011917,R01290,Pizza,Veg Pizza,126,21
M011918,R00145,South Indian,Uttapam,243,35
M011919,R00731,South Indian,Pongal,213,25
M011920,R00711,North Indian,Butter Naan,577,42
M011921,R00074,North Indian,Butter Naan,163,30
M011922,R00622,Biryani,Chicken Biryani,317,36
M011923,R01495,North Indian,Butter Naan,181,26
M011924,R01479,Healthy Foods,Protein Bowl,418,23
M011925,R00660,South Indian,Pongal,123,24
M011926,R00754,Burger,Chicken Burger,166,32
M011927,R00205,Desserts,Ice Cream,184,32
M011928,R01073,Pizza,Veg Pizza,635,35
M011929,R00796,Biryani,Paneer Biryani,353,24
M011930,R00238,South Indian,Vada,381,42
M011931,R00446,Healthy Foods,Protein Bowl,151,14
M011932,R00172,Chinese,Manchurian,673,36
M011933,R00482,Pizza,Farmhouse Pizza,663,24
M011934,R00833,Healthy Foods,Grilled Chicken,150,28
M011935,R01492,Chinese,Noodles,110,11
M011936,R00795,Pizza,Veg Pizza,276,41
M011937,R00368,South Indian,Uttapam,258,40
M011938,R01141,Biryani,Mutton Biryani,495,38
M011939,R00543,North Indian,Paneer Butter Masala,616,29
M011940,R01462,South Indian,Idli,361,26
M011941,R01167,Pizza,Margherita Pizza,464,25
M011942,R01136,Pizza,Farmhouse Pizza,319,31
M011943,R00104,North Indian,Butter Naan,288,27
M011944,R01379,South Indian,Pongal,266,24
M011945,R00910,South Indian,Masala Dosa,597,11
M011946,R01237,North Indian,Paneer Butter Masala,196,38
M011947,R00130,South Indian,Masala Dosa,682,33
M011948,R00480,South Indian,Pongal,108,33
M011949,R00355,Burger,Veg Burger,238,44
M011950,R00707,South Indian,Masala Dosa,501,27
M011951,R00178,Chinese,Manchurian,155,14
M011952,R00192,Chinese,Fried Rice,103,10
M011953,R01391,South Indian,Vada,192,45
M011954,R00111,Burger,Cheese Burger,577,16
M011955,R00390,Biryani,Paneer Biryani,376,21
M011956,R00693,South Indian,Masala Dosa,134,23
M011957,R01461,Beverages,Cold Coffee,548,16
M011958,R00808,North Indian,Paneer Butter Masala,560,19
M011959,R00537,Burger,Chicken Burger,100,27
M011960,R00088,Biryani,Paneer Biryani,301,27
M011961,R00792,Burger,Cheese Burger,680,11
M011962,R01324,South Indian,Uttapam,548,37
M011963,R00298,South Indian,Masala Dosa,491,10
M011964,R00576,Pizza,Veg Pizza,633,17
M011965,R00824,Chinese,Fried Rice,620,24
M011966,R01087,North Indian,Dal Makhani,122,36
M011967,R00024,Desserts,Brownie,228,44
M011968,R00589,Pizza,Margherita Pizza,616,23
M011969,R00495,Chinese,Fried Rice,530,26
M011970,R01393,North Indian,Paneer Butter Masala,353,29
M011971,R01227,South Indian,Vada,164,14
M011972,R01452,Chinese,Manchurian,504,12
M011973,R00538,North Indian,Paneer Butter Masala,674,18
M011974,R00440,South Indian,Idli,560,34
M011975,R00590,South Indian,Pongal,539,31
M011976,R00491,North Indian,Paneer Butter Masala,224,24
M011977,R01490,South Indian,Idli,173,39
M011978,R00452,South Indian,Idli,113,42
M011979,R01153,Biryani,Chicken Biryani,235,39
M011980,R01493,Pizza,Veg Pizza,543,25
M011981,R01122,Chinese,Spring Roll,114,14
M011982,R00801,North Indian,Dal Makhani,420,42
M011983,R00069,South Indian,Uttapam,347,39
M011984,R00789,Burger,Chicken Burger,384,12
M011985,R01385,Chinese,Noodles,429,42
M011986,R01090,South Indian,Pongal,151,36
M011987,R00239,South Indian,Vada,167,16
M011988,R00314,Biryani,Mutton Biryani,504,41
M011989,R00407,Biryani,Veg Biryani,603,15
M011990,R00801,North Indian,Butter Naan,325,16
M011991,R00221,North Indian,Dal Makhani,590,26
M011992,R01405,Chinese,Manchurian,88,31
M011993,R00046,North Indian,Paneer Butter Masala,418,11
M011994,R00186,South Indian,Idli,138,21
M011995,R00371,North Indian,Butter Naan,667,22
M011996,R00081,Biryani,Mutton Biryani,365,20
M011997,R00463,South Indian,Uttapam,452,42
M011998,R01278,South Indian,Vada,455,41
M011999,R00685,South Indian,Vada,586,35
M012000,R00519,South Indian,Pongal,265,12
M012001,R00143,Healthy Foods,Grilled Chicken,533,18
M012002,R00788,South Indian,Vada,417,20
M012003,R00547,South Indian,Masala Dosa,256,23
M012004,R00360,North Indian,Dal Makhani,189,40
M012005,R00505,Pizza,Veg Pizza,514,16
M012006,R00840,North Indian,Butter Naan,454,25
M012007,R01261,Chinese,Manchurian,358,29
M012008,R00931,Desserts,Brownie,196,38
M012009,R01392,South Indian,Masala Dosa,325,10
M012010,R00868,Chinese,Noodles,335,45
M012011,R00684,South Indian,Idli,368,27
M012012,R00633,South Indian,Uttapam,344,23
M012013,R01001,Biryani,Mutton Biryani,679,19
M012014,R00580,North Indian,Dal Makhani,443,18
M012015,R00761,Burger,Chicken Burger,572,34
M012016,R01067,North Indian,Dal Makhani,666,10
M012017,R00212,Pizza,Veg Pizza,390,45
M012018,R00776,North Indian,Paneer Butter Masala,359,38
M012019,R00899,North Indian,Butter Naan,81,23
M012020,R01266,Pizza,Farmhouse Pizza,80,27
M012021,R00107,Chinese,Manchurian,157,15
M012022,R00469,Chinese,Fried Rice,303,45
M012023,R00173,South Indian,Pongal,97,31
M012024,R00357,Biryani,Veg Biryani,589,20
M012025,R00103,Healthy Foods,Protein Bowl,253,33
M012026,R00761,Burger,Cheese Burger,523,11
M012027,R00323,Pizza,Farmhouse Pizza,640,19
M012028,R00518,Pizza,Margherita Pizza,552,31
M012029,R00138,Chinese,Manchurian,696,29
M012030,R00643,South Indian,Vada,417,14
M012031,R01042,South Indian,Idli,105,43
M012032,R01132,South Indian,Pongal,152,32
M012033,R00744,North Indian,Paneer Butter Masala,278,23
M012034,R01002,Pizza,Veg Pizza,86,24
M012035,R01011,South Indian,Pongal,469,24
M012036,R00264,Chinese,Spring Roll,306,36
M012037,R00786,South Indian,Pongal,370,10
M012038,R00781,Pizza,Pepperoni Pizza,89,39
M012039,R00565,Biryani,Mutton Biryani,364,45
M012040,R00786,South Indian,Vada,464,41
M012041,R00816,Biryani,Veg Biryani,454,33
M012042,R00732,North Indian,Dal Makhani,197,40
M012043,R00692,Biryani,Chicken Biryani,179,30
M012044,R00156,South Indian,Vada,190,10
M012045,R00458,Biryani,Paneer Biryani,390,23
M012046,R00132,Biryani,Mutton Biryani,486,45
M012047,R00498,North Indian,Dal Makhani,641,11
M012048,R00812,North Indian,Dal Makhani,452,15
M012049,R01317,Pizza,Farmhouse Pizza,510,32
M012050,R00525,Biryani,Veg Biryani,239,43
M012051,R00267,South Indian,Masala Dosa,313,35
M012052,R01385,Chinese,Manchurian,155,14
M012053,R01009,Biryani,Mutton Biryani,680,20
M012054,R00245,Biryani,Veg Biryani,307,31
M012055,R01122,Chinese,Spring Roll,490,24
M012056,R01187,South Indian,Pongal,468,29
M012057,R01415,South Indian,Masala Dosa,318,26
M012058,R01495,North Indian,Dal Makhani,282,31
M012059,R01235,Pizza,Margherita Pizza,297,40
M012060,R00313,Biryani,Veg Biryani,540,12
M012061,R00149,North Indian,Paneer Butter Masala,697,13
M012062,R00140,Biryani,Mutton Biryani,348,10
M012063,R00191,Pizza,Veg Pizza,522,27
M012064,R00438,Desserts,Chocolate Cake,294,45
M012065,R00882,Biryani,Mutton Biryani,543,34
M012066,R00825,North Indian,Chole Bhature,673,15
M012067,R00489,North Indian,Butter Naan,289,19
M012068,R01080,Pizza,Pepperoni Pizza,607,27
M012069,R00460,North Indian,Paneer Butter Masala,190,19
M012070,R01143,South Indian,Idli,167,30
M012071,R00600,South Indian,Pongal,313,11
M012072,R01396,Chinese,Spring Roll,389,17
M012073,R01434,South Indian,Uttapam,378,44
M012074,R00545,South Indian,Masala Dosa,379,24
M012075,R01226,South Indian,Vada,474,32
M012076,R00672,South Indian,Masala Dosa,569,16
M012077,R00731,South Indian,Vada,653,44
M012078,R00115,Pizza,Farmhouse Pizza,698,26
M012079,R00366,Chinese,Manchurian,227,11
M012080,R00425,Pizza,Margherita Pizza,168,40
M012081,R00093,Biryani,Paneer Biryani,453,40
M012082,R00356,South Indian,Uttapam,397,38
M012083,R00914,Biryani,Veg Biryani,585,13
M012084,R00590,South Indian,Uttapam,432,30
M012085,R01044,South Indian,Idli,231,15
M012086,R00141,Desserts,Brownie,225,20
M012087,R00693,South Indian,Pongal,212,13
M012088,R00538,North Indian,Dal Makhani,217,42
M012089,R00120,Chinese,Spring Roll,362,10
M012090,R00392,Burger,Cheese Burger,171,42
M012091,R01159,Pizza,Veg Pizza,298,19
M012092,R01117,Biryani,Mutton Biryani,685,15
M012093,R01120,South Indian,Vada,220,25
M012094,R00791,Biryani,Paneer Biryani,580,19
M012095,R00229,North Indian,Chole Bhature,495,27
M012096,R00504,South Indian,Uttapam,540,27
M012097,R01231,Biryani,Mutton Biryani,202,20
M012098,R00754,Burger,Cheese Burger,401,41
M012099,R00704,South Indian,Vada,324,29
M012100,R00110,Biryani,Paneer Biryani,459,31
M012101,R00334,Biryani,Chicken Biryani,115,27
M012102,R00102,Burger,Chicken Burger,459,20
M012103,R01240,Chinese,Manchurian,272,32
M012104,R00109,Healthy Foods,Grilled Chicken,401,21
M012105,R00403,North Indian,Chole Bhature,504,29
M012106,R00971,North Indian,Chole Bhature,532,44
M012107,R00044,Biryani,Mutton Biryani,257,42
M012108,R00082,South Indian,Idli,672,17
M012109,R00552,North Indian,Paneer Butter Masala,161,31
M012110,R01205,North Indian,Paneer Butter Masala,379,35
M012111,R01450,South Indian,Masala Dosa,665,43
M012112,R01467,Desserts,Ice Cream,194,17
M012113,R00595,North Indian,Dal Makhani,355,31
M012114,R01000,Biryani,Paneer Biryani,592,36
M012115,R00510,South Indian,Vada,342,26
M012116,R01255,Biryani,Chicken Biryani,698,24
M012117,R01345,North Indian,Paneer Butter Masala,694,38
M012118,R00349,South Indian,Pongal,608,19
M012119,R00461,Biryani,Paneer Biryani,556,10
M012120,R00940,Beverages,Mojito,556,34
M012121,R00457,North Indian,Butter Naan,215,17
M012122,R00216,North Indian,Chole Bhature,106,35
M012123,R00233,Pizza,Pepperoni Pizza,641,17
M012124,R00595,North Indian,Dal Makhani,323,25
M012125,R00849,North Indian,Dal Makhani,225,36
M012126,R00138,Chinese,Noodles,692,22
M012127,R01257,South Indian,Vada,613,14
M012128,R00967,South Indian,Uttapam,204,27
M012129,R00850,Biryani,Paneer Biryani,443,30
M012130,R01137,Biryani,Mutton Biryani,599,33
M012131,R00722,North Indian,Dal Makhani,343,26
M012132,R00225,Burger,Veg Burger,663,28
M012133,R01354,Biryani,Chicken Biryani,229,27
M012134,R01218,Desserts,Ice Cream,442,40
M012135,R00557,Chinese,Spring Roll,115,28
M012136,R01025,Burger,Cheese Burger,558,23
M012137,R00702,South Indian,Uttapam,320,40
M012138,R00905,Biryani,Mutton Biryani,153,31
M012139,R00498,North Indian,Paneer Butter Masala,334,29
M012140,R00102,Burger,Cheese Burger,594,36
M012141,R00166,Healthy Foods,Grilled Chicken,523,39
M012142,R00657,Pizza,Farmhouse Pizza,485,35
M012143,R01297,Biryani,Chicken Biryani,105,41
M012144,R00775,South Indian,Pongal,593,15
M012145,R00919,Healthy Foods,Protein Bowl,280,14
M012146,R00208,South Indian,Uttapam,447,21
M012147,R01452,Chinese,Fried Rice,682,20
M012148,R00783,South Indian,Masala Dosa,255,35
M012149,R00952,South Indian,Vada,384,12
M012150,R00624,North Indian,Chole Bhature,521,28
M012151,R01479,Healthy Foods,Protein Bowl,680,25
M012152,R00727,Biryani,Veg Biryani,209,19
M012153,R01220,Healthy Foods,Protein Bowl,234,22
M012154,R00921,North Indian,Paneer Butter Masala,218,14
M012155,R00441,North Indian,Butter Naan,136,44
M012156,R00339,Chinese,Fried Rice,375,11
M012157,R00631,North Indian,Dal Makhani,554,28
M012158,R01314,South Indian,Uttapam,486,26
M012159,R01354,Biryani,Paneer Biryani,182,22
M012160,R00678,Biryani,Veg Biryani,310,16
M012161,R01496,North Indian,Chole Bhature,608,30
M012162,R00406,Biryani,Mutton Biryani,278,12
M012163,R01024,Pizza,Pepperoni Pizza,516,31
M012164,R00751,Chinese,Fried Rice,432,14
M012165,R00133,Biryani,Paneer Biryani,274,42
M012166,R00349,South Indian,Vada,444,25
M012167,R01266,Pizza,Farmhouse Pizza,433,15
M012168,R00460,North Indian,Dal Makhani,507,18
M012169,R01157,North Indian,Paneer Butter Masala,367,23
M012170,R01424,Burger,Veg Burger,372,14
M012171,R01249,Chinese,Fried Rice,107,30
M012172,R00575,South Indian,Masala Dosa,224,19
M012173,R00203,Biryani,Chicken Biryani,365,18
M012174,R00473,North Indian,Paneer Butter Masala,626,41
M012175,R00936,Biryani,Veg Biryani,700,25
M012176,R00884,Chinese,Spring Roll,337,16
M012177,R01265,Pizza,Veg Pizza,454,10
M012178,R01137,Biryani,Veg Biryani,230,14
M012179,R00282,South Indian,Masala Dosa,351,21
M012180,R00410,Biryani,Mutton Biryani,81,19
M012181,R00559,North Indian,Butter Naan,451,29
M012182,R00432,Burger,Veg Burger,366,42
M012183,R00955,Burger,Veg Burger,593,13
M012184,R00864,Biryani,Mutton Biryani,495,19
M012185,R00164,Biryani,Veg Biryani,167,13
M012186,R01065,South Indian,Masala Dosa,493,45
M012187,R01267,Biryani,Veg Biryani,602,44
M012188,R01045,Beverages,Lemon Juice,619,26
M012189,R00651,Pizza,Veg Pizza,367,21
M012190,R01158,South Indian,Masala Dosa,90,19
M012191,R00885,Burger,Chicken Burger,367,18
M012192,R00451,North Indian,Chole Bhature,690,17
M012193,R01304,Healthy Foods,Protein Bowl,299,39
M012194,R00313,Biryani,Chicken Biryani,130,27
M012195,R00343,South Indian,Pongal,276,21
M012196,R00228,Biryani,Mutton Biryani,524,42
M012197,R00546,North Indian,Butter Naan,256,29
M012198,R00272,Chinese,Manchurian,616,40
M012199,R01359,Healthy Foods,Protein Bowl,312,27
M012200,R00460,North Indian,Paneer Butter Masala,257,26
M012201,R00298,South Indian,Pongal,563,19
M012202,R00926,Chinese,Spring Roll,222,27
M012203,R01346,Burger,Cheese Burger,331,18
M012204,R01462,South Indian,Pongal,527,43
M012205,R00422,Chinese,Spring Roll,542,31
M012206,R01400,North Indian,Chole Bhature,527,26
M012207,R00305,Pizza,Margherita Pizza,89,18
M012208,R00943,South Indian,Uttapam,458,19
M012209,R00648,Chinese,Manchurian,625,34
M012210,R01281,Biryani,Paneer Biryani,85,12
M012211,R00831,Desserts,Ice Cream,251,32
M012212,R00818,Pizza,Margherita Pizza,634,29
M012213,R00716,Burger,Chicken Burger,515,11
M012214,R01283,North Indian,Paneer Butter Masala,82,21
M012215,R00322,Biryani,Paneer Biryani,617,44
M012216,R01324,South Indian,Idli,486,45
M012217,R01356,South Indian,Pongal,322,44
M012218,R01424,Burger,Chicken Burger,298,16
M012219,R00779,South Indian,Vada,401,19
M012220,R00325,North Indian,Paneer Butter Masala,132,19
M012221,R00505,Pizza,Veg Pizza,176,34
M012222,R00622,Biryani,Chicken Biryani,114,19
M012223,R00658,South Indian,Pongal,172,32
M012224,R00890,South Indian,Masala Dosa,431,11
M012225,R01310,Biryani,Veg Biryani,646,38
M012226,R00377,Pizza,Veg Pizza,81,36
M012227,R00028,Burger,Chicken Burger,183,29
M012228,R00562,Biryani,Chicken Biryani,665,18
M012229,R00839,Biryani,Mutton Biryani,229,45
M012230,R00645,Beverages,Lemon Juice,241,10
M012231,R00564,North Indian,Paneer Butter Masala,413,10
M012232,R01201,Biryani,Paneer Biryani,117,26
M012233,R00480,South Indian,Vada,481,16
M012234,R00145,South Indian,Pongal,368,42
M012235,R01353,South Indian,Pongal,565,36
M012236,R00212,Pizza,Margherita Pizza,227,27
M012237,R00256,Biryani,Chicken Biryani,563,42
M012238,R01428,Burger,Cheese Burger,625,20
M012239,R00400,Burger,Cheese Burger,410,42
M012240,R00394,Biryani,Mutton Biryani,241,26
M012241,R01496,North Indian,Paneer Butter Masala,492,25
M012242,R00706,Pizza,Pepperoni Pizza,431,28
M012243,R01462,South Indian,Idli,642,29
M012244,R00644,North Indian,Paneer Butter Masala,669,12
M012245,R01200,Biryani,Mutton Biryani,103,25
M012246,R01245,Pizza,Margherita Pizza,385,40
M012247,R00918,North Indian,Dal Makhani,513,34
M012248,R00201,Biryani,Chicken Biryani,124,12
M012249,R00175,Chinese,Manchurian,169,41
M012250,R00679,South Indian,Uttapam,281,20
M012251,R00025,North Indian,Butter Naan,360,22
M012252,R00091,Pizza,Veg Pizza,120,43
M012253,R00852,Pizza,Farmhouse Pizza,208,18
M012254,R00657,Pizza,Pepperoni Pizza,637,44
M012255,R01395,South Indian,Vada,141,33
M012256,R00252,Chinese,Manchurian,676,12
M012257,R00517,North Indian,Paneer Butter Masala,569,38
M012258,R00182,Biryani,Veg Biryani,662,22
M012259,R01034,Biryani,Paneer Biryani,553,18
M012260,R01265,Pizza,Pepperoni Pizza,112,28
M012261,R00931,Desserts,Chocolate Cake,455,13
M012262,R00882,Biryani,Paneer Biryani,516,31
M012263,R01147,Burger,Veg Burger,500,16
M012264,R00709,Chinese,Manchurian,290,39
M012265,R00471,Chinese,Fried Rice,529,12
M012266,R01330,Burger,Veg Burger,646,23
M012267,R00207,Healthy Foods,Protein Bowl,198,36
M012268,R00222,South Indian,Idli,575,35
M012269,R00483,Chinese,Fried Rice,404,25
M012270,R00877,South Indian,Uttapam,270,14
M012271,R00980,Biryani,Paneer Biryani,558,44
M012272,R00296,Biryani,Mutton Biryani,602,33
M012273,R00513,Pizza,Pepperoni Pizza,664,25
M012274,R00991,North Indian,Paneer Butter Masala,460,31
M012275,R01033,Beverages,Cold Coffee,653,41
M012276,R00584,North Indian,Paneer Butter Masala,567,10
M012277,R01203,Burger,Veg Burger,566,15
M012278,R01481,North Indian,Butter Naan,498,12
M012279,R00182,Biryani,Veg Biryani,163,37
M012280,R00623,South Indian,Vada,140,33
M012281,R01061,Burger,Chicken Burger,526,17
M012282,R01049,South Indian,Vada,641,28
M012283,R01320,Biryani,Mutton Biryani,339,27
M012284,R01155,South Indian,Vada,141,37
M012285,R00172,Chinese,Fried Rice,239,33
M012286,R01347,North Indian,Butter Naan,445,25
M012287,R01239,Chinese,Spring Roll,85,29
M012288,R00180,Healthy Foods,Protein Bowl,217,35
M012289,R00311,Biryani,Chicken Biryani,399,35
M012290,R00736,Pizza,Farmhouse Pizza,468,44
M012291,R00071,South Indian,Idli,185,16
M012292,R00063,Burger,Cheese Burger,208,30
M012293,R00568,Desserts,Ice Cream,192,26
M012294,R01066,Healthy Foods,Protein Bowl,630,44
M012295,R01129,Burger,Cheese Burger,86,34
M012296,R00038,Burger,Veg Burger,688,12
M012297,R00032,Beverages,Lemon Juice,681,16
M012298,R01155,South Indian,Pongal,662,42
M012299,R01090,South Indian,Uttapam,281,18
M012300,R00605,Pizza,Margherita Pizza,538,25
M012301,R00625,Chinese,Fried Rice,239,26
M012302,R01393,North Indian,Butter Naan,276,19
M012303,R01385,Chinese,Manchurian,97,38
M012304,R00531,Healthy Foods,Salad Bowl,654,12
M012305,R00430,Biryani,Mutton Biryani,280,34
M012306,R00761,Burger,Cheese Burger,466,18
M012307,R00859,North Indian,Paneer Butter Masala,181,34
M012308,R00702,South Indian,Masala Dosa,455,28
M012309,R01315,Chinese,Noodles,346,28
M012310,R00136,North Indian,Dal Makhani,353,33
M012311,R01295,Pizza,Pepperoni Pizza,698,43
M012312,R01444,Desserts,Ice Cream,197,25
M012313,R01329,South Indian,Uttapam,234,19
M012314,R00903,Chinese,Manchurian,398,44
M012315,R01313,North Indian,Butter Naan,653,39
M012316,R00217,Healthy Foods,Grilled Chicken,269,28
M012317,R00739,South Indian,Masala Dosa,653,42
M012318,R00874,Biryani,Chicken Biryani,572,38
M012319,R00129,Burger,Cheese Burger,159,28
M012320,R01374,Beverages,Lemon Juice,615,21
M012321,R00383,Biryani,Chicken Biryani,634,26
M012322,R00324,North Indian,Dal Makhani,249,34
M012323,R01492,Chinese,Fried Rice,105,27
M012324,R00673,Burger,Veg Burger,238,17
M012325,R00584,North Indian,Paneer Butter Masala,496,45
M012326,R01395,South Indian,Masala Dosa,370,28
M012327,R01155,South Indian,Uttapam,497,43
M012328,R00059,Burger,Cheese Burger,655,41
M012329,R01364,Pizza,Farmhouse Pizza,191,29
M012330,R00164,Biryani,Veg Biryani,681,35
M012331,R00585,North Indian,Paneer Butter Masala,465,32
M012332,R00768,North Indian,Paneer Butter Masala,398,12
M012333,R00296,Biryani,Mutton Biryani,601,42
M012334,R00422,Chinese,Manchurian,621,38
M012335,R01313,North Indian,Butter Naan,492,44
M012336,R00950,South Indian,Uttapam,192,15
M012337,R00432,Burger,Chicken Burger,295,45
M012338,R00117,South Indian,Uttapam,432,45
M012339,R00888,Healthy Foods,Salad Bowl,84,11
M012340,R00260,South Indian,Vada,674,17
M012341,R00134,Pizza,Pepperoni Pizza,601,34
M012342,R00655,Healthy Foods,Grilled Chicken,514,19
M012343,R01272,Biryani,Veg Biryani,216,20
M012344,R00600,South Indian,Pongal,165,38
M012345,R01365,North Indian,Butter Naan,520,39
M012346,R00764,Pizza,Margherita Pizza,508,24
M012347,R01425,North Indian,Butter Naan,228,10
M012348,R00101,Chinese,Fried Rice,676,29
M012349,R01271,Pizza,Pepperoni Pizza,302,22
M012350,R00788,South Indian,Uttapam,289,43
M012351,R00722,North Indian,Chole Bhature,597,29
M012352,R00181,North Indian,Butter Naan,235,26
M012353,R00119,North Indian,Dal Makhani,370,30
M012354,R00568,Desserts,Brownie,252,30
M012355,R00531,Healthy Foods,Salad Bowl,267,18
M012356,R00020,South Indian,Idli,696,43
M012357,R01268,North Indian,Chole Bhature,186,28
M012358,R00334,Biryani,Chicken Biryani,182,10
M012359,R00971,North Indian,Dal Makhani,289,31
M012360,R00665,South Indian,Vada,226,21
M012361,R01219,Healthy Foods,Grilled Chicken,310,21
M012362,R00829,North Indian,Butter Naan,309,12
M012363,R01283,North Indian,Dal Makhani,544,27
M012364,R01315,Chinese,Manchurian,103,38
M012365,R00678,Biryani,Veg Biryani,148,24
M012366,R00526,North Indian,Chole Bhature,557,23
M012367,R00517,North Indian,Paneer Butter Masala,376,35
M012368,R01189,North Indian,Butter Naan,469,33
M012369,R00134,Pizza,Veg Pizza,287,31
M012370,R00568,Desserts,Chocolate Cake,660,34
M012371,R00536,Desserts,Brownie,526,14
M012372,R01202,North Indian,Paneer Butter Masala,385,13
M012373,R00044,Biryani,Paneer Biryani,352,45
M012374,R01099,Chinese,Spring Roll,84,44
M012375,R00046,North Indian,Dal Makhani,373,10
M012376,R00277,South Indian,Idli,668,39
M012377,R01483,Burger,Veg Burger,231,27
M012378,R00862,Biryani,Veg Biryani,632,37
M012379,R01410,South Indian,Idli,386,34
M012380,R00322,Biryani,Mutton Biryani,337,30
M012381,R01403,South Indian,Vada,256,13
M012382,R00400,Burger,Chicken Burger,592,40
M012383,R00140,Biryani,Mutton Biryani,553,38
M012384,R00195,Biryani,Chicken Biryani,622,44
M012385,R00871,Pizza,Farmhouse Pizza,253,39
M012386,R00517,North Indian,Paneer Butter Masala,90,26
M012387,R00671,Pizza,Farmhouse Pizza,85,21
M012388,R01335,Pizza,Margherita Pizza,531,17
M012389,R01147,Burger,Cheese Burger,680,31
M012390,R00870,South Indian,Idli,608,19
M012391,R01352,Biryani,Mutton Biryani,593,10
M012392,R00254,Biryani,Chicken Biryani,217,37
M012393,R01460,Burger,Chicken Burger,158,44
M012394,R01403,South Indian,Uttapam,203,32
M012395,R00957,Pizza,Veg Pizza,679,19
M012396,R01308,North Indian,Dal Makhani,692,25
M012397,R00185,Biryani,Paneer Biryani,292,22
M012398,R00945,South Indian,Masala Dosa,153,12
M012399,R00984,North Indian,Butter Naan,90,20
M012400,R01086,Pizza,Pepperoni Pizza,141,30
M012401,R01055,South Indian,Pongal,612,31
M012402,R00354,North Indian,Chole Bhature,468,25
M012403,R00045,Desserts,Chocolate Cake,169,31
M012404,R00157,Chinese,Fried Rice,168,43
M012405,R00752,Burger,Veg Burger,259,17
M012406,R00919,Healthy Foods,Protein Bowl,607,17
M012407,R01043,Burger,Chicken Burger,188,24
M012408,R00538,North Indian,Dal Makhani,661,22
M012409,R00346,South Indian,Pongal,239,35
M012410,R00424,South Indian,Vada,676,31
M012411,R00426,Burger,Cheese Burger,436,27
M012412,R01089,South Indian,Pongal,600,13
M012413,R01493,Pizza,Farmhouse Pizza,218,37
M012414,R01034,Biryani,Veg Biryani,265,14
M012415,R01435,North Indian,Chole Bhature,81,29
M012416,R00909,North Indian,Chole Bhature,644,42
M012417,R00333,Beverages,Cold Coffee,396,34
M012418,R01323,Beverages,Cold Coffee,237,24
M012419,R00905,Biryani,Chicken Biryani,109,15
M012420,R00328,Biryani,Mutton Biryani,540,10
M012421,R00927,North Indian,Dal Makhani,235,32
M012422,R01087,North Indian,Dal Makhani,426,11
M012423,R00900,South Indian,Vada,464,42
M012424,R00191,Pizza,Veg Pizza,624,21
M012425,R01489,Biryani,Veg Biryani,576,40
M012426,R00731,South Indian,Masala Dosa,558,36
M012427,R01128,Pizza,Farmhouse Pizza,248,20
M012428,R01138,Healthy Foods,Protein Bowl,491,27
M012429,R01315,Chinese,Noodles,539,36
M012430,R00564,North Indian,Butter Naan,469,35
M012431,R00869,North Indian,Dal Makhani,683,33
M012432,R00069,South Indian,Pongal,143,11
M012433,R01170,South Indian,Idli,188,16
M012434,R00037,Beverages,Lemon Juice,209,20
M012435,R00912,Chinese,Spring Roll,157,36
M012436,R00633,South Indian,Masala Dosa,478,26
M012437,R01284,North Indian,Dal Makhani,318,21
M012438,R00737,Pizza,Pepperoni Pizza,530,24
M012439,R00689,Burger,Cheese Burger,698,31
M012440,R00480,South Indian,Masala Dosa,432,25
M012441,R01461,Beverages,Cold Coffee,81,34
M012442,R00997,North Indian,Paneer Butter Masala,536,18
M012443,R01081,South Indian,Uttapam,544,28
M012444,R00101,Chinese,Fried Rice,495,33
M012445,R00342,Burger,Chicken Burger,632,43
M012446,R00816,Biryani,Chicken Biryani,454,40
M012447,R00168,South Indian,Pongal,133,26
M012448,R00740,Burger,Veg Burger,440,26
M012449,R00032,Beverages,Cold Coffee,249,27
M012450,R01076,Healthy Foods,Grilled Chicken,470,21
M012451,R01455,South Indian,Uttapam,638,19
M012452,R00293,Biryani,Paneer Biryani,473,37
M012453,R00895,Pizza,Veg Pizza,375,25
M012454,R00855,Biryani,Veg Biryani,652,22
M012455,R01118,North Indian,Dal Makhani,238,21
M012456,R00409,South Indian,Masala Dosa,639,39
M012457,R00083,North Indian,Paneer Butter Masala,681,31
M012458,R00494,Burger,Cheese Burger,483,41
M012459,R00513,Pizza,Veg Pizza,644,36
M012460,R00896,Biryani,Chicken Biryani,452,32
M012461,R01149,Biryani,Chicken Biryani,323,17
M012462,R01296,Burger,Veg Burger,700,41
M012463,R00532,North Indian,Butter Naan,148,44
M012464,R00145,South Indian,Masala Dosa,363,17
M012465,R00931,Desserts,Ice Cream,405,30
M012466,R00252,Chinese,Fried Rice,385,32
M012467,R01007,South Indian,Idli,284,44
M012468,R01158,South Indian,Idli,585,26
M012469,R01376,South Indian,Idli,325,30
M012470,R01183,Biryani,Mutton Biryani,610,34
M012471,R00596,Biryani,Mutton Biryani,181,43
M012472,R00540,Desserts,Brownie,631,33
M012473,R01452,Chinese,Spring Roll,515,20
M012474,R01264,Biryani,Paneer Biryani,498,13
M012475,R00098,Biryani,Veg Biryani,376,42
M012476,R00236,North Indian,Chole Bhature,248,24
M012477,R00688,Healthy Foods,Grilled Chicken,414,33
M012478,R01493,Pizza,Margherita Pizza,457,41
M012479,R01375,Burger,Chicken Burger,241,28
M012480,R00990,North Indian,Chole Bhature,657,42
M012481,R00261,Chinese,Spring Roll,470,21
M012482,R00063,Burger,Veg Burger,675,38
M012483,R00349,South Indian,Vada,226,39
M012484,R00861,Pizza,Veg Pizza,128,41
M012485,R00868,Chinese,Spring Roll,637,32
M012486,R00389,North Indian,Paneer Butter Masala,654,15
M012487,R01393,North Indian,Paneer Butter Masala,559,11
M012488,R00926,Chinese,Noodles,107,31
M012489,R00067,Biryani,Veg Biryani,675,32
M012490,R00812,North Indian,Butter Naan,172,29
M012491,R01344,Beverages,Lemon Juice,689,33
M012492,R01128,Pizza,Farmhouse Pizza,175,42
M012493,R01486,North Indian,Paneer Butter Masala,231,16
M012494,R01199,Biryani,Paneer Biryani,533,30
M012495,R01059,South Indian,Pongal,121,18
M012496,R00981,Burger,Veg Burger,151,32
M012497,R01280,Biryani,Mutton Biryani,301,39
M012498,R00662,Biryani,Veg Biryani,600,16
M012499,R01209,Burger,Cheese Burger,259,39
M012500,R01473,South Indian,Masala Dosa,116,30
M012501,R01081,South Indian,Idli,205,28
M012502,R00093,Biryani,Paneer Biryani,678,23
M012503,R00804,Desserts,Brownie,700,37
M012504,R01139,Biryani,Chicken Biryani,686,30
M012505,R00559,North Indian,Paneer Butter Masala,436,29
M012506,R01115,South Indian,Uttapam,293,18
M012507,R00415,South Indian,Uttapam,116,29
M012508,R00450,South Indian,Uttapam,417,39
M012509,R00536,Desserts,Chocolate Cake,139,40
M012510,R00072,South Indian,Idli,390,10
M012511,R01243,Chinese,Manchurian,112,24
M012512,R00808,North Indian,Chole Bhature,181,17
M012513,R00710,Biryani,Veg Biryani,697,20
M012514,R00968,Biryani,Mutton Biryani,518,15
M012515,R01268,North Indian,Chole Bhature,426,10
M012516,R00297,Burger,Veg Burger,455,18
M012517,R01090,South Indian,Vada,579,36
M012518,R00532,North Indian,Paneer Butter Masala,699,14
M012519,R00071,South Indian,Vada,370,35
M012520,R01300,South Indian,Masala Dosa,451,32
M012521,R01158,South Indian,Vada,376,37
M012522,R00774,Biryani,Chicken Biryani,160,35
M012523,R00526,North Indian,Butter Naan,445,11
M012524,R00921,North Indian,Butter Naan,449,41
M012525,R00662,Biryani,Mutton Biryani,308,21
M012526,R01368,South Indian,Idli,246,25
M012527,R01383,North Indian,Butter Naan,119,20
M012528,R01133,Chinese,Manchurian,458,45
M012529,R00652,South Indian,Vada,609,25
M012530,R00421,Biryani,Chicken Biryani,262,19
M012531,R01251,Chinese,Noodles,208,31
M012532,R00522,Biryani,Chicken Biryani,540,27
M012533,R01402,North Indian,Chole Bhature,465,36
M012534,R00538,North Indian,Dal Makhani,275,21
M012535,R00730,Healthy Foods,Protein Bowl,167,13
M012536,R00913,Biryani,Veg Biryani,675,34
M012537,R01424,Burger,Veg Burger,83,33
M012538,R01212,South Indian,Masala Dosa,272,33
M012539,R00875,Biryani,Veg Biryani,572,20
M012540,R00929,Pizza,Margherita Pizza,101,35
M012541,R00132,Biryani,Paneer Biryani,457,40
M012542,R01027,Biryani,Paneer Biryani,432,10
M012543,R00668,South Indian,Idli,628,15
M012544,R00770,Biryani,Paneer Biryani,183,22
M012545,R00274,South Indian,Vada,364,15
M012546,R01127,North Indian,Dal Makhani,529,38
M012547,R01154,Biryani,Paneer Biryani,650,32
M012548,R00483,Chinese,Spring Roll,625,35
M012549,R00841,Pizza,Margherita Pizza,111,44
M012550,R01238,North Indian,Paneer Butter Masala,266,34
M012551,R01169,North Indian,Paneer Butter Masala,408,16
M012552,R00740,Burger,Veg Burger,377,17
M012553,R01245,Pizza,Veg Pizza,686,35
M012554,R00447,Chinese,Manchurian,572,18
M012555,R00362,South Indian,Vada,362,37
M012556,R00204,South Indian,Vada,425,29
M012557,R00303,North Indian,Paneer Butter Masala,103,34
M012558,R01352,Biryani,Veg Biryani,172,40
M012559,R00177,South Indian,Uttapam,449,44
M012560,R01437,Desserts,Brownie,307,34
M012561,R00845,South Indian,Pongal,117,19
M012562,R01088,South Indian,Pongal,639,12
M012563,R00109,Healthy Foods,Grilled Chicken,282,37
M012564,R01445,Biryani,Chicken Biryani,88,14
M012565,R00978,Burger,Veg Burger,648,19
M012566,R01000,Biryani,Veg Biryani,406,23
M012567,R01181,Pizza,Pepperoni Pizza,133,14
M012568,R00158,Biryani,Mutton Biryani,304,24
M012569,R00283,Burger,Chicken Burger,310,41
M012570,R00667,Burger,Chicken Burger,416,38
M012571,R01269,Chinese,Spring Roll,219,24
M012572,R01463,Burger,Veg Burger,349,33
M012573,R00665,South Indian,Vada,651,14
M012574,R00922,Biryani,Paneer Biryani,474,36
M012575,R00760,Healthy Foods,Protein Bowl,277,17
M012576,R00327,Biryani,Veg Biryani,465,13
M012577,R01471,South Indian,Uttapam,153,41
M012578,R00551,South Indian,Idli,423,25
M012579,R00442,Healthy Foods,Protein Bowl,691,26
M012580,R00971,North Indian,Paneer Butter Masala,457,19
M012581,R01054,Pizza,Margherita Pizza,353,13
M012582,R00582,Pizza,Farmhouse Pizza,238,25
M012583,R00521,Biryani,Paneer Biryani,267,16
M012584,R00958,North Indian,Butter Naan,116,10
M012585,R00334,Biryani,Veg Biryani,305,34
M012586,R00598,Biryani,Paneer Biryani,689,32
M012587,R00387,South Indian,Uttapam,93,35
M012588,R00848,South Indian,Idli,419,14
M012589,R01100,Biryani,Chicken Biryani,524,32
M012590,R01183,Biryani,Chicken Biryani,564,36
M012591,R00896,Biryani,Mutton Biryani,164,12
M012592,R00191,Pizza,Margherita Pizza,478,27
M012593,R00663,Chinese,Fried Rice,677,30
M012594,R00895,Pizza,Farmhouse Pizza,390,44
M012595,R01376,South Indian,Idli,229,36
M012596,R01318,Pizza,Pepperoni Pizza,514,40
M012597,R00691,South Indian,Masala Dosa,214,27
M012598,R01461,Beverages,Lemon Juice,206,39
M012599,R01212,South Indian,Uttapam,586,24
M012600,R01438,Biryani,Mutton Biryani,347,20
M012601,R01179,Biryani,Chicken Biryani,576,28
M012602,R01051,Pizza,Pepperoni Pizza,622,15
M012603,R01301,Burger,Chicken Burger,698,33
M012604,R00972,North Indian,Chole Bhature,614,29
M012605,R00534,Chinese,Manchurian,690,13
M012606,R00743,South Indian,Pongal,280,11
M012607,R00237,Biryani,Mutton Biryani,290,20
M012608,R00593,South Indian,Vada,448,23
M012609,R01095,South Indian,Vada,520,36
M012610,R00420,Burger,Chicken Burger,473,18
M012611,R00585,North Indian,Chole Bhature,330,24
M012612,R00716,Burger,Veg Burger,154,41
M012613,R01066,Healthy Foods,Protein Bowl,613,25
M012614,R01377,South Indian,Uttapam,419,19
M012615,R00898,Beverages,Cold Coffee,347,25
M012616,R00183,Healthy Foods,Grilled Chicken,351,29
M012617,R01483,Burger,Veg Burger,480,21
M012618,R01074,Biryani,Paneer Biryani,438,32
M012619,R00819,Chinese,Spring Roll,338,40
M012620,R01337,Burger,Veg Burger,373,18
M012621,R00189,Biryani,Veg Biryani,133,23
M012622,R01354,Biryani,Chicken Biryani,194,24
M012623,R00227,Biryani,Paneer Biryani,466,41
M012624,R01240,Chinese,Manchurian,691,25
M012625,R00195,Biryani,Chicken Biryani,437,29
M012626,R01092,Chinese,Manchurian,81,14
M012627,R01453,North Indian,Butter Naan,95,25
M012628,R01124,North Indian,Paneer Butter Masala,381,22
M012629,R00955,Burger,Veg Burger,530,11
M012630,R00193,North Indian,Dal Makhani,87,34
M012631,R00557,Chinese,Noodles,328,36
M012632,R01410,South Indian,Vada,188,19
M012633,R00429,Biryani,Veg Biryani,572,28
M012634,R00532,North Indian,Dal Makhani,163,31
M012635,R00635,Biryani,Chicken Biryani,455,20
M012636,R00273,Biryani,Veg Biryani,432,44
M012637,R00855,Biryani,Veg Biryani,272,11
M012638,R01233,Biryani,Mutton Biryani,569,10
M012639,R00362,South Indian,Masala Dosa,569,30
M012640,R00740,Burger,Veg Burger,247,34
M012641,R00819,Chinese,Fried Rice,441,30
M012642,R00126,Chinese,Manchurian,451,19
M012643,R01125,North Indian,Dal Makhani,306,22
M012644,R01107,Biryani,Paneer Biryani,324,33
M012645,R00179,Pizza,Farmhouse Pizza,326,20
M012646,R01206,Chinese,Noodles,618,25
M012647,R00178,Chinese,Noodles,258,26
M012648,R01165,Burger,Cheese Burger,170,17
M012649,R00999,Chinese,Spring Roll,633,23
M012650,R00485,North Indian,Paneer Butter Masala,594,17
M012651,R00816,Biryani,Veg Biryani,311,28
M012652,R01211,Biryani,Chicken Biryani,420,24
M012653,R00786,South Indian,Masala Dosa,393,43
M012654,R00172,Chinese,Noodles,536,18
M012655,R00726,Pizza,Farmhouse Pizza,601,38
M012656,R00544,Biryani,Paneer Biryani,147,45
M012657,R00196,Chinese,Manchurian,114,19
M012658,R00048,Pizza,Veg Pizza,700,24
M012659,R01254,Pizza,Farmhouse Pizza,663,14
M012660,R00235,North Indian,Dal Makhani,436,24
M012661,R00536,Desserts,Chocolate Cake,405,35
M012662,R01473,South Indian,Idli,630,39
M012663,R00968,Biryani,Chicken Biryani,696,25
M012664,R00861,Pizza,Veg Pizza,457,20
M012665,R00898,Beverages,Cold Coffee,593,24
M012666,R01000,Biryani,Veg Biryani,124,42
M012667,R01333,Desserts,Ice Cream,556,36
M012668,R00629,South Indian,Pongal,687,30
M012669,R00098,Biryani,Mutton Biryani,430,36
M012670,R01474,Chinese,Fried Rice,605,34
M012671,R00976,Biryani,Chicken Biryani,317,40
M012672,R01229,Biryani,Paneer Biryani,648,22
M012673,R00222,South Indian,Idli,268,20
M012674,R00250,South Indian,Vada,206,35
M012675,R00455,Biryani,Chicken Biryani,371,10
M012676,R01398,South Indian,Vada,129,36
M012677,R00081,Biryani,Mutton Biryani,249,36
M012678,R00524,Biryani,Chicken Biryani,555,42
M012679,R00885,Burger,Cheese Burger,674,39
M012680,R00171,South Indian,Pongal,638,32
M012681,R00807,Chinese,Spring Roll,570,15
M012682,R00043,Pizza,Pepperoni Pizza,181,14
M012683,R01051,Pizza,Pepperoni Pizza,330,12
M012684,R00006,Pizza,Pepperoni Pizza,501,29
M012685,R00189,Biryani,Mutton Biryani,162,18
M012686,R01388,Chinese,Manchurian,250,20
M012687,R01016,Burger,Chicken Burger,391,10
M012688,R00220,Biryani,Veg Biryani,376,39
M012689,R01204,North Indian,Butter Naan,599,43
M012690,R00897,Burger,Cheese Burger,547,24
M012691,R00083,North Indian,Paneer Butter Masala,672,34
M012692,R00204,South Indian,Idli,664,43
M012693,R01339,South Indian,Uttapam,563,14
M012694,R01103,South Indian,Masala Dosa,589,35
M012695,R01119,Beverages,Lemon Juice,617,10
M012696,R00712,Desserts,Chocolate Cake,347,34
M012697,R00110,Biryani,Chicken Biryani,289,36
M012698,R00861,Pizza,Margherita Pizza,683,24
M012699,R00233,Pizza,Farmhouse Pizza,192,30
M012700,R01402,North Indian,Butter Naan,230,36
M012701,R00075,North Indian,Paneer Butter Masala,400,21
M012702,R00839,Biryani,Mutton Biryani,179,19
M012703,R00795,Pizza,Farmhouse Pizza,305,35
M012704,R00183,Healthy Foods,Grilled Chicken,565,31
M012705,R01394,Pizza,Farmhouse Pizza,658,27
M012706,R00589,Pizza,Veg Pizza,539,23
M012707,R00619,Biryani,Paneer Biryani,102,45
M012708,R00192,Chinese,Fried Rice,259,34
M012709,R00433,Pizza,Farmhouse Pizza,295,12
M012710,R01052,Chinese,Manchurian,481,30
M012711,R00424,South Indian,Masala Dosa,134,30
M012712,R00336,North Indian,Butter Naan,292,45
M012713,R01062,Chinese,Noodles,540,27
M012714,R00648,Chinese,Noodles,460,36
M012715,R00193,North Indian,Dal Makhani,456,36
M012716,R01143,South Indian,Pongal,433,23
M012717,R00070,Beverages,Cold Coffee,196,40
M012718,R00003,North Indian,Chole Bhature,215,29
M012719,R01354,Biryani,Veg Biryani,519,16
M012720,R00957,Pizza,Margherita Pizza,462,38
M012721,R01493,Pizza,Veg Pizza,364,15
M012722,R01135,South Indian,Vada,556,16
M012723,R00991,North Indian,Paneer Butter Masala,651,45
M012724,R01322,Burger,Veg Burger,225,14
M012725,R00334,Biryani,Mutton Biryani,268,25
M012726,R00823,North Indian,Dal Makhani,204,11
M012727,R01201,Biryani,Chicken Biryani,604,36
M012728,R00460,North Indian,Butter Naan,354,17
M012729,R00863,South Indian,Pongal,355,21
M012730,R00560,Pizza,Farmhouse Pizza,414,27
M012731,R00650,South Indian,Masala Dosa,499,37
M012732,R01021,Burger,Veg Burger,677,11
M012733,R00688,Healthy Foods,Protein Bowl,154,33
M012734,R00325,North Indian,Butter Naan,218,38
M012735,R00584,North Indian,Paneer Butter Masala,245,15
M012736,R00036,Chinese,Fried Rice,675,14
M012737,R01168,Biryani,Paneer Biryani,211,30
M012738,R00400,Burger,Cheese Burger,193,30
M012739,R00819,Chinese,Fried Rice,510,34
M012740,R00921,North Indian,Dal Makhani,129,43
M012741,R00545,South Indian,Pongal,442,41
M012742,R00749,Pizza,Veg Pizza,578,12
M012743,R00833,Healthy Foods,Grilled Chicken,510,26
M012744,R01227,South Indian,Idli,211,36
M012745,R01275,South Indian,Masala Dosa,396,19
M012746,R01275,South Indian,Vada,565,41
M012747,R00982,Burger,Chicken Burger,514,11
M012748,R00608,Chinese,Manchurian,295,21
M012749,R01379,South Indian,Uttapam,412,17
M012750,R00924,South Indian,Masala Dosa,601,45
M012751,R00351,South Indian,Uttapam,697,23
M012752,R00975,Desserts,Brownie,167,21
M012753,R01061,Burger,Veg Burger,321,12
M012754,R00904,Biryani,Paneer Biryani,698,14
M012755,R00202,Biryani,Paneer Biryani,510,22
M012756,R01154,Biryani,Mutton Biryani,101,12
M012757,R00770,Biryani,Mutton Biryani,358,15
M012758,R01361,South Indian,Masala Dosa,533,25
M012759,R01439,South Indian,Vada,684,38
M012760,R00440,South Indian,Masala Dosa,269,23
M012761,R00377,Pizza,Farmhouse Pizza,497,26
M012762,R00172,Chinese,Noodles,676,35
M012763,R00424,South Indian,Idli,103,29
M012764,R01405,Chinese,Fried Rice,532,17
M012765,R00322,Biryani,Paneer Biryani,104,19
M012766,R00210,Biryani,Veg Biryani,110,35
M012767,R00978,Burger,Veg Burger,436,29
M012768,R01201,Biryani,Mutton Biryani,178,28
M012769,R00358,South Indian,Masala Dosa,110,16
M012770,R01260,South Indian,Masala Dosa,454,39
M012771,R00561,Biryani,Chicken Biryani,661,38
M012772,R00906,South Indian,Pongal,299,13
M012773,R00248,North Indian,Butter Naan,102,33
M012774,R00896,Biryani,Veg Biryani,239,38
M012775,R00611,Beverages,Lemon Juice,179,41
M012776,R01282,Biryani,Veg Biryani,88,38
M012777,R01031,South Indian,Vada,664,38
M012778,R00687,Burger,Veg Burger,322,11
M012779,R00426,Burger,Chicken Burger,326,13
M012780,R01066,Healthy Foods,Salad Bowl,518,29
M012781,R00624,North Indian,Paneer Butter Masala,583,18
M012782,R01101,Pizza,Margherita Pizza,405,44
M012783,R00517,North Indian,Paneer Butter Masala,486,41
M012784,R00592,Chinese,Spring Roll,323,41
M012785,R01442,South Indian,Uttapam,442,24
M012786,R00107,Chinese,Spring Roll,316,20
M012787,R00602,Chinese,Fried Rice,174,21
M012788,R00581,South Indian,Idli,534,27
M012789,R01179,Biryani,Chicken Biryani,571,34
M012790,R00455,Biryani,Veg Biryani,371,36
M012791,R01134,Biryani,Mutton Biryani,581,33
M012792,R01212,South Indian,Vada,543,13
M012793,R01485,North Indian,Dal Makhani,322,41
M012794,R00984,North Indian,Paneer Butter Masala,552,45
M012795,R00168,South Indian,Masala Dosa,306,29
M012796,R00831,Desserts,Brownie,629,37
M012797,R01225,Biryani,Mutton Biryani,414,29
M012798,R01064,North Indian,Dal Makhani,667,42
M012799,R00793,Chinese,Spring Roll,526,14
M012800,R00902,Biryani,Chicken Biryani,282,45
M012801,R00260,South Indian,Uttapam,592,15
M012802,R00613,Pizza,Margherita Pizza,656,32
M012803,R00211,Chinese,Spring Roll,621,44
M012804,R01446,North Indian,Dal Makhani,569,25
M012805,R00153,South Indian,Masala Dosa,352,31
M012806,R01067,North Indian,Dal Makhani,354,23
M012807,R00806,South Indian,Idli,372,43
M012808,R00166,Healthy Foods,Grilled Chicken,443,27
M012809,R00654,Biryani,Paneer Biryani,516,38
M012810,R00797,Burger,Veg Burger,285,29
M012811,R00018,North Indian,Butter Naan,458,19
M012812,R01206,Chinese,Manchurian,605,10
M012813,R00166,Healthy Foods,Salad Bowl,472,30
M012814,R01208,South Indian,Masala Dosa,487,39
M012815,R00076,Burger,Cheese Burger,89,37
M012816,R01402,North Indian,Butter Naan,693,22
M012817,R01008,North Indian,Dal Makhani,115,36
M012818,R00439,North Indian,Dal Makhani,98,22
M012819,R00410,Biryani,Mutton Biryani,582,40
M012820,R00665,South Indian,Masala Dosa,167,38
M012821,R00896,Biryani,Chicken Biryani,356,36
M012822,R01459,Biryani,Paneer Biryani,378,18
M012823,R01495,North Indian,Butter Naan,551,40
M012824,R01288,Biryani,Chicken Biryani,459,44
M012825,R00899,North Indian,Dal Makhani,608,17
M012826,R00498,North Indian,Butter Naan,231,23
M012827,R01269,Chinese,Fried Rice,185,18
M012828,R01126,Burger,Chicken Burger,505,28
M012829,R01239,Chinese,Spring Roll,197,28
M012830,R00763,Chinese,Fried Rice,263,16
M012831,R00730,Healthy Foods,Salad Bowl,527,23
M012832,R00025,North Indian,Dal Makhani,432,15
M012833,R00862,Biryani,Paneer Biryani,637,16
M012834,R01352,Biryani,Chicken Biryani,553,14
M012835,R00347,Healthy Foods,Salad Bowl,300,38
M012836,R01006,Burger,Chicken Burger,361,32
M012837,R00292,Biryani,Chicken Biryani,189,43
M012838,R00618,South Indian,Pongal,261,22
M012839,R00231,Burger,Chicken Burger,327,37
M012840,R00522,Biryani,Paneer Biryani,437,36
M012841,R00779,South Indian,Uttapam,457,42
M012842,R00200,Healthy Foods,Salad Bowl,336,11
M012843,R01030,Desserts,Brownie,357,35
M012844,R01496,North Indian,Paneer Butter Masala,283,14
M012845,R01200,Biryani,Paneer Biryani,469,28
M012846,R01394,Pizza,Farmhouse Pizza,336,37
M012847,R00805,North Indian,Chole Bhature,325,21
M012848,R01482,Biryani,Chicken Biryani,484,36
M012849,R01287,South Indian,Masala Dosa,359,22
M012850,R00529,North Indian,Butter Naan,230,13
M012851,R00757,Chinese,Fried Rice,459,20
M012852,R00445,Healthy Foods,Salad Bowl,263,12
M012853,R00884,Chinese,Noodles,450,18
M012854,R01373,Burger,Chicken Burger,564,36
M012855,R00076,Burger,Chicken Burger,418,32
M012856,R00754,Burger,Veg Burger,187,23
M012857,R01373,Burger,Veg Burger,258,24
M012858,R00516,South Indian,Pongal,472,40
M012859,R00840,North Indian,Butter Naan,413,22
M012860,R00572,South Indian,Vada,312,15
M012861,R00335,South Indian,Masala Dosa,266,14
M012862,R00787,Pizza,Farmhouse Pizza,332,25
M012863,R00933,South Indian,Masala Dosa,280,32
M012864,R00925,Biryani,Chicken Biryani,512,32
M012865,R00850,Biryani,Paneer Biryani,117,40
M012866,R01190,Biryani,Veg Biryani,382,10
M012867,R00768,North Indian,Chole Bhature,362,14
M012868,R00771,Beverages,Cold Coffee,171,27
M012869,R01373,Burger,Veg Burger,127,13
M012870,R00787,Pizza,Margherita Pizza,153,41
M012871,R00083,North Indian,Chole Bhature,344,21
M012872,R01350,South Indian,Pongal,629,28
M012873,R01022,North Indian,Chole Bhature,471,24
M012874,R00525,Biryani,Veg Biryani,462,45
M012875,R00396,Burger,Veg Burger,167,17
M012876,R00127,Biryani,Paneer Biryani,540,26
M012877,R00599,Chinese,Fried Rice,637,20
M012878,R00174,North Indian,Butter Naan,535,19
M012879,R01274,Burger,Veg Burger,164,30
M012880,R00088,Biryani,Mutton Biryani,102,19
M012881,R00150,Biryani,Paneer Biryani,251,11
M012882,R00054,Healthy Foods,Protein Bowl,112,35
M012883,R01386,Desserts,Brownie,121,15
M012884,R01485,North Indian,Dal Makhani,617,15
M012885,R00992,Pizza,Margherita Pizza,347,26
M012886,R01460,Burger,Cheese Burger,186,16
M012887,R00443,Pizza,Margherita Pizza,295,30
M012888,R01421,South Indian,Pongal,218,37
M012889,R00614,Biryani,Mutton Biryani,522,21
M012890,R01472,South Indian,Uttapam,533,33
M012891,R00052,Burger,Cheese Burger,336,12
M012892,R00864,Biryani,Veg Biryani,365,25
M012893,R00984,North Indian,Butter Naan,442,11
M012894,R01106,Burger,Cheese Burger,326,23
M012895,R00813,Burger,Cheese Burger,617,23
M012896,R00704,South Indian,Masala Dosa,375,31
M012897,R00999,Chinese,Fried Rice,436,19
M012898,R00546,North Indian,Butter Naan,90,28
M012899,R01386,Desserts,Chocolate Cake,181,43
M012900,R00693,South Indian,Masala Dosa,551,36
M012901,R00985,South Indian,Uttapam,117,16
M012902,R00671,Pizza,Pepperoni Pizza,466,27
M012903,R00280,Healthy Foods,Protein Bowl,656,32
M012904,R01046,North Indian,Chole Bhature,534,22
M012905,R00569,Healthy Foods,Protein Bowl,175,12
M012906,R00805,North Indian,Paneer Butter Masala,509,18
M012907,R01471,South Indian,Masala Dosa,193,42
M012908,R00010,North Indian,Butter Naan,611,33
M012909,R01360,Biryani,Paneer Biryani,130,23
M012910,R00441,North Indian,Chole Bhature,331,19
M012911,R00278,South Indian,Idli,566,26
M012912,R00267,South Indian,Pongal,240,25
M012913,R00838,Biryani,Mutton Biryani,526,40
M012914,R00858,Burger,Veg Burger,377,41
M012915,R00128,South Indian,Uttapam,496,42
M012916,R01007,South Indian,Masala Dosa,599,44
M012917,R01087,North Indian,Dal Makhani,409,29
M012918,R01046,North Indian,Chole Bhature,647,12
M012919,R01041,South Indian,Masala Dosa,367,10
M012920,R00718,North Indian,Butter Naan,429,44
M012921,R01487,Burger,Chicken Burger,295,17
M012922,R01063,Beverages,Cold Coffee,441,21
M012923,R00514,Burger,Veg Burger,463,27
M012924,R00177,South Indian,Uttapam,407,26
M012925,R00765,Pizza,Pepperoni Pizza,250,12
M012926,R00919,Healthy Foods,Protein Bowl,587,11
M012927,R00382,South Indian,Masala Dosa,594,22
M012928,R00213,South Indian,Uttapam,647,19
M012929,R00990,North Indian,Butter Naan,351,17
M012930,R00882,Biryani,Paneer Biryani,118,27
M012931,R01049,South Indian,Vada,557,11
M012932,R01498,Pizza,Veg Pizza,390,38
M012933,R01112,Pizza,Margherita Pizza,297,38
M012934,R00251,Biryani,Paneer Biryani,666,20
M012935,R01463,Burger,Chicken Burger,456,12
M012936,R00314,Biryani,Chicken Biryani,689,32
M012937,R01403,South Indian,Uttapam,370,10
M012938,R00093,Biryani,Paneer Biryani,624,28
M012939,R01405,Chinese,Manchurian,142,36
M012940,R01187,South Indian,Uttapam,174,42
M012941,R00931,Desserts,Brownie,349,40
M012942,R00305,Pizza,Margherita Pizza,622,14
M012943,R00402,Biryani,Chicken Biryani,161,32
M012944,R00712,Desserts,Ice Cream,310,26
M012945,R00030,Pizza,Veg Pizza,170,43
M012946,R01174,South Indian,Vada,126,33
M012947,R01294,South Indian,Uttapam,87,19
M012948,R00241,Biryani,Mutton Biryani,398,10
M012949,R00719,South Indian,Vada,343,11
M012950,R00326,Chinese,Manchurian,350,44
M012951,R00905,Biryani,Mutton Biryani,696,44
M012952,R01025,Burger,Chicken Burger,164,43
M012953,R01112,Pizza,Pepperoni Pizza,623,43
M012954,R00222,South Indian,Uttapam,448,12
M012955,R01424,Burger,Veg Burger,681,27
M012956,R00523,Chinese,Spring Roll,433,17
M012957,R00176,South Indian,Idli,225,11
M012958,R00503,South Indian,Masala Dosa,323,17
M012959,R00100,Biryani,Mutton Biryani,445,19
M012960,R01205,North Indian,Dal Makhani,239,40
M012961,R00854,Biryani,Paneer Biryani,232,41
M012962,R00537,Burger,Chicken Burger,459,29
M012963,R00412,North Indian,Chole Bhature,135,27
M012964,R01154,Biryani,Mutton Biryani,689,38
M012965,R01201,Biryani,Mutton Biryani,139,22
M012966,R01371,Chinese,Manchurian,139,44
M012967,R00645,Beverages,Mojito,550,29
M012968,R01165,Burger,Chicken Burger,287,24
M012969,R00619,Biryani,Chicken Biryani,194,16
M012970,R00332,Biryani,Paneer Biryani,338,13
M012971,R00010,North Indian,Butter Naan,261,29
M012972,R00437,Biryani,Mutton Biryani,690,23
M012973,R00425,Pizza,Margherita Pizza,247,24
M012974,R01468,Beverages,Cold Coffee,221,41
M012975,R00998,Chinese,Spring Roll,616,41
M012976,R00981,Burger,Chicken Burger,365,11
M012977,R00060,South Indian,Masala Dosa,571,35
M012978,R01155,South Indian,Pongal,512,32
M012979,R00694,North Indian,Chole Bhature,84,20
M012980,R00047,Biryani,Veg Biryani,534,23
M012981,R01484,South Indian,Masala Dosa,681,17
M012982,R00210,Biryani,Paneer Biryani,453,44
M012983,R01021,Burger,Cheese Burger,281,43
M012984,R00440,South Indian,Vada,205,37
M012985,R01319,South Indian,Masala Dosa,520,14
M012986,R00574,South Indian,Vada,528,23
M012987,R00547,South Indian,Uttapam,200,44
M012988,R00555,Healthy Foods,Grilled Chicken,197,27
M012989,R00111,Burger,Veg Burger,555,11
M012990,R01426,North Indian,Chole Bhature,101,13
M012991,R00862,Biryani,Mutton Biryani,126,24
M012992,R01256,North Indian,Paneer Butter Masala,213,24
M012993,R00010,North Indian,Butter Naan,122,29
M012994,R00777,North Indian,Butter Naan,576,14
M012995,R01355,Biryani,Chicken Biryani,136,38
M012996,R01194,South Indian,Pongal,581,15
M012997,R01428,Burger,Cheese Burger,345,17
M012998,R00253,Pizza,Farmhouse Pizza,573,38
M012999,R00397,North Indian,Paneer Butter Masala,82,37
M013000,R00889,South Indian,Uttapam,125,23
M013001,R00454,South Indian,Pongal,412,30
M013002,R01255,Biryani,Chicken Biryani,233,25
M013003,R00831,Desserts,Brownie,459,44
M013004,R01080,Pizza,Farmhouse Pizza,447,19
M013005,R00217,Healthy Foods,Salad Bowl,200,32
M013006,R00271,Chinese,Spring Roll,253,17
M013007,R00115,Pizza,Pepperoni Pizza,132,22
M013008,R00841,Pizza,Pepperoni Pizza,97,10
M013009,R00554,Pizza,Pepperoni Pizza,172,34
M013010,R01281,Biryani,Mutton Biryani,647,34
M013011,R00363,North Indian,Dal Makhani,494,28
M013012,R00505,Pizza,Margherita Pizza,412,11
M013013,R00670,Burger,Cheese Burger,632,11
M013014,R01172,Biryani,Chicken Biryani,217,41
M013015,R00205,Desserts,Ice Cream,234,26
M013016,R00366,Chinese,Spring Roll,449,18
M013017,R00459,South Indian,Pongal,601,38
M013018,R01174,South Indian,Masala Dosa,97,12
M013019,R00055,Biryani,Chicken Biryani,130,40
M013020,R00744,North Indian,Chole Bhature,500,39
M013021,R00893,Beverages,Lemon Juice,117,33
M013022,R00342,Burger,Chicken Burger,226,43
M013023,R00590,South Indian,Vada,672,38
M013024,R00959,Biryani,Veg Biryani,516,21
M013025,R00662,Biryani,Chicken Biryani,306,36
M013026,R01250,South Indian,Uttapam,362,10
M013027,R01336,Burger,Veg Burger,147,33
M013028,R00433,Pizza,Farmhouse Pizza,213,23
M013029,R00319,Chinese,Noodles,588,14
M013030,R00749,Pizza,Veg Pizza,235,30
M013031,R00931,Desserts,Ice Cream,391,38
M013032,R00105,Chinese,Manchurian,676,21
M013033,R01425,North Indian,Dal Makhani,690,29
M013034,R01194,South Indian,Uttapam,473,43
M013035,R01172,Biryani,Veg Biryani,541,22
M013036,R01417,Chinese,Spring Roll,572,13
M013037,R00206,Biryani,Chicken Biryani,498,13
M013038,R01022,North Indian,Dal Makhani,493,12
M013039,R01426,North Indian,Dal Makhani,245,19
M013040,R00287,Pizza,Veg Pizza,579,26
M013041,R00820,Biryani,Paneer Biryani,641,19
M013042,R00605,Pizza,Pepperoni Pizza,404,29
M013043,R00865,North Indian,Butter Naan,480,12
M013044,R00556,Biryani,Chicken Biryani,368,22
M013045,R00100,Biryani,Mutton Biryani,354,35
M013046,R00333,Beverages,Lemon Juice,416,15
M013047,R01421,South Indian,Pongal,315,33
M013048,R00646,Healthy Foods,Grilled Chicken,245,34
M013049,R01465,Burger,Cheese Burger,449,38
M013050,R00487,Biryani,Chicken Biryani,559,23
M013051,R00496,North Indian,Dal Makhani,478,36
M013052,R00395,North Indian,Dal Makhani,129,20
M013053,R00846,Chinese,Manchurian,411,21
M013054,R00182,Biryani,Veg Biryani,395,33
M013055,R01463,Burger,Veg Burger,302,12
M013056,R00861,Pizza,Veg Pizza,480,45
M013057,R00549,Chinese,Manchurian,576,15
M013058,R00426,Burger,Chicken Burger,298,45
M013059,R01306,Healthy Foods,Grilled Chicken,88,31
M013060,R00868,Chinese,Spring Roll,623,33
M013061,R00787,Pizza,Farmhouse Pizza,531,39
M013062,R00140,Biryani,Chicken Biryani,181,42
M013063,R01490,South Indian,Vada,234,12
M013064,R00972,North Indian,Dal Makhani,430,43
M013065,R00585,North Indian,Chole Bhature,245,15
M013066,R00371,North Indian,Chole Bhature,216,16
M013067,R00020,South Indian,Masala Dosa,230,36
M013068,R00770,Biryani,Veg Biryani,432,12
M013069,R00744,North Indian,Chole Bhature,539,33
M013070,R00577,Biryani,Paneer Biryani,371,18
M013071,R01310,Biryani,Paneer Biryani,274,36
M013072,R00945,South Indian,Masala Dosa,344,27
M013073,R00668,South Indian,Vada,247,21
M013074,R01092,Chinese,Spring Roll,369,26
M013075,R00846,Chinese,Spring Roll,108,44
M013076,R01169,North Indian,Chole Bhature,601,26
M013077,R00819,Chinese,Fried Rice,470,18
M013078,R01411,Healthy Foods,Salad Bowl,254,11
M013079,R00869,North Indian,Dal Makhani,496,17
M013080,R00987,Chinese,Spring Roll,595,30
M013081,R01237,North Indian,Butter Naan,664,19
M013082,R00042,Biryani,Veg Biryani,411,10
M013083,R00631,North Indian,Paneer Butter Masala,168,15
M013084,R00296,Biryani,Mutton Biryani,109,27
M013085,R00080,Burger,Cheese Burger,503,43
M013086,R01379,South Indian,Masala Dosa,464,21
M013087,R00406,Biryani,Chicken Biryani,322,45
M013088,R01117,Biryani,Mutton Biryani,367,37
M013089,R00546,North Indian,Chole Bhature,207,44
M013090,R01190,Biryani,Veg Biryani,228,26
M013091,R01007,South Indian,Vada,503,32
M013092,R01044,South Indian,Pongal,475,37
M013093,R00547,South Indian,Pongal,504,26
M013094,R01170,South Indian,Masala Dosa,386,30
M013095,R00375,Healthy Foods,Salad Bowl,531,19
M013096,R01130,North Indian,Dal Makhani,427,13
M013097,R00897,Burger,Cheese Burger,267,40
M013098,R00638,North Indian,Paneer Butter Masala,294,40
M013099,R00035,Biryani,Paneer Biryani,319,28
M013100,R01250,South Indian,Idli,564,15
M013101,R00565,Biryani,Chicken Biryani,122,23
M013102,R01294,South Indian,Idli,470,37
M013103,R00328,Biryani,Chicken Biryani,110,34
M013104,R00336,North Indian,Paneer Butter Masala,304,32
M013105,R01245,Pizza,Pepperoni Pizza,641,19
M013106,R00909,North Indian,Dal Makhani,127,13
M013107,R00644,North Indian,Dal Makhani,348,41
M013108,R01297,Biryani,Paneer Biryani,298,34
M013109,R00831,Desserts,Ice Cream,367,25
M013110,R01353,South Indian,Vada,694,32
M013111,R00395,North Indian,Dal Makhani,576,37
M013112,R00956,Healthy Foods,Salad Bowl,524,12
M013113,R00082,South Indian,Idli,468,40
M013114,R01417,Chinese,Spring Roll,662,34
M013115,R00913,Biryani,Paneer Biryani,177,32
M013116,R01106,Burger,Veg Burger,395,45
M013117,R01421,South Indian,Masala Dosa,371,28
M013118,R00051,Desserts,Ice Cream,478,26
M013119,R00453,Chinese,Manchurian,599,25
M013120,R00993,North Indian,Butter Naan,551,42
M013121,R00192,Chinese,Manchurian,318,44
M013122,R00540,Desserts,Ice Cream,697,30
M013123,R00109,Healthy Foods,Protein Bowl,414,27
M013124,R01055,South Indian,Idli,416,17
M013125,R01116,Biryani,Veg Biryani,324,23
M013126,R00123,Biryani,Chicken Biryani,561,34
M013127,R01283,North Indian,Chole Bhature,87,38
M013128,R01269,Chinese,Noodles,517,11
M013129,R01201,Biryani,Paneer Biryani,381,21
M013130,R00887,Biryani,Mutton Biryani,361,43
M013131,R00893,Beverages,Mojito,493,19
M013132,R01128,Pizza,Veg Pizza,332,27
M013133,R01429,Healthy Foods,Grilled Chicken,347,32
M013134,R00877,South Indian,Vada,264,10
M013135,R01103,South Indian,Vada,188,17
M013136,R01077,Burger,Cheese Burger,220,25
M013137,R01033,Beverages,Mojito,91,39
M013138,R00173,South Indian,Pongal,150,12
M013139,R01294,South Indian,Idli,685,41
M013140,R00949,Healthy Foods,Grilled Chicken,211,32
M013141,R01263,South Indian,Vada,299,23
M013142,R01237,North Indian,Dal Makhani,299,25
M013143,R01296,Burger,Chicken Burger,126,26
M013144,R01329,South Indian,Pongal,539,27
M013145,R00721,Chinese,Fried Rice,695,28
M013146,R00522,Biryani,Mutton Biryani,600,41
M013147,R01056,Burger,Veg Burger,383,41
M013148,R00310,Pizza,Pepperoni Pizza,240,43
M013149,R00375,Healthy Foods,Salad Bowl,605,16
M013150,R01454,Chinese,Spring Roll,308,43
M013151,R00409,South Indian,Idli,646,35
M013152,R00442,Healthy Foods,Protein Bowl,545,20
M013153,R00238,South Indian,Masala Dosa,433,29
M013154,R00745,Healthy Foods,Salad Bowl,311,45
M013155,R00715,Healthy Foods,Salad Bowl,452,16
M013156,R01250,South Indian,Idli,263,29
M013157,R00146,South Indian,Vada,200,32
M013158,R00741,Burger,Veg Burger,377,37
M013159,R01101,Pizza,Farmhouse Pizza,556,23
M013160,R01147,Burger,Veg Burger,132,13
M013161,R00625,Chinese,Manchurian,263,16
M013162,R00626,Biryani,Veg Biryani,390,44
M013163,R00933,South Indian,Uttapam,418,40
M013164,R00522,Biryani,Veg Biryani,346,15
M013165,R00136,North Indian,Chole Bhature,227,34
M013166,R00807,Chinese,Noodles,416,28
M013167,R00678,Biryani,Paneer Biryani,455,33
M013168,R00171,South Indian,Masala Dosa,641,22
M013169,R00606,South Indian,Idli,454,33
M013170,R00363,North Indian,Paneer Butter Masala,495,41
M013171,R01420,Biryani,Mutton Biryani,534,16
M013172,R01167,Pizza,Veg Pizza,462,24
M013173,R00556,Biryani,Veg Biryani,445,12
M013174,R00509,Biryani,Mutton Biryani,85,33
M013175,R01339,South Indian,Idli,340,25
M013176,R01172,Biryani,Chicken Biryani,554,20
M013177,R01383,North Indian,Butter Naan,397,22
M013178,R00013,Chinese,Spring Roll,590,20
M013179,R01270,Biryani,Mutton Biryani,223,16
M013180,R01158,South Indian,Vada,135,29
M013181,R01435,North Indian,Paneer Butter Masala,156,23
M013182,R00141,Desserts,Brownie,684,13
M013183,R00007,South Indian,Uttapam,670,20
M013184,R00943,South Indian,Masala Dosa,600,18
M013185,R00262,South Indian,Idli,471,29
M013186,R00751,Chinese,Fried Rice,266,18
M013187,R00625,Chinese,Fried Rice,536,13
M013188,R00795,Pizza,Margherita Pizza,617,14
M013189,R00837,Biryani,Mutton Biryani,417,35
M013190,R00216,North Indian,Paneer Butter Masala,278,23
M013191,R00982,Burger,Veg Burger,512,37
M013192,R00215,Desserts,Brownie,589,40
M013193,R00518,Pizza,Farmhouse Pizza,483,11
M013194,R01488,North Indian,Paneer Butter Masala,300,45
M013195,R01111,South Indian,Uttapam,415,37
M013196,R00169,Burger,Veg Burger,298,12
M013197,R00749,Pizza,Farmhouse Pizza,407,27
M013198,R00574,South Indian,Pongal,244,33
M013199,R01092,Chinese,Manchurian,315,36
M013200,R01487,Burger,Veg Burger,470,29
M013201,R00508,South Indian,Uttapam,277,38
M013202,R01483,Burger,Veg Burger,474,44
M013203,R00634,Burger,Chicken Burger,613,38
M013204,R01031,South Indian,Idli,360,13
M013205,R00460,North Indian,Chole Bhature,346,26
M013206,R01240,Chinese,Manchurian,228,25
M013207,R00357,Biryani,Mutton Biryani,646,19
M013208,R00970,South Indian,Pongal,681,13
M013209,R00486,South Indian,Idli,501,34
M013210,R00161,Pizza,Margherita Pizza,539,26
M013211,R01149,Biryani,Paneer Biryani,526,10
M013212,R00536,Desserts,Chocolate Cake,104,34
M013213,R01069,North Indian,Paneer Butter Masala,438,11
M013214,R00090,Pizza,Veg Pizza,495,40
M013215,R00204,South Indian,Vada,572,35
M013216,R00288,North Indian,Dal Makhani,188,44
M013217,R00518,Pizza,Farmhouse Pizza,683,22
M013218,R00877,South Indian,Uttapam,383,17
M013219,R00161,Pizza,Farmhouse Pizza,126,33
M013220,R00895,Pizza,Pepperoni Pizza,270,16
M013221,R00810,North Indian,Chole Bhature,147,14
M013222,R00590,South Indian,Pongal,425,43
M013223,R00154,Desserts,Brownie,695,41
M013224,R00022,South Indian,Idli,120,45
M013225,R00095,Healthy Foods,Grilled Chicken,620,25
M013226,R00942,Burger,Veg Burger,191,15
M013227,R00682,North Indian,Paneer Butter Masala,124,25
M013228,R00455,Biryani,Chicken Biryani,474,33
M013229,R00274,South Indian,Vada,661,28
M013230,R01213,South Indian,Pongal,583,23
M013231,R00717,North Indian,Paneer Butter Masala,240,25
M013232,R00897,Burger,Cheese Burger,542,34
M013233,R00262,South Indian,Uttapam,413,38
M013234,R00912,Chinese,Manchurian,248,43
M013235,R00347,Healthy Foods,Grilled Chicken,678,10
M013236,R01116,Biryani,Paneer Biryani,216,33
M013237,R01469,North Indian,Paneer Butter Masala,506,25
M013238,R00812,North Indian,Dal Makhani,396,18
M013239,R00407,Biryani,Chicken Biryani,512,39
M013240,R00537,Burger,Cheese Burger,590,35
M013241,R00689,Burger,Chicken Burger,264,21
M013242,R00161,Pizza,Veg Pizza,204,25
M013243,R00008,South Indian,Vada,512,41
M013244,R01023,Biryani,Paneer Biryani,157,40
M013245,R00235,North Indian,Dal Makhani,506,13
M013246,R00248,North Indian,Paneer Butter Masala,438,27
M013247,R00473,North Indian,Chole Bhature,228,34
M013248,R00552,North Indian,Dal Makhani,414,41
M013249,R01056,Burger,Chicken Burger,461,39
M013250,R00206,Biryani,Chicken Biryani,573,36
M013251,R01216,South Indian,Pongal,413,13
M013252,R00302,North Indian,Dal Makhani,589,17
M013253,R00381,South Indian,Masala Dosa,553,21
M013254,R00149,North Indian,Dal Makhani,542,17
M013255,R00074,North Indian,Dal Makhani,209,23
M013256,R00647,North Indian,Butter Naan,315,32
M013257,R00551,South Indian,Vada,113,13
M013258,R01271,Pizza,Pepperoni Pizza,222,21
M013259,R01209,Burger,Chicken Burger,186,32
M013260,R00539,Pizza,Farmhouse Pizza,314,13
M013261,R00473,North Indian,Paneer Butter Masala,620,13
M013262,R01347,North Indian,Dal Makhani,693,17
M013263,R00625,Chinese,Spring Roll,458,36
M013264,R01482,Biryani,Veg Biryani,228,29
M013265,R00565,Biryani,Mutton Biryani,692,24
M013266,R00174,North Indian,Butter Naan,219,14
M013267,R00462,South Indian,Pongal,372,26
M013268,R01312,Chinese,Fried Rice,636,44
M013269,R01440,Pizza,Veg Pizza,127,14
M013270,R00638,North Indian,Dal Makhani,452,21
M013271,R00239,South Indian,Masala Dosa,440,27
M013272,R00288,North Indian,Butter Naan,375,14
M013273,R00748,South Indian,Idli,289,41
M013274,R01191,South Indian,Masala Dosa,629,18
M013275,R00768,North Indian,Chole Bhature,629,33
M013276,R00349,South Indian,Uttapam,273,35
M013277,R00317,Desserts,Brownie,424,34
M013278,R00019,South Indian,Vada,381,44
M013279,R01038,North Indian,Dal Makhani,574,30
M013280,R00203,Biryani,Veg Biryani,283,29
M013281,R00135,Chinese,Fried Rice,558,28
M013282,R00390,Biryani,Paneer Biryani,118,35
M013283,R01277,Biryani,Mutton Biryani,533,20
M013284,R00451,North Indian,Paneer Butter Masala,153,44
M013285,R00973,Biryani,Mutton Biryani,553,25
M013286,R01234,South Indian,Masala Dosa,558,29
M013287,R01296,Burger,Chicken Burger,573,19
M013288,R00398,Biryani,Veg Biryani,168,42
M013289,R00779,South Indian,Uttapam,149,30
M013290,R00796,Biryani,Veg Biryani,160,18
M013291,R00382,South Indian,Masala Dosa,532,16
M013292,R01478,Beverages,Cold Coffee,602,12
M013293,R01107,Biryani,Veg Biryani,524,21
M013294,R00754,Burger,Veg Burger,655,40
M013295,R00249,North Indian,Butter Naan,554,42
M013296,R00833,Healthy Foods,Salad Bowl,525,11
M013297,R00786,South Indian,Pongal,272,24
M013298,R00097,South Indian,Pongal,136,38
M013299,R00563,Chinese,Spring Roll,356,19
M013300,R00808,North Indian,Butter Naan,399,26
M013301,R00570,Pizza,Veg Pizza,680,12
M013302,R00685,South Indian,Uttapam,131,39
M013303,R00534,Chinese,Manchurian,89,34
M013304,R00787,Pizza,Margherita Pizza,599,18
M013305,R00440,South Indian,Masala Dosa,523,24
M013306,R01154,Biryani,Paneer Biryani,416,15
M013307,R00678,Biryani,Mutton Biryani,209,42
M013308,R00013,Chinese,Spring Roll,200,12
M013309,R00607,Healthy Foods,Protein Bowl,232,10
M013310,R00572,South Indian,Idli,328,33
M013311,R00994,South Indian,Vada,485,44
M013312,R00545,South Indian,Idli,283,42
M013313,R00984,North Indian,Paneer Butter Masala,446,37
M013314,R01486,North Indian,Dal Makhani,514,25
M013315,R00567,Pizza,Pepperoni Pizza,513,45
M013316,R01229,Biryani,Chicken Biryani,398,40
M013317,R00049,South Indian,Masala Dosa,559,34
M013318,R01193,Pizza,Veg Pizza,95,26
M013319,R01332,Burger,Cheese Burger,164,42
M013320,R00322,Biryani,Veg Biryani,202,44
M013321,R01111,South Indian,Masala Dosa,296,38
M013322,R00100,Biryani,Chicken Biryani,209,41
M013323,R00147,Beverages,Cold Coffee,174,29
M013324,R00846,Chinese,Fried Rice,310,44
M013325,R00783,South Indian,Idli,504,30
M013326,R00143,Healthy Foods,Protein Bowl,377,25
M013327,R00832,North Indian,Butter Naan,316,24
M013328,R00111,Burger,Cheese Burger,96,43
M013329,R01026,Pizza,Farmhouse Pizza,451,25
M013330,R00521,Biryani,Mutton Biryani,408,13
M013331,R00652,South Indian,Idli,586,17
M013332,R00729,North Indian,Chole Bhature,375,24
M013333,R00522,Biryani,Veg Biryani,206,14
M013334,R00869,North Indian,Dal Makhani,184,17
M013335,R01154,Biryani,Chicken Biryani,614,10
M013336,R00257,North Indian,Dal Makhani,318,19
M013337,R00305,Pizza,Farmhouse Pizza,411,11
M013338,R01088,South Indian,Pongal,646,27
M013339,R00029,Biryani,Paneer Biryani,343,38
M013340,R00506,Chinese,Noodles,508,31
M013341,R00354,North Indian,Chole Bhature,575,39
M013342,R00949,Healthy Foods,Salad Bowl,80,45
M013343,R00052,Burger,Chicken Burger,563,44
M013344,R01396,Chinese,Manchurian,662,40
M013345,R00980,Biryani,Paneer Biryani,620,13
M013346,R00200,Healthy Foods,Grilled Chicken,287,17
M013347,R00167,South Indian,Idli,500,18
M013348,R01041,South Indian,Masala Dosa,617,25
M013349,R01333,Desserts,Brownie,155,30
M013350,R00328,Biryani,Chicken Biryani,199,10
M013351,R00659,Biryani,Veg Biryani,188,23
M013352,R00372,Burger,Veg Burger,650,30
M013353,R01374,Beverages,Lemon Juice,286,15
M013354,R01056,Burger,Cheese Burger,537,37
M013355,R01112,Pizza,Farmhouse Pizza,625,35
M013356,R00707,South Indian,Pongal,608,43
M013357,R00414,South Indian,Uttapam,181,39
M013358,R00059,Burger,Chicken Burger,88,45
M013359,R00373,Pizza,Pepperoni Pizza,173,39
M013360,R01184,North Indian,Chole Bhature,151,32
M013361,R00610,Pizza,Veg Pizza,247,30
M013362,R00864,Biryani,Chicken Biryani,573,40
M013363,R00421,Biryani,Mutton Biryani,481,25
M013364,R00090,Pizza,Veg Pizza,697,29
M013365,R00082,South Indian,Pongal,468,37
M013366,R00260,South Indian,Uttapam,408,45
M013367,R00511,Healthy Foods,Protein Bowl,281,45
M013368,R01285,Desserts,Brownie,87,42
M013369,R01242,South Indian,Pongal,628,45
M013370,R00522,Biryani,Mutton Biryani,374,18
M013371,R00376,South Indian,Masala Dosa,399,44
M013372,R00690,South Indian,Pongal,594,22
M013373,R00466,South Indian,Uttapam,586,14
M013374,R00617,Biryani,Chicken Biryani,652,36
M013375,R00933,South Indian,Vada,595,16
M013376,R00741,Burger,Chicken Burger,480,35
M013377,R00300,Pizza,Veg Pizza,672,12
M013378,R00786,South Indian,Vada,322,32
M013379,R00550,Biryani,Paneer Biryani,343,24
M013380,R00573,North Indian,Chole Bhature,283,35
M013381,R01073,Pizza,Margherita Pizza,542,40
M013382,R00616,South Indian,Idli,124,10
M013383,R00868,Chinese,Noodles,259,28
M013384,R00172,Chinese,Noodles,216,18
M013385,R00941,Pizza,Margherita Pizza,497,29
M013386,R00222,South Indian,Idli,520,11
M013387,R01233,Biryani,Mutton Biryani,650,32
M013388,R01049,South Indian,Uttapam,380,27
M013389,R00746,Burger,Cheese Burger,380,39
M013390,R00379,Biryani,Paneer Biryani,333,37
M013391,R00812,North Indian,Paneer Butter Masala,104,22
M013392,R00708,Biryani,Chicken Biryani,181,25
M013393,R01264,Biryani,Mutton Biryani,645,19
M013394,R01044,South Indian,Masala Dosa,81,20
M013395,R01334,Healthy Foods,Protein Bowl,321,42
M013396,R00234,Pizza,Farmhouse Pizza,415,26
M013397,R01439,South Indian,Uttapam,636,38
M013398,R00633,South Indian,Uttapam,223,40
M013399,R00032,Beverages,Cold Coffee,520,15
M013400,R01321,South Indian,Vada,255,20
M013401,R00686,Chinese,Noodles,147,45
M013402,R00327,Biryani,Veg Biryani,628,28
M013403,R01300,South Indian,Vada,200,27
M013404,R00947,Biryani,Veg Biryani,360,30
M013405,R01375,Burger,Chicken Burger,560,10
M013406,R01482,Biryani,Veg Biryani,346,45
M013407,R01186,Biryani,Chicken Biryani,486,35
M013408,R00181,North Indian,Butter Naan,124,35
M013409,R00174,North Indian,Dal Makhani,204,19
M013410,R01276,South Indian,Masala Dosa,241,33
M013411,R00296,Biryani,Veg Biryani,646,22
M013412,R00533,Chinese,Spring Roll,287,20
M013413,R01467,Desserts,Chocolate Cake,115,28
M013414,R01250,South Indian,Masala Dosa,410,17
M013415,R00765,Pizza,Pepperoni Pizza,435,23
M013416,R01073,Pizza,Farmhouse Pizza,502,27
M013417,R00630,Burger,Veg Burger,193,35
M013418,R00730,Healthy Foods,Grilled Chicken,366,25
M013419,R01204,North Indian,Butter Naan,123,35
M013420,R00115,Pizza,Veg Pizza,623,33
M013421,R00839,Biryani,Chicken Biryani,319,14
M013422,R00853,Chinese,Manchurian,340,45
M013423,R01138,Healthy Foods,Protein Bowl,408,38
M013424,R01449,South Indian,Uttapam,178,16
M013425,R00773,North Indian,Paneer Butter Masala,680,45
M013426,R00795,Pizza,Farmhouse Pizza,475,36
M013427,R01450,South Indian,Idli,661,28
M013428,R00009,North Indian,Paneer Butter Masala,383,24
M013429,R01189,North Indian,Butter Naan,665,19
M013430,R01407,Biryani,Chicken Biryani,601,21
M013431,R00848,South Indian,Masala Dosa,501,43
M013432,R00806,South Indian,Vada,570,38
M013433,R00431,North Indian,Dal Makhani,381,11
M013434,R00873,South Indian,Vada,264,17
M013435,R00915,North Indian,Dal Makhani,594,16
M013436,R01465,Burger,Cheese Burger,693,40
M013437,R01403,South Indian,Uttapam,479,31
M013438,R01191,South Indian,Pongal,422,39
M013439,R01081,South Indian,Idli,323,41
M013440,R01164,Desserts,Ice Cream,593,20
M013441,R00022,South Indian,Pongal,384,29
M013442,R00566,Pizza,Pepperoni Pizza,127,19
M013443,R01255,Biryani,Paneer Biryani,473,19
M013444,R01357,South Indian,Pongal,269,44
M013445,R00269,South Indian,Masala Dosa,398,34
M013446,R01450,South Indian,Idli,397,13
M013447,R01028,North Indian,Dal Makhani,422,14
M013448,R00607,Healthy Foods,Salad Bowl,532,27
M013449,R01391,South Indian,Vada,269,18
M013450,R01221,Biryani,Paneer Biryani,496,11
M013451,R00999,Chinese,Spring Roll,237,18
M013452,R00509,Biryani,Chicken Biryani,209,37
M013453,R00837,Biryani,Paneer Biryani,546,38
M013454,R00843,Burger,Cheese Burger,175,14
M013455,R00208,South Indian,Pongal,439,43
M013456,R01443,South Indian,Vada,163,24
M013457,R00004,North Indian,Dal Makhani,386,17
M013458,R01212,South Indian,Vada,649,11
M013459,R00003,North Indian,Paneer Butter Masala,211,12
M013460,R00529,North Indian,Chole Bhature,94,23
M013461,R01197,Biryani,Chicken Biryani,337,17
M013462,R00124,Chinese,Spring Roll,550,17
M013463,R00893,Beverages,Mojito,616,28
M013464,R00185,Biryani,Mutton Biryani,327,20
M013465,R00076,Burger,Veg Burger,192,21
M013466,R00097,South Indian,Uttapam,575,22
M013467,R00436,Healthy Foods,Protein Bowl,281,22
M013468,R00209,North Indian,Chole Bhature,400,34
M013469,R00618,South Indian,Masala Dosa,294,26
M013470,R00993,North Indian,Dal Makhani,396,35
M013471,R00783,South Indian,Masala Dosa,88,10
M013472,R01310,Biryani,Mutton Biryani,573,22
M013473,R00816,Biryani,Mutton Biryani,154,33
M013474,R00656,South Indian,Masala Dosa,697,14
M013475,R00382,South Indian,Uttapam,499,24
M013476,R00393,Chinese,Manchurian,697,10
M013477,R01040,Burger,Chicken Burger,525,12
M013478,R00628,Desserts,Ice Cream,368,35
M013479,R00767,South Indian,Pongal,424,14
M013480,R00566,Pizza,Veg Pizza,265,22
M013481,R01069,North Indian,Butter Naan,206,29
M013482,R00474,Chinese,Manchurian,480,15
M013483,R00591,Chinese,Manchurian,186,10
M013484,R01171,Pizza,Pepperoni Pizza,184,21
M013485,R00869,North Indian,Butter Naan,526,29
M013486,R01078,Biryani,Mutton Biryani,352,15
M013487,R00729,North Indian,Chole Bhature,672,40
M013488,R00736,Pizza,Pepperoni Pizza,193,29
M013489,R00706,Pizza,Pepperoni Pizza,425,39
M013490,R01054,Pizza,Veg Pizza,135,26
M013491,R00628,Desserts,Chocolate Cake,411,30
M013492,R00653,Biryani,Mutton Biryani,285,32
M013493,R00315,Desserts,Chocolate Cake,402,43
M013494,R00419,Burger,Veg Burger,301,23
M013495,R01022,North Indian,Chole Bhature,140,12
M013496,R01115,South Indian,Idli,230,19
M013497,R01215,North Indian,Dal Makhani,691,29
M013498,R00251,Biryani,Paneer Biryani,398,38
M013499,R00434,Burger,Veg Burger,212,28
M013500,R01081,South Indian,Vada,538,34
M013501,R00744,North Indian,Paneer Butter Masala,102,11
M013502,R00100,Biryani,Paneer Biryani,289,18
M013503,R01329,South Indian,Pongal,382,33
M013504,R00310,Pizza,Pepperoni Pizza,484,40
M013505,R01124,North Indian,Butter Naan,386,35
M013506,R00350,Biryani,Mutton Biryani,485,10
M013507,R01457,Chinese,Manchurian,193,43
M013508,R01276,South Indian,Idli,600,20
M013509,R01358,Biryani,Chicken Biryani,562,44
M013510,R00644,North Indian,Paneer Butter Masala,662,26
M013511,R00750,Biryani,Mutton Biryani,393,39
M013512,R00417,Chinese,Noodles,617,24
M013513,R00949,Healthy Foods,Grilled Chicken,84,23
M013514,R00323,Pizza,Pepperoni Pizza,356,33
M013515,R00559,North Indian,Butter Naan,613,36
M013516,R00826,South Indian,Idli,274,14
M013517,R00022,South Indian,Uttapam,615,16
M013518,R00967,South Indian,Vada,151,41
M013519,R01407,Biryani,Paneer Biryani,283,16
M013520,R00925,Biryani,Mutton Biryani,317,34
M013521,R01385,Chinese,Fried Rice,521,21
M013522,R01208,South Indian,Masala Dosa,245,45
M013523,R00987,Chinese,Noodles,514,43
M013524,R00268,South Indian,Uttapam,217,12
M013525,R00263,Beverages,Cold Coffee,353,27
M013526,R01484,South Indian,Pongal,529,41
M013527,R00169,Burger,Cheese Burger,140,41
M013528,R00070,Beverages,Lemon Juice,309,19
M013529,R00692,Biryani,Mutton Biryani,138,17
M013530,R00595,North Indian,Dal Makhani,437,37
M013531,R01121,South Indian,Idli,489,33
M013532,R01429,Healthy Foods,Salad Bowl,192,35
M013533,R00990,North Indian,Paneer Butter Masala,450,17
M013534,R00743,South Indian,Vada,339,12
M013535,R01114,Biryani,Veg Biryani,650,24
M013536,R00437,Biryani,Paneer Biryani,272,31
M013537,R00004,North Indian,Chole Bhature,398,43
M013538,R00917,North Indian,Dal Makhani,374,37
M013539,R00363,North Indian,Dal Makhani,489,21
M013540,R00601,South Indian,Idli,119,43
M013541,R00498,North Indian,Chole Bhature,154,37
M013542,R00113,Pizza,Margherita Pizza,558,18
M013543,R00150,Biryani,Paneer Biryani,364,20
M013544,R01488,North Indian,Dal Makhani,647,22
M013545,R00384,North Indian,Butter Naan,167,22
M013546,R00014,Biryani,Mutton Biryani,151,33
M013547,R00535,Chinese,Fried Rice,686,15
M013548,R00337,South Indian,Uttapam,584,13
M013549,R01414,Pizza,Pepperoni Pizza,469,13
M013550,R00490,Biryani,Mutton Biryani,91,35
M013551,R01163,Desserts,Brownie,187,10
M013552,R00611,Beverages,Mojito,147,12
M013553,R00859,North Indian,Butter Naan,237,33
M013554,R00673,Burger,Veg Burger,195,11
M013555,R01213,South Indian,Uttapam,250,14
M013556,R00125,Pizza,Pepperoni Pizza,392,17
M013557,R01241,North Indian,Dal Makhani,450,19
M013558,R00015,South Indian,Vada,661,44
M013559,R00106,Healthy Foods,Protein Bowl,575,13
M013560,R00707,South Indian,Masala Dosa,623,26
M013561,R00669,Healthy Foods,Grilled Chicken,156,37
M013562,R00762,Burger,Veg Burger,121,41
M013563,R01235,Pizza,Pepperoni Pizza,337,12
M013564,R00338,North Indian,Butter Naan,633,15
M013565,R00352,Pizza,Farmhouse Pizza,532,25
M013566,R01327,South Indian,Idli,468,38
M013567,R01446,North Indian,Paneer Butter Masala,483,16
M013568,R01486,North Indian,Dal Makhani,324,22
M013569,R00853,Chinese,Spring Roll,434,16
M013570,R00378,Biryani,Paneer Biryani,245,31
M013571,R01234,South Indian,Pongal,151,33
M013572,R00399,South Indian,Vada,515,11
M013573,R01123,Biryani,Chicken Biryani,260,32
M013574,R01418,South Indian,Idli,303,40
M013575,R00745,Healthy Foods,Salad Bowl,362,40
M013576,R01092,Chinese,Noodles,252,38
M013577,R01125,North Indian,Dal Makhani,89,45
M013578,R00595,North Indian,Butter Naan,447,35
M013579,R01011,South Indian,Vada,119,30
M013580,R01407,Biryani,Mutton Biryani,518,22
M013581,R01372,South Indian,Uttapam,558,45
M013582,R00481,North Indian,Paneer Butter Masala,587,27
M013583,R00450,South Indian,Vada,560,38
M013584,R01017,Biryani,Chicken Biryani,265,24
M013585,R01460,Burger,Veg Burger,375,23
M013586,R00715,Healthy Foods,Salad Bowl,186,19
M013587,R00795,Pizza,Farmhouse Pizza,449,31
M013588,R00515,South Indian,Pongal,554,33
M013589,R00182,Biryani,Veg Biryani,190,40
M013590,R00211,Chinese,Spring Roll,318,19
M013591,R00863,South Indian,Idli,361,38
M013592,R01224,South Indian,Vada,469,22
M013593,R01490,South Indian,Idli,469,21
M013594,R00954,Beverages,Cold Coffee,634,37
M013595,R00196,Chinese,Manchurian,280,15
M013596,R00671,Pizza,Farmhouse Pizza,116,29
M013597,R00137,North Indian,Butter Naan,459,32
M013598,R01437,Desserts,Brownie,628,17
M013599,R00857,Biryani,Chicken Biryani,180,24
M013600,R01367,Desserts,Chocolate Cake,380,23
M013601,R01104,North Indian,Butter Naan,503,33
M013602,R01248,Pizza,Margherita Pizza,309,28
M013603,R01371,Chinese,Spring Roll,542,10
M013604,R01454,Chinese,Fried Rice,129,39
M013605,R00921,North Indian,Paneer Butter Masala,504,15
M013606,R01179,Biryani,Chicken Biryani,447,43
M013607,R00761,Burger,Chicken Burger,121,15
M013608,R00896,Biryani,Mutton Biryani,364,23
M013609,R00600,South Indian,Idli,221,41
M013610,R00255,South Indian,Uttapam,529,14
M013611,R00735,Burger,Cheese Burger,491,41
M013612,R00918,North Indian,Dal Makhani,444,29
M013613,R00940,Beverages,Lemon Juice,633,24
M013614,R00957,Pizza,Veg Pizza,381,37
M013615,R00990,North Indian,Chole Bhature,512,20
M013616,R00965,North Indian,Butter Naan,108,24
M013617,R00049,South Indian,Masala Dosa,569,41
M013618,R00538,North Indian,Butter Naan,99,43
M013619,R00789,Burger,Cheese Burger,179,38
M013620,R00463,South Indian,Vada,643,28
M013621,R00417,Chinese,Fried Rice,567,20
M013622,R00091,Pizza,Farmhouse Pizza,587,16
M013623,R01076,Healthy Foods,Salad Bowl,554,31
M013624,R00083,North Indian,Dal Makhani,460,35
M013625,R00540,Desserts,Ice Cream,539,25
M013626,R01322,Burger,Chicken Burger,445,17
M013627,R01140,Beverages,Cold Coffee,87,31
M013628,R00052,Burger,Chicken Burger,144,44
M013629,R01140,Beverages,Lemon Juice,510,14
M013630,R00911,South Indian,Vada,502,33
M013631,R01411,Healthy Foods,Grilled Chicken,536,22
M013632,R00127,Biryani,Paneer Biryani,180,17
M013633,R00075,North Indian,Chole Bhature,465,26
M013634,R00267,South Indian,Uttapam,376,44
M013635,R00387,South Indian,Uttapam,131,16
M013636,R01233,Biryani,Mutton Biryani,152,23
M013637,R00347,Healthy Foods,Grilled Chicken,499,26
M013638,R00492,Biryani,Mutton Biryani,497,40
M013639,R01465,Burger,Chicken Burger,145,29
M013640,R00671,Pizza,Margherita Pizza,173,42
M013641,R01413,Pizza,Veg Pizza,537,33
M013642,R01324,South Indian,Masala Dosa,284,15
M013643,R00338,North Indian,Butter Naan,258,31
M013644,R01022,North Indian,Chole Bhature,561,20
M013645,R00276,South Indian,Pongal,103,10
M013646,R00891,North Indian,Paneer Butter Masala,143,43
M013647,R00394,Biryani,Chicken Biryani,631,15
M013648,R00618,South Indian,Idli,162,14
M013649,R00516,South Indian,Masala Dosa,151,22
M013650,R00486,South Indian,Uttapam,533,18
M013651,R01280,Biryani,Chicken Biryani,299,16
M013652,R01440,Pizza,Margherita Pizza,700,37
M013653,R01015,North Indian,Dal Makhani,306,34
M013654,R01128,Pizza,Veg Pizza,98,37
M013655,R00892,South Indian,Idli,541,34
M013656,R00015,South Indian,Pongal,409,13
M013657,R00459,South Indian,Pongal,182,11
M013658,R00880,Chinese,Noodles,161,17
M013659,R01339,South Indian,Masala Dosa,374,19
M013660,R00678,Biryani,Mutton Biryani,191,36
M013661,R01190,Biryani,Chicken Biryani,211,14
M013662,R00690,South Indian,Vada,562,22
M013663,R00233,Pizza,Pepperoni Pizza,165,22
M013664,R00390,Biryani,Mutton Biryani,410,43
M013665,R00418,Biryani,Chicken Biryani,298,24
M013666,R00699,South Indian,Uttapam,533,38
M013667,R00199,North Indian,Chole Bhature,681,31
M013668,R00471,Chinese,Spring Roll,121,26
M013669,R00133,Biryani,Chicken Biryani,180,42
M013670,R00418,Biryani,Veg Biryani,276,18
M013671,R01231,Biryani,Chicken Biryani,339,16
M013672,R00388,North Indian,Chole Bhature,352,22
M013673,R00477,Pizza,Veg Pizza,506,23
M013674,R00412,North Indian,Paneer Butter Masala,374,42
M013675,R00098,Biryani,Mutton Biryani,91,39
M013676,R00672,South Indian,Masala Dosa,467,35
M013677,R01051,Pizza,Pepperoni Pizza,377,17
M013678,R01126,Burger,Cheese Burger,266,41
M013679,R00149,North Indian,Butter Naan,466,14
M013680,R00192,Chinese,Fried Rice,175,41
M013681,R00756,Burger,Cheese Burger,505,10
M013682,R01073,Pizza,Veg Pizza,648,17
M013683,R00386,Burger,Chicken Burger,656,15
M013684,R00723,Healthy Foods,Salad Bowl,359,23
M013685,R01369,Burger,Chicken Burger,560,42
M013686,R01305,Chinese,Spring Roll,501,23
M013687,R00817,Burger,Chicken Burger,437,45
M013688,R00156,South Indian,Pongal,156,30
M013689,R01412,Pizza,Farmhouse Pizza,661,37
M013690,R00705,Chinese,Noodles,421,11
M013691,R00937,Healthy Foods,Protein Bowl,550,26
M013692,R00869,North Indian,Paneer Butter Masala,94,19
M013693,R00580,North Indian,Butter Naan,548,12
M013694,R01005,Beverages,Cold Coffee,420,28
M013695,R00166,Healthy Foods,Protein Bowl,492,21
M013696,R00186,South Indian,Idli,671,34
M013697,R00131,South Indian,Idli,180,24
M013698,R00415,South Indian,Idli,658,25
M013699,R01356,South Indian,Uttapam,589,24
M013700,R00088,Biryani,Chicken Biryani,281,39
M013701,R00443,Pizza,Margherita Pizza,624,15
M013702,R00310,Pizza,Farmhouse Pizza,650,37
M013703,R00358,South Indian,Vada,241,17
M013704,R00197,North Indian,Butter Naan,593,10
M013705,R00977,South Indian,Vada,283,14
M013706,R00907,Desserts,Brownie,207,26
M013707,R00968,Biryani,Chicken Biryani,571,29
M013708,R00457,North Indian,Chole Bhature,305,24
M013709,R00962,Desserts,Brownie,312,26
M013710,R00155,South Indian,Idli,261,37
M013711,R00154,Desserts,Chocolate Cake,576,20
M013712,R01335,Pizza,Margherita Pizza,287,15
M013713,R00421,Biryani,Paneer Biryani,683,40
M013714,R01327,South Indian,Masala Dosa,221,35
M013715,R00693,South Indian,Vada,172,44
M013716,R00781,Pizza,Margherita Pizza,387,11
M013717,R00691,South Indian,Masala Dosa,691,36
M013718,R00130,South Indian,Uttapam,425,38
M013719,R00174,North Indian,Chole Bhature,180,44
M013720,R00295,South Indian,Idli,542,30
M013721,R00196,Chinese,Spring Roll,607,38
M013722,R00234,Pizza,Margherita Pizza,384,27
M013723,R00985,South Indian,Idli,204,18
M013724,R00682,North Indian,Butter Naan,357,43
M013725,R00527,Biryani,Veg Biryani,312,25
M013726,R00346,South Indian,Pongal,549,30
M013727,R01085,North Indian,Paneer Butter Masala,378,26
M013728,R01409,South Indian,Uttapam,567,14
M013729,R00568,Desserts,Ice Cream,478,17
M013730,R01479,Healthy Foods,Protein Bowl,512,28
M013731,R00787,Pizza,Veg Pizza,507,12
M013732,R00263,Beverages,Cold Coffee,208,35
M013733,R00184,Burger,Chicken Burger,291,37
M013734,R01446,North Indian,Paneer Butter Masala,593,10
M013735,R00895,Pizza,Margherita Pizza,110,43
M013736,R00828,South Indian,Uttapam,214,41
M013737,R00129,Burger,Cheese Burger,303,10
M013738,R01329,South Indian,Masala Dosa,239,37
M013739,R00964,Biryani,Chicken Biryani,296,13
M013740,R01211,Biryani,Mutton Biryani,449,10
M013741,R01227,South Indian,Uttapam,584,29
M013742,R01152,Biryani,Mutton Biryani,88,22
M013743,R00272,Chinese,Spring Roll,571,42
M013744,R01405,Chinese,Fried Rice,208,36
M013745,R00639,Pizza,Pepperoni Pizza,379,15
M013746,R00774,Biryani,Paneer Biryani,242,19
M013747,R00426,Burger,Cheese Burger,289,45
M013748,R00231,Burger,Cheese Burger,198,45
M013749,R00880,Chinese,Manchurian,627,26
M013750,R01336,Burger,Veg Burger,357,13
M013751,R01131,South Indian,Masala Dosa,164,34
M013752,R00457,North Indian,Paneer Butter Masala,164,37
M013753,R00868,Chinese,Spring Roll,379,22
M013754,R00935,North Indian,Paneer Butter Masala,83,40
M013755,R00834,Healthy Foods,Grilled Chicken,610,14
M013756,R00906,South Indian,Masala Dosa,414,38
M013757,R00189,Biryani,Chicken Biryani,351,10
M013758,R01006,Burger,Veg Burger,679,37
M013759,R01094,South Indian,Vada,417,39
M013760,R01072,South Indian,Idli,90,13
M013761,R00578,Desserts,Chocolate Cake,527,13
M013762,R00313,Biryani,Chicken Biryani,624,40
M013763,R01467,Desserts,Ice Cream,418,11
M013764,R01415,South Indian,Uttapam,385,24
M013765,R00092,Chinese,Fried Rice,577,31
M013766,R00699,South Indian,Vada,404,14
M013767,R01223,Biryani,Paneer Biryani,349,12
M013768,R00558,Pizza,Margherita Pizza,238,33
M013769,R01163,Desserts,Brownie,283,39
M013770,R00757,Chinese,Noodles,162,11
M013771,R00326,Chinese,Fried Rice,89,15
M013772,R00660,South Indian,Pongal,176,27
M013773,R00941,Pizza,Pepperoni Pizza,670,43
M013774,R01438,Biryani,Veg Biryani,89,14
M013775,R00981,Burger,Cheese Burger,490,28
M013776,R00652,South Indian,Vada,509,33
M013777,R00820,Biryani,Paneer Biryani,533,34
M013778,R01132,South Indian,Masala Dosa,546,41
M013779,R00025,North Indian,Dal Makhani,134,26
M013780,R00381,South Indian,Vada,622,22
M013781,R00220,Biryani,Chicken Biryani,581,31
M013782,R00523,Chinese,Spring Roll,633,35
M013783,R01221,Biryani,Chicken Biryani,421,11
M013784,R01066,Healthy Foods,Grilled Chicken,539,18
M013785,R00019,South Indian,Uttapam,536,12
M013786,R00012,North Indian,Dal Makhani,567,10
M013787,R00059,Burger,Cheese Burger,685,10
M013788,R00069,South Indian,Vada,196,27
M013789,R00145,South Indian,Vada,529,16
M013790,R01498,Pizza,Veg Pizza,179,26
M013791,R00181,North Indian,Chole Bhature,487,23
M013792,R01100,Biryani,Paneer Biryani,371,24
M013793,R01315,Chinese,Noodles,308,22
M013794,R00908,North Indian,Butter Naan,328,27
M013795,R00070,Beverages,Cold Coffee,439,40
M013796,R00009,North Indian,Chole Bhature,628,33
M013797,R01351,South Indian,Masala Dosa,317,33
M013798,R00681,South Indian,Vada,680,33
M013799,R00598,Biryani,Veg Biryani,610,30
M013800,R00119,North Indian,Paneer Butter Masala,254,36
M013801,R00240,Desserts,Ice Cream,367,15
M013802,R00406,Biryani,Paneer Biryani,418,14
M013803,R00119,North Indian,Chole Bhature,599,11
M013804,R01390,Beverages,Mojito,291,32
M013805,R01257,South Indian,Pongal,509,31
M013806,R01124,North Indian,Butter Naan,558,21
M013807,R00363,North Indian,Chole Bhature,106,18
M013808,R01414,Pizza,Margherita Pizza,187,26
M013809,R00918,North Indian,Dal Makhani,337,11
M013810,R01030,Desserts,Ice Cream,187,29
M013811,R00178,Chinese,Manchurian,519,10
M013812,R00696,North Indian,Chole Bhature,536,37
M013813,R00207,Healthy Foods,Salad Bowl,218,10
M013814,R00550,Biryani,Veg Biryani,394,25
M013815,R00902,Biryani,Chicken Biryani,373,28
M013816,R00343,South Indian,Uttapam,435,14
M013817,R00754,Burger,Cheese Burger,504,20
M013818,R00738,South Indian,Masala Dosa,692,34
M013819,R00230,North Indian,Paneer Butter Masala,426,25
M013820,R00513,Pizza,Veg Pizza,258,36
M013821,R00685,South Indian,Masala Dosa,487,18
M013822,R01306,Healthy Foods,Grilled Chicken,266,27
M013823,R00419,Burger,Cheese Burger,507,36
M013824,R00663,Chinese,Manchurian,195,40
M013825,R00314,Biryani,Mutton Biryani,378,37
M013826,R00697,South Indian,Uttapam,565,12
M013827,R00980,Biryani,Chicken Biryani,369,17
M013828,R00128,South Indian,Pongal,371,26
M013829,R00468,Healthy Foods,Grilled Chicken,168,43
M013830,R00736,Pizza,Margherita Pizza,282,29
M013831,R00414,South Indian,Pongal,639,36
M013832,R01286,South Indian,Vada,88,27
M013833,R00022,South Indian,Uttapam,456,22
M013834,R00363,North Indian,Chole Bhature,670,19
M013835,R01394,Pizza,Veg Pizza,571,37
M013836,R01250,South Indian,Uttapam,394,41
M013837,R00777,North Indian,Butter Naan,675,31
M013838,R00075,North Indian,Dal Makhani,309,35
M013839,R00128,South Indian,Idli,307,11
M013840,R01148,North Indian,Chole Bhature,110,30
M013841,R01152,Biryani,Veg Biryani,325,22
M013842,R01129,Burger,Veg Burger,600,20
M013843,R01341,North Indian,Chole Bhature,178,17
M013844,R00209,North Indian,Butter Naan,438,40
M013845,R01089,South Indian,Pongal,305,24
M013846,R00873,South Indian,Idli,563,22
M013847,R00756,Burger,Veg Burger,181,10
M013848,R01394,Pizza,Veg Pizza,286,13
M013849,R00367,Chinese,Manchurian,353,24
M013850,R00364,North Indian,Chole Bhature,133,24
M013851,R00261,Chinese,Fried Rice,484,17
M013852,R01227,South Indian,Vada,403,10
M013853,R00398,Biryani,Chicken Biryani,317,13
M013854,R00039,South Indian,Uttapam,220,15
M013855,R00514,Burger,Cheese Burger,493,19
M013856,R00777,North Indian,Chole Bhature,133,14
M013857,R00925,Biryani,Mutton Biryani,439,40
M013858,R00081,Biryani,Mutton Biryani,91,33
M013859,R00838,Biryani,Veg Biryani,138,24
M013860,R00895,Pizza,Farmhouse Pizza,309,28
M013861,R01055,South Indian,Vada,322,26
M013862,R00818,Pizza,Veg Pizza,313,24
M013863,R01480,Biryani,Veg Biryani,211,12
M013864,R01228,Chinese,Manchurian,568,19
M013865,R01190,Biryani,Veg Biryani,113,20
M013866,R00432,Burger,Cheese Burger,318,22
M013867,R00624,North Indian,Butter Naan,336,37
M013868,R01218,Desserts,Ice Cream,182,38
M013869,R00783,South Indian,Idli,247,25
M013870,R01366,South Indian,Masala Dosa,621,21
M013871,R00960,North Indian,Dal Makhani,506,27
M013872,R00784,Burger,Veg Burger,518,22
M013873,R00869,North Indian,Dal Makhani,374,16
M013874,R00176,South Indian,Uttapam,618,16
M013875,R00905,Biryani,Paneer Biryani,247,14
M013876,R00554,Pizza,Margherita Pizza,153,33
M013877,R00445,Healthy Foods,Grilled Chicken,210,25
M013878,R01208,South Indian,Vada,548,28
M013879,R00381,South Indian,Pongal,489,45
M013880,R00882,Biryani,Mutton Biryani,346,22
M013881,R00188,South Indian,Vada,239,12
M013882,R00989,Pizza,Pepperoni Pizza,162,12
M013883,R01399,North Indian,Butter Naan,391,26
M013884,R00741,Burger,Chicken Burger,376,16
M013885,R01485,North Indian,Chole Bhature,409,28
M013886,R00528,South Indian,Masala Dosa,587,39
M013887,R00416,North Indian,Dal Makhani,559,36
M013888,R01078,Biryani,Chicken Biryani,435,33
M013889,R00602,Chinese,Noodles,606,18
M013890,R00416,North Indian,Dal Makhani,366,25
M013891,R01331,Chinese,Fried Rice,596,38
M013892,R01250,South Indian,Masala Dosa,509,20
M013893,R01193,Pizza,Pepperoni Pizza,525,31
M013894,R01371,Chinese,Fried Rice,334,34
M013895,R00061,Biryani,Veg Biryani,700,20
M013896,R00257,North Indian,Paneer Butter Masala,183,36
M013897,R01073,Pizza,Margherita Pizza,617,31
M013898,R01475,Pizza,Pepperoni Pizza,587,21
M013899,R01368,South Indian,Masala Dosa,363,19
M013900,R00246,Desserts,Ice Cream,443,42
M013901,R00211,Chinese,Noodles,393,16
M013902,R00984,North Indian,Dal Makhani,571,18
M013903,R00775,South Indian,Uttapam,167,21
M013904,R00805,North Indian,Chole Bhature,381,30
M013905,R00460,North Indian,Paneer Butter Masala,330,18
M013906,R01250,South Indian,Idli,590,10
M013907,R00612,North Indian,Dal Makhani,611,35
M013908,R00650,South Indian,Pongal,124,15
M013909,R00942,Burger,Cheese Burger,193,38
M013910,R00589,Pizza,Farmhouse Pizza,301,22
M013911,R00365,Burger,Veg Burger,641,27
M013912,R00444,Biryani,Mutton Biryani,477,13
M013913,R01240,Chinese,Spring Roll,496,30
M013914,R00073,Biryani,Paneer Biryani,510,43
M013915,R00150,Biryani,Veg Biryani,324,16
M013916,R00459,South Indian,Masala Dosa,94,45
M013917,R00796,Biryani,Mutton Biryani,95,12
M013918,R01234,South Indian,Idli,449,25
M013919,R00972,North Indian,Chole Bhature,466,18
M013920,R00208,South Indian,Vada,156,18
M013921,R00210,Biryani,Paneer Biryani,427,12
M013922,R01294,South Indian,Pongal,323,26
M013923,R00704,South Indian,Uttapam,171,16
M013924,R01423,North Indian,Butter Naan,295,40
M013925,R00411,Biryani,Veg Biryani,629,42
M013926,R00195,Biryani,Mutton Biryani,501,18
M013927,R01438,Biryani,Paneer Biryani,517,28
M013928,R00923,Biryani,Chicken Biryani,201,12
M013929,R01337,Burger,Cheese Burger,518,44
M013930,R00519,South Indian,Uttapam,599,12
M013931,R00098,Biryani,Paneer Biryani,415,23
M013932,R01477,Biryani,Mutton Biryani,381,16
M013933,R01321,South Indian,Masala Dosa,261,25
M013934,R00195,Biryani,Paneer Biryani,449,38
M013935,R00365,Burger,Cheese Burger,547,25
M013936,R00181,North Indian,Dal Makhani,572,24
M013937,R00942,Burger,Cheese Burger,381,26
M013938,R01197,Biryani,Chicken Biryani,482,23
M013939,R00995,Beverages,Mojito,486,37
M013940,R00712,Desserts,Chocolate Cake,397,36
M013941,R01054,Pizza,Veg Pizza,171,26
M013942,R00306,Pizza,Veg Pizza,354,11
M013943,R00253,Pizza,Pepperoni Pizza,471,39
M013944,R00667,Burger,Cheese Burger,321,18
M013945,R00508,South Indian,Uttapam,626,11
M013946,R01293,Chinese,Fried Rice,300,37
M013947,R01271,Pizza,Veg Pizza,116,31
M013948,R00558,Pizza,Margherita Pizza,243,44
M013949,R00084,Biryani,Chicken Biryani,534,43
M013950,R01285,Desserts,Ice Cream,270,23
M013951,R01139,Biryani,Veg Biryani,607,31
M013952,R00402,Biryani,Veg Biryani,255,41
M013953,R00393,Chinese,Manchurian,634,27
M013954,R00057,North Indian,Dal Makhani,195,39
M013955,R00478,Biryani,Paneer Biryani,501,27
M013956,R01163,Desserts,Chocolate Cake,523,37
M013957,R00057,North Indian,Dal Makhani,684,35
M013958,R00982,Burger,Cheese Burger,484,34
M013959,R01328,Chinese,Manchurian,400,12
M013960,R00898,Beverages,Lemon Juice,522,14
M013961,R00288,North Indian,Butter Naan,318,11
M013962,R00395,North Indian,Butter Naan,197,31
M013963,R01208,South Indian,Uttapam,617,12
M013964,R00857,Biryani,Paneer Biryani,438,16
M013965,R00924,South Indian,Pongal,112,38
M013966,R00768,North Indian,Chole Bhature,254,12
M013967,R00201,Biryani,Mutton Biryani,336,21
M013968,R01174,South Indian,Vada,685,12
M013969,R01463,Burger,Chicken Burger,480,19
M013970,R01022,North Indian,Dal Makhani,451,11
M013971,R00745,Healthy Foods,Protein Bowl,575,36
M013972,R00504,South Indian,Vada,320,36
M013973,R01015,North Indian,Paneer Butter Masala,357,17
M013974,R00122,South Indian,Vada,342,39
M013975,R00455,Biryani,Chicken Biryani,350,44
M013976,R01190,Biryani,Veg Biryani,548,31
M013977,R00518,Pizza,Veg Pizza,622,11
M013978,R00772,Pizza,Farmhouse Pizza,211,17
M013979,R00050,Chinese,Spring Roll,448,20
M013980,R00323,Pizza,Veg Pizza,432,30
M013981,R00497,South Indian,Idli,673,28
M013982,R00497,South Indian,Idli,362,27
M013983,R01481,North Indian,Dal Makhani,538,31
M013984,R00917,North Indian,Paneer Butter Masala,339,29
M013985,R00528,South Indian,Masala Dosa,436,17
M013986,R00729,North Indian,Butter Naan,604,18
M013987,R01122,Chinese,Fried Rice,243,24
M013988,R01051,Pizza,Veg Pizza,344,14
M013989,R00998,Chinese,Noodles,595,40
M013990,R01278,South Indian,Idli,689,41
M013991,R01098,Beverages,Lemon Juice,258,34
M013992,R00367,Chinese,Fried Rice,671,29
M013993,R00333,Beverages,Cold Coffee,659,41
M013994,R00731,South Indian,Masala Dosa,367,27
M013995,R01251,Chinese,Fried Rice,519,32
M013996,R00609,South Indian,Masala Dosa,431,26
M013997,R01324,South Indian,Uttapam,585,39
M013998,R00925,Biryani,Paneer Biryani,689,33
M013999,R00133,Biryani,Veg Biryani,638,40
M014000,R01127,North Indian,Chole Bhature,445,18
M014001,R00835,Pizza,Veg Pizza,459,20
M014002,R01071,Pizza,Farmhouse Pizza,194,29
M014003,R01259,North Indian,Dal Makhani,368,16
M014004,R00476,North Indian,Butter Naan,477,13
M014005,R01043,Burger,Chicken Burger,356,25
M014006,R00217,Healthy Foods,Protein Bowl,546,36
M014007,R00503,South Indian,Uttapam,409,11
M014008,R01310,Biryani,Paneer Biryani,556,35
M014009,R00919,Healthy Foods,Protein Bowl,485,30
M014010,R00848,South Indian,Masala Dosa,485,26
M014011,R01413,Pizza,Pepperoni Pizza,147,36
M014012,R01426,North Indian,Butter Naan,277,38
M014013,R00669,Healthy Foods,Grilled Chicken,661,10
M014014,R00485,North Indian,Paneer Butter Masala,309,41
M014015,R01175,North Indian,Butter Naan,483,41
M014016,R00394,Biryani,Mutton Biryani,170,27
M014017,R01166,Pizza,Pepperoni Pizza,533,12
M014018,R00626,Biryani,Veg Biryani,637,37
M014019,R01385,Chinese,Noodles,345,29
M014020,R00610,Pizza,Farmhouse Pizza,285,41
M014021,R00096,Biryani,Veg Biryani,171,25
M014022,R00994,South Indian,Uttapam,120,12
M014023,R00330,Pizza,Farmhouse Pizza,597,45
M014024,R01062,Chinese,Fried Rice,590,16
M014025,R00630,Burger,Chicken Burger,246,39
M014026,R00286,South Indian,Idli,681,17
M014027,R01072,South Indian,Uttapam,166,44
M014028,R00423,Biryani,Chicken Biryani,219,17
M014029,R00840,North Indian,Chole Bhature,308,37
M014030,R01211,Biryani,Veg Biryani,533,10
M014031,R01177,South Indian,Idli,605,16
M014032,R00889,South Indian,Idli,556,16
M014033,R00924,South Indian,Masala Dosa,252,12
M014034,R00790,Pizza,Margherita Pizza,375,18
M014035,R01131,South Indian,Pongal,322,35
M014036,R01157,North Indian,Chole Bhature,644,35
M014037,R01021,Burger,Veg Burger,671,23
M014038,R00079,Healthy Foods,Grilled Chicken,579,13
M014039,R01027,Biryani,Paneer Biryani,403,37
M014040,R01045,Beverages,Mojito,322,13
M014041,R01007,South Indian,Pongal,667,28
M014042,R01364,Pizza,Veg Pizza,406,45
M014043,R00688,Healthy Foods,Grilled Chicken,695,16
M014044,R00732,North Indian,Dal Makhani,345,37
M014045,R01123,Biryani,Chicken Biryani,405,29
M014046,R00523,Chinese,Manchurian,617,28
M014047,R00590,South Indian,Pongal,624,29
M014048,R00480,South Indian,Vada,300,23
M014049,R01011,South Indian,Uttapam,627,30
M014050,R01365,North Indian,Dal Makhani,663,16
M014051,R00600,South Indian,Vada,627,16
M014052,R01496,North Indian,Dal Makhani,639,38
M014053,R01231,Biryani,Mutton Biryani,604,29
M014054,R00381,South Indian,Uttapam,274,28
M014055,R00827,Biryani,Veg Biryani,115,36
M014056,R00445,Healthy Foods,Protein Bowl,91,17
M014057,R00155,South Indian,Vada,242,40
M014058,R01207,Desserts,Brownie,125,37
M014059,R00300,Pizza,Farmhouse Pizza,386,25
M014060,R01054,Pizza,Veg Pizza,368,10
M014061,R00337,South Indian,Vada,456,33
M014062,R00146,South Indian,Pongal,503,41
M014063,R01360,Biryani,Paneer Biryani,622,42
M014064,R00575,South Indian,Masala Dosa,272,31
M014065,R01442,South Indian,Idli,560,43
M014066,R00117,South Indian,Masala Dosa,515,21
M014067,R01456,Beverages,Lemon Juice,557,30
M014068,R00646,Healthy Foods,Protein Bowl,529,45
M014069,R01494,Chinese,Noodles,643,18
M014070,R00289,Biryani,Mutton Biryani,242,24
M014071,R00550,Biryani,Veg Biryani,612,28
M014072,R00596,Biryani,Paneer Biryani,656,30
M014073,R01015,North Indian,Chole Bhature,267,32
M014074,R00269,South Indian,Vada,332,42
M014075,R00841,Pizza,Pepperoni Pizza,465,24
M014076,R00266,Healthy Foods,Protein Bowl,277,36
M014077,R01321,South Indian,Pongal,613,19
M014078,R00269,South Indian,Masala Dosa,361,21
M014079,R00496,North Indian,Butter Naan,459,38
M014080,R01497,Biryani,Mutton Biryani,555,28
M014081,R01112,Pizza,Pepperoni Pizza,186,15
M014082,R00431,North Indian,Dal Makhani,444,29
M014083,R00880,Chinese,Noodles,528,45
M014084,R00777,North Indian,Paneer Butter Masala,315,45
M014085,R01166,Pizza,Pepperoni Pizza,599,24
M014086,R00639,Pizza,Farmhouse Pizza,240,43
M014087,R00137,North Indian,Chole Bhature,476,23
M014088,R00131,South Indian,Vada,114,21
M014089,R00076,Burger,Cheese Burger,180,36
M014090,R00728,Biryani,Chicken Biryani,555,29
M014091,R01471,South Indian,Pongal,517,30
M014092,R01144,Chinese,Noodles,407,33
M014093,R00685,South Indian,Pongal,694,12
M014094,R00346,South Indian,Idli,638,19
M014095,R00359,Biryani,Veg Biryani,272,43
M014096,R01217,Burger,Veg Burger,601,31
M014097,R00953,Pizza,Farmhouse Pizza,576,45
M014098,R00852,Pizza,Margherita Pizza,333,10
M014099,R00592,Chinese,Fried Rice,594,14
M014100,R00314,Biryani,Paneer Biryani,117,24
M014101,R00479,South Indian,Pongal,483,37
M014102,R00687,Burger,Cheese Burger,618,11
M014103,R00232,Biryani,Chicken Biryani,267,16
M014104,R01400,North Indian,Paneer Butter Masala,157,19
M014105,R00788,South Indian,Idli,296,24
M014106,R01280,Biryani,Mutton Biryani,84,16
M014107,R01257,South Indian,Pongal,632,31
M014108,R00164,Biryani,Veg Biryani,324,40
M014109,R00620,North Indian,Butter Naan,82,36
M014110,R00047,Biryani,Mutton Biryani,468,24
M014111,R01136,Pizza,Margherita Pizza,219,12
M014112,R00255,South Indian,Uttapam,619,43
M014113,R01444,Desserts,Ice Cream,272,19
M014114,R01137,Biryani,Paneer Biryani,210,24
M014115,R00289,Biryani,Chicken Biryani,430,16
M014116,R00556,Biryani,Veg Biryani,155,15
M014117,R01317,Pizza,Pepperoni Pizza,625,21
M014118,R00841,Pizza,Veg Pizza,382,44
M014119,R01128,Pizza,Margherita Pizza,462,36
M014120,R00955,Burger,Chicken Burger,464,19
M014121,R00857,Biryani,Veg Biryani,314,34
M014122,R00004,North Indian,Paneer Butter Masala,614,41
M014123,R00755,North Indian,Paneer Butter Masala,620,36
M014124,R00141,Desserts,Ice Cream,220,33
M014125,R01166,Pizza,Pepperoni Pizza,469,16
M014126,R00321,North Indian,Butter Naan,517,19
M014127,R00721,Chinese,Fried Rice,261,32
M014128,R01004,South Indian,Pongal,92,19
M014129,R00066,North Indian,Paneer Butter Masala,654,25
M014130,R00892,South Indian,Idli,131,13
M014131,R00679,South Indian,Masala Dosa,461,12
M014132,R00543,North Indian,Butter Naan,430,38
M014133,R00509,Biryani,Chicken Biryani,425,39
M014134,R01296,Burger,Cheese Burger,259,40
M014135,R00455,Biryani,Chicken Biryani,513,12
M014136,R00398,Biryani,Veg Biryani,654,19
M014137,R01040,Burger,Veg Burger,474,28
M014138,R00953,Pizza,Pepperoni Pizza,365,23
M014139,R00551,South Indian,Uttapam,459,24
M014140,R00810,North Indian,Butter Naan,202,31
M014141,R00209,North Indian,Paneer Butter Masala,325,28
M014142,R00444,Biryani,Paneer Biryani,604,26
M014143,R01011,South Indian,Pongal,625,19
M014144,R00397,North Indian,Paneer Butter Masala,223,11
M014145,R00555,Healthy Foods,Grilled Chicken,460,39
M014146,R00849,North Indian,Butter Naan,100,28
M014147,R00028,Burger,Veg Burger,100,42
M014148,R01103,South Indian,Pongal,298,43
M014149,R01391,South Indian,Idli,151,27
M014150,R00032,Beverages,Lemon Juice,649,17
M014151,R01164,Desserts,Brownie,106,40
M014152,R01217,Burger,Cheese Burger,640,32
M014153,R01026,Pizza,Pepperoni Pizza,496,16
M014154,R00120,Chinese,Spring Roll,375,44
M014155,R01368,South Indian,Pongal,248,27
M014156,R00024,Desserts,Brownie,287,38
M014157,R00506,Chinese,Spring Roll,260,43
M014158,R01389,Biryani,Chicken Biryani,565,14
M014159,R00551,South Indian,Uttapam,534,31
M014160,R00703,Chinese,Fried Rice,334,42
M014161,R00548,Burger,Cheese Burger,272,12
M014162,R00605,Pizza,Farmhouse Pizza,693,12
M014163,R00731,South Indian,Idli,306,27
M014164,R00680,Chinese,Spring Roll,347,45
M014165,R01334,Healthy Foods,Salad Bowl,515,34
M014166,R00477,Pizza,Margherita Pizza,488,18
M014167,R00416,North Indian,Butter Naan,206,24
M014168,R00510,South Indian,Idli,614,35
M014169,R00150,Biryani,Veg Biryani,279,41
M014170,R00598,Biryani,Mutton Biryani,154,41
M014171,R01157,North Indian,Paneer Butter Masala,313,37
M014172,R00187,North Indian,Dal Makhani,390,44
M014173,R01066,Healthy Foods,Grilled Chicken,484,10
M014174,R00194,Burger,Veg Burger,490,22
M014175,R00033,Burger,Chicken Burger,545,11
M014176,R00288,North Indian,Paneer Butter Masala,107,30
M014177,R00346,South Indian,Uttapam,579,18
M014178,R00866,North Indian,Butter Naan,510,40
M014179,R00997,North Indian,Butter Naan,553,26
M014180,R00935,North Indian,Paneer Butter Masala,176,29
M014181,R00944,Healthy Foods,Grilled Chicken,146,24
M014182,R01001,Biryani,Veg Biryani,362,33
M014183,R00309,Biryani,Paneer Biryani,535,11
M014184,R00401,Chinese,Spring Roll,456,42
M014185,R01405,Chinese,Fried Rice,232,27
M014186,R00916,South Indian,Masala Dosa,669,18
M014187,R00775,South Indian,Masala Dosa,195,16
M014188,R00764,Pizza,Margherita Pizza,590,34
M014189,R00483,Chinese,Noodles,188,37
M014190,R00227,Biryani,Veg Biryani,320,17
M014191,R01470,Biryani,Chicken Biryani,390,30
M014192,R00601,South Indian,Idli,462,27
M014193,R00424,South Indian,Masala Dosa,263,27
M014194,R01427,Healthy Foods,Grilled Chicken,251,15
M014195,R01108,North Indian,Dal Makhani,516,45
M014196,R01194,South Indian,Masala Dosa,550,23
M014197,R01176,Healthy Foods,Grilled Chicken,482,22
M014198,R00295,South Indian,Idli,400,26
M014199,R00860,Pizza,Veg Pizza,510,41
M014200,R00818,Pizza,Pepperoni Pizza,562,12
M014201,R00098,Biryani,Chicken Biryani,584,44
M014202,R00804,Desserts,Brownie,680,10
M014203,R01472,South Indian,Idli,215,23
M014204,R00442,Healthy Foods,Protein Bowl,554,28
M014205,R01244,Chinese,Spring Roll,639,41
M014206,R01061,Burger,Veg Burger,200,42
M014207,R00763,Chinese,Noodles,594,18
M014208,R01431,North Indian,Chole Bhature,413,15
M014209,R01059,South Indian,Idli,685,16
M014210,R01328,Chinese,Fried Rice,99,15
M014211,R00234,Pizza,Veg Pizza,309,18
M014212,R00271,Chinese,Fried Rice,300,40
M014213,R00988,Biryani,Veg Biryani,469,38
M014214,R01057,Burger,Veg Burger,631,32
M014215,R00745,Healthy Foods,Protein Bowl,425,42
M014216,R01075,Burger,Veg Burger,411,39
M014217,R00544,Biryani,Paneer Biryani,325,13
M014218,R01276,South Indian,Idli,195,22
M014219,R01000,Biryani,Chicken Biryani,198,29
M014220,R01238,North Indian,Paneer Butter Masala,514,36
M014221,R00740,Burger,Chicken Burger,689,42
M014222,R00003,North Indian,Dal Makhani,297,16
M014223,R00898,Beverages,Lemon Juice,418,40
M014224,R00737,Pizza,Margherita Pizza,111,24
M014225,R00687,Burger,Cheese Burger,116,33
M014226,R00860,Pizza,Veg Pizza,549,29
M014227,R00939,South Indian,Vada,498,35
M014228,R00423,Biryani,Mutton Biryani,686,18
M014229,R01200,Biryani,Chicken Biryani,80,25
M014230,R01208,South Indian,Pongal,516,38
M014231,R01311,South Indian,Uttapam,199,13
M014232,R00164,Biryani,Veg Biryani,509,22
M014233,R00112,Biryani,Paneer Biryani,194,21
M014234,R00726,Pizza,Farmhouse Pizza,369,38
M014235,R01396,Chinese,Manchurian,285,27
M014236,R00615,South Indian,Masala Dosa,448,41
M014237,R01299,Pizza,Pepperoni Pizza,231,42
M014238,R00079,Healthy Foods,Grilled Chicken,334,41
M014239,R00734,Desserts,Chocolate Cake,329,12
M014240,R00956,Healthy Foods,Salad Bowl,576,13
M014241,R00340,Beverages,Lemon Juice,173,39
M014242,R00429,Biryani,Veg Biryani,635,45
M014243,R00286,South Indian,Idli,672,35
M014244,R00486,South Indian,Vada,187,23
M014245,R00811,South Indian,Uttapam,358,18
M014246,R01208,South Indian,Pongal,254,40
M014247,R01484,South Indian,Uttapam,372,14
M014248,R00148,Burger,Cheese Burger,457,43
M014249,R01009,Biryani,Chicken Biryani,269,12
M014250,R01354,Biryani,Veg Biryani,139,10
M014251,R00209,North Indian,Paneer Butter Masala,355,30
M014252,R01121,South Indian,Uttapam,279,18
M014253,R00962,Desserts,Ice Cream,196,19
M014254,R00478,Biryani,Veg Biryani,168,37
M014255,R00554,Pizza,Margherita Pizza,504,25
M014256,R00172,Chinese,Spring Roll,178,19
M014257,R00587,Biryani,Paneer Biryani,376,40
M014258,R00238,South Indian,Idli,387,32
M014259,R01056,Burger,Chicken Burger,94,33
M014260,R00732,North Indian,Dal Makhani,206,42
M014261,R01114,Biryani,Veg Biryani,344,34
M014262,R00378,Biryani,Veg Biryani,547,45
M014263,R00862,Biryani,Mutton Biryani,437,30
M014264,R01102,Chinese,Fried Rice,139,38
M014265,R00621,Biryani,Veg Biryani,418,12
M014266,R00153,South Indian,Idli,205,12
M014267,R00872,Biryani,Chicken Biryani,286,21
M014268,R00116,Pizza,Veg Pizza,246,45
M014269,R01228,Chinese,Fried Rice,223,19
M014270,R00060,South Indian,Idli,269,45
M014271,R00612,North Indian,Dal Makhani,420,25
M014272,R01391,South Indian,Pongal,170,35
M014273,R00231,Burger,Veg Burger,521,38
M014274,R00347,Healthy Foods,Protein Bowl,690,11
M014275,R01407,Biryani,Mutton Biryani,270,31
M014276,R01335,Pizza,Veg Pizza,209,37
M014277,R01252,Chinese,Spring Roll,132,23
M014278,R01112,Pizza,Veg Pizza,174,42
M014279,R00574,South Indian,Masala Dosa,380,44
M014280,R00824,Chinese,Spring Roll,566,14
M014281,R00494,Burger,Veg Burger,275,38
M014282,R00874,Biryani,Veg Biryani,657,17
M014283,R01103,South Indian,Idli,119,13
M014284,R01272,Biryani,Paneer Biryani,215,21
M014285,R00932,North Indian,Chole Bhature,381,43
M014286,R01246,South Indian,Vada,130,19
M014287,R01279,North Indian,Chole Bhature,202,27
M014288,R01488,North Indian,Chole Bhature,592,34
M014289,R01017,Biryani,Chicken Biryani,608,15
M014290,R01039,South Indian,Pongal,156,10
M014291,R00817,Burger,Veg Burger,318,13
M014292,R01449,South Indian,Masala Dosa,235,41
M014293,R00473,North Indian,Paneer Butter Masala,427,34
M014294,R01116,Biryani,Chicken Biryani,87,20
M014295,R01106,Burger,Veg Burger,223,27
M014296,R01030,Desserts,Brownie,86,35
M014297,R01224,South Indian,Pongal,623,43
M014298,R00259,South Indian,Masala Dosa,436,24
M014299,R00283,Burger,Cheese Burger,106,40
M014300,R01067,North Indian,Chole Bhature,103,38
M014301,R00936,Biryani,Chicken Biryani,205,27
M014302,R01379,South Indian,Masala Dosa,140,31
M014303,R00449,Pizza,Veg Pizza,528,14
M014304,R01169,North Indian,Paneer Butter Masala,532,21
M014305,R00665,South Indian,Uttapam,509,39
M014306,R00387,South Indian,Masala Dosa,423,23
M014307,R00348,South Indian,Pongal,196,30
M014308,R00033,Burger,Veg Burger,314,38
M014309,R00877,South Indian,Pongal,166,26
M014310,R01332,Burger,Chicken Burger,281,41
M014311,R01380,Biryani,Mutton Biryani,606,22
M014312,R00830,Biryani,Paneer Biryani,489,24
M014313,R01036,Biryani,Mutton Biryani,273,18
M014314,R01465,Burger,Veg Burger,487,41
M014315,R00431,North Indian,Paneer Butter Masala,526,20
M014316,R01186,Biryani,Paneer Biryani,500,21
M014317,R00852,Pizza,Farmhouse Pizza,504,45
M014318,R00037,Beverages,Lemon Juice,477,14
M014319,R00231,Burger,Veg Burger,123,12
M014320,R00965,North Indian,Chole Bhature,121,40
M014321,R00641,South Indian,Masala Dosa,153,23
M014322,R01422,South Indian,Vada,119,14
M014323,R01376,South Indian,Vada,373,29
M014324,R00077,Chinese,Manchurian,322,25
M014325,R00252,Chinese,Noodles,268,18
M014326,R00812,North Indian,Dal Makhani,302,15
M014327,R00096,Biryani,Veg Biryani,604,38
M014328,R00937,Healthy Foods,Protein Bowl,206,15
M014329,R01256,North Indian,Paneer Butter Masala,660,26
M014330,R00424,South Indian,Masala Dosa,269,43
M014331,R00750,Biryani,Mutton Biryani,271,29
M014332,R00975,Desserts,Brownie,311,34
M014333,R00795,Pizza,Farmhouse Pizza,467,31
M014334,R01476,Pizza,Margherita Pizza,514,42
M014335,R00389,North Indian,Paneer Butter Masala,221,40
M014336,R00254,Biryani,Paneer Biryani,468,35
M014337,R01059,South Indian,Idli,622,31
M014338,R00379,Biryani,Chicken Biryani,255,28
M014339,R01458,South Indian,Uttapam,339,26
M014340,R00960,North Indian,Dal Makhani,145,27
M014341,R00791,Biryani,Paneer Biryani,410,18
M014342,R01117,Biryani,Veg Biryani,202,38
M014343,R00815,Biryani,Veg Biryani,643,28
M014344,R01062,Chinese,Fried Rice,637,35
M014345,R00568,Desserts,Chocolate Cake,216,35
M014346,R00180,Healthy Foods,Salad Bowl,482,32
M014347,R00801,North Indian,Chole Bhature,385,28
M014348,R01370,North Indian,Chole Bhature,628,42
M014349,R00941,Pizza,Farmhouse Pizza,127,15
M014350,R00295,South Indian,Uttapam,614,14
M014351,R00663,Chinese,Noodles,469,42
M014352,R01365,North Indian,Paneer Butter Masala,149,44
M014353,R01336,Burger,Veg Burger,584,31
M014354,R00246,Desserts,Chocolate Cake,121,45
M014355,R00759,North Indian,Paneer Butter Masala,619,45
M014356,R01354,Biryani,Mutton Biryani,557,13
M014357,R00687,Burger,Cheese Burger,211,26
M014358,R01041,South Indian,Idli,328,42
M014359,R00192,Chinese,Noodles,556,42
M014360,R00110,Biryani,Mutton Biryani,338,45
M014361,R01028,North Indian,Paneer Butter Masala,448,40
M014362,R01052,Chinese,Manchurian,238,41
M014363,R00059,Burger,Cheese Burger,318,19
M014364,R00308,North Indian,Dal Makhani,80,13
M014365,R01480,Biryani,Chicken Biryani,99,25
M014366,R00188,South Indian,Vada,656,45
M014367,R00382,South Indian,Idli,121,16
M014368,R00284,Biryani,Veg Biryani,513,23
M014369,R00934,North Indian,Dal Makhani,693,17
M014370,R01057,Burger,Cheese Burger,176,14
M014371,R00328,Biryani,Veg Biryani,129,40
M014372,R01474,Chinese,Manchurian,255,13
M014373,R01036,Biryani,Veg Biryani,490,29
M014374,R01356,South Indian,Vada,439,31
M014375,R00346,South Indian,Idli,467,22
M014376,R00486,South Indian,Pongal,340,37
M014377,R00965,North Indian,Chole Bhature,121,16
M014378,R00601,South Indian,Masala Dosa,601,45
M014379,R00187,North Indian,Dal Makhani,677,21
M014380,R01390,Beverages,Lemon Juice,392,41
M014381,R01045,Beverages,Mojito,666,13
M014382,R00490,Biryani,Chicken Biryani,381,41
M014383,R00104,North Indian,Butter Naan,592,45
M014384,R00412,North Indian,Dal Makhani,344,16
M014385,R00590,South Indian,Idli,490,31
M014386,R01388,Chinese,Noodles,329,10
M014387,R00537,Burger,Chicken Burger,362,21
M014388,R00405,Pizza,Pepperoni Pizza,223,45
M014389,R01280,Biryani,Chicken Biryani,102,11
M014390,R00844,North Indian,Chole Bhature,589,37
M014391,R00229,North Indian,Paneer Butter Masala,486,18
M014392,R00485,North Indian,Paneer Butter Masala,665,39
M014393,R00037,Beverages,Mojito,270,27
M014394,R00875,Biryani,Paneer Biryani,162,33
M014395,R00644,North Indian,Chole Bhature,245,28
M014396,R00841,Pizza,Farmhouse Pizza,464,29
M014397,R00343,South Indian,Idli,136,14
M014398,R00886,Pizza,Pepperoni Pizza,676,42
M014399,R00751,Chinese,Noodles,148,12
M014400,R00920,Burger,Veg Burger,496,43
M014401,R00244,Chinese,Spring Roll,667,36
M014402,R00742,Chinese,Manchurian,406,29
M014403,R00646,Healthy Foods,Salad Bowl,369,41
M014404,R00530,North Indian,Paneer Butter Masala,472,44
M014405,R00656,South Indian,Vada,393,22
M014406,R01157,North Indian,Butter Naan,177,14
M014407,R00766,Pizza,Pepperoni Pizza,340,21
M014408,R01344,Beverages,Cold Coffee,557,15
M014409,R01112,Pizza,Veg Pizza,583,22
M014410,R00215,Desserts,Brownie,209,11
M014411,R00536,Desserts,Brownie,175,19
M014412,R00912,Chinese,Spring Roll,179,18
M014413,R00860,Pizza,Margherita Pizza,609,16
M014414,R00976,Biryani,Chicken Biryani,473,33
M014415,R01410,South Indian,Pongal,185,30
M014416,R00534,Chinese,Manchurian,388,12
M014417,R00254,Biryani,Chicken Biryani,241,31
M014418,R00187,North Indian,Butter Naan,174,33
M014419,R01414,Pizza,Farmhouse Pizza,204,44
M014420,R00031,South Indian,Uttapam,258,40
M014421,R00878,Biryani,Mutton Biryani,314,36
M014422,R00430,Biryani,Paneer Biryani,236,17
M014423,R00251,Biryani,Paneer Biryani,488,34
M014424,R00519,South Indian,Vada,317,19
M014425,R00951,Burger,Chicken Burger,464,32
M014426,R01340,North Indian,Paneer Butter Masala,103,17
M014427,R01168,Biryani,Paneer Biryani,254,12
M014428,R01269,Chinese,Fried Rice,483,31
M014429,R01097,South Indian,Uttapam,459,45
M014430,R00904,Biryani,Veg Biryani,260,29
M014431,R00093,Biryani,Paneer Biryani,595,21
M014432,R00315,Desserts,Ice Cream,349,29
M014433,R00507,North Indian,Chole Bhature,532,21
M014434,R00547,South Indian,Masala Dosa,595,38
M014435,R00223,Beverages,Mojito,291,45
M014436,R00592,Chinese,Manchurian,601,33
M014437,R01194,South Indian,Pongal,476,15
M014438,R00529,North Indian,Paneer Butter Masala,101,10
M014439,R00599,Chinese,Fried Rice,338,30
M014440,R00383,Biryani,Chicken Biryani,580,22
M014441,R01093,Biryani,Chicken Biryani,166,45
M014442,R00870,South Indian,Idli,325,40
M014443,R01350,South Indian,Idli,129,15
M014444,R00652,South Indian,Idli,131,12
M014445,R00083,North Indian,Butter Naan,509,15
M014446,R00311,Biryani,Veg Biryani,245,38
M014447,R01436,South Indian,Masala Dosa,151,44
M014448,R00539,Pizza,Farmhouse Pizza,171,15
M014449,R00515,South Indian,Uttapam,651,37
M014450,R01229,Biryani,Chicken Biryani,514,12
M014451,R01232,Chinese,Manchurian,634,35
M014452,R00854,Biryani,Veg Biryani,94,39
M014453,R01277,Biryani,Mutton Biryani,552,27
M014454,R00829,North Indian,Dal Makhani,286,17
M014455,R00362,South Indian,Idli,369,24
M014456,R00019,South Indian,Idli,182,14
M014457,R00921,North Indian,Chole Bhature,89,25
M014458,R01073,Pizza,Margherita Pizza,351,10
M014459,R01002,Pizza,Veg Pizza,166,29
M014460,R00410,Biryani,Paneer Biryani,275,30
M014461,R00757,Chinese,Noodles,207,41
M014462,R01175,North Indian,Chole Bhature,255,38
M014463,R00984,North Indian,Butter Naan,601,22
M014464,R00072,South Indian,Vada,544,21
M014465,R01390,Beverages,Cold Coffee,587,20
M014466,R01405,Chinese,Noodles,572,24
M014467,R01279,North Indian,Butter Naan,656,11
M014468,R01201,Biryani,Veg Biryani,697,30
M014469,R00592,Chinese,Spring Roll,282,34
M014470,R00477,Pizza,Margherita Pizza,371,18
M014471,R00789,Burger,Veg Burger,638,31
M014472,R00719,South Indian,Masala Dosa,346,36
M014473,R01247,North Indian,Paneer Butter Masala,253,22
M014474,R01499,Desserts,Chocolate Cake,209,36
M014475,R00051,Desserts,Chocolate Cake,378,16
M014476,R00092,Chinese,Fried Rice,640,42
M014477,R00770,Biryani,Veg Biryani,483,37
M014478,R01167,Pizza,Pepperoni Pizza,247,39
M014479,R01167,Pizza,Veg Pizza,418,28
M014480,R00407,Biryani,Mutton Biryani,313,20
M014481,R00972,North Indian,Chole Bhature,267,44
M014482,R01380,Biryani,Paneer Biryani,525,15
M014483,R01471,South Indian,Masala Dosa,252,30
M014484,R01056,Burger,Chicken Burger,343,27
M014485,R00410,Biryani,Mutton Biryani,682,23
M014486,R00534,Chinese,Manchurian,486,22
M014487,R01277,Biryani,Mutton Biryani,367,31
M014488,R00060,South Indian,Vada,244,39
M014489,R00787,Pizza,Veg Pizza,629,40
M014490,R01132,South Indian,Vada,128,11
M014491,R00160,South Indian,Idli,106,40
M014492,R00119,North Indian,Butter Naan,213,14
M014493,R00050,Chinese,Spring Roll,656,31
M014494,R00615,South Indian,Idli,478,40
M014495,R00706,Pizza,Farmhouse Pizza,483,29
M014496,R00485,North Indian,Paneer Butter Masala,415,40
M014497,R00940,Beverages,Cold Coffee,313,39
M014498,R00754,Burger,Cheese Burger,389,13
M014499,R00263,Beverages,Cold Coffee,572,22
M014500,R00354,North Indian,Dal Makhani,307,31
M014501,R00002,Biryani,Veg Biryani,470,10
M014502,R00715,Healthy Foods,Grilled Chicken,149,34
M014503,R00801,North Indian,Chole Bhature,682,26
M014504,R00035,Biryani,Paneer Biryani,374,26
M014505,R01138,Healthy Foods,Protein Bowl,499,31
M014506,R00771,Beverages,Mojito,596,22
M014507,R00837,Biryani,Veg Biryani,663,34
M014508,R00457,North Indian,Paneer Butter Masala,246,27
M014509,R00564,North Indian,Chole Bhature,324,27
M014510,R00269,South Indian,Masala Dosa,379,20
M014511,R01471,South Indian,Idli,122,23
M014512,R00613,Pizza,Veg Pizza,314,17
M014513,R00225,Burger,Veg Burger,550,44
M014514,R01032,North Indian,Paneer Butter Masala,574,16
M014515,R00558,Pizza,Farmhouse Pizza,583,35
M014516,R00053,South Indian,Vada,201,17
M014517,R00454,South Indian,Idli,211,10
M014518,R01126,Burger,Cheese Burger,617,22
M014519,R01426,North Indian,Chole Bhature,673,27
M014520,R01128,Pizza,Farmhouse Pizza,462,28
M014521,R00390,Biryani,Paneer Biryani,176,26
M014522,R00941,Pizza,Veg Pizza,186,15
M014523,R01208,South Indian,Vada,102,33
M014524,R00500,Pizza,Pepperoni Pizza,319,33
M014525,R00327,Biryani,Paneer Biryani,94,27
M014526,R00113,Pizza,Pepperoni Pizza,409,37
M014527,R00324,North Indian,Dal Makhani,482,23
M014528,R00775,South Indian,Vada,207,32
M014529,R01464,Desserts,Chocolate Cake,383,29
M014530,R01081,South Indian,Masala Dosa,689,15
M014531,R00480,South Indian,Masala Dosa,491,30
M014532,R00932,North Indian,Paneer Butter Masala,477,32
M014533,R00982,Burger,Veg Burger,628,16
M014534,R00937,Healthy Foods,Salad Bowl,473,34
M014535,R00358,South Indian,Pongal,321,21
M014536,R00076,Burger,Veg Burger,608,32
M014537,R01359,Healthy Foods,Grilled Chicken,598,25
M014538,R01193,Pizza,Pepperoni Pizza,641,22
M014539,R00527,Biryani,Chicken Biryani,649,20
M014540,R00734,Desserts,Chocolate Cake,604,10
M014541,R00765,Pizza,Pepperoni Pizza,625,15
M014542,R00340,Beverages,Cold Coffee,362,18
M014543,R00324,North Indian,Butter Naan,389,30
M014544,R00828,South Indian,Masala Dosa,577,34
M014545,R00424,South Indian,Uttapam,419,40
M014546,R01360,Biryani,Paneer Biryani,498,20
M014547,R00147,Beverages,Lemon Juice,138,43
M014548,R01107,Biryani,Paneer Biryani,98,39
M014549,R00223,Beverages,Mojito,287,33
M014550,R00418,Biryani,Veg Biryani,202,34
M014551,R00708,Biryani,Veg Biryani,330,20
M014552,R00080,Burger,Cheese Burger,142,10
M014553,R00342,Burger,Cheese Burger,409,16
M014554,R00411,Biryani,Mutton Biryani,149,11
M014555,R00765,Pizza,Margherita Pizza,146,27
M014556,R00791,Biryani,Paneer Biryani,682,23
M014557,R00611,Beverages,Cold Coffee,290,17
M014558,R00173,South Indian,Masala Dosa,674,38
M014559,R00115,Pizza,Veg Pizza,483,45
M014560,R00858,Burger,Cheese Burger,532,36
M014561,R01492,Chinese,Manchurian,651,10
M014562,R00216,North Indian,Chole Bhature,479,35
M014563,R00768,North Indian,Paneer Butter Masala,290,36
M014564,R00150,Biryani,Veg Biryani,548,29
M014565,R00813,Burger,Veg Burger,218,27
M014566,R00429,Biryani,Mutton Biryani,261,38
M014567,R00308,North Indian,Chole Bhature,345,43
M014568,R00765,Pizza,Farmhouse Pizza,405,40
M014569,R00625,Chinese,Fried Rice,447,32
M014570,R01291,Burger,Veg Burger,457,19
M014571,R00092,Chinese,Manchurian,634,44
M014572,R00767,South Indian,Pongal,359,24
M014573,R01249,Chinese,Spring Roll,514,26
M014574,R00721,Chinese,Spring Roll,477,21
M014575,R00842,South Indian,Idli,679,23
M014576,R00926,Chinese,Spring Roll,689,11
M014577,R00870,South Indian,Masala Dosa,295,44
M014578,R00303,North Indian,Dal Makhani,232,25
M014579,R00260,South Indian,Vada,243,11
M014580,R00198,Biryani,Chicken Biryani,573,29
M014581,R01237,North Indian,Chole Bhature,255,44
M014582,R00170,North Indian,Butter Naan,572,13
M014583,R00827,Biryani,Veg Biryani,518,22
M014584,R00774,Biryani,Mutton Biryani,386,26
M014585,R00333,Beverages,Mojito,566,43
M014586,R01309,Burger,Cheese Burger,565,35
M014587,R00102,Burger,Cheese Burger,529,38
M014588,R01173,Healthy Foods,Salad Bowl,686,23
M014589,R01063,Beverages,Mojito,549,28
M014590,R00516,South Indian,Pongal,212,37
M014591,R00690,South Indian,Pongal,490,35
M014592,R00659,Biryani,Mutton Biryani,320,21
M014593,R00805,North Indian,Chole Bhature,679,20
M014594,R01451,South Indian,Vada,503,41
M014595,R00648,Chinese,Spring Roll,505,39
M014596,R00668,South Indian,Masala Dosa,694,22
M014597,R01314,South Indian,Masala Dosa,660,23
M014598,R00133,Biryani,Paneer Biryani,407,33
M014599,R00005,North Indian,Chole Bhature,308,44
M014600,R00502,Burger,Cheese Burger,671,41
M014601,R00128,South Indian,Masala Dosa,203,15
M014602,R00433,Pizza,Veg Pizza,554,41
M014603,R00566,Pizza,Margherita Pizza,346,21
M014604,R00059,Burger,Veg Burger,162,18
M014605,R01290,Pizza,Pepperoni Pizza,320,20
M014606,R00978,Burger,Cheese Burger,638,41
M014607,R00099,Pizza,Pepperoni Pizza,535,30
M014608,R00760,Healthy Foods,Salad Bowl,551,31
M014609,R01265,Pizza,Farmhouse Pizza,310,22
M014610,R00314,Biryani,Veg Biryani,587,31
M014611,R01337,Burger,Veg Burger,295,28
M014612,R01122,Chinese,Fried Rice,436,15
M014613,R01201,Biryani,Veg Biryani,563,32
M014614,R00385,South Indian,Pongal,676,37
M014615,R01343,Beverages,Mojito,341,34
M014616,R01211,Biryani,Paneer Biryani,343,31
M014617,R00712,Desserts,Brownie,307,30
M014618,R01038,North Indian,Butter Naan,375,23
M014619,R01052,Chinese,Fried Rice,139,14
M014620,R00439,North Indian,Butter Naan,251,29
M014621,R00801,North Indian,Butter Naan,543,10
M014622,R01341,North Indian,Chole Bhature,244,37
M014623,R00093,Biryani,Paneer Biryani,330,22
M014624,R01308,North Indian,Dal Makhani,440,33
M014625,R01139,Biryani,Paneer Biryani,231,31
M014626,R00768,North Indian,Paneer Butter Masala,660,38
M014627,R01104,North Indian,Butter Naan,132,23
M014628,R00034,Pizza,Farmhouse Pizza,693,35
M014629,R01400,North Indian,Chole Bhature,258,20
M014630,R01263,South Indian,Vada,152,26
M014631,R00993,North Indian,Dal Makhani,369,36
M014632,R00165,Burger,Veg Burger,564,39
M014633,R00702,South Indian,Idli,310,24
M014634,R00280,Healthy Foods,Protein Bowl,478,37
M014635,R00076,Burger,Veg Burger,261,22
M014636,R00124,Chinese,Noodles,81,15
M014637,R00668,South Indian,Uttapam,294,28
M014638,R00230,North Indian,Dal Makhani,546,12
M014639,R01263,South Indian,Uttapam,116,25
M014640,R00246,Desserts,Chocolate Cake,420,27
M014641,R00963,North Indian,Chole Bhature,370,21
M014642,R01075,Burger,Veg Burger,498,35
M014643,R00980,Biryani,Mutton Biryani,474,40
M014644,R00703,Chinese,Manchurian,283,16
M014645,R01174,South Indian,Idli,696,21
M014646,R00845,South Indian,Idli,168,17
M014647,R01446,North Indian,Chole Bhature,178,42
M014648,R01459,Biryani,Paneer Biryani,305,26
M014649,R00958,North Indian,Chole Bhature,206,11
M014650,R00349,South Indian,Vada,187,18
M014651,R01066,Healthy Foods,Grilled Chicken,247,40
M014652,R00123,Biryani,Paneer Biryani,420,38
M014653,R00977,South Indian,Idli,386,44
M014654,R00162,South Indian,Uttapam,347,17
M014655,R00675,South Indian,Uttapam,479,12
M014656,R00237,Biryani,Veg Biryani,349,14
M014657,R00906,South Indian,Idli,552,27
M014658,R00344,South Indian,Masala Dosa,86,41
M014659,R00981,Burger,Chicken Burger,466,42
M014660,R00632,Biryani,Paneer Biryani,673,42
M014661,R01487,Burger,Veg Burger,544,24
M014662,R00684,South Indian,Vada,466,28
M014663,R00033,Burger,Veg Burger,359,29
M014664,R01177,South Indian,Pongal,558,31
M014665,R01497,Biryani,Chicken Biryani,504,29
M014666,R00841,Pizza,Farmhouse Pizza,421,42
M014667,R00142,Burger,Veg Burger,113,37
M014668,R01273,South Indian,Uttapam,628,16
M014669,R00442,Healthy Foods,Grilled Chicken,215,13
M014670,R00634,Burger,Chicken Burger,643,21
M014671,R01089,South Indian,Pongal,332,20
M014672,R01313,North Indian,Dal Makhani,233,27
M014673,R01305,Chinese,Fried Rice,218,10
M014674,R01466,Pizza,Farmhouse Pizza,487,24
M014675,R01004,South Indian,Vada,209,23
M014676,R01359,Healthy Foods,Salad Bowl,204,12
M014677,R00268,South Indian,Masala Dosa,178,35
M014678,R00211,Chinese,Manchurian,658,28
M014679,R00896,Biryani,Chicken Biryani,250,22
M014680,R00297,Burger,Veg Burger,671,42
M014681,R01211,Biryani,Mutton Biryani,182,28
M014682,R01414,Pizza,Pepperoni Pizza,523,10
M014683,R01330,Burger,Chicken Burger,131,21
M014684,R01339,South Indian,Idli,394,20
M014685,R00047,Biryani,Mutton Biryani,456,43
M014686,R01174,South Indian,Pongal,582,32
M014687,R00117,South Indian,Idli,192,16
M014688,R00391,South Indian,Vada,310,27
M014689,R00971,North Indian,Paneer Butter Masala,635,31
M014690,R00837,Biryani,Paneer Biryani,390,25
M014691,R00285,North Indian,Dal Makhani,202,37
M014692,R00928,North Indian,Chole Bhature,117,42
M014693,R00495,Chinese,Noodles,194,31
M014694,R00764,Pizza,Pepperoni Pizza,213,26
M014695,R00648,Chinese,Fried Rice,103,44
M014696,R01003,South Indian,Vada,465,27
M014697,R00644,North Indian,Paneer Butter Masala,423,17
M014698,R01431,North Indian,Paneer Butter Masala,366,38
M014699,R01402,North Indian,Dal Makhani,384,40
M014700,R00759,North Indian,Dal Makhani,385,29
M014701,R00160,South Indian,Idli,505,20
M014702,R00542,Biryani,Chicken Biryani,626,38
M014703,R01399,North Indian,Chole Bhature,89,21
M014704,R00482,Pizza,Margherita Pizza,467,32
M014705,R01102,Chinese,Spring Roll,431,37
M014706,R00552,North Indian,Paneer Butter Masala,267,42
M014707,R00565,Biryani,Veg Biryani,698,32
M014708,R00101,Chinese,Noodles,159,16
M014709,R00683,Biryani,Mutton Biryani,197,36
M014710,R00062,North Indian,Paneer Butter Masala,612,14
M014711,R00630,Burger,Cheese Burger,371,39
M014712,R01409,South Indian,Pongal,337,41
M014713,R00437,Biryani,Veg Biryani,675,16
M014714,R00241,Biryani,Chicken Biryani,528,11
M014715,R00250,South Indian,Vada,536,45
M014716,R00549,Chinese,Fried Rice,86,42
M014717,R00689,Burger,Veg Burger,166,17
M014718,R01075,Burger,Chicken Burger,335,12
M014719,R01402,North Indian,Chole Bhature,101,33
M014720,R01408,North Indian,Chole Bhature,178,25
M014721,R00101,Chinese,Manchurian,431,14
M014722,R00783,South Indian,Masala Dosa,507,41
M014723,R00766,Pizza,Farmhouse Pizza,232,30
M014724,R00870,South Indian,Masala Dosa,405,33
M014725,R00592,Chinese,Noodles,280,35
M014726,R01443,South Indian,Uttapam,365,39
M014727,R00779,South Indian,Idli,190,32
M014728,R01441,Biryani,Mutton Biryani,439,15
M014729,R00859,North Indian,Chole Bhature,465,42
M014730,R00980,Biryani,Paneer Biryani,570,38
M014731,R01302,South Indian,Pongal,240,39
M014732,R01240,Chinese,Noodles,342,30
M014733,R01128,Pizza,Margherita Pizza,657,19
M014734,R01111,South Indian,Pongal,537,19
M014735,R01114,Biryani,Paneer Biryani,264,43
M014736,R00508,South Indian,Masala Dosa,506,26
M014737,R00374,Biryani,Mutton Biryani,312,39
M014738,R01427,Healthy Foods,Protein Bowl,94,34
M014739,R00040,South Indian,Pongal,174,17
M014740,R01015,North Indian,Chole Bhature,348,38
M014741,R01198,North Indian,Paneer Butter Masala,600,12
M014742,R01297,Biryani,Paneer Biryani,160,30
M014743,R00454,South Indian,Pongal,225,30
M014744,R00292,Biryani,Chicken Biryani,360,28
M014745,R01063,Beverages,Mojito,161,33
M014746,R00691,South Indian,Uttapam,672,35
M014747,R00714,North Indian,Butter Naan,698,15
M014748,R00050,Chinese,Noodles,346,13
M014749,R00249,North Indian,Paneer Butter Masala,269,39
M014750,R00740,Burger,Chicken Burger,477,31
M014751,R01228,Chinese,Spring Roll,264,42
M014752,R00603,South Indian,Uttapam,361,27
M014753,R00351,South Indian,Masala Dosa,371,22
M014754,R00328,Biryani,Veg Biryani,542,34
M014755,R01200,Biryani,Chicken Biryani,122,16
M014756,R00879,South Indian,Uttapam,248,14
M014757,R00620,North Indian,Paneer Butter Masala,475,21
M014758,R00633,South Indian,Pongal,456,43
M014759,R00521,Biryani,Paneer Biryani,436,23
M014760,R01051,Pizza,Veg Pizza,579,44
M014761,R00228,Biryani,Veg Biryani,145,11
M014762,R00206,Biryani,Mutton Biryani,584,20
M014763,R01489,Biryani,Mutton Biryani,583,22
M014764,R00858,Burger,Veg Burger,443,18
M014765,R01260,South Indian,Vada,262,26
M014766,R00439,North Indian,Dal Makhani,90,44
M014767,R00590,South Indian,Uttapam,695,15
M014768,R01248,Pizza,Farmhouse Pizza,173,32
M014769,R00019,South Indian,Idli,207,42
M014770,R00068,South Indian,Masala Dosa,583,13
M014771,R00765,Pizza,Farmhouse Pizza,437,21
M014772,R01200,Biryani,Veg Biryani,204,37
M014773,R00110,Biryani,Chicken Biryani,633,28
M014774,R00679,South Indian,Vada,688,15
M014775,R01011,South Indian,Vada,130,12
M014776,R01077,Burger,Chicken Burger,320,11
M014777,R01230,North Indian,Dal Makhani,566,35
M014778,R00765,Pizza,Veg Pizza,698,13
M014779,R00267,South Indian,Idli,379,35
M014780,R01150,Pizza,Veg Pizza,430,43
M014781,R00314,Biryani,Veg Biryani,235,40
M014782,R00849,North Indian,Chole Bhature,659,31
M014783,R00413,South Indian,Uttapam,456,43
M014784,R01307,Biryani,Veg Biryani,104,33
M014785,R00478,Biryani,Veg Biryani,288,15
M014786,R00170,North Indian,Dal Makhani,142,20
M014787,R00446,Healthy Foods,Salad Bowl,692,10
M014788,R00944,Healthy Foods,Salad Bowl,672,22
M014789,R01107,Biryani,Paneer Biryani,326,35
M014790,R01089,South Indian,Pongal,221,19
M014791,R00271,Chinese,Noodles,548,17
M014792,R00920,Burger,Veg Burger,344,33
M014793,R00986,Burger,Chicken Burger,595,23
M014794,R00254,Biryani,Veg Biryani,695,37
M014795,R01050,Biryani,Paneer Biryani,689,37
M014796,R00726,Pizza,Veg Pizza,124,14
M014797,R01226,South Indian,Pongal,592,22
M014798,R01058,Burger,Cheese Burger,551,16
M014799,R00986,Burger,Chicken Burger,427,20
M014800,R00490,Biryani,Veg Biryani,382,11
M014801,R00142,Burger,Cheese Burger,264,28
M014802,R00559,North Indian,Paneer Butter Masala,649,15
M014803,R01407,Biryani,Mutton Biryani,658,35
M014804,R00417,Chinese,Manchurian,174,30
M014805,R00891,North Indian,Paneer Butter Masala,589,35
M014806,R01063,Beverages,Cold Coffee,547,13
M014807,R00146,South Indian,Uttapam,384,16
M014808,R01045,Beverages,Mojito,528,42
M014809,R00960,North Indian,Butter Naan,184,15
M014810,R00861,Pizza,Farmhouse Pizza,92,21
M014811,R00549,Chinese,Manchurian,389,26
M014812,R01494,Chinese,Fried Rice,606,18
M014813,R00580,North Indian,Butter Naan,510,11
M014814,R00048,Pizza,Farmhouse Pizza,114,17
M014815,R00034,Pizza,Veg Pizza,542,24
M014816,R00532,North Indian,Paneer Butter Masala,222,45
M014817,R01046,North Indian,Butter Naan,582,43
M014818,R00355,Burger,Chicken Burger,140,39
M014819,R00194,Burger,Chicken Burger,632,38
M014820,R00014,Biryani,Paneer Biryani,87,25
M014821,R00187,North Indian,Butter Naan,272,35
M014822,R01392,South Indian,Idli,273,20
M014823,R00602,Chinese,Manchurian,267,40
M014824,R00713,Healthy Foods,Salad Bowl,379,18
M014825,R00328,Biryani,Veg Biryani,613,42
M014826,R00433,Pizza,Veg Pizza,115,23
M014827,R01360,Biryani,Chicken Biryani,479,10
M014828,R01379,South Indian,Pongal,245,35
M014829,R00167,South Indian,Idli,590,22
M014830,R00710,Biryani,Mutton Biryani,578,44
M014831,R01146,South Indian,Uttapam,102,10
M014832,R00080,Burger,Veg Burger,611,44
M014833,R01447,Chinese,Noodles,99,11
M014834,R01428,Burger,Veg Burger,535,11
M014835,R00432,Burger,Veg Burger,299,27
M014836,R00961,Biryani,Veg Biryani,427,36
M014837,R01356,South Indian,Idli,650,10
M014838,R00499,Chinese,Spring Roll,671,24
M014839,R01376,South Indian,Vada,375,11
M014840,R01295,Pizza,Farmhouse Pizza,90,13
M014841,R00917,North Indian,Butter Naan,634,20
M014842,R00687,Burger,Chicken Burger,413,18
M014843,R00173,South Indian,Idli,264,43
M014844,R00087,Pizza,Farmhouse Pizza,580,42
M014845,R00447,Chinese,Noodles,122,24
M014846,R00443,Pizza,Margherita Pizza,663,15
M014847,R01234,South Indian,Idli,315,31
M014848,R00347,Healthy Foods,Protein Bowl,424,42
M014849,R01387,South Indian,Vada,357,27
M014850,R01472,South Indian,Vada,430,42
M014851,R00522,Biryani,Paneer Biryani,360,11
M014852,R00886,Pizza,Veg Pizza,140,17
M014853,R00667,Burger,Cheese Burger,432,44
M014854,R01158,South Indian,Pongal,412,10
M014855,R00011,Desserts,Brownie,312,26
M014856,R00564,North Indian,Dal Makhani,668,31
M014857,R01480,Biryani,Veg Biryani,131,35
M014858,R01311,South Indian,Idli,521,36
M014859,R00916,South Indian,Masala Dosa,579,21
M014860,R00007,South Indian,Idli,130,43
M014861,R01268,North Indian,Butter Naan,383,12
M014862,R01098,Beverages,Lemon Juice,305,44
M014863,R01354,Biryani,Mutton Biryani,353,12
M014864,R00821,North Indian,Chole Bhature,108,10
M014865,R01067,North Indian,Dal Makhani,634,18
M014866,R01133,Chinese,Fried Rice,165,10
M014867,R01084,South Indian,Masala Dosa,672,27
M014868,R00074,North Indian,Butter Naan,433,45
M014869,R00949,Healthy Foods,Salad Bowl,173,16
M014870,R00562,Biryani,Mutton Biryani,80,18
M014871,R01476,Pizza,Margherita Pizza,480,32
M014872,R00917,North Indian,Chole Bhature,89,45
M014873,R01388,Chinese,Noodles,303,17
M014874,R00550,Biryani,Chicken Biryani,535,20
M014875,R00869,North Indian,Chole Bhature,161,45
M014876,R01313,North Indian,Chole Bhature,124,18
M014877,R00998,Chinese,Spring Roll,174,45
M014878,R00137,North Indian,Paneer Butter Masala,679,19
M014879,R00160,South Indian,Pongal,242,45
M014880,R00549,Chinese,Spring Roll,236,35
M014881,R01098,Beverages,Mojito,225,35
M014882,R00690,South Indian,Vada,125,37
M014883,R00567,Pizza,Pepperoni Pizza,194,34
M014884,R01239,Chinese,Fried Rice,606,24
M014885,R00539,Pizza,Margherita Pizza,111,27
M014886,R00296,Biryani,Chicken Biryani,147,26
M014887,R00725,Chinese,Noodles,653,13
M014888,R01345,North Indian,Dal Makhani,258,30
M014889,R00327,Biryani,Veg Biryani,670,37
M014890,R00577,Biryani,Paneer Biryani,519,16
M014891,R00113,Pizza,Pepperoni Pizza,236,39
M014892,R00285,North Indian,Chole Bhature,96,34
M014893,R00445,Healthy Foods,Grilled Chicken,320,35
M014894,R00390,Biryani,Mutton Biryani,386,35
M014895,R00562,Biryani,Veg Biryani,130,26
M014896,R00812,North Indian,Chole Bhature,191,36
M014897,R01376,South Indian,Vada,560,32
M014898,R00161,Pizza,Pepperoni Pizza,472,45
M014899,R00012,North Indian,Butter Naan,130,42
M014900,R01309,Burger,Veg Burger,388,44
M014901,R01463,Burger,Chicken Burger,229,31
M014902,R00176,South Indian,Vada,539,15
M014903,R01068,South Indian,Idli,159,38
M014904,R00543,North Indian,Dal Makhani,649,21
M014905,R00033,Burger,Veg Burger,127,28
M014906,R01487,Burger,Cheese Burger,355,11
M014907,R00596,Biryani,Chicken Biryani,81,28
M014908,R00389,North Indian,Paneer Butter Masala,151,29
M014909,R00135,Chinese,Manchurian,412,26
M014910,R01066,Healthy Foods,Grilled Chicken,511,32
M014911,R01491,Biryani,Paneer Biryani,355,17
M014912,R00057,North Indian,Chole Bhature,556,12
M014913,R00002,Biryani,Mutton Biryani,531,43
M014914,R00884,Chinese,Noodles,467,37
M014915,R01015,North Indian,Paneer Butter Masala,213,20
M014916,R00950,South Indian,Vada,522,28
M014917,R01160,Burger,Veg Burger,618,40
M014918,R00769,Biryani,Chicken Biryani,245,37
M014919,R01448,Burger,Cheese Burger,491,20
M014920,R01105,South Indian,Idli,346,14
M014921,R00296,Biryani,Paneer Biryani,104,24
M014922,R01369,Burger,Cheese Burger,282,29
M014923,R01153,Biryani,Veg Biryani,304,17
M014924,R00781,Pizza,Veg Pizza,550,38
M014925,R00072,South Indian,Pongal,430,25
M014926,R00944,Healthy Foods,Grilled Chicken,189,37
M014927,R01155,South Indian,Pongal,539,32
M014928,R00032,Beverages,Lemon Juice,121,13
M014929,R00918,North Indian,Butter Naan,204,22
M014930,R00317,Desserts,Ice Cream,100,21
M014931,R00413,South Indian,Masala Dosa,192,29
M014932,R01020,Biryani,Veg Biryani,137,34
M014933,R00388,North Indian,Butter Naan,591,39
M014934,R00611,Beverages,Cold Coffee,581,34
M014935,R00788,South Indian,Masala Dosa,491,26
M014936,R00185,Biryani,Mutton Biryani,461,23
M014937,R00449,Pizza,Pepperoni Pizza,136,23
M014938,R00980,Biryani,Chicken Biryani,494,13
M014939,R00871,Pizza,Veg Pizza,200,38
M014940,R00621,Biryani,Veg Biryani,175,37
M014941,R00573,North Indian,Butter Naan,316,40
M014942,R00356,South Indian,Pongal,585,45
M014943,R01158,South Indian,Vada,202,18
M014944,R00137,North Indian,Paneer Butter Masala,519,23
M014945,R01462,South Indian,Pongal,214,14
M014946,R01011,South Indian,Masala Dosa,551,28
M014947,R01087,North Indian,Dal Makhani,328,12
M014948,R00964,Biryani,Paneer Biryani,229,34
M014949,R00394,Biryani,Mutton Biryani,664,40
M014950,R00667,Burger,Cheese Burger,351,21
M014951,R00476,North Indian,Butter Naan,556,36
M014952,R01456,Beverages,Mojito,225,33
M014953,R00501,South Indian,Idli,473,15
M014954,R01456,Beverages,Cold Coffee,513,16
M014955,R01385,Chinese,Noodles,663,19
M014956,R00645,Beverages,Mojito,588,34
M014957,R00772,Pizza,Veg Pizza,150,37
M014958,R00475,North Indian,Butter Naan,524,45
M014959,R00313,Biryani,Chicken Biryani,665,17
M014960,R01144,Chinese,Fried Rice,96,40
M014961,R00117,South Indian,Masala Dosa,264,13
M014962,R01046,North Indian,Butter Naan,291,20
M014963,R00214,North Indian,Dal Makhani,572,38
M014964,R00733,South Indian,Uttapam,121,36
M014965,R01343,Beverages,Lemon Juice,128,29
M014966,R00103,Healthy Foods,Salad Bowl,432,15
M014967,R01162,Biryani,Mutton Biryani,111,28
M014968,R01354,Biryani,Chicken Biryani,441,13
M014969,R01038,North Indian,Chole Bhature,299,17
M014970,R00506,Chinese,Fried Rice,424,36
M014971,R00186,South Indian,Uttapam,121,32
M014972,R01461,Beverages,Mojito,291,43
M014973,R00735,Burger,Chicken Burger,208,25
M014974,R00003,North Indian,Dal Makhani,376,41
M014975,R00340,Beverages,Mojito,470,17
M014976,R00284,Biryani,Veg Biryani,683,31
M014977,R00254,Biryani,Mutton Biryani,202,37
M014978,R01309,Burger,Veg Burger,93,23
M014979,R00274,South Indian,Masala Dosa,278,36
M014980,R01087,North Indian,Paneer Butter Masala,674,12
M014981,R00652,South Indian,Pongal,447,42
M014982,R00287,Pizza,Veg Pizza,397,21
M014983,R01146,South Indian,Pongal,316,19
M014984,R00905,Biryani,Veg Biryani,181,45
M014985,R00269,South Indian,Uttapam,558,32
M014986,R00876,Burger,Cheese Burger,418,20
M014987,R00265,North Indian,Dal Makhani,315,45
M014988,R00749,Pizza,Pepperoni Pizza,360,32
M014989,R00589,Pizza,Farmhouse Pizza,314,20
M014990,R01410,South Indian,Uttapam,398,19
M014991,R01353,South Indian,Masala Dosa,385,36
M014992,R00213,South Indian,Pongal,437,11
M014993,R00490,Biryani,Chicken Biryani,275,17
M014994,R00076,Burger,Veg Burger,447,39
M014995,R00075,North Indian,Butter Naan,307,17
M014996,R01104,North Indian,Butter Naan,282,39
M014997,R01398,South Indian,Pongal,685,35
M014998,R00756,Burger,Veg Burger,273,36
M014999,R01077,Burger,Chicken Burger,432,19
M015000,R00466,South Indian,Masala Dosa,420,23
