customer_id,customer_name,age,gender,city,persona,occupation,signup_date,subscription_type,acquisition_channel
C000001,Indira Aggarwal,31,Female,Chennai,Family,Business Owner,2024-11-13,Premium,Instagram
C000002,Arjun Mandal,53,Male,Hyderabad,Student,Student,2025-10-05,Premium,Google
C000003,Omisha Balay,35,Female,Coimbatore,Family,Business Owner,2025-03-10,Free,Campus Campaign
C000004,Champak Pau,19,Female,Chennai,Family,Teacher,2025-01-07,Premium,Referral
C000005,Pallavi Palan,48,Female,Chennai,Student,Student,2025-02-05,Premium,Campus Campaign
C000006,Diya Shetty,47,Female,Bangalore,Family,Homemaker,2025-08-30,Free,Referral
C000007,Ubika Bose,50,Female,Chennai,Student,Student,2025-03-13,Premium,YouTube
C000008,Arya Seth,27,Female,Coimbatore,Family,Teacher,2025-06-14,Premium,Google
C000009,Dominic Venkataraman,34,Female,Hyderabad,Working Professional,Business Owner,2024-10-06,Premium,Instagram
C000010,Jatin Dhingra,29,Male,Bangalore,Family,Homemaker,2025-11-09,Free,YouTube
C000011,Ekiya Jain,43,Female,Hyderabad,Student,Student,2026-03-16,Premium,Campus Campaign
C000012,Meera Upadhyay,44,Female,Bangalore,Student,Student,2024-12-30,Free,Referral
C000013,Abhiram Majumdar,47,Female,Coimbatore,Family,Business Owner,2025-11-16,Free,Instagram
C000014,Karan Gole,33,Female,Chennai,Working Professional,Designer,2025-04-10,Premium,Referral
C000015,Yash Bail,41,Female,Hyderabad,Working Professional,Doctor,2026-02-24,Premium,Referral
C000016,Hitesh Chacko,27,Female,Bangalore,Family,Business Owner,2025-08-31,Free,Campus Campaign
C000017,Yamini Mann,48,Female,Vijayawada,Working Professional,Designer,2024-10-30,Premium,YouTube
C000018,Yochana Kurian,29,Male,Chennai,Student,Student,2025-02-02,Free,YouTube
C000019,Utkarsh Krishna,41,Male,Chennai,Working Professional,Accountant,2025-09-29,Free,Google
C000020,Rayaan Wagle,36,Male,Coimbatore,Working Professional,Accountant,2025-10-14,Premium,Google
C000021,Anita Amble,42,Female,Vijayawada,Student,Student,2025-10-23,Free,Campus Campaign
C000022,Abdul Nagarajan,23,Female,Hyderabad,Family,Business Owner,2024-11-10,Free,Instagram
C000023,Unnati Shanker,30,Female,Chennai,Working Professional,Designer,2025-08-20,Premium,Referral
C000024,Lopa Sheth,43,Male,Coimbatore,Student,Student,2024-08-05,Premium,Campus Campaign
C000025,Geetika Krish,41,Female,Bangalore,Student,Student,2024-09-06,Free,Google
C000026,Daniel Sengupta,20,Female,Coimbatore,Working Professional,Business Owner,2024-11-02,Premium,Google
C000027,Ayush Bajwa,60,Female,Coimbatore,Working Professional,Designer,2025-03-24,Premium,Campus Campaign
C000028,Eesha Vig,50,Female,Vijayawada,Family,Homemaker,2025-04-02,Free,Instagram
C000029,Devika Chhabra,34,Male,Bangalore,Working Professional,Teacher,2026-01-26,Premium,Instagram
C000030,Chakradev Chowdhury,49,Male,Bangalore,Family,Business Owner,2024-09-05,Free,Referral
C000031,Yash Chander,48,Male,Bangalore,Student,Student,2024-09-24,Free,Campus Campaign
C000032,Ubika Goel,30,Male,Chennai,Student,Student,2026-01-06,Premium,Google
C000033,Wishi Brar,45,Female,Bangalore,Student,Student,2026-06-11,Free,Campus Campaign
C000034,Niharika Kari,20,Male,Bangalore,Working Professional,Software Engineer,2025-07-17,Premium,Campus Campaign
C000035,Victor Sarkar,26,Male,Bangalore,Working Professional,Designer,2024-08-29,Free,Referral
C000036,Teerth Badal,26,Female,Chennai,Student,Student,2025-02-16,Free,Instagram
C000037,Omkaar Dara,53,Male,Chennai,Family,Teacher,2025-12-01,Free,Referral
C000038,Qushi Divan,19,Male,Chennai,Student,Student,2025-04-16,Premium,Instagram
C000039,Warhi Baral,57,Male,Chennai,Family,Business Owner,2024-09-21,Premium,Campus Campaign
C000040,Yauvani Deol,21,Female,Coimbatore,Working Professional,Doctor,2026-05-31,Premium,YouTube
C000041,Sanya Mammen,51,Female,Bangalore,Student,Student,2025-03-27,Free,Google
C000042,Upadhriti Dey,25,Female,Bangalore,Working Professional,Accountant,2025-11-03,Free,Campus Campaign
C000043,Thomas Bora,26,Male,Hyderabad,Working Professional,Software Engineer,2025-01-15,Premium,Google
C000044,Aarush Dhaliwal,21,Male,Chennai,Family,Homemaker,2024-10-19,Premium,YouTube
C000045,Jagdish Ranganathan,28,Male,Chennai,Working Professional,Business Owner,2025-09-06,Premium,Google
C000046,Aahana Sahni,45,Female,Chennai,Student,Student,2026-04-22,Premium,Instagram
C000047,Gaurangi Koshy,33,Female,Chennai,Family,Teacher,2025-07-09,Free,YouTube
C000048,Aadi Dugar,38,Female,Vijayawada,Student,Student,2026-04-01,Premium,Google
C000049,Nakul Khosla,22,Male,Bangalore,Family,Teacher,2025-12-27,Free,Referral
C000050,George Nagar,39,Male,Chennai,Student,Student,2024-09-16,Premium,YouTube
C000051,Oscar Sami,24,Male,Chennai,Working Professional,Software Engineer,2025-05-03,Free,YouTube
C000052,Parth Chowdhury,56,Male,Bangalore,Family,Homemaker,2025-04-19,Premium,Campus Campaign
C000053,George Bali,59,Female,Chennai,Family,Business Owner,2024-10-12,Free,Instagram
C000054,Libni Arya,60,Male,Chennai,Working Professional,Accountant,2025-12-07,Premium,YouTube
C000055,Thomas Ganesan,26,Female,Chennai,Working Professional,Doctor,2025-03-19,Free,YouTube
C000056,Anthony Mammen,58,Female,Chennai,Student,Student,2025-01-06,Premium,Referral
C000057,Nitesh Banik,37,Male,Coimbatore,Student,Student,2025-09-18,Free,YouTube
C000058,Indali Bora,31,Male,Coimbatore,Working Professional,Accountant,2026-03-26,Premium,YouTube
C000059,Devansh Dutta,49,Male,Hyderabad,Family,Teacher,2024-06-29,Premium,Referral
C000060,Wishi Aggarwal,26,Female,Chennai,Working Professional,Designer,2026-03-14,Free,Google
C000061,Triveni Lad,51,Female,Bangalore,Family,Business Owner,2025-05-19,Premium,YouTube
C000062,Edhitha Dixit,27,Female,Hyderabad,Working Professional,Software Engineer,2025-05-25,Free,Referral
C000063,Watika Chad,55,Female,Hyderabad,Student,Student,2026-02-11,Free,YouTube
C000064,Sudiksha Choudhury,29,Male,Chennai,Family,Teacher,2025-10-16,Free,Referral
C000065,Laban Narasimhan,20,Male,Hyderabad,Working Professional,Software Engineer,2025-06-01,Free,Instagram
C000066,Raagini Gandhi,51,Male,Coimbatore,Working Professional,Teacher,2024-10-06,Premium,Referral
C000067,Abha Khare,39,Female,Chennai,Working Professional,Accountant,2025-03-27,Premium,Campus Campaign
C000068,Sai Chakraborty,32,Female,Hyderabad,Working Professional,Accountant,2025-10-12,Free,Campus Campaign
C000069,Rishi Mane,28,Male,Chennai,Family,Business Owner,2025-05-29,Premium,Campus Campaign
C000070,Tripti Yohannan,33,Female,Chennai,Family,Teacher,2026-02-26,Premium,Google
C000071,Brinda Gala,52,Female,Bangalore,Student,Student,2024-12-06,Premium,Referral
C000072,Yashvi Varughese,40,Male,Hyderabad,Student,Student,2025-02-06,Premium,YouTube
C000073,Arunima Garg,59,Male,Coimbatore,Family,Homemaker,2025-09-12,Free,Instagram
C000074,Kamya Sandhu,28,Female,Hyderabad,Family,Business Owner,2025-11-09,Free,Instagram
C000075,Frederick Mistry,43,Female,Coimbatore,Working Professional,Designer,2025-05-22,Free,Google
C000076,Anay Savant,20,Male,Hyderabad,Student,Student,2025-01-25,Free,Google
C000077,Aadi Varkey,40,Female,Coimbatore,Student,Student,2025-10-20,Free,Google
C000078,Neha Baria,31,Female,Hyderabad,Student,Student,2025-06-03,Free,Google
C000079,Michael Mander,31,Female,Coimbatore,Student,Student,2025-06-21,Premium,Google
C000080,Dakshesh Sathe,43,Male,Hyderabad,Working Professional,Teacher,2025-03-29,Free,Instagram
C000081,Farhan Bassi,45,Male,Hyderabad,Family,Teacher,2024-08-16,Free,Campus Campaign
C000082,Pahal Datta,53,Female,Hyderabad,Working Professional,Doctor,2024-12-11,Premium,Instagram
C000083,Eesha Bansal,54,Male,Chennai,Family,Business Owner,2025-10-06,Free,Google
C000084,Leena Mane,42,Female,Hyderabad,Family,Business Owner,2025-07-26,Premium,Google
C000085,Zaitra Basu,59,Female,Vijayawada,Family,Teacher,2025-05-14,Free,YouTube
C000086,Zarna Date,46,Female,Coimbatore,Family,Homemaker,2025-03-14,Free,Referral
C000087,Qabil Bhatnagar,60,Male,Chennai,Working Professional,Business Owner,2025-07-29,Premium,Referral
C000088,Aarush Peri,54,Female,Chennai,Family,Business Owner,2026-04-24,Free,Instagram
C000089,Saumya D’Alia,40,Female,Coimbatore,Family,Homemaker,2026-04-30,Premium,Referral
C000090,Dalaja Pillai,51,Male,Chennai,Family,Homemaker,2025-07-21,Premium,Campus Campaign
C000091,Urvashi Barad,39,Male,Chennai,Working Professional,Teacher,2025-12-08,Free,Referral
C000092,Anay Sarraf,35,Female,Bangalore,Student,Student,2026-03-14,Premium,Google
C000093,Jagdish Radhakrishnan,59,Female,Vijayawada,Student,Student,2026-04-20,Free,Instagram
C000094,Nathaniel Nagi,24,Male,Hyderabad,Family,Homemaker,2026-03-10,Free,Instagram
C000095,Pranit Uppal,47,Female,Bangalore,Family,Homemaker,2026-02-10,Free,Referral
C000096,Yashawini Saraf,39,Male,Bangalore,Working Professional,Accountant,2025-06-06,Premium,YouTube
C000097,Priya Gupta,58,Female,Chennai,Working Professional,Designer,2024-10-19,Premium,Google
C000098,Veda Krishnan,20,Male,Coimbatore,Family,Business Owner,2025-10-28,Premium,Referral
C000099,Oscar Rege,24,Male,Bangalore,Working Professional,Software Engineer,2025-06-08,Premium,YouTube
C000100,Aahana Goyal,28,Male,Bangalore,Family,Business Owner,2025-12-02,Premium,Campus Campaign
C000101,Quincy Pant,18,Female,Hyderabad,Working Professional,Doctor,2026-04-18,Premium,Campus Campaign
C000102,Aryan Krish,41,Female,Bangalore,Working Professional,Teacher,2024-09-12,Premium,Campus Campaign
C000103,Samar Oza,25,Male,Bangalore,Student,Student,2025-04-08,Premium,Google
C000104,Om Kari,20,Female,Chennai,Working Professional,Software Engineer,2026-03-11,Free,Referral
C000105,Bakhshi Dalal,19,Male,Vijayawada,Family,Teacher,2026-01-23,Premium,Instagram
C000106,Finn Narayanan,48,Male,Bangalore,Student,Student,2024-06-18,Free,Campus Campaign
C000107,Ryan Varkey,31,Male,Hyderabad,Student,Student,2024-10-16,Free,Google
C000108,Kabir Shah,33,Female,Coimbatore,Working Professional,Teacher,2026-04-13,Premium,Instagram
C000109,Hritik Sridhar,36,Male,Bangalore,Student,Student,2024-08-23,Premium,Referral
C000110,Prisha Datta,18,Female,Hyderabad,Student,Student,2026-05-21,Premium,Referral
C000111,Dipta Kakar,33,Male,Bangalore,Working Professional,Software Engineer,2024-11-21,Free,YouTube
C000112,Rishi Randhawa,32,Female,Bangalore,Student,Student,2024-09-08,Premium,Referral
C000113,Ekta Bhatnagar,24,Male,Hyderabad,Student,Student,2025-07-06,Premium,YouTube
C000114,Isha Mistry,46,Female,Vijayawada,Family,Business Owner,2025-09-01,Free,Referral
C000115,Maya Basak,52,Female,Bangalore,Working Professional,Software Engineer,2026-03-26,Premium,Google
C000116,Bhavna Goda,30,Female,Chennai,Student,Student,2025-03-14,Premium,Campus Campaign
C000117,Dalaja Jaggi,36,Male,Coimbatore,Family,Business Owner,2024-09-01,Free,Google
C000118,Ryan Ramachandran,58,Male,Bangalore,Family,Business Owner,2025-04-09,Free,Referral
C000119,Harita Sule,19,Female,Coimbatore,Student,Student,2026-04-20,Premium,Referral
C000120,Xavier Choudhary,39,Female,Hyderabad,Family,Homemaker,2025-05-23,Premium,Campus Campaign
C000121,Darika Venkatesh,56,Male,Bangalore,Working Professional,Accountant,2026-01-14,Free,Referral
C000122,Vincent Mahajan,43,Female,Coimbatore,Working Professional,Teacher,2026-04-17,Free,Referral
C000123,Vritti Saxena,49,Male,Chennai,Working Professional,Teacher,2024-12-16,Premium,Referral
C000124,Nidhi Dhingra,40,Male,Coimbatore,Working Professional,Accountant,2026-03-07,Free,Instagram
C000125,Samarth Chana,31,Female,Vijayawada,Student,Student,2024-09-08,Premium,Instagram
C000126,Harrison Taneja,28,Female,Bangalore,Family,Homemaker,2026-02-08,Free,Campus Campaign
C000127,Devika Saxena,33,Female,Vijayawada,Student,Student,2024-11-14,Free,YouTube
C000128,Hiral Sarma,35,Male,Chennai,Student,Student,2024-07-18,Premium,Google
C000129,Nisha Vohra,27,Male,Hyderabad,Working Professional,Designer,2025-01-27,Free,Campus Campaign
C000130,Arin Varkey,43,Male,Chennai,Student,Student,2025-05-01,Free,Google
C000131,Ekani Aggarwal,49,Male,Hyderabad,Family,Homemaker,2025-08-05,Free,Campus Campaign
C000132,Jagrati Kothari,55,Male,Hyderabad,Working Professional,Business Owner,2025-08-03,Free,Instagram
C000133,Upasna Radhakrishnan,36,Male,Bangalore,Family,Homemaker,2024-09-29,Free,Campus Campaign
C000134,Unnati Mammen,55,Female,Coimbatore,Family,Teacher,2025-05-06,Premium,Campus Campaign
C000135,Anvi Grover,39,Male,Chennai,Student,Student,2024-07-08,Free,Referral
C000136,Chaitaly Luthra,37,Male,Chennai,Working Professional,Designer,2025-01-02,Free,Google
C000137,Ronith Pingle,42,Male,Chennai,Student,Student,2026-02-10,Premium,Campus Campaign
C000138,Idika Varma,26,Male,Vijayawada,Working Professional,Doctor,2025-08-11,Free,Instagram
C000139,Simon Murthy,49,Male,Bangalore,Working Professional,Designer,2025-08-30,Premium,Referral
C000140,Orinder Balan,31,Female,Chennai,Family,Business Owner,2026-02-24,Premium,Instagram
C000141,Arjun Saini,43,Female,Chennai,Working Professional,Teacher,2026-06-02,Premium,Instagram
C000142,Max Ben,54,Female,Bangalore,Working Professional,Teacher,2025-02-12,Premium,Google
C000143,Ojas Gola,50,Male,Hyderabad,Student,Student,2024-10-21,Premium,Google
C000144,Lipika Kalla,42,Female,Bangalore,Family,Business Owner,2026-01-23,Premium,Referral
C000145,Veer Muni,50,Female,Bangalore,Student,Student,2024-10-02,Premium,Campus Campaign
C000146,Om Tandon,60,Male,Bangalore,Family,Business Owner,2024-07-03,Premium,Instagram
C000147,Riya Koshy,37,Female,Chennai,Working Professional,Software Engineer,2024-09-29,Free,Referral
C000148,Qushi Mannan,38,Female,Bangalore,Family,Teacher,2025-11-28,Premium,YouTube
C000149,Anamika Sura,33,Female,Chennai,Working Professional,Teacher,2026-02-19,Free,Google
C000150,Lekha Murty,35,Male,Vijayawada,Working Professional,Teacher,2025-08-10,Free,Referral
C000151,Aditya Prakash,21,Female,Chennai,Student,Student,2026-04-12,Free,Campus Campaign
C000152,Lakshit Rout,55,Male,Bangalore,Working Professional,Designer,2026-01-21,Premium,YouTube
C000153,Ladli Sachar,24,Male,Bangalore,Student,Student,2026-01-29,Free,Google
C000154,Upasna Bose,58,Female,Chennai,Working Professional,Accountant,2026-05-21,Premium,Google
C000155,Samaksh Chander,34,Male,Coimbatore,Student,Student,2025-12-06,Free,YouTube
C000156,Deepa Pandya,25,Male,Coimbatore,Family,Teacher,2025-01-23,Premium,Referral
C000157,Geetika Gandhi,49,Male,Bangalore,Family,Business Owner,2025-01-04,Free,Instagram
C000158,Bina Menon,40,Male,Chennai,Student,Student,2025-11-30,Free,Referral
C000159,Gaurav Kade,33,Female,Hyderabad,Family,Business Owner,2024-08-20,Premium,Instagram
C000160,Aarna Swaminathan,40,Male,Chennai,Working Professional,Accountant,2026-02-22,Free,Campus Campaign
C000161,Aishani Pandey,49,Female,Chennai,Student,Student,2025-05-06,Premium,Instagram
C000162,Arya Krishnan,45,Female,Coimbatore,Working Professional,Teacher,2026-02-20,Free,Campus Campaign
C000163,Barkha Sethi,24,Male,Coimbatore,Working Professional,Business Owner,2025-04-14,Free,Referral
C000164,Tanmayi Dube,33,Female,Bangalore,Student,Student,2025-08-02,Premium,Google
C000165,Hritik Tailor,54,Female,Chennai,Working Professional,Designer,2026-05-23,Free,Campus Campaign
C000166,Yauvani Chanda,32,Female,Bangalore,Family,Teacher,2025-12-01,Free,Referral
C000167,Jacob Mohan,39,Male,Bangalore,Working Professional,Designer,2024-06-23,Free,Instagram
C000168,Damini Kalita,26,Female,Hyderabad,Student,Student,2025-02-19,Premium,Campus Campaign
C000169,Oscar Mishra,55,Female,Bangalore,Working Professional,Teacher,2026-01-27,Premium,Instagram
C000170,Dominic Basak,34,Male,Chennai,Working Professional,Teacher,2026-01-03,Premium,Campus Campaign
C000171,Niharika Rama,26,Male,Bangalore,Student,Student,2024-06-26,Free,Google
C000172,Divya Boase,22,Female,Coimbatore,Student,Student,2024-06-17,Premium,Google
C000173,Devansh Nagi,42,Male,Chennai,Student,Student,2024-08-07,Free,Instagram
C000174,Panini Gola,59,Female,Hyderabad,Family,Business Owner,2024-10-06,Free,Google
C000175,Raghav Shetty,23,Female,Chennai,Working Professional,Doctor,2026-02-03,Free,YouTube
C000176,Ladli Dhingra,53,Male,Hyderabad,Student,Student,2026-01-22,Free,Instagram
C000177,Aashi Savant,35,Female,Bangalore,Working Professional,Software Engineer,2026-02-25,Premium,Referral
C000178,Madhavi Seth,48,Male,Vijayawada,Student,Student,2025-05-03,Premium,YouTube
C000179,Waida Mann,25,Male,Chennai,Working Professional,Doctor,2025-05-25,Free,Google
C000180,Ishita Bawa,47,Female,Bangalore,Student,Student,2025-08-27,Free,Campus Campaign
C000181,Chavvi Dara,45,Male,Bangalore,Student,Student,2025-08-25,Free,Instagram
C000182,Yashasvi Minhas,54,Female,Chennai,Family,Business Owner,2024-08-28,Premium,Campus Campaign
C000183,George Mammen,29,Male,Hyderabad,Student,Student,2026-02-13,Free,YouTube
C000184,Amruta Karan,31,Female,Hyderabad,Working Professional,Business Owner,2025-11-11,Free,Instagram
C000185,Chakradhar Sidhu,20,Female,Chennai,Working Professional,Designer,2026-06-04,Premium,YouTube
C000186,Krish Venkatesh,58,Male,Hyderabad,Student,Student,2024-11-12,Premium,Campus Campaign
C000187,Samarth Sundaram,40,Female,Chennai,Family,Business Owner,2026-04-21,Free,Referral
C000188,Ubika Bobal,41,Male,Chennai,Family,Business Owner,2025-06-04,Premium,YouTube
C000189,Gaurika Khare,49,Male,Chennai,Student,Student,2025-07-30,Premium,Instagram
C000190,Eesha Chand,47,Female,Chennai,Family,Business Owner,2025-03-04,Free,Instagram
C000191,Falan Ray,37,Female,Vijayawada,Working Professional,Doctor,2024-10-15,Premium,Google
C000192,Omaja Krishnan,18,Female,Chennai,Student,Student,2026-01-26,Free,YouTube
C000193,Advika Jha,29,Male,Chennai,Working Professional,Doctor,2025-08-29,Premium,Instagram
C000194,Parth Borra,44,Male,Vijayawada,Student,Student,2025-06-01,Free,Campus Campaign
C000195,Jeevika Viswanathan,47,Female,Chennai,Working Professional,Teacher,2026-01-19,Free,Instagram
C000196,Yagnesh Tara,35,Male,Vijayawada,Working Professional,Accountant,2026-04-08,Free,Campus Campaign
C000197,Balhaar Bhat,43,Male,Chennai,Family,Business Owner,2024-06-25,Premium,Google
C000198,Daniel Goswami,39,Male,Chennai,Working Professional,Business Owner,2025-04-10,Free,YouTube
C000199,Dayamai Narain,23,Male,Coimbatore,Family,Business Owner,2024-08-01,Premium,Campus Campaign
C000200,Zayan Kala,54,Female,Hyderabad,Student,Student,2026-01-02,Premium,Google
C000201,Gauri Srinivas,41,Male,Coimbatore,Working Professional,Business Owner,2025-08-31,Premium,Campus Campaign
C000202,Ishita Sidhu,60,Female,Bangalore,Working Professional,Business Owner,2024-11-06,Free,Instagram
C000203,Anika Randhawa,31,Male,Hyderabad,Working Professional,Doctor,2024-07-17,Premium,YouTube
C000204,Omisha Balan,58,Male,Hyderabad,Working Professional,Accountant,2025-03-06,Free,Instagram
C000205,Vincent Jhaveri,32,Female,Vijayawada,Working Professional,Doctor,2024-06-16,Premium,Campus Campaign
C000206,Libni Devi,44,Male,Bangalore,Student,Student,2025-01-04,Free,Campus Campaign
C000207,Watika Prakash,45,Male,Hyderabad,Student,Student,2025-05-16,Free,Referral
C000208,Praneel Yogi,48,Female,Coimbatore,Working Professional,Software Engineer,2024-12-04,Premium,Referral
C000209,Jeremiah Naik,39,Female,Bangalore,Working Professional,Accountant,2025-05-28,Premium,Instagram
C000210,Siya Raghavan,49,Male,Bangalore,Working Professional,Designer,2025-12-09,Free,Google
C000211,Unnati Murty,29,Male,Coimbatore,Working Professional,Accountant,2026-01-11,Free,YouTube
C000212,Lipika Srinivas,46,Male,Hyderabad,Family,Homemaker,2026-03-29,Free,Referral
C000213,Sanya Dhaliwal,35,Female,Chennai,Working Professional,Teacher,2025-02-19,Premium,Instagram
C000214,Simon Gala,32,Male,Vijayawada,Working Professional,Doctor,2026-06-07,Premium,Referral
C000215,Deepa Bassi,55,Male,Chennai,Working Professional,Accountant,2025-11-13,Free,Google
C000216,Urvi Nagy,34,Female,Chennai,Student,Student,2026-04-22,Free,Referral
C000217,Warjas Swamy,20,Male,Hyderabad,Family,Business Owner,2025-07-11,Premium,Referral
C000218,Rohan Raj,35,Male,Vijayawada,Student,Student,2025-02-19,Free,YouTube
C000219,Yochana Ramesh,30,Male,Bangalore,Working Professional,Software Engineer,2024-07-07,Free,YouTube
C000220,Indira Pandit,59,Female,Coimbatore,Student,Student,2024-09-19,Free,YouTube
C000221,Jacob Yadav,22,Female,Coimbatore,Student,Student,2024-12-13,Premium,Campus Campaign
C000222,Samuel Bobal,59,Male,Chennai,Student,Student,2025-06-16,Free,Referral
C000223,Chaaya Mukhopadhyay,60,Male,Bangalore,Working Professional,Software Engineer,2025-09-29,Free,YouTube
C000224,Udarsh Johal,24,Female,Chennai,Student,Student,2025-10-16,Free,Instagram
C000225,Bina Babu,56,Female,Chennai,Working Professional,Designer,2025-12-20,Premium,Referral
C000226,Meghana Thaman,54,Male,Hyderabad,Working Professional,Teacher,2025-08-07,Premium,Google
C000227,Charan Krishnan,36,Female,Bangalore,Working Professional,Accountant,2026-03-24,Premium,Google
C000228,George Pandit,32,Female,Bangalore,Student,Student,2025-03-07,Free,YouTube
C000229,Xavier Pingle,53,Female,Chennai,Student,Student,2024-07-16,Free,Referral
C000230,Onkar Doshi,36,Female,Bangalore,Student,Student,2025-04-19,Premium,Google
C000231,Darpan Chaudhry,38,Female,Hyderabad,Family,Business Owner,2024-07-28,Free,Google
C000232,Chandran Seshadri,26,Female,Bangalore,Student,Student,2024-08-13,Premium,Referral
C000233,Aadi Pandit,35,Female,Bangalore,Student,Student,2026-05-24,Premium,Instagram
C000234,Manan Chandran,38,Female,Coimbatore,Working Professional,Software Engineer,2024-12-26,Premium,YouTube
C000235,Liam Din,40,Male,Chennai,Working Professional,Business Owner,2025-08-18,Free,Referral
C000236,Sai Ganesh,41,Female,Bangalore,Family,Business Owner,2026-05-27,Free,Instagram
C000237,Ishaan Bala,22,Female,Bangalore,Student,Student,2025-12-11,Premium,Instagram
C000238,Ethan Barad,41,Male,Hyderabad,Student,Student,2025-11-22,Free,Campus Campaign
C000239,Chameli Suresh,35,Male,Chennai,Working Professional,Teacher,2024-10-31,Free,Instagram
C000240,Yagnesh Pall,36,Female,Chennai,Working Professional,Teacher,2025-12-24,Free,Referral
C000241,Nikita Tripathi,50,Male,Coimbatore,Student,Student,2025-09-13,Premium,YouTube
C000242,Falguni Kumer,60,Female,Chennai,Family,Homemaker,2025-06-13,Free,YouTube
C000243,Radhika Mukherjee,23,Female,Chennai,Student,Student,2024-11-22,Free,Instagram
C000244,Om Wali,33,Female,Hyderabad,Family,Business Owner,2025-12-20,Premium,Instagram
C000245,Chakradhar Korpal,33,Female,Chennai,Student,Student,2025-08-24,Free,Google
C000246,Aachal Pillay,39,Male,Coimbatore,Student,Student,2026-05-16,Free,Google
C000247,Vasana Saxena,50,Male,Chennai,Family,Teacher,2025-06-05,Free,Referral
C000248,Mohini Shukla,31,Male,Chennai,Working Professional,Accountant,2025-10-13,Premium,YouTube
C000249,Aayush Chaudhuri,60,Female,Bangalore,Working Professional,Teacher,2024-07-15,Premium,Google
C000250,Ati Kibe,49,Female,Chennai,Working Professional,Doctor,2024-11-10,Free,YouTube
C000251,Osha Pillai,21,Male,Bangalore,Working Professional,Accountant,2024-09-10,Premium,Campus Campaign
C000252,Vedant Nigam,48,Female,Bangalore,Family,Business Owner,2026-03-09,Premium,Instagram
C000253,Omaja Dugar,23,Male,Bangalore,Student,Student,2024-07-05,Premium,Instagram
C000254,Tanay Bhatia,30,Male,Bangalore,Student,Student,2025-10-19,Free,Instagram
C000255,Kavya Dyal,34,Male,Chennai,Working Professional,Software Engineer,2025-04-20,Free,Referral
C000256,Gagan Buch,41,Female,Bangalore,Student,Student,2024-12-09,Premium,Campus Campaign
C000257,Dhruv Bhavsar,26,Female,Chennai,Family,Business Owner,2024-12-19,Premium,Referral
C000258,Sathvik Bhagat,49,Female,Bangalore,Family,Homemaker,2024-10-17,Premium,Campus Campaign
C000259,Kashvi Chatterjee,58,Male,Bangalore,Family,Homemaker,2025-07-30,Free,Campus Campaign
C000260,Ayush Kothari,53,Male,Chennai,Working Professional,Doctor,2025-08-25,Free,Referral
C000261,Lohit Ahluwalia,19,Female,Bangalore,Student,Student,2025-06-06,Premium,YouTube
C000262,Naveen Sengupta,22,Female,Vijayawada,Family,Homemaker,2026-05-31,Free,Campus Campaign
C000263,Aryan Rout,49,Male,Coimbatore,Family,Homemaker,2025-06-22,Free,Campus Campaign
C000264,Bhanumati Bhatnagar,30,Female,Bangalore,Student,Student,2026-03-08,Premium,Referral
C000265,Kai Palan,40,Female,Vijayawada,Family,Teacher,2025-11-17,Premium,YouTube
C000266,Inaya Chaudhary,56,Female,Chennai,Working Professional,Designer,2024-09-14,Premium,Referral
C000267,Samarth Ravi,29,Female,Bangalore,Working Professional,Designer,2024-10-26,Free,Campus Campaign
C000268,Michael Dani,33,Male,Bangalore,Family,Business Owner,2025-01-06,Free,YouTube
C000269,Anirudh Halder,35,Male,Vijayawada,Student,Student,2026-05-19,Premium,Referral
C000270,Janani Chacko,50,Male,Hyderabad,Working Professional,Software Engineer,2025-03-11,Free,Google
C000271,Rajeshri Tandon,47,Female,Chennai,Working Professional,Business Owner,2024-11-21,Free,Instagram
C000272,Zinal Thakkar,52,Male,Coimbatore,Student,Student,2026-05-02,Premium,Campus Campaign
C000273,Benjamin Subramanian,23,Female,Coimbatore,Family,Teacher,2024-09-03,Free,Instagram
C000274,Daniel Apte,28,Female,Coimbatore,Working Professional,Designer,2025-03-12,Free,Campus Campaign
C000275,Jeevika Sharma,19,Male,Hyderabad,Working Professional,Software Engineer,2025-10-27,Premium,Referral
C000276,Gautami Bhatti,47,Male,Bangalore,Family,Teacher,2025-10-16,Free,Instagram
C000277,Wazir Yadav,26,Female,Hyderabad,Working Professional,Doctor,2026-03-11,Free,Google
C000278,Lajita Virk,43,Male,Hyderabad,Family,Teacher,2024-08-13,Free,YouTube
C000279,Vinaya Krishnan,58,Female,Bangalore,Working Professional,Teacher,2026-02-05,Premium,Google
C000280,Vedant Gala,22,Male,Hyderabad,Working Professional,Doctor,2026-03-29,Premium,Instagram
C000281,Oscar Choudhury,35,Female,Chennai,Student,Student,2025-01-05,Premium,Instagram
C000282,Jagvi Korpal,32,Male,Bangalore,Working Professional,Designer,2025-03-24,Free,Google
C000283,Luke Bhagat,47,Female,Coimbatore,Student,Student,2024-10-31,Free,Campus Campaign
C000284,Lakshmi Kapoor,46,Female,Bangalore,Working Professional,Business Owner,2025-10-30,Premium,Campus Campaign
C000285,Sai Naidu,43,Male,Bangalore,Student,Student,2024-11-20,Free,Instagram
C000286,Zaid Bhatt,33,Female,Chennai,Family,Business Owner,2025-05-17,Free,Google
C000287,Onkar Mangal,41,Female,Hyderabad,Family,Business Owner,2025-06-16,Free,YouTube
C000288,Gaurangi Khanna,57,Female,Vijayawada,Student,Student,2024-06-21,Premium,YouTube
C000289,Anita Aggarwal,46,Male,Coimbatore,Student,Student,2025-12-03,Premium,YouTube
C000290,Jatin Desai,31,Female,Vijayawada,Working Professional,Business Owner,2024-09-01,Free,Instagram
C000291,Gaurangi Gera,56,Female,Bangalore,Working Professional,Accountant,2025-08-04,Free,Campus Campaign
C000292,Aayush Agarwal,37,Female,Hyderabad,Working Professional,Teacher,2024-07-03,Free,Referral
C000293,Mohammed Deshmukh,28,Male,Coimbatore,Student,Student,2025-09-11,Free,Instagram
C000294,Waida Zachariah,59,Male,Hyderabad,Working Professional,Business Owner,2025-08-17,Premium,Campus Campaign
C000295,Anya Bora,56,Male,Chennai,Family,Homemaker,2025-12-25,Free,YouTube
C000296,Madhav Dhar,40,Male,Chennai,Student,Student,2025-06-06,Premium,Campus Campaign
C000297,Jagvi Verma,55,Female,Coimbatore,Student,Student,2026-01-22,Premium,Campus Campaign
C000298,Chakrika Jani,40,Male,Vijayawada,Working Professional,Doctor,2025-07-02,Free,Google
C000299,Ladli Om,49,Male,Chennai,Working Professional,Doctor,2024-10-03,Free,YouTube
C000300,Chatura Randhawa,47,Male,Vijayawada,Family,Teacher,2025-02-23,Free,Referral
C000301,Lila Pal,53,Female,Coimbatore,Family,Homemaker,2025-08-24,Premium,Campus Campaign
C000302,Neha Karan,56,Male,Chennai,Family,Business Owner,2025-10-24,Premium,Campus Campaign
C000303,Bhavya Vyas,56,Female,Hyderabad,Student,Student,2026-05-28,Premium,Instagram
C000304,Nidra Bobal,45,Female,Bangalore,Student,Student,2025-12-31,Premium,Referral
C000305,Suhani Chakrabarti,23,Female,Bangalore,Working Professional,Software Engineer,2025-01-28,Premium,Referral
C000306,Elijah Sarin,60,Female,Bangalore,Family,Teacher,2025-10-02,Premium,Instagram
C000307,Gauri Chandran,18,Male,Coimbatore,Student,Student,2026-01-08,Premium,Instagram
C000308,Zaid Krishnamurthy,41,Female,Chennai,Family,Homemaker,2026-06-03,Free,Campus Campaign
C000309,Sanya Sankaran,50,Male,Bangalore,Student,Student,2025-07-30,Premium,Campus Campaign
C000310,Rushil Raghavan,47,Male,Chennai,Family,Business Owner,2026-04-03,Free,Google
C000311,Pushti Raju,44,Female,Bangalore,Student,Student,2025-03-02,Free,Instagram
C000312,Sanaya Kapoor,46,Female,Chennai,Student,Student,2024-10-26,Free,Instagram
C000313,Rishi Swaminathan,33,Male,Coimbatore,Family,Teacher,2025-06-04,Free,Google
C000314,Harshil Dara,29,Female,Hyderabad,Student,Student,2025-08-21,Premium,YouTube
C000315,Ekani Suri,52,Male,Vijayawada,Student,Student,2025-10-21,Free,Campus Campaign
C000316,Samaksh Sanghvi,56,Female,Vijayawada,Student,Student,2025-08-21,Free,Google
C000317,Oviya Mand,47,Male,Bangalore,Student,Student,2025-05-15,Free,Campus Campaign
C000318,Lila Sami,53,Female,Hyderabad,Student,Student,2024-11-17,Premium,Campus Campaign
C000319,Dalbir Walia,47,Female,Hyderabad,Student,Student,2025-07-06,Premium,Instagram
C000320,Ekiya Atwal,37,Female,Coimbatore,Working Professional,Business Owner,2025-06-22,Premium,YouTube
C000321,Gavin Lalla,34,Female,Coimbatore,Student,Student,2024-08-21,Premium,Campus Campaign
C000322,Rachana Rastogi,51,Female,Chennai,Family,Homemaker,2025-09-08,Premium,Google
C000323,Forum Khatri,50,Female,Chennai,Student,Student,2024-10-06,Premium,Referral
C000324,Yash Devi,55,Female,Chennai,Student,Student,2025-09-05,Free,Campus Campaign
C000325,Alexander Swamy,50,Female,Vijayawada,Working Professional,Software Engineer,2025-03-12,Premium,Campus Campaign
C000326,Yug Saha,49,Female,Hyderabad,Working Professional,Software Engineer,2025-04-19,Free,YouTube
C000327,Vedhika Dey,35,Male,Hyderabad,Working Professional,Accountant,2024-10-21,Free,Campus Campaign
C000328,Chakradev More,19,Female,Chennai,Working Professional,Software Engineer,2025-11-01,Free,Instagram
C000329,Abha Kalita,18,Male,Chennai,Student,Student,2025-07-14,Premium,Referral
C000330,Libni Sanghvi,29,Female,Chennai,Working Professional,Designer,2026-02-11,Premium,Campus Campaign
C000331,Abhiram Roy,33,Female,Coimbatore,Family,Teacher,2025-01-22,Free,Instagram
C000332,Theodore Barman,27,Male,Hyderabad,Student,Student,2024-07-13,Free,Campus Campaign
C000333,Gavin Garde,25,Male,Chennai,Working Professional,Accountant,2026-04-02,Premium,Campus Campaign
C000334,Sachi Thakur,58,Male,Chennai,Student,Student,2026-03-11,Free,Referral
C000335,Aradhana Khosla,42,Female,Bangalore,Student,Student,2025-11-22,Premium,Google
C000336,Chakrika Andra,50,Female,Coimbatore,Family,Teacher,2026-05-17,Premium,Google
C000337,Riya Nath,26,Male,Chennai,Family,Business Owner,2025-08-26,Premium,Instagram
C000338,Arjun Patla,47,Female,Vijayawada,Family,Business Owner,2025-11-20,Premium,YouTube
C000339,Qasim Bhargava,26,Female,Chennai,Family,Teacher,2025-05-19,Free,Campus Campaign
C000340,Manan Sura,50,Male,Chennai,Working Professional,Doctor,2026-05-19,Premium,Referral
C000341,Rajata Naidu,45,Male,Bangalore,Family,Teacher,2026-04-29,Premium,Instagram
C000342,Nandini Sura,42,Male,Hyderabad,Student,Student,2025-04-12,Premium,Google
C000343,Kashvi Behl,39,Female,Coimbatore,Working Professional,Accountant,2025-12-25,Free,YouTube
C000344,Harrison Sawhney,33,Female,Bangalore,Working Professional,Teacher,2025-05-28,Free,Google
C000345,Samesh Das,54,Male,Bangalore,Family,Business Owner,2026-01-16,Premium,Campus Campaign
C000346,Mohammed Desai,25,Male,Hyderabad,Student,Student,2024-09-20,Premium,Referral
C000347,Udant Yohannan,51,Female,Chennai,Family,Business Owner,2025-10-28,Free,Referral
C000348,Aarav Mander,22,Female,Chennai,Working Professional,Doctor,2024-10-22,Free,Campus Campaign
C000349,George Verma,52,Male,Bangalore,Working Professional,Software Engineer,2024-08-24,Free,YouTube
C000350,Girindra Aurora,18,Male,Chennai,Student,Student,2026-05-22,Free,YouTube
C000351,Radhika Shan,53,Female,Chennai,Working Professional,Software Engineer,2025-09-29,Premium,Google
C000352,Upma Khanna,30,Female,Chennai,Student,Student,2025-08-16,Premium,Instagram
C000353,Tristan Ghosh,48,Male,Chennai,Family,Business Owner,2025-06-05,Premium,YouTube
C000354,Chakradhar Sur,51,Female,Bangalore,Student,Student,2024-12-17,Premium,Google
C000355,Neelima Shankar,40,Female,Chennai,Family,Homemaker,2025-08-31,Premium,Google
C000356,Peter Zachariah,30,Male,Chennai,Working Professional,Business Owner,2025-07-13,Free,Referral
C000357,Dominic Banerjee,47,Male,Chennai,Student,Student,2025-03-24,Premium,Campus Campaign
C000358,Mekhala Ramachandran,32,Male,Chennai,Student,Student,2024-08-03,Premium,Referral
C000359,Farhan Patla,55,Female,Coimbatore,Student,Student,2025-04-18,Free,Instagram
C000360,Varsha Banerjee,52,Female,Chennai,Working Professional,Software Engineer,2024-11-19,Free,YouTube
C000361,Vedhika Mallick,40,Male,Bangalore,Working Professional,Business Owner,2026-04-03,Free,Campus Campaign
C000362,Baghyawati Grover,22,Female,Chennai,Family,Homemaker,2026-03-07,Premium,Instagram
C000363,Brinda Bhatnagar,22,Male,Chennai,Student,Student,2024-11-19,Premium,Instagram
C000364,Dayamai Setty,19,Female,Chennai,Student,Student,2025-12-19,Free,Instagram
C000365,Rishi Hayer,31,Male,Bangalore,Family,Teacher,2025-02-21,Free,Google
C000366,Meghana Kari,39,Female,Bangalore,Student,Student,2025-12-27,Free,Campus Campaign
C000367,Yashodhara Tandon,24,Female,Chennai,Student,Student,2026-05-01,Free,Instagram
C000368,Yuvraj Ghosh,46,Male,Bangalore,Student,Student,2025-04-04,Free,Campus Campaign
C000369,Jatin Raja,24,Female,Hyderabad,Family,Business Owner,2024-10-15,Premium,Google
C000370,Rajeshri Bedi,59,Male,Chennai,Student,Student,2025-08-27,Premium,YouTube
C000371,Zashil Bhalla,33,Male,Coimbatore,Family,Business Owner,2024-09-07,Premium,Instagram
C000372,Nitesh Bala,58,Female,Vijayawada,Family,Homemaker,2026-03-05,Free,Campus Campaign
C000373,Garima Patel,19,Female,Chennai,Working Professional,Accountant,2025-01-22,Premium,YouTube
C000374,Sara Mall,50,Male,Chennai,Working Professional,Designer,2025-09-03,Premium,YouTube
C000375,Frado Ghose,32,Female,Bangalore,Working Professional,Business Owner,2025-11-14,Premium,Instagram
C000376,Anvi Goda,44,Female,Bangalore,Family,Homemaker,2024-09-13,Free,Google
C000377,Ria Pillai,51,Male,Bangalore,Family,Homemaker,2025-08-22,Premium,YouTube
C000378,Samar Mohan,33,Female,Chennai,Family,Teacher,2025-01-16,Free,Campus Campaign
C000379,Harini Rajagopalan,42,Male,Bangalore,Family,Homemaker,2026-06-06,Free,Google
C000380,Teerth Loke,44,Male,Hyderabad,Student,Student,2024-07-25,Free,Campus Campaign
C000381,Rayaan Choudhary,54,Female,Chennai,Student,Student,2025-01-05,Premium,Instagram
C000382,Azaan Mallick,37,Female,Vijayawada,Working Professional,Business Owner,2025-06-03,Free,Instagram
C000383,Urvashi Nagar,49,Male,Hyderabad,Working Professional,Designer,2026-05-25,Free,Instagram
C000384,Sneha Shere,24,Female,Vijayawada,Working Professional,Business Owner,2025-05-01,Premium,Referral
C000385,Pahal Tandon,22,Male,Chennai,Working Professional,Accountant,2026-05-30,Premium,Campus Campaign
C000386,Dhruv Bora,42,Male,Coimbatore,Student,Student,2025-11-12,Premium,Campus Campaign
C000387,Hredhaan Nair,20,Female,Bangalore,Family,Business Owner,2025-01-26,Free,Campus Campaign
C000388,Shravya Dave,48,Male,Hyderabad,Student,Student,2026-01-08,Premium,Instagram
C000389,Omisha Roy,43,Male,Vijayawada,Working Professional,Doctor,2024-06-28,Premium,Campus Campaign
C000390,Chameli Rout,55,Male,Chennai,Student,Student,2026-03-24,Premium,Campus Campaign
C000391,Harsh Lad,42,Male,Coimbatore,Working Professional,Teacher,2024-11-21,Free,Campus Campaign
C000392,Bahadurjit Peri,49,Male,Vijayawada,Student,Student,2025-08-30,Free,Referral
C000393,Pallavi Tara,36,Female,Bangalore,Working Professional,Business Owner,2026-01-08,Premium,YouTube
C000394,Agastya Sampath,52,Male,Bangalore,Working Professional,Designer,2026-01-08,Free,Campus Campaign
C000395,Yashica Sura,45,Male,Bangalore,Student,Student,2026-02-09,Premium,Instagram
C000396,Urishilla Dutta,20,Female,Bangalore,Student,Student,2025-07-15,Premium,Google
C000397,Jagdish Narayan,34,Female,Vijayawada,Student,Student,2024-12-15,Free,Instagram
C000398,Shravya Shroff,51,Male,Hyderabad,Working Professional,Accountant,2025-08-28,Premium,Campus Campaign
C000399,Orinder Manne,41,Female,Coimbatore,Student,Student,2024-11-18,Premium,Referral
C000400,Baljiwan Garde,23,Male,Bangalore,Student,Student,2025-06-14,Free,Referral
C000401,Pahal Sant,54,Female,Coimbatore,Working Professional,Designer,2025-09-23,Free,Instagram
C000402,Falguni Khalsa,24,Female,Chennai,Family,Business Owner,2025-07-21,Premium,YouTube
C000403,Amol Yohannan,25,Female,Bangalore,Working Professional,Accountant,2024-11-29,Free,YouTube
C000404,Bhavna Vaidya,53,Male,Bangalore,Family,Teacher,2024-07-23,Free,Referral
C000405,Barkha Raju,44,Male,Coimbatore,Student,Student,2025-09-25,Premium,Campus Campaign
C000406,Fitan Shere,24,Male,Hyderabad,Family,Business Owner,2024-12-15,Premium,Instagram
C000407,Aarna Kumar,42,Male,Chennai,Family,Business Owner,2024-08-21,Premium,Google
C000408,Janani Tank,51,Male,Vijayawada,Working Professional,Accountant,2025-04-23,Premium,Campus Campaign
C000409,Pranav Vasa,47,Male,Bangalore,Student,Student,2026-01-10,Free,Google
C000410,Vidhi Tara,41,Male,Chennai,Working Professional,Accountant,2024-09-17,Premium,Google
C000411,Upma Hora,28,Female,Bangalore,Student,Student,2025-07-15,Premium,YouTube
C000412,Nandini Dua,37,Male,Hyderabad,Student,Student,2026-01-03,Free,Google
C000413,Ubika Raman,60,Female,Hyderabad,Family,Teacher,2025-06-21,Free,Instagram
C000414,Ansh Jhaveri,37,Male,Coimbatore,Student,Student,2026-01-25,Free,YouTube
C000415,Nimrat Seth,23,Female,Coimbatore,Family,Teacher,2026-04-28,Premium,Google
C000416,Azad Parsa,43,Female,Chennai,Working Professional,Accountant,2026-01-08,Free,Google
C000417,Chakrika Goda,24,Male,Chennai,Working Professional,Business Owner,2024-10-21,Free,Google
C000418,Vasana Grewal,60,Male,Bangalore,Student,Student,2025-04-02,Free,Campus Campaign
C000419,Ayaan Lata,18,Male,Hyderabad,Working Professional,Business Owner,2024-07-16,Free,Referral
C000420,Ekantika Dua,35,Male,Bangalore,Working Professional,Business Owner,2024-09-29,Free,YouTube
C000421,Xavier Kakar,43,Male,Bangalore,Student,Student,2024-10-04,Premium,Instagram
C000422,Utkarsh Choudhary,56,Female,Chennai,Family,Homemaker,2025-11-19,Premium,Referral
C000423,Harini Dugar,30,Male,Coimbatore,Family,Homemaker,2024-08-30,Free,Referral
C000424,Nihal Batta,31,Male,Vijayawada,Family,Teacher,2024-07-14,Premium,Google
C000425,Forum Joshi,18,Female,Coimbatore,Student,Student,2025-01-04,Free,Referral
C000426,Zashil Chawla,25,Male,Bangalore,Student,Student,2026-02-07,Free,Referral
C000427,Urmi Gupta,34,Male,Chennai,Student,Student,2024-08-22,Premium,Campus Campaign
C000428,Wishi Dar,32,Female,Chennai,Working Professional,Teacher,2025-10-08,Free,Instagram
C000429,Saumya Naidu,44,Male,Chennai,Student,Student,2026-03-18,Premium,YouTube
C000430,Yuvraj Bhakta,43,Female,Chennai,Working Professional,Doctor,2025-05-27,Free,Google
C000431,Rachana Malhotra,46,Female,Hyderabad,Working Professional,Designer,2025-04-27,Free,Campus Campaign
C000432,Hema Chopra,46,Female,Hyderabad,Student,Student,2025-11-29,Free,YouTube
C000433,Gabriel Khare,25,Male,Hyderabad,Student,Student,2025-05-24,Premium,Campus Campaign
C000434,Warhi Ravel,41,Male,Coimbatore,Working Professional,Software Engineer,2024-07-24,Free,Instagram
C000435,Madhavi Toor,48,Male,Coimbatore,Family,Homemaker,2025-01-26,Premium,Google
C000436,Damyanti Wagle,41,Male,Coimbatore,Working Professional,Accountant,2025-04-30,Premium,Google
C000437,Udant Kata,38,Female,Vijayawada,Family,Teacher,2025-05-16,Free,Google
C000438,Radha Sachar,51,Male,Coimbatore,Student,Student,2025-07-20,Premium,Google
C000439,Bhavya Narula,20,Male,Bangalore,Family,Homemaker,2025-04-19,Premium,YouTube
C000440,Xavier Sarin,45,Male,Chennai,Working Professional,Teacher,2024-09-20,Premium,Referral
C000441,Ekta Desai,37,Male,Chennai,Family,Homemaker,2025-12-29,Premium,Instagram
C000442,Champak Chakrabarti,30,Female,Hyderabad,Working Professional,Teacher,2025-11-27,Premium,Instagram
C000443,Ekalinga Thakkar,42,Male,Hyderabad,Family,Business Owner,2026-04-10,Free,Campus Campaign
C000444,Nitara Dutta,60,Male,Coimbatore,Family,Business Owner,2024-10-16,Free,Campus Campaign
C000445,Sneha Sankar,18,Male,Hyderabad,Working Professional,Business Owner,2026-03-23,Premium,Instagram
C000446,Zayyan Mand,53,Male,Chennai,Family,Teacher,2025-12-04,Premium,YouTube
C000447,Hritik Bhat,30,Female,Bangalore,Family,Teacher,2026-04-03,Premium,Instagram
C000448,Idika Sachar,44,Female,Bangalore,Working Professional,Accountant,2024-10-28,Free,Campus Campaign
C000449,Jack Dugal,46,Male,Chennai,Family,Business Owner,2025-06-16,Premium,YouTube
C000450,Hemal Sangha,59,Male,Chennai,Student,Student,2024-11-21,Premium,Instagram
C000451,Laksh Lal,35,Male,Chennai,Family,Business Owner,2025-09-16,Premium,Campus Campaign
C000452,Kabir Talwar,34,Female,Hyderabad,Student,Student,2025-04-12,Free,Google
C000453,Vamakshi Roy,42,Male,Vijayawada,Working Professional,Doctor,2025-10-10,Free,Google
C000454,Vasatika Chander,27,Female,Vijayawada,Family,Homemaker,2025-10-03,Free,Google
C000455,Eshana Mandal,30,Male,Bangalore,Working Professional,Teacher,2025-01-27,Free,Referral
C000456,Max Kala,23,Female,Bangalore,Student,Student,2025-09-24,Free,Campus Campaign
C000457,Waida Balay,38,Female,Coimbatore,Student,Student,2024-08-25,Premium,YouTube
C000458,Ekalinga Kohli,37,Female,Bangalore,Family,Business Owner,2024-09-19,Premium,Referral
C000459,Atharv Wadhwa,19,Male,Hyderabad,Family,Teacher,2026-02-11,Premium,Instagram
C000460,Nisha Barad,56,Male,Chennai,Working Professional,Teacher,2025-03-20,Free,YouTube
C000461,Fariq Wali,44,Female,Coimbatore,Working Professional,Software Engineer,2026-05-26,Premium,Campus Campaign
C000462,Falguni Bhandari,27,Female,Vijayawada,Working Professional,Teacher,2025-03-24,Free,Instagram
C000463,Benjamin Pradhan,42,Female,Chennai,Family,Teacher,2025-08-02,Free,Google
C000464,Reyansh Kara,46,Male,Hyderabad,Student,Student,2024-07-19,Free,Referral
C000465,Divya Ravi,58,Female,Bangalore,Working Professional,Accountant,2024-12-31,Free,Referral
C000466,Viraj Munshi,29,Female,Bangalore,Working Professional,Accountant,2025-05-29,Free,Campus Campaign
C000467,Mohini Nayar,39,Female,Chennai,Family,Teacher,2026-06-07,Free,Campus Campaign
C000468,Banjeet Char,29,Female,Bangalore,Working Professional,Business Owner,2026-05-24,Free,Google
C000469,Ansh Nadig,33,Female,Coimbatore,Working Professional,Business Owner,2026-03-10,Premium,YouTube
C000470,Vamakshi Kothari,34,Male,Chennai,Working Professional,Software Engineer,2026-05-16,Premium,Instagram
C000471,Vrinda Chand,59,Male,Hyderabad,Family,Business Owner,2025-07-12,Free,YouTube
C000472,Bhavani Luthra,23,Female,Coimbatore,Student,Student,2025-09-14,Free,Referral
C000473,Chakradhar Zacharia,25,Male,Vijayawada,Student,Student,2026-04-21,Premium,Referral
C000474,Inaya Dani,51,Female,Bangalore,Student,Student,2025-04-21,Premium,Google
C000475,Balendra Ramachandran,56,Male,Chennai,Student,Student,2025-09-10,Free,Instagram
C000476,Ekapad Narasimhan,36,Male,Coimbatore,Working Professional,Accountant,2025-07-11,Premium,Campus Campaign
C000477,Chandran Swaminathan,45,Male,Vijayawada,Working Professional,Accountant,2025-03-21,Free,Instagram
C000478,Varsha Sahni,19,Female,Chennai,Working Professional,Teacher,2025-11-17,Premium,Referral
C000479,Chakrika Dhillon,20,Male,Bangalore,Working Professional,Doctor,2024-06-27,Premium,Google
C000480,Naveen Kadakia,51,Female,Chennai,Student,Student,2025-02-05,Free,Instagram
C000481,Shravya Kulkarni,56,Male,Chennai,Family,Teacher,2024-12-28,Premium,Referral
C000482,Waida Mutti,18,Female,Chennai,Family,Business Owner,2026-02-06,Premium,Instagram
C000483,Anmol Dewan,41,Male,Bangalore,Student,Student,2025-03-05,Free,Google
C000484,Siddharth Dhillon,57,Male,Bangalore,Student,Student,2024-12-05,Premium,YouTube
C000485,Liam Uppal,42,Male,Coimbatore,Family,Teacher,2026-01-16,Free,YouTube
C000486,Gaurangi Bera,24,Female,Vijayawada,Family,Teacher,2024-07-29,Free,Instagram
C000487,Ekta Borah,30,Female,Bangalore,Student,Student,2026-02-10,Free,Instagram
C000488,Wridesh Contractor,41,Male,Hyderabad,Working Professional,Designer,2025-05-02,Free,Campus Campaign
C000489,Dayita Nadig,25,Female,Vijayawada,Family,Teacher,2026-04-28,Free,Instagram
C000490,Banjeet Bhattacharyya,32,Female,Coimbatore,Family,Homemaker,2025-12-24,Premium,YouTube
C000491,Isha Bhattacharyya,57,Male,Hyderabad,Student,Student,2024-11-18,Premium,Google
C000492,Tanmayi Mody,53,Female,Bangalore,Working Professional,Designer,2024-10-14,Premium,Instagram
C000493,Liam Sunder,56,Male,Bangalore,Student,Student,2025-10-06,Premium,Campus Campaign
C000494,Xavier Korpal,39,Female,Hyderabad,Student,Student,2024-10-25,Free,Campus Campaign
C000495,Aarav Wable,22,Male,Chennai,Family,Homemaker,2024-07-27,Premium,Google
C000496,Banjeet Dass,21,Female,Bangalore,Student,Student,2024-10-30,Premium,Google
C000497,Osha Sundaram,56,Male,Bangalore,Family,Business Owner,2025-02-22,Premium,Google
C000498,Brijesh Raval,59,Female,Chennai,Working Professional,Designer,2025-08-08,Free,Referral
C000499,Vidhi Thaker,33,Male,Hyderabad,Family,Homemaker,2025-08-13,Premium,Campus Campaign
C000500,Thomas Mannan,44,Male,Vijayawada,Working Professional,Teacher,2024-09-14,Free,Campus Campaign
C000501,Zansi Tailor,35,Male,Chennai,Family,Teacher,2026-01-16,Free,Google
C000502,Ayaan Talwar,28,Male,Bangalore,Working Professional,Software Engineer,2024-12-11,Free,Campus Campaign
C000503,Dhruv Tripathi,32,Male,Hyderabad,Student,Student,2026-04-02,Free,Google
C000504,Jagat Kalita,45,Male,Coimbatore,Student,Student,2024-10-22,Premium,YouTube
C000505,Onkar Basu,20,Male,Hyderabad,Working Professional,Business Owner,2025-08-22,Premium,Referral
C000506,Aadhya Chander,41,Male,Coimbatore,Family,Teacher,2024-11-14,Premium,Google
C000507,Aadhya Devan,49,Male,Chennai,Family,Teacher,2026-01-31,Premium,Campus Campaign
C000508,Aryan Shan,49,Male,Hyderabad,Working Professional,Doctor,2025-06-06,Premium,Campus Campaign
C000509,Umang Parsa,52,Male,Vijayawada,Family,Homemaker,2025-08-31,Premium,Campus Campaign
C000510,Yug Kumar,25,Female,Chennai,Student,Student,2025-06-19,Free,Campus Campaign
C000511,Yagnesh Varty,45,Female,Bangalore,Family,Teacher,2024-11-03,Premium,YouTube
C000512,Yasti Chowdhury,45,Male,Hyderabad,Family,Teacher,2026-04-18,Free,Instagram
C000513,Kiaan Narang,38,Female,Vijayawada,Family,Teacher,2025-06-30,Free,Google
C000514,Jackson Mitra,39,Male,Hyderabad,Student,Student,2024-07-02,Premium,YouTube
C000515,Veer Bhatia,18,Male,Bangalore,Working Professional,Business Owner,2026-04-15,Free,YouTube
C000516,Christopher Iyengar,34,Male,Bangalore,Student,Student,2026-01-14,Premium,Google
C000517,Kalpit Kulkarni,24,Male,Vijayawada,Student,Student,2026-04-10,Free,Referral
C000518,Simon Basak,49,Male,Chennai,Student,Student,2024-09-08,Free,YouTube
C000519,Triveni Aggarwal,44,Female,Chennai,Student,Student,2024-12-16,Free,YouTube
C000520,Irya Sheth,41,Female,Coimbatore,Working Professional,Doctor,2025-05-25,Free,YouTube
C000521,Ojasvi Mukherjee,29,Male,Bangalore,Working Professional,Teacher,2025-09-13,Free,YouTube
C000522,Bahadurjit Bir,27,Male,Bangalore,Student,Student,2025-04-27,Premium,YouTube
C000523,Nitara Warrior,44,Female,Chennai,Student,Student,2025-11-30,Premium,Instagram
C000524,Patrick Palla,23,Male,Bangalore,Student,Student,2025-01-25,Free,Instagram
C000525,Triya Konda,42,Female,Chennai,Family,Homemaker,2026-05-29,Premium,Google
C000526,Ucchal Dhar,38,Female,Hyderabad,Working Professional,Business Owner,2026-02-11,Free,Instagram
C000527,Kavya Kannan,52,Female,Bangalore,Working Professional,Business Owner,2024-11-26,Premium,Campus Campaign
C000528,Ucchal Taneja,55,Female,Hyderabad,Family,Business Owner,2025-12-13,Free,Instagram
C000529,Waida Sachar,60,Female,Coimbatore,Working Professional,Software Engineer,2026-04-04,Premium,Google
C000530,Nisha Mander,22,Female,Chennai,Student,Student,2026-04-05,Premium,Campus Campaign
C000531,Dev Mukherjee,31,Male,Bangalore,Student,Student,2025-01-13,Premium,Campus Campaign
C000532,Benjamin Dalal,54,Male,Bangalore,Family,Business Owner,2024-07-21,Premium,Campus Campaign
C000533,Unnati Chandra,57,Male,Bangalore,Student,Student,2025-12-15,Free,Campus Campaign
C000534,Vedhika Bhatnagar,36,Female,Vijayawada,Student,Student,2025-02-07,Free,Campus Campaign
C000535,Chaman Lanka,36,Female,Bangalore,Student,Student,2025-08-17,Premium,Google
C000536,Anya Vaidya,52,Male,Hyderabad,Student,Student,2026-02-22,Free,Referral
C000537,Ira Dixit,37,Male,Chennai,Working Professional,Doctor,2025-12-02,Free,Instagram
C000538,Aarav Dhingra,42,Male,Bangalore,Working Professional,Accountant,2024-06-30,Free,YouTube
C000539,Gaurangi Chadha,37,Female,Bangalore,Family,Business Owner,2026-05-17,Free,Google
C000540,Lila Sachar,27,Male,Bangalore,Family,Teacher,2025-10-22,Premium,Campus Campaign
C000541,Sai Tak,43,Female,Bangalore,Working Professional,Designer,2025-10-04,Free,Referral
C000542,Dalaja Nigam,59,Female,Hyderabad,Working Professional,Designer,2025-08-11,Free,Instagram
C000543,Tanveer Hans,54,Male,Chennai,Family,Business Owner,2024-07-06,Free,YouTube
C000544,Mitali Prabhu,47,Female,Bangalore,Working Professional,Doctor,2024-12-30,Free,Referral
C000545,Ladli Issac,25,Female,Bangalore,Student,Student,2025-01-15,Premium,Campus Campaign
C000546,Ekansh Mutti,34,Male,Hyderabad,Student,Student,2025-12-13,Free,YouTube
C000547,Amara Saha,53,Female,Chennai,Working Professional,Teacher,2024-06-17,Free,Campus Campaign
C000548,Theodore Kar,21,Male,Chennai,Student,Student,2025-03-27,Premium,Referral
C000549,Omaja Mukherjee,22,Male,Bangalore,Working Professional,Teacher,2025-09-29,Premium,YouTube
C000550,Caleb Sahota,50,Female,Hyderabad,Working Professional,Designer,2025-02-23,Free,Referral
C000551,Jeet Arora,33,Male,Chennai,Working Professional,Software Engineer,2024-12-17,Premium,Campus Campaign
C000552,Eta Walla,47,Male,Chennai,Family,Teacher,2024-08-30,Premium,Campus Campaign
C000553,Ethan Shanker,32,Female,Bangalore,Family,Teacher,2025-07-03,Free,YouTube
C000554,Ishanvi Babu,52,Female,Bangalore,Student,Student,2024-12-16,Premium,Google
C000555,Raghav Edwin,26,Male,Chennai,Working Professional,Teacher,2024-10-17,Premium,Instagram
C000556,Jyoti Bassi,37,Female,Coimbatore,Working Professional,Business Owner,2024-07-27,Free,Campus Campaign
C000557,Advik Rattan,25,Female,Bangalore,Family,Business Owner,2025-01-31,Premium,YouTube
C000558,Zaitra Kadakia,54,Female,Hyderabad,Family,Teacher,2024-12-04,Premium,YouTube
C000559,Reyansh Basu,46,Female,Bangalore,Family,Business Owner,2025-06-20,Premium,Campus Campaign
C000560,Amol Dey,27,Female,Hyderabad,Student,Student,2025-09-19,Free,YouTube
C000561,Adya Nayar,36,Female,Hyderabad,Working Professional,Accountant,2026-04-17,Free,YouTube
C000562,Agastya Shankar,29,Female,Hyderabad,Student,Student,2024-09-02,Free,Referral
C000563,Simon Badami,39,Female,Hyderabad,Working Professional,Business Owner,2024-10-20,Free,Campus Campaign
C000564,Frederick Randhawa,58,Female,Chennai,Family,Homemaker,2025-10-30,Premium,Referral
C000565,Noah Kuruvilla,57,Female,Hyderabad,Student,Student,2025-08-02,Free,Instagram
C000566,Aditya Malhotra,38,Male,Bangalore,Student,Student,2026-01-02,Free,Campus Campaign
C000567,Yachana Varughese,44,Female,Bangalore,Student,Student,2025-12-16,Premium,YouTube
C000568,Vihaan Kata,39,Male,Coimbatore,Student,Student,2024-10-16,Premium,YouTube
C000569,Finn Sethi,34,Female,Hyderabad,Working Professional,Teacher,2026-01-25,Premium,Google
C000570,Warjas Iyengar,27,Female,Chennai,Working Professional,Teacher,2024-08-19,Premium,Google
C000571,Faqid Sagar,42,Female,Chennai,Working Professional,Software Engineer,2024-11-29,Premium,YouTube
C000572,Anthony Babu,33,Female,Bangalore,Family,Business Owner,2026-06-12,Free,YouTube
C000573,Isaac Choudhury,47,Male,Chennai,Student,Student,2024-11-10,Premium,Referral
C000574,George Deol,23,Male,Coimbatore,Family,Homemaker,2026-05-02,Free,Campus Campaign
C000575,Jeevika Patel,42,Female,Chennai,Student,Student,2024-10-18,Premium,YouTube
C000576,Avi Raman,28,Male,Chennai,Student,Student,2025-03-30,Premium,Referral
C000577,Niharika Gokhale,57,Female,Bangalore,Family,Teacher,2025-09-08,Free,Instagram
C000578,Bhavini Bhatt,49,Female,Vijayawada,Working Professional,Business Owner,2025-08-25,Premium,Instagram
C000579,Hiral Karan,37,Female,Hyderabad,Working Professional,Doctor,2025-03-15,Free,YouTube
C000580,Dayita Zacharia,56,Male,Coimbatore,Working Professional,Accountant,2025-10-12,Free,Referral
C000581,Chanchal Varma,48,Female,Chennai,Family,Business Owner,2024-09-15,Premium,YouTube
C000582,Oliver Narang,25,Male,Hyderabad,Working Professional,Designer,2024-06-16,Free,Campus Campaign
C000583,Chatresh Badami,21,Female,Hyderabad,Family,Business Owner,2024-11-07,Premium,Instagram
C000584,Jack Ratta,28,Female,Coimbatore,Student,Student,2024-11-22,Free,Instagram
C000585,Vasudha Thakur,35,Male,Coimbatore,Student,Student,2024-09-18,Free,Instagram
C000586,Yoshita Bhargava,56,Female,Bangalore,Working Professional,Business Owner,2025-02-01,Premium,Campus Campaign
C000587,Girish Sangha,43,Male,Hyderabad,Student,Student,2025-08-17,Premium,Referral
C000588,Harshil Kala,23,Female,Coimbatore,Student,Student,2025-01-24,Premium,Instagram
C000589,Bimala Batta,33,Male,Chennai,Family,Teacher,2025-08-21,Premium,Referral
C000590,Krishna Pant,26,Female,Chennai,Family,Teacher,2026-01-25,Premium,Referral
C000591,Radhika Borde,27,Male,Chennai,Working Professional,Software Engineer,2025-11-29,Free,Google
C000592,Widisha Bhatt,33,Female,Chennai,Student,Student,2025-08-05,Free,Instagram
C000593,Ridhi Padmanabhan,30,Female,Chennai,Working Professional,Doctor,2025-12-11,Premium,Google
C000594,Balvan Dyal,37,Female,Hyderabad,Student,Student,2025-07-05,Premium,Campus Campaign
C000595,Simon Pillai,40,Male,Coimbatore,Family,Homemaker,2024-10-19,Premium,Referral
C000596,Eiravati Rao,55,Female,Vijayawada,Family,Homemaker,2026-05-03,Free,Campus Campaign
C000597,Januja Shenoy,20,Male,Chennai,Student,Student,2024-12-13,Premium,Instagram
C000598,Alka Raval,44,Male,Hyderabad,Working Professional,Teacher,2025-11-04,Premium,Instagram
C000599,Balvan Saha,19,Male,Bangalore,Working Professional,Teacher,2026-05-21,Premium,Campus Campaign
C000600,Vrishti Singh,46,Female,Hyderabad,Working Professional,Accountant,2025-06-11,Free,Campus Campaign
C000601,Oni Bandi,18,Female,Bangalore,Student,Student,2026-03-09,Premium,Instagram
C000602,Darika Khatri,39,Male,Bangalore,Family,Teacher,2025-07-20,Free,Campus Campaign
C000603,Mahika Kota,39,Female,Bangalore,Student,Student,2026-05-30,Premium,Google
C000604,Anvi Kale,54,Female,Vijayawada,Working Professional,Doctor,2025-09-25,Free,Referral
C000605,Isaac Dhaliwal,45,Male,Vijayawada,Student,Student,2026-05-29,Premium,Campus Campaign
C000606,Jagvi Mutti,56,Male,Chennai,Family,Business Owner,2025-11-03,Free,Campus Campaign
C000607,Nilima Mangat,58,Female,Bangalore,Working Professional,Accountant,2025-05-22,Premium,Instagram
C000608,Sai Chand,49,Male,Chennai,Student,Student,2025-08-04,Premium,Google
C000609,Kamya Jaggi,38,Female,Chennai,Working Professional,Designer,2026-06-06,Premium,YouTube
C000610,Vedika Bandi,52,Female,Hyderabad,Working Professional,Accountant,2025-02-13,Premium,Google
C000611,Udant Dutt,20,Male,Chennai,Student,Student,2026-01-31,Free,Google
C000612,Fitan Dada,49,Male,Bangalore,Working Professional,Teacher,2025-08-24,Free,Referral
C000613,Andrew Dar,60,Female,Vijayawada,Family,Homemaker,2024-06-26,Premium,Campus Campaign
C000614,Kalpit Bawa,32,Male,Coimbatore,Family,Homemaker,2024-07-11,Free,YouTube
C000615,Dayamai Apte,32,Female,Vijayawada,Student,Student,2025-09-27,Premium,Instagram
C000616,Anthony Hayer,35,Male,Hyderabad,Family,Business Owner,2025-12-18,Premium,Referral
C000617,Waida Dutta,51,Male,Hyderabad,Family,Homemaker,2025-01-16,Free,YouTube
C000618,Lohit Sarkar,39,Male,Coimbatore,Student,Student,2025-08-18,Premium,Instagram
C000619,Upasna Aggarwal,47,Female,Hyderabad,Student,Student,2025-11-19,Premium,Campus Campaign
C000620,Aachal Pall,19,Male,Chennai,Working Professional,Accountant,2024-08-04,Premium,Google
C000621,Rishi Sankar,57,Male,Vijayawada,Student,Student,2025-05-24,Premium,Referral
C000622,Faras Talwar,35,Female,Coimbatore,Family,Homemaker,2026-01-04,Premium,Campus Campaign
C000623,Harita Bobal,40,Female,Chennai,Student,Student,2025-07-01,Premium,YouTube
C000624,Yashasvi Dora,24,Female,Chennai,Family,Teacher,2025-02-11,Premium,Referral
C000625,Samaksh Raghavan,28,Male,Chennai,Working Professional,Business Owner,2024-08-02,Free,Google
C000626,Kalpit Trivedi,43,Male,Bangalore,Family,Homemaker,2024-12-24,Free,Google
C000627,Tanmayi Rajan,22,Female,Coimbatore,Student,Student,2026-05-19,Premium,YouTube
C000628,Aarnav Narang,58,Female,Bangalore,Student,Student,2026-05-20,Free,YouTube
C000629,Tamanna Mahal,20,Female,Hyderabad,Working Professional,Designer,2026-04-26,Premium,Instagram
C000630,Unnati Parikh,24,Male,Hyderabad,Working Professional,Software Engineer,2025-06-29,Free,Referral
C000631,Yashvi Bahl,49,Female,Hyderabad,Student,Student,2026-03-14,Free,YouTube
C000632,Hiral Pandya,28,Female,Hyderabad,Family,Business Owner,2025-03-19,Premium,Google
C000633,Gaurav Chand,23,Male,Chennai,Working Professional,Teacher,2025-05-14,Free,Campus Campaign
C000634,Aishani Kalla,31,Male,Chennai,Student,Student,2025-02-20,Free,Instagram
C000635,Faris Srinivasan,47,Male,Coimbatore,Working Professional,Business Owner,2025-03-03,Premium,Referral
C000636,Udarsh Brar,32,Male,Coimbatore,Family,Teacher,2026-02-28,Premium,YouTube
C000637,Jalsa Das,44,Female,Chennai,Student,Student,2025-09-07,Premium,YouTube
C000638,Utkarsh Shenoy,20,Female,Hyderabad,Student,Student,2024-10-05,Free,Google
C000639,Bhavya Mangat,18,Female,Bangalore,Working Professional,Accountant,2024-08-23,Free,Google
C000640,Lohit Dara,44,Female,Bangalore,Family,Homemaker,2024-11-22,Free,YouTube
C000641,Baljiwan Devan,43,Female,Coimbatore,Family,Homemaker,2025-10-01,Premium,Google
C000642,Banjeet Karpe,43,Female,Bangalore,Family,Teacher,2024-12-26,Free,YouTube
C000643,Niharika Pall,45,Female,Chennai,Student,Student,2024-09-23,Free,Instagram
C000644,Abhiram Puri,50,Female,Vijayawada,Student,Student,2025-05-13,Free,Referral
C000645,Triya Dada,60,Male,Bangalore,Family,Homemaker,2024-07-29,Premium,Instagram
C000646,Ayush Brar,35,Male,Hyderabad,Student,Student,2026-05-01,Premium,Instagram
C000647,Pranit Gulati,39,Female,Hyderabad,Family,Business Owner,2025-11-11,Premium,Campus Campaign
C000648,Urmi Maharaj,27,Male,Coimbatore,Working Professional,Doctor,2026-01-20,Free,Campus Campaign
C000649,Hitesh Sachdev,19,Male,Chennai,Family,Homemaker,2025-09-17,Free,YouTube
C000650,Sathvik Kadakia,29,Male,Bangalore,Family,Teacher,2025-04-26,Premium,Referral
C000651,Abha Rege,51,Male,Bangalore,Working Professional,Software Engineer,2025-07-21,Premium,YouTube
C000652,Ishaan Dube,38,Female,Chennai,Family,Homemaker,2025-10-04,Free,Instagram
C000653,Vyanjana Pradhan,57,Male,Chennai,Working Professional,Doctor,2024-09-11,Premium,YouTube
C000654,Deepa Wadhwa,29,Female,Chennai,Student,Student,2024-10-31,Premium,Instagram
C000655,Megha Chacko,32,Female,Chennai,Student,Student,2025-05-28,Premium,Referral
C000656,Chandani Tandon,58,Male,Hyderabad,Family,Teacher,2024-08-06,Premium,Instagram
C000657,Adweta Kara,39,Female,Hyderabad,Student,Student,2024-12-26,Free,YouTube
C000658,Samuel Vala,39,Male,Hyderabad,Family,Business Owner,2024-12-11,Free,YouTube
C000659,Hritik Barman,59,Female,Coimbatore,Working Professional,Designer,2025-04-05,Premium,Campus Campaign
C000660,Leela Sethi,47,Male,Coimbatore,Student,Student,2025-12-24,Premium,Campus Campaign
C000661,Lohit Madan,24,Female,Hyderabad,Family,Homemaker,2025-08-20,Free,Campus Campaign
C000662,Charles Rajagopal,40,Male,Chennai,Student,Student,2024-08-10,Free,Campus Campaign
C000663,Divya Devi,51,Male,Bangalore,Family,Teacher,2025-12-15,Premium,Referral
C000664,Isha Manda,44,Female,Bangalore,Student,Student,2026-04-28,Free,Google
C000665,Chaman Dara,30,Male,Hyderabad,Working Professional,Accountant,2025-11-02,Free,Campus Campaign
C000666,Ridhi Mistry,33,Female,Coimbatore,Student,Student,2024-11-02,Premium,Campus Campaign
C000667,Chameli Sankaran,34,Female,Hyderabad,Student,Student,2024-07-22,Free,YouTube
C000668,Kashvi Pandya,27,Male,Bangalore,Student,Student,2025-09-20,Free,Google
C000669,Pranav Wagle,33,Male,Chennai,Family,Teacher,2024-07-27,Premium,Campus Campaign
C000670,Sai Nazareth,41,Female,Chennai,Working Professional,Accountant,2025-11-10,Free,YouTube
C000671,Barkha Parmer,44,Female,Bangalore,Working Professional,Teacher,2025-02-10,Free,Instagram
C000672,Naksh Dutt,20,Female,Bangalore,Working Professional,Doctor,2025-10-19,Free,Referral
C000673,Yasti Kaur,58,Male,Hyderabad,Student,Student,2026-05-20,Premium,Google
C000674,Osha Dubey,51,Female,Hyderabad,Working Professional,Software Engineer,2025-05-15,Premium,Referral
C000675,Tamanna Naidu,59,Male,Chennai,Working Professional,Accountant,2025-02-09,Premium,Referral
C000676,David Balakrishnan,57,Female,Bangalore,Family,Business Owner,2025-02-09,Free,Campus Campaign
C000677,Bahadurjit Talwar,31,Female,Coimbatore,Family,Business Owner,2025-03-05,Premium,Google
C000678,Kashish Tiwari,58,Male,Bangalore,Working Professional,Software Engineer,2026-06-09,Premium,Google
C000679,Akshay Shukla,46,Male,Chennai,Working Professional,Doctor,2025-03-30,Premium,Campus Campaign
C000680,David Mangal,48,Female,Chennai,Family,Business Owner,2025-11-23,Premium,YouTube
C000681,Wazir Talwar,35,Female,Hyderabad,Student,Student,2025-01-13,Free,Instagram
C000682,Isaac Bahl,20,Male,Bangalore,Student,Student,2025-07-15,Free,Campus Campaign
C000683,Manbir Sampath,48,Female,Bangalore,Working Professional,Doctor,2024-08-20,Premium,Google
C000684,Aarav Yogi,19,Female,Bangalore,Working Professional,Doctor,2025-07-14,Free,Referral
C000685,Unnati Lal,52,Male,Chennai,Working Professional,Doctor,2024-12-24,Free,Google
C000686,Niharika Badami,36,Male,Chennai,Family,Teacher,2025-06-10,Free,Google
C000687,Meghana Din,38,Male,Vijayawada,Family,Business Owner,2025-08-08,Free,Google
C000688,Aditya Jayaraman,44,Male,Vijayawada,Family,Teacher,2024-07-15,Free,Campus Campaign
C000689,Isaiah Basu,40,Female,Bangalore,Working Professional,Business Owner,2024-07-12,Premium,Referral
C000690,Nilima Palan,60,Female,Bangalore,Working Professional,Teacher,2026-04-04,Premium,Google
C000691,Samaksh Butala,51,Male,Bangalore,Student,Student,2025-08-12,Free,YouTube
C000692,Isha Tank,53,Female,Chennai,Family,Business Owner,2026-05-28,Premium,YouTube
C000693,Aadhya Murthy,31,Male,Coimbatore,Student,Student,2024-12-07,Premium,Referral
C000694,Hardik Gara,43,Male,Bangalore,Family,Teacher,2024-09-25,Free,Instagram
C000695,Matthew Virk,24,Male,Bangalore,Student,Student,2025-06-10,Free,Referral
C000696,George Palan,52,Male,Hyderabad,Working Professional,Teacher,2025-01-14,Premium,Instagram
C000697,Mugdha Sarma,58,Male,Bangalore,Student,Student,2026-04-17,Free,Google
C000698,Aarnav Varma,23,Female,Coimbatore,Family,Teacher,2024-12-15,Premium,Instagram
C000699,Ekaja Deo,28,Female,Hyderabad,Working Professional,Teacher,2025-12-08,Free,Campus Campaign
C000700,Vrishti Tella,54,Female,Coimbatore,Working Professional,Teacher,2025-11-06,Premium,Referral
C000701,Deepa Badal,28,Male,Bangalore,Family,Teacher,2025-04-05,Free,Google
C000702,Amol Wali,59,Male,Bangalore,Family,Business Owner,2025-02-14,Premium,Instagram
C000703,Daksh Luthra,49,Female,Hyderabad,Student,Student,2025-02-09,Premium,Google
C000704,Samar Tandon,58,Female,Hyderabad,Student,Student,2025-12-12,Free,YouTube
C000705,Anamika Chokshi,32,Female,Chennai,Family,Homemaker,2026-06-10,Premium,Google
C000706,Lakshmi Wadhwa,37,Male,Chennai,Student,Student,2025-12-09,Free,Campus Campaign
C000707,Maanav Wadhwa,18,Male,Chennai,Family,Homemaker,2024-07-27,Premium,YouTube
C000708,Rushil Mall,26,Male,Bangalore,Family,Business Owner,2024-11-17,Free,Google
C000709,Charvi Madan,28,Male,Vijayawada,Student,Student,2026-04-26,Premium,Referral
C000710,Janani Gole,55,Male,Chennai,Working Professional,Designer,2025-11-13,Free,Instagram
C000711,Jeremiah Narasimhan,21,Female,Chennai,Student,Student,2025-08-12,Free,Instagram
C000712,Hamsini Pradhan,40,Female,Vijayawada,Family,Homemaker,2025-12-10,Premium,Campus Campaign
C000713,Chandani Sinha,35,Male,Bangalore,Working Professional,Teacher,2025-06-10,Premium,Campus Campaign
C000714,Yatin Kanda,36,Female,Coimbatore,Family,Homemaker,2025-02-27,Premium,Campus Campaign
C000715,Mahika Apte,29,Male,Bangalore,Family,Business Owner,2026-02-04,Free,Instagram
C000716,Pranit Om,31,Female,Coimbatore,Student,Student,2025-04-29,Premium,Google
C000717,Jackson Bhasin,57,Female,Coimbatore,Family,Business Owner,2025-12-02,Premium,YouTube
C000718,Chaaya Karpe,22,Male,Vijayawada,Student,Student,2025-01-08,Free,Instagram
C000719,Dakshesh Mistry,24,Male,Vijayawada,Working Professional,Business Owner,2024-07-06,Free,Referral
C000720,Aayush Sahni,35,Male,Hyderabad,Student,Student,2025-08-20,Free,Referral
C000721,Advik Bal,18,Male,Bangalore,Student,Student,2025-10-26,Free,Google
C000722,Jyoti Subramanian,21,Female,Chennai,Working Professional,Doctor,2026-01-19,Free,Google
C000723,Qadim Gade,30,Male,Hyderabad,Student,Student,2024-10-31,Free,Referral
C000724,Leena Saraf,50,Female,Bangalore,Family,Teacher,2024-07-03,Premium,Google
C000725,Dayita Lala,36,Male,Bangalore,Working Professional,Accountant,2024-08-27,Premium,YouTube
C000726,Nandini Prakash,60,Female,Chennai,Family,Teacher,2025-05-02,Free,Campus Campaign
C000727,Madhavi Barad,36,Male,Chennai,Working Professional,Business Owner,2026-06-10,Premium,Campus Campaign
C000728,Riya Lad,51,Female,Bangalore,Student,Student,2024-12-07,Premium,Instagram
C000729,Peter Bali,34,Male,Coimbatore,Working Professional,Software Engineer,2024-12-22,Premium,YouTube
C000730,Laksh Kara,53,Female,Hyderabad,Family,Business Owner,2025-10-23,Premium,YouTube
C000731,Darsh Gara,27,Female,Bangalore,Working Professional,Designer,2025-05-15,Free,YouTube
C000732,Zaitra Edwin,26,Male,Coimbatore,Family,Teacher,2025-09-12,Premium,Referral
C000733,Darika Tripathi,50,Male,Coimbatore,Student,Student,2025-02-14,Premium,Instagram
C000734,Theodore Ramaswamy,31,Male,Bangalore,Student,Student,2025-01-03,Free,Google
C000735,Faqid Dar,36,Female,Chennai,Family,Homemaker,2025-07-28,Free,Google
C000736,Harish Swaminathan,59,Female,Chennai,Student,Student,2025-07-28,Premium,Instagram
C000737,Niharika Reddy,21,Female,Chennai,Student,Student,2026-05-09,Premium,YouTube
C000738,Ranbir Soni,28,Male,Chennai,Family,Teacher,2024-09-30,Premium,YouTube
C000739,Praneel Varty,37,Male,Chennai,Family,Business Owner,2025-12-11,Free,Campus Campaign
C000740,Vedant Iyengar,39,Male,Bangalore,Working Professional,Doctor,2025-01-17,Free,YouTube
C000741,Kamala Bhatti,29,Female,Vijayawada,Family,Homemaker,2026-05-23,Premium,Google
C000742,Chandresh Modi,27,Female,Bangalore,Student,Student,2025-07-22,Free,Google
C000743,Vritti Narula,50,Male,Vijayawada,Family,Homemaker,2025-10-21,Premium,Instagram
C000744,Aayush Mohanty,50,Female,Coimbatore,Student,Student,2026-06-13,Free,Instagram
C000745,Krishna Suresh,41,Female,Bangalore,Student,Student,2025-09-28,Free,YouTube
C000746,Riya Hayer,33,Female,Chennai,Student,Student,2025-11-21,Free,Campus Campaign
C000747,Turvi Gala,46,Male,Chennai,Student,Student,2026-06-06,Premium,Referral
C000748,Dayamai Pai,57,Female,Vijayawada,Working Professional,Teacher,2025-11-27,Premium,Google
C000749,William Bhardwaj,31,Male,Chennai,Working Professional,Accountant,2026-05-07,Premium,Instagram
C000750,Anay Gaba,20,Female,Hyderabad,Working Professional,Designer,2025-02-20,Premium,Instagram
C000751,Kabir Sawhney,37,Female,Coimbatore,Student,Student,2026-01-05,Free,YouTube
C000752,Baljiwan Patla,26,Female,Vijayawada,Student,Student,2025-11-18,Premium,YouTube
C000753,Chaman Ramanathan,56,Male,Chennai,Family,Business Owner,2025-01-21,Free,Campus Campaign
C000754,Yashasvi Balay,41,Male,Hyderabad,Student,Student,2024-11-25,Free,Campus Campaign
C000755,Omisha Kade,22,Female,Coimbatore,Working Professional,Designer,2025-09-04,Premium,Google
C000756,Manbir Ravel,20,Male,Chennai,Family,Teacher,2024-08-11,Free,Instagram
C000757,Abhiram Bali,29,Male,Bangalore,Student,Student,2025-02-02,Premium,YouTube
C000758,Vanya Khosla,33,Female,Hyderabad,Student,Student,2025-07-14,Free,YouTube
C000759,Onkar Bajwa,51,Female,Bangalore,Working Professional,Business Owner,2026-01-27,Premium,YouTube
C000760,Owen Kale,50,Male,Hyderabad,Family,Teacher,2026-06-01,Free,Referral
C000761,Pallavi Keer,30,Female,Chennai,Working Professional,Software Engineer,2025-05-18,Free,Google
C000762,Daksha Warrior,44,Male,Hyderabad,Working Professional,Designer,2024-09-03,Premium,YouTube
C000763,Yachana Pandya,56,Male,Bangalore,Family,Business Owner,2026-04-27,Free,Campus Campaign
C000764,Reva Panchal,23,Male,Chennai,Working Professional,Designer,2024-06-21,Free,Campus Campaign
C000765,Dalaja Khanna,31,Male,Chennai,Working Professional,Accountant,2025-12-22,Premium,Google
C000766,Advika Vala,43,Female,Chennai,Student,Student,2024-12-09,Premium,Google
C000767,Qushi Korpal,27,Male,Coimbatore,Working Professional,Business Owner,2025-04-25,Premium,Referral
C000768,Andrew Shroff,60,Male,Vijayawada,Family,Business Owner,2025-09-17,Premium,YouTube
C000769,Gagan Jaggi,39,Male,Chennai,Student,Student,2026-04-07,Free,Referral
C000770,Aayush Khalsa,44,Female,Coimbatore,Working Professional,Designer,2024-07-05,Premium,Google
C000771,Adya Kakar,38,Male,Chennai,Student,Student,2025-09-01,Free,Instagram
C000772,Ijaya Pandey,23,Female,Vijayawada,Student,Student,2025-01-22,Premium,Referral
C000773,Lakshit Kalla,32,Female,Bangalore,Student,Student,2025-04-28,Premium,YouTube
C000774,Ekalinga Kala,38,Male,Hyderabad,Student,Student,2025-08-05,Free,Campus Campaign
C000775,Vedika Sandal,32,Male,Hyderabad,Family,Business Owner,2025-08-06,Free,Referral
C000776,Zayyan Chana,25,Male,Bangalore,Student,Student,2025-11-27,Premium,Instagram
C000777,Urmi Handa,32,Female,Bangalore,Student,Student,2025-03-04,Premium,YouTube
C000778,Niharika Atwal,57,Male,Chennai,Working Professional,Business Owner,2025-12-17,Premium,Instagram
C000779,Bimala Dhaliwal,44,Female,Bangalore,Student,Student,2025-02-15,Free,Google
C000780,Raghav Jhaveri,51,Female,Hyderabad,Working Professional,Designer,2026-04-26,Free,YouTube
C000781,Arunima Sule,53,Female,Hyderabad,Student,Student,2024-11-22,Premium,Instagram
C000782,Hemal Agate,52,Female,Hyderabad,Working Professional,Accountant,2025-04-23,Free,Campus Campaign
C000783,Udant Sastry,50,Female,Bangalore,Family,Teacher,2024-12-08,Premium,Google
C000784,Laksh Mani,54,Male,Bangalore,Working Professional,Software Engineer,2025-04-21,Free,Referral
C000785,Atharv Doshi,49,Male,Chennai,Family,Business Owner,2025-06-12,Free,Referral
C000786,Vedhika Chad,47,Male,Hyderabad,Family,Homemaker,2025-12-18,Free,Google
C000787,Chaaya Mody,34,Male,Hyderabad,Working Professional,Business Owner,2025-08-23,Premium,Google
C000788,Balvan Korpal,41,Female,Vijayawada,Working Professional,Designer,2026-03-15,Premium,Instagram
C000789,Baghyawati Chokshi,52,Male,Hyderabad,Student,Student,2026-03-02,Free,Google
C000790,Noah Rout,24,Male,Coimbatore,Working Professional,Teacher,2025-06-22,Premium,Google
C000791,Warhi Dewan,27,Female,Chennai,Family,Teacher,2026-04-23,Premium,Referral
C000792,Laban Chakraborty,60,Female,Coimbatore,Family,Homemaker,2026-06-11,Free,Campus Campaign
C000793,Aarna Bala,18,Male,Chennai,Family,Homemaker,2025-09-06,Free,YouTube
C000794,Zansi Vala,54,Female,Bangalore,Working Professional,Designer,2026-06-11,Free,Google
C000795,Nimrat Iyengar,50,Female,Coimbatore,Student,Student,2026-06-13,Premium,Instagram
C000796,Yashawini Varghese,58,Female,Chennai,Family,Business Owner,2025-04-09,Free,Google
C000797,Ansh Soman,34,Male,Bangalore,Working Professional,Software Engineer,2025-05-29,Free,Instagram
C000798,Raagini Narasimhan,43,Male,Hyderabad,Student,Student,2025-03-06,Free,Instagram
C000799,Mahika Kuruvilla,22,Female,Bangalore,Family,Business Owner,2025-04-30,Free,Instagram
C000800,Ridhi Varma,49,Female,Coimbatore,Working Professional,Software Engineer,2025-08-24,Free,Campus Campaign
C000801,Aishani Master,49,Male,Hyderabad,Family,Teacher,2026-04-10,Premium,Referral
C000802,Veer Reddy,36,Female,Chennai,Working Professional,Doctor,2024-08-18,Premium,YouTube
C000803,Leela Kanda,26,Female,Chennai,Family,Homemaker,2024-06-24,Free,Referral
C000804,Jackson Sahota,18,Female,Vijayawada,Working Professional,Software Engineer,2024-12-19,Premium,Campus Campaign
C000805,Nakul Manda,56,Male,Vijayawada,Working Professional,Accountant,2025-10-17,Free,YouTube
C000806,Naveen Lad,25,Female,Coimbatore,Student,Student,2025-12-30,Premium,Google
C000807,Vritti Gala,18,Male,Chennai,Family,Teacher,2025-08-08,Free,YouTube
C000808,Tara Mangat,56,Female,Hyderabad,Family,Teacher,2026-02-07,Premium,Referral
C000809,Manthan Upadhyay,25,Male,Bangalore,Working Professional,Software Engineer,2025-02-18,Free,Google
C000810,Sudiksha Varma,23,Female,Coimbatore,Student,Student,2026-02-16,Premium,YouTube
C000811,Nicholas Gandhi,34,Male,Bangalore,Working Professional,Accountant,2024-07-26,Premium,YouTube
C000812,Janaki Sandal,23,Female,Bangalore,Working Professional,Business Owner,2024-09-20,Premium,Google
C000813,Zehaan Lala,45,Male,Hyderabad,Student,Student,2026-03-09,Premium,Google
C000814,Farhan Manda,49,Male,Hyderabad,Family,Teacher,2025-06-09,Free,YouTube
C000815,Robert Devi,47,Male,Hyderabad,Family,Homemaker,2025-10-20,Free,YouTube
C000816,Kamala Chada,41,Female,Hyderabad,Working Professional,Doctor,2024-10-23,Premium,Referral
C000817,Vyanjana Keer,25,Male,Bangalore,Student,Student,2025-09-17,Free,Google
C000818,Vaishnavi Dani,27,Female,Chennai,Working Professional,Doctor,2025-11-15,Premium,Google
C000819,Ekansh Datta,32,Female,Hyderabad,Student,Student,2025-07-13,Premium,Referral
C000820,Ethan Kumar,50,Female,Hyderabad,Family,Business Owner,2026-06-05,Premium,Google
C000821,Qadim Butala,40,Female,Coimbatore,Student,Student,2025-08-04,Premium,Instagram
C000822,Widisha Dixit,21,Female,Hyderabad,Student,Student,2025-07-18,Free,Referral
C000823,Fariq Loyal,47,Female,Coimbatore,Working Professional,Teacher,2025-06-12,Premium,Google
C000824,Chaitaly Mittal,26,Male,Chennai,Family,Homemaker,2025-05-02,Free,Campus Campaign
C000825,Faras Seth,40,Female,Bangalore,Working Professional,Teacher,2026-03-27,Premium,Instagram
C000826,Zilmil Varughese,48,Male,Hyderabad,Student,Student,2025-11-28,Premium,Google
C000827,Rehaan Subramaniam,22,Male,Vijayawada,Working Professional,Teacher,2025-09-20,Premium,Google
C000828,Tanay Ranganathan,49,Male,Hyderabad,Family,Teacher,2024-12-14,Premium,Referral
C000829,Anirudh Venkataraman,40,Male,Vijayawada,Working Professional,Business Owner,2026-03-02,Premium,Google
C000830,Balvan Kadakia,54,Female,Chennai,Working Professional,Business Owner,2024-10-05,Free,YouTube
C000831,Vincent Taneja,30,Female,Chennai,Family,Business Owner,2026-03-03,Premium,Campus Campaign
C000832,Yashoda Sidhu,40,Male,Chennai,Family,Homemaker,2025-01-18,Free,Google
C000833,Ijaya Pingle,19,Male,Bangalore,Family,Homemaker,2025-06-15,Free,Google
C000834,Michael Ganesan,19,Male,Hyderabad,Working Professional,Software Engineer,2025-04-10,Premium,Google
C000835,Pranit Thaker,27,Male,Hyderabad,Working Professional,Designer,2026-03-04,Free,Instagram
C000836,Vaishnavi Zachariah,22,Male,Chennai,Student,Student,2025-06-28,Premium,Referral
C000837,Rehaan Muni,39,Female,Hyderabad,Family,Teacher,2026-04-22,Premium,Instagram
C000838,Mitesh Divan,30,Female,Bangalore,Family,Business Owner,2024-11-26,Free,YouTube
C000839,Lohit Joshi,45,Male,Hyderabad,Student,Student,2025-06-15,Premium,Google
C000840,Jyoti Dora,43,Female,Hyderabad,Student,Student,2026-03-09,Free,Instagram
C000841,Dipta Nath,55,Male,Bangalore,Family,Business Owner,2025-07-30,Free,Google
C000842,Kalpit Khare,39,Male,Chennai,Working Professional,Doctor,2024-11-27,Free,Referral
C000843,Chatresh Varma,23,Female,Coimbatore,Working Professional,Teacher,2024-12-17,Free,Google
C000844,Reyansh Chakrabarti,35,Male,Bangalore,Student,Student,2025-06-13,Free,Campus Campaign
C000845,Garima Mistry,25,Male,Vijayawada,Working Professional,Designer,2025-08-03,Premium,Referral
C000846,Chaitaly Kari,56,Female,Chennai,Student,Student,2024-09-13,Premium,YouTube
C000847,Garima Madan,42,Male,Bangalore,Family,Teacher,2025-02-09,Free,Referral
C000848,Qarin Nazareth,55,Male,Bangalore,Working Professional,Business Owner,2025-12-08,Premium,YouTube
C000849,Jack Bera,22,Female,Chennai,Student,Student,2025-03-31,Premium,YouTube
C000850,Tripti Dayal,34,Male,Coimbatore,Working Professional,Accountant,2026-03-03,Premium,Google
C000851,Utkarsh Dugal,56,Female,Bangalore,Student,Student,2026-05-10,Premium,Referral
C000852,Ganga Gokhale,38,Female,Chennai,Student,Student,2025-12-18,Free,Referral
C000853,Advika Sha,45,Male,Chennai,Family,Homemaker,2026-03-01,Free,Campus Campaign
C000854,Zashil Ahuja,41,Male,Chennai,Working Professional,Business Owner,2025-11-18,Free,Google
C000855,Neha Gala,32,Male,Bangalore,Student,Student,2026-04-26,Premium,Campus Campaign
C000856,Indira Balan,27,Male,Chennai,Student,Student,2025-06-28,Free,YouTube
C000857,Gautami Lal,54,Male,Bangalore,Student,Student,2025-10-07,Free,YouTube
C000858,Leena Muni,36,Female,Hyderabad,Student,Student,2024-09-17,Free,Referral
C000859,Mitesh Ravi,28,Female,Hyderabad,Working Professional,Teacher,2025-11-15,Premium,Campus Campaign
C000860,Leela Bhardwaj,21,Female,Vijayawada,Working Professional,Teacher,2024-10-06,Premium,Google
C000861,Fitan Sant,46,Male,Hyderabad,Working Professional,Designer,2025-06-10,Premium,Referral
C000862,Yashawini Mani,39,Female,Bangalore,Working Professional,Teacher,2026-05-08,Premium,Google
C000863,Jeevika Bhatti,30,Female,Chennai,Working Professional,Business Owner,2024-11-22,Premium,YouTube
C000864,Gaurav Morar,48,Male,Bangalore,Working Professional,Designer,2024-06-21,Free,Instagram
C000865,Jai Chaudhary,59,Male,Coimbatore,Student,Student,2025-07-19,Free,Referral
C000866,Ria Sahota,60,Female,Bangalore,Family,Teacher,2025-06-26,Free,YouTube
C000867,Leena Bajaj,59,Female,Bangalore,Working Professional,Designer,2025-11-26,Free,Campus Campaign
C000868,Naveen Sibal,53,Female,Hyderabad,Student,Student,2025-12-05,Premium,Referral
C000869,Guneet Kala,27,Male,Hyderabad,Student,Student,2025-04-20,Free,YouTube
C000870,Ranveer Wali,33,Male,Coimbatore,Family,Teacher,2024-07-19,Premium,YouTube
C000871,Theodore Bhatt,33,Female,Coimbatore,Working Professional,Business Owner,2026-03-05,Premium,Instagram
C000872,Neelima Prashad,42,Female,Bangalore,Student,Student,2026-04-08,Premium,Google
C000873,Arunima Divan,24,Female,Chennai,Student,Student,2024-09-19,Free,YouTube
C000874,Yashvi Chakraborty,43,Female,Chennai,Working Professional,Teacher,2024-08-17,Free,Google
C000875,Reyansh Parikh,60,Female,Bangalore,Family,Business Owner,2024-09-01,Premium,Instagram
C000876,Utkarsh Lad,46,Male,Chennai,Student,Student,2025-05-21,Premium,Google
C000877,Saumya Kale,38,Female,Chennai,Working Professional,Business Owner,2024-08-18,Free,YouTube
C000878,Zayan Ramesh,44,Male,Coimbatore,Student,Student,2025-05-29,Premium,Instagram
C000879,Keya Uppal,27,Female,Bangalore,Working Professional,Business Owner,2026-05-22,Premium,Google
C000880,Nathan Andra,52,Female,Coimbatore,Family,Homemaker,2026-03-29,Premium,Referral
C000881,Nimrat Grover,57,Female,Coimbatore,Student,Student,2025-08-20,Premium,Google
C000882,Hardik Vasa,44,Female,Chennai,Family,Business Owner,2026-01-23,Free,Referral
C000883,Hiral Ramanathan,46,Male,Chennai,Student,Student,2025-11-24,Free,YouTube
C000884,Vasudha Vig,24,Male,Bangalore,Student,Student,2026-04-23,Premium,Referral
C000885,Aarush Viswanathan,33,Male,Bangalore,Working Professional,Software Engineer,2025-09-06,Free,Google
C000886,Oeshi Randhawa,44,Male,Chennai,Family,Teacher,2025-10-14,Free,Google
C000887,Sanya Chanda,34,Male,Coimbatore,Working Professional,Designer,2025-02-16,Free,YouTube
C000888,Xavier Balan,45,Female,Bangalore,Family,Teacher,2025-05-17,Free,Referral
C000889,Dev Mutti,35,Female,Hyderabad,Working Professional,Accountant,2025-10-17,Free,Referral
C000890,Advay Shan,54,Male,Hyderabad,Family,Business Owner,2025-09-28,Premium,Campus Campaign
C000891,Abhiram Parikh,60,Female,Chennai,Working Professional,Accountant,2026-01-17,Premium,Instagram
C000892,Gagan Arya,18,Female,Hyderabad,Family,Homemaker,2026-01-21,Free,Campus Campaign
C000893,Krishna Goswami,26,Female,Chennai,Family,Business Owner,2025-09-13,Premium,Google
C000894,Chasmum Bose,39,Male,Coimbatore,Family,Teacher,2025-09-05,Free,Instagram
C000895,Jason Misra,24,Female,Coimbatore,Student,Student,2026-05-13,Free,Instagram
C000896,Unnati Kapur,33,Male,Hyderabad,Student,Student,2025-10-24,Free,YouTube
C000897,Veda Pillai,28,Female,Chennai,Student,Student,2024-06-20,Free,Google
C000898,Anirudh Singhal,33,Male,Bangalore,Student,Student,2025-07-19,Free,Google
C000899,Rachit Jain,29,Female,Chennai,Family,Homemaker,2025-08-18,Free,Referral
C000900,Aarna Raman,29,Female,Vijayawada,Family,Homemaker,2025-09-27,Premium,Instagram
C000901,Kala Sidhu,36,Female,Vijayawada,Working Professional,Software Engineer,2026-04-12,Premium,Google
C000902,Forum Sampath,28,Female,Chennai,Working Professional,Doctor,2025-07-20,Free,YouTube
C000903,Chaitaly Swamy,34,Male,Bangalore,Family,Homemaker,2025-02-10,Free,Instagram
C000904,Bishakha Keer,28,Female,Bangalore,Working Professional,Business Owner,2026-05-01,Free,YouTube
C000905,Balvan Sangha,41,Female,Chennai,Family,Business Owner,2024-08-28,Premium,Campus Campaign
C000906,Matthew Dayal,36,Male,Bangalore,Working Professional,Teacher,2025-12-26,Free,Instagram
C000907,Megha Parmer,25,Female,Bangalore,Working Professional,Doctor,2025-09-11,Premium,Referral
C000908,Mahika Lanka,23,Female,Chennai,Working Professional,Doctor,2025-06-08,Premium,Referral
C000909,Sai Shah,40,Male,Bangalore,Student,Student,2025-05-17,Premium,Instagram
C000910,Jacob Dayal,54,Female,Bangalore,Working Professional,Software Engineer,2024-07-31,Free,YouTube
C000911,Laban Sachar,24,Female,Hyderabad,Working Professional,Accountant,2026-04-13,Free,Campus Campaign
C000912,Ladli Nagarajan,38,Male,Coimbatore,Family,Teacher,2024-10-25,Premium,YouTube
C000913,Jai Tripathi,32,Female,Chennai,Student,Student,2026-02-03,Free,Instagram
C000914,Zilmil Venkatesh,21,Male,Coimbatore,Family,Business Owner,2025-09-10,Free,Referral
C000915,Manthan Sani,48,Female,Chennai,Family,Homemaker,2025-05-03,Free,Instagram
C000916,Ronith Nadkarni,45,Male,Hyderabad,Family,Business Owner,2025-03-22,Premium,Campus Campaign
C000917,Eshana Gole,46,Female,Bangalore,Working Professional,Designer,2025-03-13,Premium,YouTube
C000918,Samarth Kumer,32,Female,Vijayawada,Working Professional,Accountant,2026-04-03,Premium,Google
C000919,Aarini Dara,27,Female,Chennai,Student,Student,2026-02-05,Premium,Instagram
C000920,Maanas More,26,Male,Hyderabad,Student,Student,2025-10-25,Free,Instagram
C000921,Chatura Sanghvi,32,Male,Hyderabad,Student,Student,2025-12-03,Premium,Instagram
C000922,Azaan Kashyap,23,Female,Chennai,Student,Student,2025-03-15,Premium,YouTube
C000923,Kashish Jain,50,Male,Chennai,Family,Teacher,2025-04-26,Premium,Instagram
C000924,Anika Biswas,38,Female,Coimbatore,Family,Teacher,2026-01-05,Free,YouTube
C000925,Pranit Sama,26,Male,Coimbatore,Student,Student,2024-12-25,Premium,Referral
C000926,Waida Shankar,56,Female,Hyderabad,Student,Student,2026-06-09,Premium,Campus Campaign
C000927,Utkarsh Padmanabhan,39,Male,Chennai,Working Professional,Designer,2025-01-21,Free,Google
C000928,Turvi Kannan,18,Male,Hyderabad,Student,Student,2025-04-01,Premium,Instagram
C000929,Maanas Kadakia,25,Female,Bangalore,Family,Teacher,2025-12-09,Free,Google
C000930,Darika Banerjee,43,Male,Chennai,Student,Student,2024-09-05,Free,Google
C000931,Faris Bhatia,35,Female,Chennai,Working Professional,Designer,2025-11-29,Premium,YouTube
C000932,Owen Korpal,59,Female,Chennai,Working Professional,Business Owner,2024-08-06,Premium,Google
C000933,Lipika Kuruvilla,27,Female,Bangalore,Working Professional,Accountant,2024-07-04,Free,Referral
C000934,Hamsini Pradhan,40,Male,Chennai,Working Professional,Business Owner,2026-02-12,Premium,Campus Campaign
C000935,Isaac Kulkarni,52,Male,Hyderabad,Working Professional,Designer,2024-09-13,Premium,Referral
C000936,Leena Andra,41,Male,Chennai,Family,Homemaker,2025-01-11,Premium,Google
C000937,Christopher Ghosh,51,Male,Bangalore,Working Professional,Accountant,2025-11-26,Free,Referral
C000938,Dipta Borra,57,Female,Bangalore,Family,Homemaker,2024-07-12,Premium,Instagram
C000939,Patrick Kade,28,Female,Hyderabad,Family,Teacher,2026-05-17,Premium,Referral
C000940,Nathan Bala,18,Female,Vijayawada,Family,Teacher,2024-07-28,Premium,Instagram
C000941,Rohan Lad,45,Female,Coimbatore,Student,Student,2025-01-12,Free,Campus Campaign
C000942,Falguni Pandey,47,Male,Hyderabad,Student,Student,2026-05-02,Free,Google
C000943,Neel Halder,26,Male,Coimbatore,Student,Student,2025-08-22,Free,Campus Campaign
C000944,Fariq Chahal,39,Male,Chennai,Student,Student,2026-05-31,Premium,YouTube
C000945,Manya Dhillon,55,Male,Vijayawada,Working Professional,Designer,2024-11-28,Free,YouTube
C000946,Gautam Naidu,25,Female,Coimbatore,Family,Homemaker,2025-11-17,Free,Google
C000947,Jacob Buch,21,Male,Chennai,Student,Student,2024-08-11,Premium,Referral
C000948,Bhavini D’Alia,43,Female,Coimbatore,Student,Student,2024-11-30,Premium,YouTube
C000949,Ekanta Panchal,59,Female,Bangalore,Family,Business Owner,2024-06-26,Premium,YouTube
C000950,Ati Nigam,31,Female,Coimbatore,Family,Teacher,2024-11-24,Premium,Referral
C000951,Ekta Malhotra,57,Male,Bangalore,Family,Homemaker,2024-12-08,Free,Referral
C000952,Leela Majumdar,41,Female,Chennai,Family,Business Owner,2025-09-18,Free,Campus Campaign
C000953,Banjeet Raju,37,Female,Bangalore,Family,Teacher,2024-08-24,Premium,Campus Campaign
C000954,Gunbir Sanghvi,50,Female,Chennai,Family,Homemaker,2026-04-13,Premium,Google
C000955,Radhika Ahluwalia,44,Female,Bangalore,Student,Student,2024-10-03,Premium,Referral
C000956,Balveer Gola,40,Male,Chennai,Family,Business Owner,2024-12-30,Premium,Referral
C000957,Tripti Badami,56,Male,Bangalore,Working Professional,Software Engineer,2025-11-24,Free,YouTube
C000958,Unni Yadav,35,Male,Chennai,Working Professional,Teacher,2026-04-26,Premium,YouTube
C000959,Charles Dass,33,Female,Bangalore,Working Professional,Business Owner,2025-08-17,Premium,Instagram
C000960,Balhaar Peri,59,Female,Coimbatore,Working Professional,Designer,2026-02-15,Free,Campus Campaign
C000961,Tarak Naidu,50,Male,Vijayawada,Student,Student,2025-12-06,Free,Referral
C000962,Unnati Singh,46,Male,Coimbatore,Working Professional,Software Engineer,2026-06-12,Premium,Campus Campaign
C000963,Nirja Agarwal,25,Male,Bangalore,Student,Student,2026-05-23,Free,Google
C000964,Shravya Dash,42,Female,Bangalore,Family,Teacher,2025-01-15,Premium,Google
C000965,Omya Patel,30,Female,Bangalore,Family,Business Owner,2025-10-19,Free,Campus Campaign
C000966,Vaishnavi Amble,37,Female,Bangalore,Student,Student,2025-10-12,Premium,Google
C000967,Karan Pandit,25,Male,Coimbatore,Working Professional,Software Engineer,2026-05-27,Free,YouTube
C000968,Januja Handa,37,Male,Chennai,Student,Student,2024-08-03,Premium,Google
C000969,Indrajit Merchant,54,Male,Coimbatore,Student,Student,2024-08-25,Free,Campus Campaign
C000970,Hemang Memon,52,Female,Coimbatore,Working Professional,Doctor,2025-04-25,Premium,Google
C000971,Daksh Mishra,23,Male,Bangalore,Family,Homemaker,2025-05-27,Premium,Campus Campaign
C000972,Urvi Mander,27,Male,Hyderabad,Student,Student,2026-02-08,Premium,Campus Campaign
C000973,Praneel Kapoor,55,Female,Coimbatore,Family,Homemaker,2025-07-22,Premium,Google
C000974,Wazir Loke,41,Female,Bangalore,Student,Student,2024-09-12,Free,Campus Campaign
C000975,Laban Manne,55,Female,Chennai,Working Professional,Accountant,2025-09-07,Free,Campus Campaign
C000976,Garima Shetty,53,Male,Bangalore,Student,Student,2025-11-05,Premium,Campus Campaign
C000977,Oliver Kakar,26,Female,Chennai,Working Professional,Software Engineer,2025-11-03,Premium,YouTube
C000978,Yachana Saini,55,Female,Chennai,Student,Student,2026-01-24,Free,YouTube
C000979,Parth Nigam,47,Male,Hyderabad,Family,Homemaker,2026-03-09,Free,Instagram
C000980,Finn Yogi,24,Male,Bangalore,Family,Homemaker,2024-11-21,Premium,Campus Campaign
C000981,Yug Jain,20,Male,Hyderabad,Working Professional,Doctor,2026-05-10,Free,Referral
C000982,Indrajit Thaker,23,Male,Coimbatore,Working Professional,Teacher,2025-01-07,Premium,Campus Campaign
C000983,Omisha Lala,33,Female,Chennai,Student,Student,2025-01-03,Premium,Referral
C000984,Arjun Parmar,23,Female,Coimbatore,Working Professional,Business Owner,2024-09-18,Premium,YouTube
C000985,Arya Dayal,40,Male,Bangalore,Family,Business Owner,2025-07-10,Premium,Instagram
C000986,Anusha Dalal,53,Male,Bangalore,Family,Homemaker,2025-11-14,Free,Referral
C000987,Hemani Bail,43,Male,Coimbatore,Family,Homemaker,2025-05-23,Free,Campus Campaign
C000988,Hemal Agrawal,36,Male,Bangalore,Student,Student,2025-06-30,Free,Google
C000989,Abha Kaur,18,Female,Bangalore,Family,Teacher,2024-11-21,Premium,YouTube
C000990,David Chand,28,Male,Bangalore,Student,Student,2024-12-06,Free,Campus Campaign
C000991,Patrick Reddy,60,Female,Bangalore,Family,Homemaker,2025-03-19,Free,Campus Campaign
C000992,Agastya Dua,51,Female,Bangalore,Family,Business Owner,2025-06-06,Free,YouTube
C000993,Rohan Karpe,51,Male,Bangalore,Student,Student,2025-11-14,Premium,Google
C000994,Harish Tata,51,Male,Bangalore,Working Professional,Teacher,2025-01-10,Free,Instagram
C000995,Vedika Narayanan,26,Male,Chennai,Student,Student,2026-04-27,Free,Instagram
C000996,Vaishnavi Gola,26,Female,Chennai,Working Professional,Business Owner,2024-12-20,Premium,Referral
C000997,Harish Mandal,37,Male,Hyderabad,Student,Student,2024-09-18,Premium,Google
C000998,Dev Bava,49,Male,Bangalore,Working Professional,Doctor,2025-12-24,Free,Google
C000999,Urmi De,35,Female,Hyderabad,Working Professional,Designer,2025-06-07,Free,Referral
C001000,Ganga Baral,46,Male,Hyderabad,Working Professional,Accountant,2024-06-22,Free,Campus Campaign
C001001,Aishani Nair,36,Male,Chennai,Family,Homemaker,2025-07-24,Premium,Referral
C001002,Ekansh Arya,42,Male,Bangalore,Student,Student,2026-01-19,Free,YouTube
C001003,Advik Tripathi,19,Female,Hyderabad,Family,Business Owner,2025-05-10,Premium,Google
C001004,Vedant Sarkar,30,Female,Hyderabad,Family,Homemaker,2024-12-21,Premium,YouTube
C001005,Chaitaly Batta,53,Female,Chennai,Family,Teacher,2025-05-13,Premium,Campus Campaign
C001006,Baljiwan Bir,22,Female,Bangalore,Family,Business Owner,2025-11-24,Free,Google
C001007,Jeremiah Dutta,19,Male,Bangalore,Working Professional,Accountant,2024-12-26,Free,YouTube
C001008,Chandani Dhaliwal,32,Female,Bangalore,Student,Student,2024-08-07,Premium,Instagram
C001009,Hredhaan Varghese,42,Female,Bangalore,Family,Business Owner,2024-10-14,Free,Instagram
C001010,Urvashi Chacko,25,Male,Hyderabad,Family,Homemaker,2025-05-08,Premium,YouTube
C001011,Urvi Bawa,57,Female,Bangalore,Student,Student,2025-06-01,Premium,Campus Campaign
C001012,Sara Tella,60,Male,Bangalore,Working Professional,Business Owner,2024-07-14,Premium,Google
C001013,Daksha Setty,44,Male,Chennai,Working Professional,Designer,2025-11-08,Premium,Google
C001014,Ayushman Reddy,54,Female,Chennai,Working Professional,Business Owner,2026-02-09,Free,Google
C001015,Pranav Chaudhari,28,Female,Chennai,Family,Homemaker,2024-12-11,Premium,Google
C001016,Kiaan Hegde,44,Male,Hyderabad,Working Professional,Accountant,2025-07-29,Free,Referral
C001017,Nitara Sathe,33,Male,Coimbatore,Working Professional,Accountant,2024-09-21,Free,YouTube
C001018,Sarthak Saha,55,Female,Hyderabad,Family,Homemaker,2025-12-24,Premium,Campus Campaign
C001019,Vedika Dey,42,Female,Bangalore,Working Professional,Accountant,2026-05-10,Free,Campus Campaign
C001020,Ethan Tank,37,Male,Coimbatore,Working Professional,Doctor,2024-08-19,Free,Campus Campaign
C001021,Christopher Deshpande,56,Male,Hyderabad,Student,Student,2024-07-15,Free,YouTube
C001022,Rudra Oommen,38,Male,Hyderabad,Student,Student,2024-09-29,Free,Referral
C001023,Amrita Pal,20,Female,Chennai,Student,Student,2024-10-16,Premium,Referral
C001024,Kai Kari,48,Male,Bangalore,Student,Student,2025-04-25,Premium,Referral
C001025,Vrinda Ranganathan,32,Male,Hyderabad,Working Professional,Teacher,2026-05-15,Free,YouTube
C001026,Hemal Joshi,38,Female,Chennai,Student,Student,2024-12-05,Free,Google
C001027,Bina Mani,23,Female,Chennai,Working Professional,Doctor,2024-11-21,Free,Instagram
C001028,Maya Prashad,30,Male,Chennai,Working Professional,Accountant,2025-11-24,Premium,Instagram
C001029,Ayaan Ganesan,26,Male,Vijayawada,Student,Student,2024-10-08,Free,Campus Campaign
C001030,Dipta Mandal,19,Female,Hyderabad,Family,Business Owner,2025-02-04,Premium,Campus Campaign
C001031,Advik Chawla,43,Female,Bangalore,Family,Homemaker,2025-12-11,Premium,YouTube
C001032,Benjamin Bassi,51,Female,Hyderabad,Family,Homemaker,2025-09-05,Premium,Referral
C001033,Veer Baria,55,Female,Chennai,Family,Homemaker,2025-02-17,Free,Google
C001034,Zansi Arya,46,Female,Chennai,Working Professional,Accountant,2025-04-05,Free,Google
C001035,Divya Sarma,47,Female,Vijayawada,Working Professional,Designer,2025-08-22,Premium,YouTube
C001036,Rushil Palla,27,Male,Hyderabad,Working Professional,Teacher,2026-05-12,Free,Referral
C001037,Maya Sandal,21,Female,Chennai,Family,Teacher,2025-02-08,Premium,Campus Campaign
C001038,Nihal Krishna,26,Female,Chennai,Working Professional,Business Owner,2024-10-23,Premium,Google
C001039,Aachal Virk,31,Male,Bangalore,Family,Homemaker,2025-03-15,Premium,Campus Campaign
C001040,Finn Sarkar,46,Male,Vijayawada,Student,Student,2026-04-21,Free,Google
C001041,Darika Majumdar,45,Female,Bangalore,Working Professional,Accountant,2026-04-10,Premium,YouTube
C001042,Logan Koshy,31,Male,Coimbatore,Working Professional,Software Engineer,2025-10-17,Premium,Instagram
C001043,Harinakshi Bedi,31,Female,Chennai,Family,Teacher,2024-12-19,Free,Campus Campaign
C001044,Advika Saini,55,Female,Hyderabad,Student,Student,2025-12-06,Free,Instagram
C001045,Brinda Sundaram,56,Female,Vijayawada,Student,Student,2024-11-16,Free,Referral
C001046,Nimrat Bhatia,43,Male,Hyderabad,Family,Teacher,2025-12-17,Free,Google
C001047,Darpan Sibal,36,Male,Coimbatore,Student,Student,2025-06-23,Premium,Google
C001048,Bhavya Kohli,52,Female,Bangalore,Family,Business Owner,2025-10-08,Free,YouTube
C001049,Arjun Sachar,59,Female,Chennai,Working Professional,Software Engineer,2024-07-02,Premium,YouTube
C001050,Frado Nagi,48,Female,Chennai,Student,Student,2024-11-29,Free,Campus Campaign
C001051,Hardik Yadav,23,Female,Vijayawada,Student,Student,2024-06-28,Free,Campus Campaign
C001052,Ranveer Buch,23,Male,Chennai,Family,Teacher,2025-10-22,Free,YouTube
C001053,Deepa Nagar,45,Male,Bangalore,Working Professional,Business Owner,2025-03-19,Free,Instagram
C001054,Indrajit Yohannan,40,Female,Bangalore,Family,Teacher,2025-10-22,Premium,YouTube
C001055,Meghana Doctor,34,Female,Chennai,Student,Student,2026-04-16,Premium,YouTube
C001056,Saanvi Bakshi,45,Male,Bangalore,Family,Homemaker,2024-09-02,Premium,Campus Campaign
C001057,Onkar Krishna,30,Female,Chennai,Family,Business Owner,2025-07-08,Free,Google
C001058,Bhanumati Seth,54,Female,Bangalore,Family,Teacher,2024-12-14,Free,Instagram
C001059,Janaki Deshmukh,23,Male,Bangalore,Family,Teacher,2025-09-26,Free,YouTube
C001060,Frederick Ravel,21,Female,Bangalore,Working Professional,Doctor,2025-10-02,Free,Campus Campaign
C001061,Qushi Jani,37,Female,Vijayawada,Working Professional,Doctor,2025-01-12,Free,Campus Campaign
C001062,Vasudha Wali,48,Male,Bangalore,Student,Student,2026-02-18,Premium,Instagram
C001063,Ryan Yogi,44,Male,Chennai,Family,Homemaker,2025-07-01,Free,Google
C001064,Hiral Sane,40,Male,Coimbatore,Family,Business Owner,2025-09-03,Free,Google
C001065,Faraj Dugar,34,Male,Chennai,Working Professional,Software Engineer,2024-10-07,Free,Google
C001066,Henry Kaul,23,Female,Bangalore,Working Professional,Doctor,2025-12-10,Free,Referral
C001067,Zaid Mishra,36,Male,Bangalore,Working Professional,Accountant,2025-05-09,Free,Referral
C001068,Pallavi Nagy,45,Male,Hyderabad,Student,Student,2024-10-04,Premium,Campus Campaign
C001069,Karan Merchant,52,Male,Hyderabad,Family,Homemaker,2025-03-11,Free,Campus Campaign
C001070,Anjali Padmanabhan,34,Male,Hyderabad,Student,Student,2026-01-18,Premium,Instagram
C001071,Sanya Patil,56,Female,Chennai,Family,Teacher,2026-02-14,Premium,Instagram
C001072,Dev Deep,53,Female,Bangalore,Family,Teacher,2024-11-02,Premium,Instagram
C001073,Bachittar Majumdar,43,Male,Chennai,Working Professional,Teacher,2025-11-24,Premium,Referral
C001074,Turvi Sidhu,30,Female,Chennai,Family,Business Owner,2025-12-15,Premium,Google
C001075,Yutika Barman,48,Female,Coimbatore,Family,Teacher,2024-12-27,Premium,Google
C001076,Brinda Ghosh,47,Male,Chennai,Working Professional,Doctor,2024-10-28,Free,Referral
C001077,Lila Kara,43,Female,Chennai,Family,Teacher,2024-09-06,Free,YouTube
C001078,Ayush Hayer,26,Male,Vijayawada,Student,Student,2025-01-10,Premium,Google
C001079,Pratyush Ramanathan,27,Female,Bangalore,Student,Student,2025-12-31,Premium,Referral
C001080,Jason Doshi,37,Male,Chennai,Working Professional,Software Engineer,2025-12-26,Free,Campus Campaign
C001081,Ubika Prasad,40,Male,Vijayawada,Working Professional,Business Owner,2026-02-08,Premium,Campus Campaign
C001082,Wridesh Kota,58,Female,Hyderabad,Student,Student,2025-09-17,Premium,Google
C001083,Oliver Agate,47,Male,Vijayawada,Family,Business Owner,2025-02-19,Premium,Instagram
C001084,Hemal Salvi,29,Male,Hyderabad,Family,Business Owner,2024-11-02,Free,Referral
C001085,Neha Bawa,31,Female,Chennai,Family,Homemaker,2026-05-03,Free,Instagram
C001086,Oni Guha,34,Male,Vijayawada,Working Professional,Teacher,2025-04-07,Premium,Google
C001087,Maanav Butala,28,Female,Vijayawada,Working Professional,Designer,2026-02-03,Free,Google
C001088,Amol Morar,25,Male,Coimbatore,Family,Homemaker,2025-11-29,Premium,Referral
C001089,Ekta Tailor,58,Male,Chennai,Working Professional,Business Owner,2024-10-11,Free,Campus Campaign
C001090,Damyanti Rege,48,Female,Bangalore,Working Professional,Accountant,2026-01-25,Premium,Instagram
C001091,Ucchal Rattan,30,Female,Bangalore,Student,Student,2025-07-08,Premium,Instagram
C001092,Madhav Mukhopadhyay,33,Male,Bangalore,Working Professional,Accountant,2026-02-27,Free,Google
C001093,Krishna Deo,26,Male,Coimbatore,Working Professional,Software Engineer,2025-05-04,Free,YouTube
C001094,Jhalak Naidu,47,Male,Bangalore,Working Professional,Teacher,2025-05-05,Free,Referral
C001095,Champak Ghosh,37,Female,Chennai,Student,Student,2024-09-18,Premium,Referral
C001096,Mugdha Kar,60,Male,Hyderabad,Family,Business Owner,2024-08-30,Free,Referral
C001097,Prisha Mohanty,39,Male,Coimbatore,Family,Teacher,2026-01-01,Premium,Instagram
C001098,Upma Ravi,24,Female,Chennai,Working Professional,Software Engineer,2024-11-09,Free,Campus Campaign
C001099,Chatresh Ramesh,50,Female,Bangalore,Student,Student,2024-09-07,Premium,YouTube
C001100,Krisha Tella,34,Female,Chennai,Working Professional,Accountant,2026-02-21,Free,Instagram
C001101,Faris Mahal,30,Female,Bangalore,Family,Business Owner,2025-04-28,Premium,YouTube
C001102,Patrick Ram,47,Female,Vijayawada,Family,Business Owner,2025-02-19,Premium,Referral
C001103,Mitali Sridhar,25,Male,Chennai,Student,Student,2024-09-22,Free,Campus Campaign
C001104,Ekavir Dhawan,43,Female,Coimbatore,Student,Student,2025-09-09,Premium,Google
C001105,Urishilla Karpe,54,Female,Bangalore,Student,Student,2025-04-04,Premium,Referral
C001106,Yadavi Bobal,47,Male,Chennai,Family,Homemaker,2025-02-16,Free,Google
C001107,Frederick Chander,27,Male,Bangalore,Working Professional,Business Owner,2024-10-26,Premium,YouTube
C001108,Omkaar Natarajan,29,Female,Bangalore,Family,Teacher,2025-05-25,Premium,YouTube
C001109,Wyatt Brar,45,Male,Coimbatore,Student,Student,2026-05-22,Free,Campus Campaign
C001110,Fariq Tiwari,25,Male,Bangalore,Student,Student,2024-10-22,Premium,YouTube
C001111,Watika Narayan,36,Male,Coimbatore,Family,Homemaker,2024-07-09,Free,Referral
C001112,Ekavir Puri,21,Male,Bangalore,Family,Homemaker,2024-07-24,Premium,Instagram
C001113,Lajita Sen,25,Female,Hyderabad,Working Professional,Software Engineer,2025-05-03,Premium,Instagram
C001114,Yashasvi Sahota,40,Male,Hyderabad,Working Professional,Doctor,2025-12-12,Free,YouTube
C001115,Lucky Dhingra,48,Female,Hyderabad,Student,Student,2026-06-06,Free,Campus Campaign
C001116,Brinda Rai,44,Female,Chennai,Family,Business Owner,2024-07-23,Free,Referral
C001117,Turvi Sankar,24,Female,Chennai,Family,Teacher,2025-01-27,Premium,Campus Campaign
C001118,Jeremiah Contractor,49,Male,Bangalore,Working Professional,Teacher,2026-04-17,Premium,YouTube
C001119,Vedant Mander,26,Male,Coimbatore,Student,Student,2025-09-07,Premium,Campus Campaign
C001120,Yahvi Natt,37,Female,Bangalore,Student,Student,2024-09-08,Free,Referral
C001121,Faris Bath,55,Female,Hyderabad,Working Professional,Software Engineer,2025-11-07,Premium,Instagram
C001122,Anay Das,18,Male,Hyderabad,Family,Teacher,2025-07-05,Premium,Referral
C001123,Gautami Talwar,20,Female,Bangalore,Student,Student,2025-06-13,Free,Referral
C001124,Ati Sachar,32,Male,Chennai,Working Professional,Doctor,2026-03-05,Premium,Referral
C001125,Dev Dugar,38,Male,Coimbatore,Family,Business Owner,2024-11-01,Premium,YouTube
C001126,Rachana Ganesh,18,Male,Bangalore,Family,Business Owner,2024-09-27,Free,Instagram
C001127,Bhavini Sampath,21,Female,Bangalore,Student,Student,2025-10-21,Premium,Referral
C001128,Vincent Kota,59,Female,Chennai,Student,Student,2025-01-05,Premium,YouTube
C001129,Lipika Uppal,42,Male,Bangalore,Family,Business Owner,2025-07-09,Premium,YouTube
C001130,Sarthak Sha,60,Male,Bangalore,Working Professional,Doctor,2024-10-28,Free,Campus Campaign
C001131,Rayaan Ahluwalia,29,Male,Chennai,Student,Student,2025-11-06,Free,Instagram
C001132,Laksh Jaggi,55,Female,Coimbatore,Working Professional,Teacher,2025-07-14,Premium,YouTube
C001133,Siddharth Chander,40,Female,Bangalore,Family,Teacher,2025-03-01,Free,Instagram
C001134,Ranveer Issac,42,Male,Bangalore,Working Professional,Teacher,2025-02-15,Free,Campus Campaign
C001135,Yutika Bains,24,Female,Bangalore,Student,Student,2024-10-23,Free,Google
C001136,Samesh Kapur,57,Female,Chennai,Working Professional,Accountant,2024-09-21,Premium,YouTube
C001137,Hitesh Bhakta,55,Female,Coimbatore,Working Professional,Teacher,2025-10-13,Free,Campus Campaign
C001138,Nitara Ramakrishnan,26,Male,Coimbatore,Family,Homemaker,2025-04-17,Premium,YouTube
C001139,Udyati Palan,33,Female,Hyderabad,Working Professional,Designer,2025-02-28,Free,Campus Campaign
C001140,Nathan Chadha,20,Male,Coimbatore,Working Professional,Teacher,2025-10-08,Free,YouTube
C001141,Janaki Varghese,58,Female,Hyderabad,Family,Homemaker,2026-03-04,Premium,Referral
C001142,Nachiket Rajagopalan,59,Female,Chennai,Student,Student,2024-11-07,Premium,Referral
C001143,Aahana More,32,Male,Chennai,Working Professional,Business Owner,2025-06-19,Free,Referral
C001144,Fariq Mistry,60,Female,Coimbatore,Family,Business Owner,2026-03-11,Premium,Campus Campaign
C001145,Nandini Dada,33,Male,Chennai,Working Professional,Software Engineer,2026-03-08,Premium,Referral
C001146,Odika Majumdar,41,Female,Hyderabad,Family,Teacher,2025-07-23,Premium,Instagram
C001147,Avi Sethi,34,Male,Chennai,Family,Teacher,2025-10-25,Premium,Campus Campaign
C001148,Ria Mani,26,Male,Chennai,Student,Student,2026-05-04,Premium,Referral
C001149,Vivaan Hans,19,Female,Coimbatore,Family,Business Owner,2025-06-01,Free,Instagram
C001150,Yashawini Borra,19,Male,Chennai,Working Professional,Designer,2024-06-21,Free,Instagram
C001151,Rehaan Kari,32,Male,Chennai,Working Professional,Business Owner,2025-12-08,Free,Campus Campaign
C001152,Udyati Gulati,55,Male,Chennai,Student,Student,2025-10-11,Premium,Instagram
C001153,Gautami Vohra,32,Male,Bangalore,Student,Student,2026-05-28,Premium,YouTube
C001154,Faris Korpal,38,Male,Vijayawada,Student,Student,2025-10-22,Free,Referral
C001155,Udant Mangat,47,Male,Vijayawada,Student,Student,2026-01-18,Premium,YouTube
C001156,Deepa Bajaj,29,Female,Bangalore,Family,Homemaker,2025-09-19,Free,Google
C001157,Aditya Kurian,35,Female,Chennai,Student,Student,2025-12-04,Free,Referral
C001158,Yuvraj Solanki,46,Female,Chennai,Working Professional,Doctor,2025-07-08,Premium,Instagram
C001159,Caleb Prasad,24,Male,Bangalore,Student,Student,2024-12-20,Free,Instagram
C001160,Yoshita Nayak,52,Female,Bangalore,Working Professional,Accountant,2024-07-12,Free,YouTube
C001161,Radhika Biswas,21,Male,Chennai,Student,Student,2025-12-19,Free,YouTube
C001162,Falak Peri,37,Female,Chennai,Working Professional,Teacher,2025-12-17,Premium,Instagram
C001163,Simon Mohanty,27,Male,Chennai,Working Professional,Doctor,2025-11-03,Premium,Instagram
C001164,Ekaja Sahota,34,Female,Chennai,Family,Business Owner,2026-02-14,Free,Referral
C001165,Urishilla Choudhry,28,Female,Coimbatore,Student,Student,2026-01-15,Premium,Google
C001166,Vyanjana Chaudhuri,60,Male,Hyderabad,Family,Business Owner,2024-11-09,Premium,Referral
C001167,Sathvik Solanki,22,Female,Vijayawada,Working Professional,Software Engineer,2026-02-24,Premium,Instagram
C001168,Yash Narayan,60,Female,Coimbatore,Student,Student,2025-06-15,Premium,Referral
C001169,Agastya Barman,47,Female,Bangalore,Family,Business Owner,2024-08-03,Free,YouTube
C001170,Hemangini Talwar,20,Female,Hyderabad,Family,Homemaker,2026-01-02,Free,Google
C001171,Omya Kata,43,Female,Bangalore,Student,Student,2026-01-02,Free,YouTube
C001172,Samesh Swamy,55,Male,Chennai,Working Professional,Business Owner,2025-11-20,Free,YouTube
C001173,Arunima Kapadia,50,Female,Bangalore,Working Professional,Doctor,2025-01-13,Premium,Google
C001174,Agastya Tella,49,Female,Hyderabad,Family,Homemaker,2026-06-09,Premium,Instagram
C001175,Jason Varkey,33,Female,Hyderabad,Working Professional,Accountant,2026-04-03,Premium,Campus Campaign
C001176,Naveen Chopra,30,Female,Bangalore,Working Professional,Designer,2026-02-23,Free,Campus Campaign
C001177,Shivani Shetty,25,Male,Bangalore,Student,Student,2025-01-21,Free,Campus Campaign
C001178,Anamika Upadhyay,28,Male,Chennai,Working Professional,Designer,2025-03-19,Premium,Campus Campaign
C001179,Urmi Saran,60,Male,Bangalore,Family,Homemaker,2025-05-20,Premium,Google
C001180,Ria Sampath,38,Male,Chennai,Working Professional,Doctor,2026-01-31,Premium,Referral
C001181,Harish Ray,31,Male,Chennai,Working Professional,Accountant,2025-10-30,Premium,YouTube
C001182,Gauri Walia,59,Male,Bangalore,Working Professional,Designer,2025-09-27,Premium,Instagram
C001183,Mohini Chakraborty,30,Male,Vijayawada,Student,Student,2024-12-25,Premium,YouTube
C001184,Champak Mall,22,Male,Chennai,Student,Student,2024-08-04,Free,Google
C001185,Lavanya Dua,26,Male,Chennai,Student,Student,2025-11-25,Free,YouTube
C001186,Eesha Barad,18,Female,Chennai,Working Professional,Accountant,2025-02-01,Premium,Instagram
C001187,Rehaan Doctor,20,Male,Chennai,Working Professional,Teacher,2025-01-08,Premium,Campus Campaign
C001188,Champak Minhas,35,Male,Chennai,Student,Student,2024-11-16,Premium,Referral
C001189,Ekbal Sengupta,35,Female,Hyderabad,Student,Student,2025-01-10,Premium,Google
C001190,Hemang Sabharwal,52,Female,Chennai,Family,Teacher,2026-04-23,Premium,Campus Campaign
C001191,Yauvani Soni,44,Female,Chennai,Family,Business Owner,2025-09-26,Premium,Campus Campaign
C001192,Dalbir Lata,28,Female,Chennai,Student,Student,2024-12-13,Free,Campus Campaign
C001193,Tanveer Keer,34,Male,Chennai,Working Professional,Doctor,2026-02-12,Premium,YouTube
C001194,Hredhaan Raju,60,Male,Chennai,Student,Student,2026-03-17,Free,Google
C001195,Noah Bhatt,50,Male,Bangalore,Working Professional,Doctor,2025-08-20,Premium,YouTube
C001196,William Doshi,46,Male,Hyderabad,Family,Business Owner,2026-04-11,Premium,Campus Campaign
C001197,Amara Khalsa,23,Female,Chennai,Student,Student,2025-01-14,Premium,Referral
C001198,Manya Kulkarni,55,Female,Hyderabad,Student,Student,2024-07-03,Free,Referral
C001199,Harinakshi Bhatia,33,Male,Coimbatore,Family,Teacher,2026-05-24,Premium,YouTube
C001200,Mitesh Kurian,21,Female,Coimbatore,Family,Business Owner,2025-04-21,Free,Google
C001201,Anita Sarraf,26,Female,Chennai,Working Professional,Teacher,2026-02-06,Premium,YouTube
C001202,Dakshesh Parmar,52,Female,Coimbatore,Working Professional,Business Owner,2025-10-08,Premium,YouTube
C001203,Gabriel Sachdeva,31,Female,Hyderabad,Family,Business Owner,2025-06-04,Premium,Instagram
C001204,Yug Kaur,55,Female,Hyderabad,Family,Business Owner,2026-04-20,Free,Google
C001205,Hiral Cheema,53,Male,Bangalore,Family,Business Owner,2025-01-06,Premium,Google
C001206,Meera Contractor,40,Male,Chennai,Family,Homemaker,2024-09-24,Free,Google
C001207,Faris Batta,41,Female,Chennai,Family,Homemaker,2026-06-10,Premium,Referral
C001208,Triya Chatterjee,48,Female,Hyderabad,Working Professional,Doctor,2025-10-03,Premium,Campus Campaign
C001209,Gaurangi Nayak,48,Female,Chennai,Family,Homemaker,2025-04-26,Premium,Campus Campaign
C001210,Advik Suresh,31,Male,Hyderabad,Family,Teacher,2025-11-21,Free,Instagram
C001211,Girik Dixit,58,Male,Coimbatore,Family,Teacher,2024-10-01,Free,Referral
C001212,Indrajit Mannan,19,Female,Hyderabad,Family,Homemaker,2026-03-07,Premium,Campus Campaign
C001213,Yatan Vaidya,26,Male,Hyderabad,Family,Homemaker,2025-12-12,Premium,Instagram
C001214,Lakshmi Ahuja,56,Male,Bangalore,Family,Homemaker,2026-03-31,Free,Campus Campaign
C001215,Lekha Arya,40,Male,Hyderabad,Working Professional,Accountant,2025-03-11,Free,Instagram
C001216,Viraj Choudhry,54,Male,Chennai,Student,Student,2024-10-17,Free,Campus Campaign
C001217,Gaurangi Kapur,38,Male,Coimbatore,Family,Homemaker,2026-04-06,Premium,Instagram
C001218,Robert Dhawan,20,Male,Vijayawada,Student,Student,2026-05-13,Free,Google
C001219,Zayyan Parsa,48,Female,Coimbatore,Student,Student,2025-08-02,Free,YouTube
C001220,Jairaj Sibal,19,Male,Hyderabad,Family,Homemaker,2024-08-20,Free,Referral
C001221,Panini Borah,39,Male,Chennai,Working Professional,Business Owner,2025-07-06,Free,Referral
C001222,Tanveer Dugar,22,Male,Hyderabad,Student,Student,2026-02-05,Free,Google
C001223,Teerth Ahluwalia,56,Female,Chennai,Working Professional,Doctor,2026-03-07,Premium,YouTube
C001224,Pooja Bora,56,Male,Hyderabad,Working Professional,Business Owner,2025-03-20,Premium,Campus Campaign
C001225,Anamika Prasad,55,Female,Chennai,Working Professional,Software Engineer,2024-11-04,Premium,Google
C001226,Darsh Bawa,51,Male,Chennai,Working Professional,Business Owner,2024-10-23,Free,Campus Campaign
C001227,Ikbal Sawhney,57,Male,Bangalore,Working Professional,Business Owner,2024-08-30,Free,Referral
C001228,Kavya Rama,35,Male,Chennai,Family,Teacher,2026-03-25,Premium,Instagram
C001229,Bhanumati Dave,37,Male,Bangalore,Student,Student,2026-04-06,Premium,Google
C001230,Aayush Deol,39,Male,Chennai,Family,Homemaker,2025-12-19,Premium,YouTube
C001231,Lakshit Sodhi,31,Female,Chennai,Student,Student,2025-10-25,Free,Google
C001232,Ubika Kashyap,19,Female,Vijayawada,Working Professional,Accountant,2025-07-18,Premium,Instagram
C001233,Henry Gandhi,42,Male,Hyderabad,Family,Business Owner,2024-09-14,Free,Instagram
C001234,Banjeet Minhas,19,Female,Vijayawada,Working Professional,Doctor,2024-09-29,Free,Instagram
C001235,Mohini Divan,41,Male,Vijayawada,Working Professional,Teacher,2025-06-16,Premium,Instagram
C001236,Qasim Deep,38,Male,Hyderabad,Family,Business Owner,2024-10-20,Free,Referral
C001237,Ronith Boase,25,Male,Coimbatore,Working Professional,Accountant,2025-07-27,Premium,Referral
C001238,Darpan Ramanathan,51,Male,Vijayawada,Working Professional,Doctor,2025-12-26,Free,Instagram
C001239,Teerth Varty,18,Male,Coimbatore,Student,Student,2026-05-07,Free,YouTube
C001240,Radha Mane,30,Female,Coimbatore,Student,Student,2025-04-14,Premium,YouTube
C001241,Upma Thaman,45,Male,Chennai,Working Professional,Doctor,2024-12-10,Free,Google
C001242,Zaid Natarajan,44,Male,Bangalore,Student,Student,2025-06-12,Premium,YouTube
C001243,Ojas Sawhney,34,Female,Chennai,Working Professional,Business Owner,2026-03-08,Free,Google
C001244,Fariq Rau,44,Female,Hyderabad,Student,Student,2025-06-24,Premium,Instagram
C001245,Gaurang Nazareth,31,Female,Coimbatore,Family,Business Owner,2025-10-06,Free,Referral
C001246,Meghana Tak,57,Male,Chennai,Working Professional,Doctor,2026-03-22,Free,Instagram
C001247,Eta Bandi,50,Female,Hyderabad,Working Professional,Teacher,2026-05-15,Premium,Referral
C001248,Yamini Mukhopadhyay,40,Male,Chennai,Student,Student,2025-10-04,Free,Referral
C001249,Anusha Jaggi,58,Female,Vijayawada,Student,Student,2025-05-28,Free,YouTube
C001250,Bakhshi Memon,38,Male,Chennai,Working Professional,Business Owner,2024-08-11,Premium,Campus Campaign
C001251,Jairaj Madan,57,Male,Vijayawada,Working Professional,Doctor,2025-06-15,Free,Google
C001252,Simon Goda,54,Male,Hyderabad,Family,Homemaker,2025-01-11,Premium,Referral
C001253,Orinder Chowdhury,44,Female,Chennai,Student,Student,2024-06-19,Premium,Google
C001254,Yashasvi Pal,21,Female,Chennai,Family,Homemaker,2025-07-31,Premium,Referral
C001255,Deepa Aggarwal,20,Male,Coimbatore,Student,Student,2025-07-29,Free,Campus Campaign
C001256,Leena D’Alia,55,Male,Chennai,Working Professional,Designer,2026-04-27,Free,Referral
C001257,Yachana Rattan,43,Male,Vijayawada,Working Professional,Teacher,2025-08-10,Free,Referral
C001258,Oeshi Sodhi,45,Male,Hyderabad,Working Professional,Designer,2026-02-14,Free,Google
C001259,Anjali Basu,26,Male,Chennai,Family,Homemaker,2025-05-17,Premium,Google
C001260,Krishna Soman,57,Female,Chennai,Family,Homemaker,2024-11-09,Free,Campus Campaign
C001261,Ganga Andra,24,Male,Coimbatore,Family,Business Owner,2024-12-09,Free,Instagram
C001262,Balvan Rao,23,Female,Hyderabad,Student,Student,2026-03-05,Free,Referral
C001263,Yuvraj Ray,40,Female,Hyderabad,Working Professional,Business Owner,2024-07-25,Free,Instagram
C001264,Charita Wali,60,Female,Chennai,Student,Student,2026-01-18,Premium,Referral
C001265,Chandani Yohannan,39,Female,Bangalore,Working Professional,Teacher,2026-06-06,Premium,Google
C001266,Bhavika Bhattacharyya,33,Male,Bangalore,Student,Student,2026-05-08,Free,YouTube
C001267,Aahana Bains,35,Female,Coimbatore,Student,Student,2025-06-26,Free,YouTube
C001268,Shivansh Dhar,21,Male,Hyderabad,Working Professional,Business Owner,2025-12-30,Free,Google
C001269,Tanveer Varkey,41,Female,Chennai,Working Professional,Business Owner,2024-07-13,Free,Referral
C001270,Damini Rastogi,42,Female,Vijayawada,Student,Student,2025-09-01,Free,Referral
C001271,Ganga Lala,56,Male,Bangalore,Working Professional,Business Owner,2024-10-05,Premium,YouTube
C001272,Tanay Trivedi,59,Male,Bangalore,Student,Student,2025-11-04,Premium,Instagram
C001273,Ishani Apte,52,Male,Hyderabad,Student,Student,2025-02-16,Premium,Campus Campaign
C001274,Chatura Thaman,41,Female,Chennai,Family,Homemaker,2025-01-27,Premium,Instagram
C001275,Ekantika Upadhyay,45,Male,Vijayawada,Family,Business Owner,2024-10-08,Premium,Referral
C001276,Eshana Gulati,23,Male,Chennai,Family,Business Owner,2025-05-27,Free,Instagram
C001277,Fariq Saha,56,Male,Chennai,Family,Teacher,2026-01-20,Free,YouTube
C001278,Nidra Cheema,37,Female,Bangalore,Working Professional,Accountant,2026-03-23,Free,Campus Campaign
C001279,Vyanjana Parikh,56,Female,Chennai,Student,Student,2026-03-29,Free,Instagram
C001280,Niharika Bora,28,Female,Vijayawada,Student,Student,2024-12-22,Premium,Referral
C001281,Ekta Bhatnagar,43,Male,Hyderabad,Working Professional,Teacher,2026-03-12,Premium,YouTube
C001282,Kabir Dey,49,Female,Bangalore,Student,Student,2025-10-11,Premium,Campus Campaign
C001283,Krishna Vyas,47,Male,Hyderabad,Student,Student,2026-01-21,Premium,YouTube
C001284,Vivaan Sidhu,21,Female,Bangalore,Student,Student,2026-05-31,Premium,Referral
C001285,Daksh Dixit,42,Male,Bangalore,Working Professional,Accountant,2024-10-01,Premium,Referral
C001286,Nitara Roy,35,Female,Chennai,Working Professional,Software Engineer,2026-03-06,Free,Google
C001287,Dayamai Madan,42,Male,Hyderabad,Family,Homemaker,2025-10-13,Premium,Google
C001288,Radhika Mandal,46,Female,Vijayawada,Student,Student,2025-03-13,Free,Instagram
C001289,Raksha Goswami,44,Male,Coimbatore,Student,Student,2024-11-10,Free,YouTube
C001290,Garima Ranganathan,28,Female,Hyderabad,Working Professional,Doctor,2025-10-26,Free,YouTube
C001291,Ekbal Wadhwa,44,Female,Chennai,Student,Student,2026-02-17,Free,Google
C001292,Finn Purohit,55,Male,Chennai,Working Professional,Business Owner,2024-12-02,Premium,YouTube
C001293,Alka Trivedi,40,Female,Bangalore,Working Professional,Doctor,2026-02-01,Premium,Google
C001294,Falan Vora,51,Male,Chennai,Family,Teacher,2024-11-05,Free,YouTube
C001295,Ridhi Raj,48,Female,Chennai,Family,Teacher,2024-10-16,Free,Referral
C001296,Hemal Master,55,Female,Coimbatore,Student,Student,2025-05-13,Premium,Google
C001297,Wishi Lad,29,Male,Chennai,Working Professional,Accountant,2025-07-29,Premium,Google
C001298,Vedant Vaidya,48,Male,Vijayawada,Student,Student,2026-05-06,Premium,Referral
C001299,Lila Sangha,52,Male,Hyderabad,Working Professional,Designer,2026-04-16,Free,YouTube
C001300,Vedhika Goyal,37,Male,Hyderabad,Family,Teacher,2025-07-08,Premium,Google
C001301,Aayush Chaudhary,53,Female,Chennai,Working Professional,Accountant,2026-04-11,Free,YouTube
C001302,Ishwar Gour,48,Female,Hyderabad,Working Professional,Software Engineer,2025-08-18,Free,Google
C001303,Chandresh Bala,38,Male,Vijayawada,Family,Homemaker,2025-01-06,Free,Campus Campaign
C001304,Samar Prasad,31,Female,Hyderabad,Family,Homemaker,2025-12-31,Free,Google
C001305,Yug Mangat,43,Male,Vijayawada,Working Professional,Business Owner,2024-07-08,Premium,Instagram
C001306,Saanvi Ahluwalia,52,Female,Chennai,Student,Student,2026-01-09,Free,Campus Campaign
C001307,Nakul Chander,19,Female,Hyderabad,Student,Student,2024-12-19,Free,YouTube
C001308,Ishita Ramakrishnan,47,Male,Hyderabad,Student,Student,2025-04-29,Premium,Instagram
C001309,Ayaan Khare,38,Male,Hyderabad,Student,Student,2025-08-24,Premium,Google
C001310,Waida Agate,29,Female,Hyderabad,Working Professional,Business Owner,2024-09-15,Free,Referral
C001311,Ekapad Rajagopalan,55,Male,Coimbatore,Family,Teacher,2025-05-27,Free,Google
C001312,Darpan Ahuja,41,Male,Bangalore,Student,Student,2025-06-10,Free,Google
C001313,Urmi Shan,53,Female,Bangalore,Family,Homemaker,2024-10-11,Premium,Referral
C001314,Benjamin Gole,35,Male,Chennai,Student,Student,2024-09-12,Free,Referral
C001315,Vincent Kade,48,Female,Bangalore,Family,Teacher,2024-07-30,Free,Campus Campaign
C001316,Urvashi Dora,29,Female,Hyderabad,Student,Student,2025-11-20,Premium,Campus Campaign
C001317,Triveni Padmanabhan,21,Male,Chennai,Family,Business Owner,2024-09-05,Premium,Google
C001318,Odika Chadha,41,Male,Hyderabad,Working Professional,Software Engineer,2026-02-08,Premium,Campus Campaign
C001319,Hema Balasubramanian,24,Male,Bangalore,Working Professional,Software Engineer,2025-05-03,Premium,Instagram
C001320,Luke Raja,34,Female,Bangalore,Student,Student,2025-07-16,Free,Instagram
C001321,Jeevika Shankar,34,Female,Bangalore,Working Professional,Accountant,2024-10-04,Free,Campus Campaign
C001322,Mitesh Zacharia,47,Female,Chennai,Student,Student,2024-10-13,Premium,Instagram
C001323,Harshil Bera,34,Female,Vijayawada,Family,Business Owner,2025-08-15,Free,YouTube
C001324,Owen Nori,44,Female,Bangalore,Student,Student,2025-09-07,Premium,Campus Campaign
C001325,Wahab Grover,21,Female,Bangalore,Working Professional,Designer,2025-04-19,Free,Instagram
C001326,Mugdha Mohanty,40,Female,Bangalore,Student,Student,2026-03-05,Premium,Instagram
C001327,Ayush Tella,33,Female,Chennai,Student,Student,2025-06-07,Premium,YouTube
C001328,Indali Kaul,39,Female,Chennai,Student,Student,2024-11-09,Premium,Referral
C001329,Fitan Ahluwalia,54,Male,Coimbatore,Student,Student,2024-08-27,Premium,Google
C001330,Devansh Dayal,31,Male,Hyderabad,Working Professional,Designer,2025-08-05,Free,Google
C001331,Triveni Mishra,40,Male,Chennai,Family,Homemaker,2026-05-07,Free,Google
C001332,Diya Chaudhry,48,Male,Chennai,Student,Student,2026-03-22,Free,Instagram
C001333,Bimala Samra,21,Male,Chennai,Family,Homemaker,2024-07-12,Free,Referral
C001334,Amaira Bhagat,23,Male,Chennai,Working Professional,Accountant,2026-06-14,Premium,YouTube
C001335,Chakrika Anne,49,Male,Hyderabad,Family,Teacher,2025-02-06,Free,Google
C001336,Darsh Dayal,55,Female,Chennai,Family,Business Owner,2024-07-22,Premium,Instagram
C001337,Atharv Walla,31,Male,Bangalore,Working Professional,Designer,2025-04-02,Premium,Google
C001338,Jagvi Venkataraman,49,Female,Coimbatore,Family,Homemaker,2025-06-08,Premium,YouTube
C001339,Prisha Seth,58,Male,Coimbatore,Student,Student,2025-06-12,Free,Campus Campaign
C001340,Jairaj Chandra,57,Female,Hyderabad,Family,Teacher,2025-12-23,Premium,Referral
C001341,Pahal Zacharia,25,Female,Chennai,Family,Homemaker,2024-07-23,Free,YouTube
C001342,Indira Konda,20,Male,Hyderabad,Student,Student,2024-07-27,Free,Campus Campaign
C001343,Baljiwan Raj,23,Male,Vijayawada,Family,Teacher,2025-05-31,Premium,Instagram
C001344,Arunima Srivastava,45,Male,Bangalore,Working Professional,Business Owner,2024-11-28,Free,Google
C001345,Yoshita Dhillon,42,Female,Hyderabad,Student,Student,2024-08-26,Premium,Referral
C001346,Vedant Ahluwalia,29,Male,Chennai,Working Professional,Software Engineer,2025-04-14,Premium,Google
C001347,Triya Khalsa,33,Male,Chennai,Family,Teacher,2024-12-19,Free,Google
C001348,Nicholas Basak,21,Female,Chennai,Student,Student,2025-06-29,Free,Referral
C001349,Kavya Sarraf,31,Female,Chennai,Student,Student,2025-02-28,Premium,YouTube
C001350,Utkarsh Palla,49,Female,Hyderabad,Family,Homemaker,2025-08-26,Free,Google
C001351,Ranbir Solanki,57,Female,Bangalore,Family,Teacher,2024-12-13,Free,Google
C001352,Qasim Buch,57,Female,Chennai,Student,Student,2026-05-08,Free,Referral
C001353,Kritika Sani,56,Male,Coimbatore,Student,Student,2026-04-23,Premium,YouTube
C001354,Ethan Balan,22,Female,Hyderabad,Working Professional,Doctor,2024-11-25,Premium,Instagram
C001355,Tripti Doshi,28,Female,Hyderabad,Family,Business Owner,2025-03-04,Premium,YouTube
C001356,Yamini Chana,28,Male,Chennai,Working Professional,Teacher,2026-02-25,Free,Campus Campaign
C001357,Simon Choudhry,28,Female,Vijayawada,Family,Homemaker,2025-04-24,Free,Google
C001358,Tanveer Ahuja,29,Female,Bangalore,Working Professional,Designer,2025-05-02,Premium,Referral
C001359,Upma Bath,46,Female,Hyderabad,Working Professional,Accountant,2024-09-23,Premium,Campus Campaign
C001360,Yamini Jaggi,26,Female,Vijayawada,Family,Teacher,2026-03-22,Premium,YouTube
C001361,Lakshmi Chadha,46,Female,Hyderabad,Working Professional,Accountant,2025-11-24,Premium,Instagram
C001362,Vidhi Mohan,41,Male,Hyderabad,Working Professional,Software Engineer,2025-06-25,Premium,Instagram
C001363,Hemang Taneja,21,Male,Hyderabad,Student,Student,2024-07-31,Free,Google
C001364,Reyansh Apte,24,Female,Coimbatore,Student,Student,2026-04-25,Premium,Instagram
C001365,Ubika Bali,38,Male,Bangalore,Student,Student,2025-07-31,Free,Campus Campaign
C001366,Lajita Dada,35,Male,Chennai,Working Professional,Teacher,2025-09-29,Free,Campus Campaign
C001367,Aryan Kapur,28,Male,Bangalore,Family,Business Owner,2025-11-13,Premium,Referral
C001368,Krishna Chatterjee,45,Male,Coimbatore,Family,Teacher,2025-03-26,Free,Campus Campaign
C001369,Yutika Badami,47,Female,Bangalore,Working Professional,Accountant,2026-05-20,Premium,Instagram
C001370,Peter Hari,20,Female,Chennai,Working Professional,Designer,2024-12-10,Premium,Instagram
C001371,Daniel Babu,58,Male,Hyderabad,Family,Teacher,2025-09-03,Premium,YouTube
C001372,Advik Mutti,34,Female,Bangalore,Family,Business Owner,2024-09-20,Free,Referral
C001373,Andrew Sura,34,Female,Hyderabad,Student,Student,2025-12-08,Free,Google
C001374,Omaja Ramaswamy,57,Male,Hyderabad,Family,Homemaker,2025-10-02,Premium,Instagram
C001375,Arin Lad,35,Female,Chennai,Family,Business Owner,2025-05-29,Premium,Google
C001376,Upkaar Agate,45,Male,Chennai,Student,Student,2025-12-08,Premium,Instagram
C001377,Ekalinga Dubey,60,Female,Coimbatore,Family,Homemaker,2024-10-05,Free,Referral
C001378,Forum Bala,19,Female,Bangalore,Working Professional,Business Owner,2025-10-23,Premium,Campus Campaign
C001379,Fitan Kashyap,48,Female,Hyderabad,Family,Homemaker,2026-04-24,Premium,Google
C001380,Advaith Choudhary,37,Male,Coimbatore,Working Professional,Business Owner,2025-11-05,Premium,YouTube
C001381,Sachi Deshmukh,34,Male,Chennai,Student,Student,2025-07-24,Free,Campus Campaign
C001382,Vincent Patil,18,Female,Hyderabad,Student,Student,2025-09-10,Premium,Google
C001383,Rehaan Lad,34,Male,Hyderabad,Family,Homemaker,2024-10-14,Free,Referral
C001384,Balendra Ganesan,19,Female,Bangalore,Working Professional,Teacher,2024-11-18,Free,YouTube
C001385,Xalak Randhawa,55,Female,Bangalore,Family,Business Owner,2026-02-24,Premium,Instagram
C001386,Mitali Sandal,27,Female,Chennai,Working Professional,Teacher,2026-01-03,Free,Google
C001387,Aahana Manne,50,Female,Coimbatore,Family,Business Owner,2024-10-05,Premium,Campus Campaign
C001388,Ekbal Pau,25,Female,Chennai,Family,Business Owner,2025-05-07,Premium,Google
C001389,Devika Sharaf,46,Female,Chennai,Working Professional,Teacher,2026-03-15,Free,Google
C001390,Hiral Mangal,23,Male,Coimbatore,Student,Student,2025-01-27,Free,Campus Campaign
C001391,Ayush Sami,55,Female,Bangalore,Working Professional,Designer,2024-10-13,Free,Referral
C001392,Aadi Tella,55,Male,Bangalore,Student,Student,2024-11-11,Free,Campus Campaign
C001393,Irya Sundaram,54,Female,Chennai,Student,Student,2025-09-09,Premium,Instagram
C001394,Jonathan Parikh,52,Male,Chennai,Student,Student,2025-07-29,Free,YouTube
C001395,Banjeet Misra,48,Male,Hyderabad,Family,Business Owner,2024-10-23,Premium,YouTube
C001396,Udant Ray,42,Female,Coimbatore,Student,Student,2025-04-17,Premium,Instagram
C001397,Robert Soman,22,Male,Chennai,Student,Student,2026-06-02,Premium,Instagram
C001398,Nathan Venkatesh,18,Female,Hyderabad,Family,Business Owner,2024-08-24,Premium,Campus Campaign
C001399,Urmi Menon,45,Female,Bangalore,Student,Student,2025-05-02,Free,Campus Campaign
C001400,Ekanta Jayaraman,26,Male,Coimbatore,Student,Student,2025-08-19,Premium,Google
C001401,Shravya Palan,51,Female,Bangalore,Family,Homemaker,2025-02-15,Free,Campus Campaign
C001402,Chanchal Mahal,49,Male,Hyderabad,Family,Business Owner,2025-04-01,Free,YouTube
C001403,Patrick Contractor,55,Male,Hyderabad,Student,Student,2025-11-27,Free,Referral
C001404,Frederick Yohannan,26,Male,Bangalore,Working Professional,Business Owner,2024-10-10,Free,Campus Campaign
C001405,Alka Borra,53,Female,Bangalore,Student,Student,2025-01-27,Free,YouTube
C001406,Raksha Shankar,19,Male,Coimbatore,Student,Student,2024-12-10,Premium,Campus Campaign
C001407,Rachana Golla,38,Male,Chennai,Family,Business Owner,2025-03-02,Free,YouTube
C001408,Dayita Nadkarni,48,Male,Chennai,Working Professional,Designer,2025-04-02,Premium,Google
C001409,Madhav Nair,19,Female,Chennai,Family,Business Owner,2026-02-09,Free,Google
C001410,Gagan Hari,24,Female,Chennai,Working Professional,Teacher,2025-07-30,Free,Google
C001411,Turvi Kapur,44,Female,Hyderabad,Family,Business Owner,2025-03-09,Free,Instagram
C001412,Vanya Karan,47,Female,Hyderabad,Family,Homemaker,2025-12-09,Premium,Google
C001413,Tarak Sarkar,39,Male,Bangalore,Family,Homemaker,2025-09-04,Free,Google
C001414,Gaurika Bhavsar,40,Male,Coimbatore,Family,Homemaker,2025-01-10,Free,YouTube
C001415,Advika Jha,25,Male,Vijayawada,Family,Homemaker,2026-03-15,Free,Google
C001416,Maya Chanda,33,Male,Bangalore,Working Professional,Accountant,2026-05-09,Free,Referral
C001417,Patrick Oza,59,Female,Chennai,Working Professional,Software Engineer,2025-08-25,Premium,Google
C001418,Chaaya Nagy,29,Male,Chennai,Working Professional,Software Engineer,2025-08-18,Premium,Instagram
C001419,Yahvi Chatterjee,28,Male,Chennai,Student,Student,2026-05-25,Premium,YouTube
C001420,Onkar Vohra,28,Female,Chennai,Family,Homemaker,2026-05-06,Free,Google
C001421,Jeet Luthra,57,Female,Bangalore,Working Professional,Teacher,2025-09-01,Premium,Referral
C001422,Abhiram Khare,25,Female,Hyderabad,Student,Student,2025-01-11,Premium,YouTube
C001423,Girindra Jani,53,Female,Chennai,Student,Student,2024-08-25,Premium,Instagram
C001424,Damini Bajaj,39,Male,Chennai,Family,Homemaker,2026-01-28,Premium,Instagram
C001425,Theodore Agarwal,45,Male,Chennai,Family,Homemaker,2026-06-10,Free,YouTube
C001426,Vanya Bhatti,55,Female,Vijayawada,Working Professional,Teacher,2025-04-19,Free,YouTube
C001427,Faris Kakar,31,Female,Hyderabad,Student,Student,2024-10-02,Premium,Google
C001428,Chatresh D’Alia,52,Female,Hyderabad,Working Professional,Teacher,2025-01-29,Premium,Referral
C001429,Urvi Krishnamurthy,35,Male,Chennai,Working Professional,Business Owner,2025-10-30,Free,YouTube
C001430,Oliver Mandal,32,Male,Hyderabad,Student,Student,2026-02-09,Free,Instagram
C001431,Abdul Kota,50,Male,Hyderabad,Working Professional,Doctor,2025-04-06,Free,Referral
C001432,Neelima Vig,30,Female,Bangalore,Working Professional,Teacher,2026-01-29,Free,YouTube
C001433,Madhavi Mishra,43,Male,Vijayawada,Working Professional,Software Engineer,2025-11-24,Free,Google
C001434,Vedhika Menon,24,Female,Chennai,Student,Student,2025-06-19,Free,Instagram
C001435,Tarak Raja,56,Male,Chennai,Family,Business Owner,2026-04-17,Premium,YouTube
C001436,Onkar Ramesh,37,Female,Hyderabad,Student,Student,2025-03-04,Premium,Campus Campaign
C001437,Dalaja Srinivas,56,Male,Bangalore,Student,Student,2024-06-27,Premium,YouTube
C001438,Abhimanyu Bhardwaj,31,Female,Vijayawada,Family,Homemaker,2024-08-17,Free,Campus Campaign
C001439,Sanaya Badami,40,Male,Coimbatore,Student,Student,2024-12-15,Free,Google
C001440,Max Shukla,34,Male,Bangalore,Working Professional,Designer,2024-07-04,Premium,Google
C001441,Frado Yogi,31,Female,Bangalore,Student,Student,2025-11-23,Premium,Referral
C001442,Reyansh Din,30,Female,Chennai,Working Professional,Doctor,2024-08-17,Premium,Google
C001443,Wahab Sachdeva,33,Male,Coimbatore,Family,Business Owner,2024-10-08,Premium,YouTube
C001444,Alka Sachar,35,Female,Chennai,Student,Student,2025-01-16,Premium,Instagram
C001445,Vinaya Sachar,46,Female,Chennai,Working Professional,Accountant,2025-12-26,Premium,Referral
C001446,Maanas Khosla,44,Male,Chennai,Working Professional,Software Engineer,2025-09-04,Premium,Instagram
C001447,Varenya Dasgupta,58,Female,Bangalore,Working Professional,Business Owner,2026-03-09,Free,Google
C001448,Tanay Oommen,60,Female,Bangalore,Family,Business Owner,2024-07-18,Premium,YouTube
C001449,Charvi Lata,28,Female,Chennai,Working Professional,Software Engineer,2025-07-30,Premium,Instagram
C001450,Udyati Mangal,39,Female,Chennai,Student,Student,2024-10-05,Free,Instagram
C001451,Chasmum Balan,60,Male,Coimbatore,Family,Business Owner,2025-11-29,Premium,YouTube
C001452,Neelima Lall,51,Male,Chennai,Working Professional,Accountant,2025-09-08,Free,YouTube
C001453,Harinakshi Anne,24,Male,Hyderabad,Student,Student,2025-06-21,Premium,Google
C001454,Ucchal Majumdar,57,Female,Hyderabad,Working Professional,Designer,2024-07-27,Premium,Instagram
C001455,Arya Prabhu,48,Male,Chennai,Working Professional,Designer,2026-05-16,Premium,YouTube
C001456,Ishaan Murty,20,Female,Chennai,Student,Student,2025-09-06,Premium,Campus Campaign
C001457,Vyanjana Nayar,25,Female,Bangalore,Student,Student,2025-09-07,Premium,Campus Campaign
C001458,Chaaya Nanda,44,Female,Hyderabad,Family,Business Owner,2025-03-22,Free,Google
C001459,Vasudha Panchal,20,Male,Chennai,Student,Student,2025-06-18,Free,Google
C001460,Arunima Bhalla,51,Female,Hyderabad,Student,Student,2024-11-02,Premium,Google
C001461,Upkaar Suri,40,Female,Hyderabad,Student,Student,2025-05-12,Free,YouTube
C001462,Pallavi Chadha,45,Male,Hyderabad,Family,Teacher,2024-08-15,Free,Instagram
C001463,Laban Borra,33,Female,Vijayawada,Student,Student,2025-07-29,Premium,Instagram
C001464,Tarak Pandey,36,Female,Bangalore,Working Professional,Business Owner,2025-04-05,Free,Campus Campaign
C001465,Vansha Varma,55,Male,Bangalore,Working Professional,Teacher,2024-07-12,Premium,Campus Campaign
C001466,Triya Chaudhry,49,Male,Vijayawada,Working Professional,Designer,2024-06-17,Premium,YouTube
C001467,Bhavya Sibal,58,Female,Chennai,Family,Homemaker,2026-02-15,Premium,Campus Campaign
C001468,Onkar Prashad,37,Male,Hyderabad,Working Professional,Business Owner,2026-01-01,Free,Google
C001469,Vansha Aggarwal,40,Female,Bangalore,Family,Business Owner,2026-05-07,Free,Google
C001470,Chasmum Bath,46,Female,Bangalore,Family,Homemaker,2024-08-02,Premium,Instagram
C001471,Bimala Sagar,38,Female,Bangalore,Student,Student,2025-12-06,Free,Referral
C001472,Veer Krish,38,Female,Chennai,Family,Business Owner,2025-05-04,Free,Google
C001473,Lavanya Sheth,44,Female,Hyderabad,Working Professional,Designer,2025-04-25,Premium,Referral
C001474,Vasatika Borra,49,Male,Bangalore,Family,Homemaker,2025-06-19,Premium,Referral
C001475,Qushi Wali,56,Male,Chennai,Family,Business Owner,2026-01-17,Premium,Google
C001476,Ishita Mandal,37,Female,Bangalore,Working Professional,Accountant,2025-02-13,Premium,Referral
C001477,Tanay Bumb,26,Female,Coimbatore,Family,Homemaker,2024-11-24,Premium,Instagram
C001478,Mugdha Barad,36,Male,Hyderabad,Family,Business Owner,2025-05-10,Free,Google
C001479,Niharika Barad,41,Female,Hyderabad,Working Professional,Business Owner,2025-05-19,Premium,Campus Campaign
C001480,Girish Wadhwa,18,Female,Hyderabad,Family,Business Owner,2025-08-12,Premium,Campus Campaign
C001481,Oviya Narayan,52,Male,Hyderabad,Student,Student,2025-08-23,Premium,Referral
C001482,Imaran Samra,32,Male,Chennai,Family,Homemaker,2026-02-14,Premium,YouTube
C001483,Anusha Bera,60,Male,Chennai,Student,Student,2024-10-07,Premium,Campus Campaign
C001484,Radhika Bhardwaj,55,Female,Bangalore,Family,Teacher,2024-10-16,Free,Instagram
C001485,Ekani Tandon,29,Male,Chennai,Family,Homemaker,2026-02-07,Free,Campus Campaign
C001486,Ucchal Sarna,45,Male,Vijayawada,Student,Student,2025-07-29,Premium,YouTube
C001487,Nathaniel Wadhwa,39,Male,Hyderabad,Family,Business Owner,2025-04-06,Free,Referral
C001488,Noah Wable,33,Female,Bangalore,Family,Business Owner,2026-01-24,Free,Campus Campaign
C001489,Prisha Chaudhry,43,Male,Vijayawada,Working Professional,Teacher,2026-04-08,Premium,Campus Campaign
C001490,Gabriel Kata,39,Female,Bangalore,Working Professional,Teacher,2025-05-04,Premium,Campus Campaign
C001491,Varsha Ratta,54,Female,Bangalore,Working Professional,Software Engineer,2025-06-03,Premium,Campus Campaign
C001492,Faris Ghosh,27,Female,Bangalore,Family,Business Owner,2026-03-13,Free,Referral
C001493,Januja Narasimhan,56,Male,Hyderabad,Family,Teacher,2026-05-01,Free,Campus Campaign
C001494,Keya Kadakia,30,Male,Bangalore,Family,Business Owner,2025-09-04,Free,YouTube
C001495,Lakshmi Ramakrishnan,33,Male,Chennai,Student,Student,2025-12-12,Free,Instagram
C001496,Saksham Bala,23,Female,Vijayawada,Working Professional,Software Engineer,2026-02-21,Free,Referral
C001497,Sara Chaudry,24,Male,Bangalore,Working Professional,Teacher,2026-06-14,Premium,Referral
C001498,Aadi Krishna,34,Male,Hyderabad,Student,Student,2024-12-10,Premium,Campus Campaign
C001499,Reyansh Nazareth,56,Male,Coimbatore,Working Professional,Business Owner,2024-08-31,Free,Google
C001500,Ati Varty,43,Female,Chennai,Working Professional,Teacher,2026-05-22,Premium,YouTube
C001501,Raagini Walla,52,Female,Vijayawada,Student,Student,2024-08-03,Premium,YouTube
C001502,Wazir Prabhakar,20,Male,Chennai,Family,Homemaker,2024-10-01,Free,Google
C001503,Pahal Oommen,29,Male,Coimbatore,Working Professional,Business Owner,2026-02-22,Free,Campus Campaign
C001504,Raghav Loyal,25,Female,Coimbatore,Working Professional,Designer,2025-04-08,Premium,Referral
C001505,Maanav Nagi,43,Male,Bangalore,Family,Homemaker,2025-04-19,Premium,Instagram
C001506,Ubika Wable,45,Male,Chennai,Student,Student,2024-12-14,Free,Campus Campaign
C001507,Luke Nori,51,Male,Coimbatore,Family,Business Owner,2024-07-07,Free,Referral
C001508,Faras Mital,38,Male,Coimbatore,Working Professional,Doctor,2025-03-01,Premium,Instagram
C001509,Frado Naik,33,Female,Coimbatore,Student,Student,2025-10-22,Free,Referral
C001510,Guneet Hora,23,Female,Chennai,Family,Teacher,2026-01-13,Premium,Campus Campaign
C001511,Meghana Bera,40,Male,Bangalore,Student,Student,2025-01-12,Free,Instagram
C001512,Panini Dugar,60,Female,Bangalore,Working Professional,Accountant,2025-08-07,Premium,Google
C001513,Manbir Prabhu,30,Male,Chennai,Working Professional,Business Owner,2024-11-06,Premium,YouTube
C001514,Mohammed Hayer,50,Male,Bangalore,Working Professional,Business Owner,2024-07-18,Premium,Referral
C001515,Champak Bhalla,54,Female,Chennai,Family,Homemaker,2025-07-15,Premium,Instagram
C001516,Agastya Bhandari,22,Male,Coimbatore,Working Professional,Business Owner,2024-06-23,Premium,YouTube
C001517,Suhani Gara,37,Male,Chennai,Family,Teacher,2024-07-16,Premium,Instagram
C001518,Gabriel Shan,42,Male,Hyderabad,Student,Student,2025-02-07,Free,Instagram
C001519,Varenya Venkatesh,20,Female,Hyderabad,Family,Homemaker,2025-05-12,Free,YouTube
C001520,Wakeeta Devi,30,Female,Bangalore,Student,Student,2025-04-24,Free,Referral
C001521,Rudra Chanda,34,Male,Vijayawada,Working Professional,Accountant,2024-07-22,Premium,Campus Campaign
C001522,Nimrat Gara,37,Male,Chennai,Working Professional,Designer,2025-02-23,Free,Instagram
C001523,Kavya Narula,47,Male,Chennai,Family,Teacher,2026-04-19,Premium,Campus Campaign
C001524,Tamanna Gill,36,Female,Hyderabad,Working Professional,Designer,2026-04-24,Free,Instagram
C001525,Bahadurjit Savant,42,Female,Coimbatore,Family,Teacher,2025-03-23,Premium,YouTube
C001526,Triveni Sastry,42,Female,Chennai,Working Professional,Teacher,2026-01-15,Premium,Instagram
C001527,Dominic Devan,19,Female,Bangalore,Family,Business Owner,2025-03-06,Premium,Google
C001528,Oviya Varughese,42,Male,Vijayawada,Working Professional,Doctor,2025-11-18,Premium,Referral
C001529,Jhalak Lad,21,Male,Bangalore,Working Professional,Accountant,2024-06-26,Premium,Campus Campaign
C001530,Gaurika Ramachandran,57,Male,Chennai,Working Professional,Designer,2025-02-13,Premium,Campus Campaign
C001531,Wriddhish Morar,54,Female,Hyderabad,Working Professional,Teacher,2026-01-11,Premium,Campus Campaign
C001532,Vedhika Iyer,32,Female,Hyderabad,Working Professional,Teacher,2024-10-20,Free,Google
C001533,Ayushman Dar,27,Male,Hyderabad,Student,Student,2026-06-14,Free,Google
C001534,Aarush Narayanan,31,Female,Chennai,Working Professional,Doctor,2026-03-08,Free,Google
C001535,Hitesh Parmer,20,Female,Bangalore,Family,Homemaker,2025-07-25,Free,Google
C001536,Charles Tiwari,39,Female,Hyderabad,Student,Student,2024-08-25,Premium,Referral
C001537,Isaiah Lala,55,Male,Bangalore,Working Professional,Teacher,2025-02-04,Premium,YouTube
C001538,Rajeshri Rana,25,Female,Hyderabad,Working Professional,Accountant,2026-03-17,Free,Campus Campaign
C001539,Bhavya Kapoor,45,Male,Hyderabad,Working Professional,Designer,2025-09-17,Premium,Campus Campaign
C001540,Girik Halder,44,Female,Hyderabad,Student,Student,2025-06-29,Premium,Campus Campaign
C001541,Sara Kuruvilla,27,Female,Bangalore,Working Professional,Teacher,2025-10-28,Premium,YouTube
C001542,Dev Mutti,22,Male,Hyderabad,Family,Teacher,2025-10-07,Premium,YouTube
C001543,Azaan Kanda,45,Female,Coimbatore,Family,Teacher,2025-06-05,Premium,YouTube
C001544,Siddharth Trivedi,59,Male,Hyderabad,Student,Student,2024-10-20,Free,YouTube
C001545,Hemani Dugar,42,Female,Bangalore,Working Professional,Business Owner,2025-01-12,Free,Referral
C001546,Rajata Cheema,52,Female,Chennai,Family,Homemaker,2025-08-28,Free,Google
C001547,Kavya Ram,31,Female,Vijayawada,Student,Student,2025-12-19,Free,Instagram
C001548,Timothy Andra,39,Male,Vijayawada,Student,Student,2024-11-12,Free,Google
C001549,Gaurang Garde,35,Male,Coimbatore,Working Professional,Teacher,2025-05-27,Premium,YouTube
C001550,Bhavya Pall,20,Female,Chennai,Working Professional,Doctor,2024-08-25,Premium,Referral
C001551,Qushi Majumdar,44,Female,Vijayawada,Student,Student,2026-02-16,Free,YouTube
C001552,Bhanumati Halder,25,Female,Hyderabad,Student,Student,2025-06-13,Premium,YouTube
C001553,Ganga Mangat,42,Male,Chennai,Working Professional,Software Engineer,2026-05-30,Free,YouTube
C001554,Ansh Bhalla,30,Female,Coimbatore,Student,Student,2026-05-03,Free,Referral
C001555,Ranveer Natt,26,Female,Coimbatore,Student,Student,2025-05-07,Premium,Instagram
C001556,Chanakya Sangha,21,Male,Bangalore,Family,Business Owner,2024-12-10,Premium,YouTube
C001557,Pahal Pant,37,Male,Coimbatore,Student,Student,2024-07-17,Free,Campus Campaign
C001558,Gaurangi Deep,43,Male,Hyderabad,Working Professional,Software Engineer,2024-10-25,Free,Google
C001559,Falguni Gopal,40,Male,Hyderabad,Student,Student,2025-03-05,Free,YouTube
C001560,Jhalak Krishna,37,Male,Chennai,Student,Student,2025-05-06,Free,Google
C001561,Libni Hans,33,Female,Bangalore,Family,Homemaker,2024-09-10,Premium,Campus Campaign
C001562,Vivaan Bhargava,19,Male,Bangalore,Family,Homemaker,2024-06-17,Premium,Instagram
C001563,Bimala Ramaswamy,46,Female,Hyderabad,Student,Student,2024-10-28,Free,Instagram
C001564,Pushti Butala,22,Male,Chennai,Family,Business Owner,2025-12-11,Free,Google
C001565,Nitara Mistry,48,Female,Chennai,Family,Homemaker,2026-03-04,Free,Google
C001566,Mitesh Sule,54,Female,Chennai,Family,Teacher,2024-08-16,Free,Referral
C001567,Darsh Sur,26,Male,Hyderabad,Family,Homemaker,2024-09-18,Premium,Instagram
C001568,Xalak Pall,34,Male,Coimbatore,Student,Student,2024-06-29,Premium,Campus Campaign
C001569,Vyanjana Balakrishnan,36,Male,Bangalore,Student,Student,2025-09-08,Premium,YouTube
C001570,Osha Chokshi,27,Female,Bangalore,Working Professional,Teacher,2025-10-14,Premium,Instagram
C001571,Vyanjana Jain,35,Male,Vijayawada,Family,Business Owner,2025-06-29,Free,Campus Campaign
C001572,Jeet Kala,23,Male,Chennai,Student,Student,2026-02-15,Free,Campus Campaign
C001573,Sarthak Basu,38,Male,Coimbatore,Student,Student,2025-05-28,Premium,Referral
C001574,Ekanta Kannan,54,Male,Bangalore,Student,Student,2025-06-24,Premium,YouTube
C001575,Rayaan Pall,34,Male,Bangalore,Working Professional,Designer,2025-02-02,Premium,Instagram
C001576,Pallavi Gala,41,Female,Coimbatore,Working Professional,Designer,2024-08-20,Premium,Google
C001577,Aadi Bhatt,42,Male,Hyderabad,Family,Business Owner,2025-10-10,Free,YouTube
C001578,Yatin Sachdev,27,Male,Coimbatore,Student,Student,2025-12-26,Premium,Campus Campaign
C001579,Madhavi Issac,38,Male,Chennai,Working Professional,Business Owner,2025-11-05,Free,Instagram
C001580,Arunima Soni,37,Female,Bangalore,Student,Student,2025-06-27,Free,Campus Campaign
C001581,Yagnesh Yadav,19,Female,Coimbatore,Family,Business Owner,2025-07-08,Premium,Instagram
C001582,Advaith Nadig,38,Female,Chennai,Working Professional,Teacher,2024-12-26,Free,Campus Campaign
C001583,Sathvik Yadav,24,Female,Chennai,Family,Teacher,2025-04-10,Free,YouTube
C001584,Omisha Sharma,44,Female,Chennai,Family,Teacher,2025-12-23,Premium,Google
C001585,Chatura Kapur,19,Female,Vijayawada,Family,Teacher,2024-06-24,Free,Instagram
C001586,Gaurav Gour,35,Male,Bangalore,Working Professional,Accountant,2024-12-17,Free,Campus Campaign
C001587,Chanakya Brahmbhatt,45,Female,Vijayawada,Student,Student,2025-04-14,Free,Referral
C001588,Varsha Dugal,53,Male,Vijayawada,Working Professional,Business Owner,2026-05-16,Premium,Google
C001589,Irya Konda,25,Male,Vijayawada,Student,Student,2025-02-11,Premium,Google
C001590,Meera Krishna,59,Male,Bangalore,Family,Teacher,2025-02-23,Premium,Instagram
C001591,Aachal Chawla,26,Male,Bangalore,Student,Student,2025-01-01,Free,Google
C001592,Arjun Balay,21,Male,Vijayawada,Family,Teacher,2024-12-13,Premium,Referral
C001593,Neelima Ramesh,21,Female,Bangalore,Working Professional,Teacher,2025-11-02,Free,Instagram
C001594,Pratyush Dara,40,Male,Coimbatore,Family,Business Owner,2024-08-06,Premium,Campus Campaign
C001595,Ekalinga Sem,60,Female,Chennai,Student,Student,2025-02-22,Free,Campus Campaign
C001596,Hredhaan Parsa,48,Male,Chennai,Working Professional,Teacher,2025-12-26,Premium,Instagram
C001597,Aadi Jha,20,Female,Coimbatore,Student,Student,2024-08-14,Free,YouTube
C001598,Harish Bala,26,Female,Chennai,Working Professional,Teacher,2026-06-02,Free,Referral
C001599,Vasudha Khalsa,57,Female,Coimbatore,Student,Student,2024-09-28,Premium,Google
C001600,Vrishti Gade,58,Male,Chennai,Working Professional,Designer,2025-02-08,Premium,Google
C001601,Ucchal D’Alia,58,Male,Chennai,Student,Student,2025-04-18,Premium,Instagram
C001602,Mohammed Chahal,58,Male,Chennai,Family,Teacher,2026-04-03,Free,Campus Campaign
C001603,Jeet Bir,35,Female,Vijayawada,Working Professional,Accountant,2025-04-01,Free,Google
C001604,Akshay Bath,42,Male,Chennai,Working Professional,Designer,2026-05-21,Premium,Instagram
C001605,Chakradev Bera,50,Female,Hyderabad,Working Professional,Teacher,2025-02-18,Premium,YouTube
C001606,Faris Shetty,27,Male,Chennai,Working Professional,Doctor,2024-08-07,Free,Campus Campaign
C001607,Charan Shukla,55,Male,Vijayawada,Student,Student,2024-11-03,Premium,Referral
C001608,Charan De,26,Female,Bangalore,Family,Teacher,2025-10-14,Premium,Instagram
C001609,Zarna Prabhu,39,Male,Chennai,Student,Student,2026-01-24,Premium,Referral
C001610,Damyanti Ram,38,Male,Chennai,Student,Student,2025-05-01,Free,Campus Campaign
C001611,Vyanjana Yadav,58,Female,Chennai,Student,Student,2026-01-29,Premium,Instagram
C001612,Unni Vasa,60,Male,Hyderabad,Student,Student,2026-03-19,Premium,Campus Campaign
C001613,Yashoda Sawhney,54,Male,Coimbatore,Student,Student,2025-01-04,Free,YouTube
C001614,Aachal Sodhi,40,Male,Chennai,Family,Business Owner,2024-07-21,Free,Instagram
C001615,Imaran Iyengar,52,Male,Bangalore,Student,Student,2025-02-07,Premium,Referral
C001616,Jasmit Kade,41,Male,Hyderabad,Family,Business Owner,2025-06-30,Free,Referral
C001617,Harshil Karnik,27,Male,Vijayawada,Working Professional,Teacher,2025-07-31,Free,Instagram
C001618,Peter Basu,32,Male,Chennai,Family,Teacher,2025-10-18,Premium,Google
C001619,Sudiksha Dewan,56,Male,Coimbatore,Working Professional,Business Owner,2025-02-21,Free,Google
C001620,Fitan Rama,18,Male,Chennai,Working Professional,Designer,2025-09-27,Free,Campus Campaign
C001621,Ucchal Sankaran,24,Female,Hyderabad,Family,Business Owner,2026-05-30,Premium,Campus Campaign
C001622,Vedhika Khalsa,46,Male,Hyderabad,Student,Student,2026-05-05,Premium,Instagram
C001623,Joshua Yadav,23,Male,Coimbatore,Student,Student,2024-07-25,Premium,Instagram
C001624,Amara Bassi,22,Female,Hyderabad,Family,Teacher,2025-12-15,Premium,Instagram
C001625,Madhav Prashad,49,Male,Chennai,Student,Student,2025-11-26,Free,Google
C001626,Mitali Krishnamurthy,40,Male,Bangalore,Family,Business Owner,2024-07-14,Premium,Campus Campaign
C001627,Amruta Prasad,20,Male,Hyderabad,Working Professional,Designer,2024-11-09,Premium,Instagram
C001628,Bishakha Patla,35,Female,Coimbatore,Family,Business Owner,2025-03-17,Free,YouTube
C001629,Vihaan Kurian,39,Female,Chennai,Student,Student,2024-08-01,Premium,Referral
C001630,Jyoti Bansal,21,Female,Chennai,Student,Student,2025-12-18,Free,Instagram
C001631,Chanakya Mand,59,Female,Bangalore,Student,Student,2025-06-19,Premium,Campus Campaign
C001632,Andrew Gola,18,Female,Chennai,Family,Homemaker,2025-07-01,Premium,Referral
C001633,Harrison Bhattacharyya,33,Female,Chennai,Working Professional,Software Engineer,2024-10-04,Free,YouTube
C001634,Dipta Cherian,28,Male,Chennai,Working Professional,Accountant,2025-02-19,Premium,Google
C001635,Dakshesh Saha,43,Male,Hyderabad,Working Professional,Software Engineer,2024-08-24,Premium,Campus Campaign
C001636,Warhi Grewal,19,Male,Coimbatore,Working Professional,Accountant,2026-02-17,Free,Referral
C001637,Yug Sharaf,41,Male,Chennai,Family,Business Owner,2024-11-15,Premium,Instagram
C001638,Aarna Bhasin,43,Female,Coimbatore,Student,Student,2026-01-27,Free,Referral
C001639,Idika Nadkarni,50,Female,Coimbatore,Family,Business Owner,2025-03-17,Free,Referral
C001640,Yashodhara Kumar,31,Male,Chennai,Working Professional,Accountant,2025-10-14,Premium,Referral
C001641,Finn Bera,50,Male,Chennai,Family,Homemaker,2024-10-06,Free,Google
C001642,Mohini Panchal,38,Female,Hyderabad,Working Professional,Teacher,2026-06-11,Free,Google
C001643,Janya Dugal,48,Female,Coimbatore,Working Professional,Software Engineer,2025-02-27,Free,Google
C001644,Agastya Das,49,Female,Coimbatore,Working Professional,Accountant,2025-11-21,Free,Referral
C001645,Omkaar Karan,49,Male,Bangalore,Working Professional,Accountant,2024-10-23,Free,Instagram
C001646,Zarna Mallick,55,Male,Chennai,Student,Student,2024-09-17,Free,YouTube
C001647,Anthony Choudhury,31,Male,Bangalore,Working Professional,Doctor,2025-07-19,Premium,Instagram
C001648,Gaurika Kothari,24,Male,Coimbatore,Student,Student,2024-08-28,Free,Campus Campaign
C001649,Ansh Brar,60,Male,Bangalore,Working Professional,Doctor,2025-04-09,Premium,Google
C001650,Samar Bhakta,42,Male,Chennai,Student,Student,2025-01-29,Premium,Referral
C001651,Isaiah Acharya,31,Male,Chennai,Working Professional,Accountant,2026-02-10,Premium,Campus Campaign
C001652,Isaac Narula,23,Male,Chennai,Working Professional,Software Engineer,2025-09-01,Premium,Referral
C001653,Peter Ravel,53,Male,Bangalore,Family,Business Owner,2024-10-18,Free,Google
C001654,Anthony Guha,41,Female,Chennai,Student,Student,2024-10-27,Premium,Campus Campaign
C001655,Harinakshi Sachdev,41,Male,Coimbatore,Working Professional,Designer,2024-06-23,Premium,Referral
C001656,Fiyaz Dey,59,Female,Bangalore,Student,Student,2024-11-19,Free,Campus Campaign
C001657,Azaan Pal,31,Female,Bangalore,Working Professional,Software Engineer,2024-09-20,Free,Instagram
C001658,Siddharth Raghavan,51,Female,Coimbatore,Family,Homemaker,2026-03-19,Free,Campus Campaign
C001659,Shivansh Devan,42,Female,Vijayawada,Student,Student,2024-09-07,Premium,YouTube
C001660,Jagrati Wali,19,Female,Coimbatore,Student,Student,2026-04-20,Free,Referral
C001661,Lucky Kumar,27,Male,Chennai,Student,Student,2025-10-11,Premium,YouTube
C001662,Ayush Rout,53,Female,Chennai,Working Professional,Designer,2024-11-26,Premium,Referral
C001663,Ijaya Bhasin,19,Male,Chennai,Student,Student,2024-10-16,Premium,Instagram
C001664,Sai Pandya,43,Female,Chennai,Working Professional,Doctor,2026-04-13,Free,Campus Campaign
C001665,Kiaan Dugal,25,Female,Bangalore,Student,Student,2026-01-01,Free,Instagram
C001666,Arunima Sundaram,39,Female,Vijayawada,Working Professional,Software Engineer,2025-04-02,Free,Campus Campaign
C001667,Jagvi Date,41,Female,Chennai,Family,Teacher,2025-01-02,Premium,Campus Campaign
C001668,Unnati Basu,30,Male,Hyderabad,Family,Homemaker,2025-05-16,Premium,YouTube
C001669,Kai Kulkarni,21,Male,Bangalore,Student,Student,2024-06-26,Premium,Google
C001670,Oni Sethi,19,Female,Coimbatore,Student,Student,2024-07-09,Free,YouTube
C001671,Bachittar Barman,18,Female,Chennai,Student,Student,2025-04-11,Premium,Referral
C001672,Madhavi Patil,51,Female,Bangalore,Working Professional,Teacher,2024-10-21,Free,YouTube
C001673,Udarsh Uppal,56,Female,Vijayawada,Student,Student,2026-02-17,Premium,Referral
C001674,Zansi Borra,18,Male,Hyderabad,Student,Student,2025-07-17,Premium,Referral
C001675,Panini Srinivasan,52,Male,Hyderabad,Student,Student,2024-06-19,Premium,Campus Campaign
C001676,Nakul Narang,39,Female,Hyderabad,Family,Business Owner,2024-10-19,Premium,Google
C001677,Anthony Ghose,33,Male,Vijayawada,Working Professional,Software Engineer,2025-01-18,Premium,Campus Campaign
C001678,Leena Pall,49,Male,Bangalore,Working Professional,Software Engineer,2024-10-14,Premium,Referral
C001679,Vivaan Dutt,41,Male,Chennai,Family,Homemaker,2025-04-25,Free,Instagram
C001680,Aditya Peri,39,Male,Hyderabad,Student,Student,2026-02-22,Free,YouTube
C001681,Prisha Nadkarni,30,Female,Vijayawada,Working Professional,Business Owner,2025-03-21,Free,Referral
C001682,Siya Kibe,30,Female,Hyderabad,Family,Business Owner,2025-02-17,Free,YouTube
C001683,Radhika Brahmbhatt,36,Male,Hyderabad,Working Professional,Software Engineer,2026-02-21,Free,Instagram
C001684,Alka Modi,39,Female,Chennai,Family,Business Owner,2025-04-13,Premium,Google
C001685,Chameli Goel,43,Male,Coimbatore,Working Professional,Designer,2026-04-12,Free,Instagram
C001686,Udyati Agarwal,42,Female,Chennai,Family,Homemaker,2024-09-09,Free,Google
C001687,Harini Natt,54,Male,Coimbatore,Student,Student,2025-08-27,Free,Google
C001688,Gaurang Kohli,42,Female,Chennai,Family,Business Owner,2024-08-17,Free,YouTube
C001689,Prisha Ghosh,53,Male,Chennai,Family,Business Owner,2024-06-29,Free,Instagram
C001690,Abhimanyu Borra,26,Male,Chennai,Family,Teacher,2025-02-09,Premium,Campus Campaign
C001691,Varenya Sachdeva,50,Male,Hyderabad,Student,Student,2026-03-22,Free,Google
C001692,Zashil Chandran,48,Female,Hyderabad,Family,Business Owner,2025-08-17,Premium,Campus Campaign
C001693,Maya Narang,27,Female,Coimbatore,Family,Homemaker,2026-05-24,Free,Instagram
C001694,Nilima Magar,28,Male,Hyderabad,Working Professional,Software Engineer,2025-08-19,Free,Referral
C001695,Harish More,50,Male,Coimbatore,Student,Student,2026-02-19,Premium,Instagram
C001696,Eiravati Chaudry,55,Female,Bangalore,Family,Homemaker,2025-10-23,Premium,Referral
C001697,Manan Gade,32,Female,Hyderabad,Working Professional,Accountant,2025-02-04,Premium,Instagram
C001698,Samarth Sahota,18,Male,Chennai,Student,Student,2025-07-26,Free,Google
C001699,Theodore Gaba,44,Male,Coimbatore,Family,Homemaker,2025-06-12,Premium,Instagram
C001700,Abdul Bajwa,52,Female,Chennai,Student,Student,2025-02-05,Free,Campus Campaign
C001701,Unni Raja,35,Female,Hyderabad,Student,Student,2024-12-07,Premium,Google
C001702,Darsh Ghosh,26,Male,Vijayawada,Working Professional,Designer,2025-07-30,Premium,Google
C001703,Guneet Amble,41,Female,Chennai,Student,Student,2024-09-21,Premium,Google
C001704,Yochana Bhavsar,48,Female,Coimbatore,Family,Teacher,2026-05-03,Free,Campus Campaign
C001705,Nidhi Narula,37,Female,Vijayawada,Family,Business Owner,2024-09-25,Free,Instagram
C001706,Om Padmanabhan,43,Female,Vijayawada,Student,Student,2025-01-21,Premium,Instagram
C001707,Anmol Iyer,51,Female,Bangalore,Working Professional,Designer,2026-05-15,Free,YouTube
C001708,Veda Gara,45,Female,Chennai,Family,Teacher,2024-11-07,Premium,Campus Campaign
C001709,Jyoti Narayanan,19,Female,Vijayawada,Working Professional,Software Engineer,2025-06-13,Premium,Campus Campaign
C001710,Yuvraj Din,47,Male,Bangalore,Working Professional,Doctor,2026-02-10,Free,YouTube
C001711,Samarth Behl,37,Female,Chennai,Working Professional,Doctor,2026-03-17,Free,Google
C001712,Falguni Andra,25,Female,Hyderabad,Family,Business Owner,2025-07-08,Premium,Referral
C001713,Kashish Varkey,18,Female,Hyderabad,Student,Student,2025-06-15,Premium,YouTube
C001714,Ekani Kara,46,Male,Coimbatore,Working Professional,Software Engineer,2025-02-19,Free,Referral
C001715,Barkha Chandra,41,Female,Bangalore,Student,Student,2025-08-18,Free,Campus Campaign
C001716,Siddharth Parikh,28,Female,Bangalore,Family,Business Owner,2026-03-09,Free,Instagram
C001717,Oviya Sule,43,Female,Coimbatore,Working Professional,Software Engineer,2025-10-05,Premium,Google
C001718,Luke Chawla,19,Female,Bangalore,Student,Student,2025-12-03,Free,Google
C001719,Anay Mukherjee,37,Male,Bangalore,Working Professional,Doctor,2026-01-20,Free,Campus Campaign
C001720,Radha Doshi,54,Male,Chennai,Family,Homemaker,2024-10-21,Premium,Campus Campaign
C001721,Zinal Bhatt,34,Female,Bangalore,Student,Student,2025-12-03,Premium,YouTube
C001722,Kiaan Warrior,45,Male,Hyderabad,Family,Business Owner,2024-10-21,Free,YouTube
C001723,Qadim Parekh,48,Female,Bangalore,Working Professional,Accountant,2025-08-16,Premium,Instagram
C001724,Anvi Ratta,19,Female,Chennai,Student,Student,2024-09-23,Free,Instagram
C001725,Adya Mandal,25,Male,Bangalore,Family,Homemaker,2026-05-31,Premium,Referral
C001726,Ranbir Babu,51,Male,Vijayawada,Student,Student,2026-04-21,Premium,Instagram
C001727,Siddharth Biswas,60,Female,Vijayawada,Student,Student,2024-09-15,Premium,Google
C001728,Omaja Karan,23,Male,Chennai,Family,Teacher,2024-08-19,Free,Campus Campaign
C001729,Jagrati Biswas,40,Male,Bangalore,Working Professional,Doctor,2025-09-23,Premium,Google
C001730,Bina Sathe,27,Male,Coimbatore,Working Professional,Software Engineer,2024-10-13,Premium,YouTube
C001731,Chandani Palan,23,Female,Chennai,Working Professional,Software Engineer,2026-04-07,Free,Referral
C001732,Falan Kumer,34,Female,Bangalore,Working Professional,Designer,2025-05-10,Premium,Google
C001733,Gabriel Tata,41,Male,Hyderabad,Working Professional,Business Owner,2025-01-15,Free,Instagram
C001734,Eshana Kuruvilla,60,Male,Hyderabad,Student,Student,2025-08-01,Free,Instagram
C001735,Vinaya Borra,46,Female,Bangalore,Working Professional,Software Engineer,2025-02-07,Premium,Google
C001736,Luke Tailor,19,Male,Coimbatore,Working Professional,Doctor,2025-08-23,Free,Campus Campaign
C001737,Nitesh Mann,44,Female,Chennai,Family,Homemaker,2025-04-09,Free,Google
C001738,Falak Som,49,Male,Bangalore,Family,Business Owner,2024-12-11,Premium,Instagram
C001739,Sudiksha Rai,39,Female,Coimbatore,Family,Homemaker,2024-09-12,Free,Campus Campaign
C001740,Triya Khatri,48,Male,Coimbatore,Family,Homemaker,2026-04-22,Premium,Campus Campaign
C001741,Baljiwan Bora,27,Female,Coimbatore,Student,Student,2025-04-14,Free,Campus Campaign
C001742,Indali Soni,38,Female,Bangalore,Family,Business Owner,2026-02-21,Free,Campus Campaign
C001743,Saksham Savant,47,Male,Bangalore,Working Professional,Business Owner,2025-01-04,Premium,Instagram
C001744,Jeet Mall,22,Male,Bangalore,Family,Teacher,2025-06-23,Premium,Referral
C001745,Tripti De,24,Male,Chennai,Family,Teacher,2025-01-30,Free,Referral
C001746,Avni Dalal,19,Female,Bangalore,Family,Business Owner,2025-03-22,Premium,Campus Campaign
C001747,Harini Dhar,32,Female,Hyderabad,Working Professional,Business Owner,2024-07-12,Free,Google
C001748,Pratyush Manda,49,Female,Bangalore,Working Professional,Teacher,2026-04-22,Free,Instagram
C001749,Lucky Brahmbhatt,28,Male,Chennai,Student,Student,2025-07-09,Free,Campus Campaign
C001750,Siddharth Swamy,40,Male,Chennai,Family,Business Owner,2025-01-30,Free,YouTube
C001751,Reyansh Patla,19,Female,Chennai,Working Professional,Business Owner,2025-01-13,Free,Referral
C001752,Xavier Lad,28,Female,Coimbatore,Family,Business Owner,2025-02-10,Free,Google
C001753,Ronith Lata,47,Male,Chennai,Student,Student,2025-01-18,Free,Referral
C001754,Pranav Sathe,45,Female,Bangalore,Student,Student,2026-06-10,Premium,Campus Campaign
C001755,David Arya,27,Female,Coimbatore,Working Professional,Business Owner,2024-07-04,Free,YouTube
C001756,Zashil Baria,41,Male,Chennai,Student,Student,2025-10-31,Premium,Referral
C001757,Wahab Prashad,34,Male,Bangalore,Family,Teacher,2025-12-02,Premium,Referral
C001758,Neel Sawhney,51,Male,Vijayawada,Family,Homemaker,2025-11-15,Free,Google
C001759,Adya Upadhyay,52,Female,Bangalore,Family,Business Owner,2024-08-16,Free,Campus Campaign
C001760,Vedika Babu,60,Male,Vijayawada,Family,Teacher,2026-04-21,Premium,Referral
C001761,Yutika Karpe,32,Male,Chennai,Student,Student,2024-07-02,Premium,YouTube
C001762,Bimala Kumar,59,Female,Hyderabad,Working Professional,Teacher,2025-04-19,Premium,Instagram
C001763,Mitesh Atwal,22,Male,Chennai,Family,Teacher,2026-02-03,Free,Google
C001764,Om Loke,35,Male,Bangalore,Working Professional,Software Engineer,2025-12-05,Free,Campus Campaign
C001765,Gunbir Gour,36,Male,Bangalore,Working Professional,Software Engineer,2024-10-18,Premium,YouTube
C001766,Jyoti Kadakia,39,Female,Vijayawada,Family,Business Owner,2025-04-01,Free,YouTube
C001767,Dipta Johal,25,Female,Bangalore,Working Professional,Business Owner,2025-09-05,Premium,Referral
C001768,Amol Bir,18,Male,Chennai,Family,Business Owner,2025-07-13,Premium,Google
C001769,Michael Sankar,19,Female,Chennai,Family,Business Owner,2024-06-21,Premium,Campus Campaign
C001770,Indali Nagar,19,Male,Chennai,Family,Homemaker,2026-03-15,Premium,Campus Campaign
C001771,Odika Chopra,38,Male,Chennai,Student,Student,2024-11-04,Premium,Google
C001772,Ansh Ravi,58,Female,Bangalore,Working Professional,Accountant,2025-09-03,Free,Instagram
C001773,Laban Rattan,21,Male,Hyderabad,Working Professional,Business Owner,2025-11-19,Premium,Referral
C001774,Januja Lalla,28,Male,Chennai,Family,Business Owner,2026-02-22,Free,Instagram
C001775,Lohit Chakrabarti,47,Female,Vijayawada,Student,Student,2025-04-17,Premium,Google
C001776,Dhriti Lanka,59,Male,Chennai,Family,Teacher,2024-11-28,Premium,YouTube
C001777,Benjamin Kohli,47,Female,Chennai,Student,Student,2024-07-10,Premium,Referral
C001778,Janya Ramesh,52,Male,Vijayawada,Working Professional,Accountant,2025-12-02,Free,Referral
C001779,Yatan Goel,34,Male,Chennai,Family,Homemaker,2025-03-29,Free,Campus Campaign
C001780,Qabil Varkey,57,Female,Vijayawada,Working Professional,Doctor,2025-06-04,Free,Referral
C001781,Janaki Choudhry,25,Female,Coimbatore,Student,Student,2025-03-16,Free,Google
C001782,Eiravati Wali,58,Female,Chennai,Student,Student,2026-03-17,Premium,Google
C001783,Mitesh Gour,18,Female,Chennai,Working Professional,Business Owner,2026-01-27,Premium,Instagram
C001784,Orinder Loke,53,Female,Chennai,Working Professional,Doctor,2025-05-21,Free,Instagram
C001785,Anirudh Cheema,39,Female,Chennai,Student,Student,2024-08-01,Free,Instagram
C001786,Jason Nayak,55,Female,Chennai,Family,Business Owner,2024-11-18,Free,Instagram
C001787,Joshua Doshi,48,Female,Chennai,Student,Student,2024-07-13,Premium,YouTube
C001788,Anya Thaman,59,Female,Chennai,Working Professional,Designer,2025-07-18,Free,Referral
C001789,Tejas Buch,53,Male,Bangalore,Working Professional,Business Owner,2025-12-03,Premium,Google
C001790,Jackson Grover,22,Female,Coimbatore,Student,Student,2026-06-01,Premium,YouTube
C001791,Chaitanya Basu,41,Female,Chennai,Working Professional,Teacher,2025-10-22,Premium,Instagram
C001792,Alka Peri,57,Female,Chennai,Student,Student,2025-01-03,Premium,Google
C001793,Ansh Kuruvilla,51,Male,Vijayawada,Student,Student,2026-02-16,Premium,Campus Campaign
C001794,Bhavna Saran,41,Male,Hyderabad,Family,Business Owner,2025-07-15,Free,Referral
C001795,Mahika Das,23,Female,Coimbatore,Student,Student,2024-08-07,Free,Google
C001796,Omaja Sur,22,Male,Bangalore,Student,Student,2026-02-16,Free,Instagram
C001797,Dhruv Anne,43,Male,Vijayawada,Student,Student,2024-06-16,Premium,YouTube
C001798,Umang Chauhan,56,Male,Chennai,Student,Student,2025-06-09,Free,Referral
C001799,Rudra Chand,22,Female,Hyderabad,Student,Student,2025-01-08,Premium,YouTube
C001800,Bhavika Prakash,23,Male,Chennai,Student,Student,2026-04-17,Free,Instagram
C001801,Xiti Raman,42,Male,Vijayawada,Family,Homemaker,2024-08-20,Premium,Google
C001802,Madhav Pandya,44,Male,Hyderabad,Family,Business Owner,2024-09-06,Free,Referral
C001803,Indrajit Karpe,47,Female,Chennai,Family,Homemaker,2025-12-16,Premium,Campus Campaign
C001804,Nimrat Golla,24,Male,Coimbatore,Student,Student,2024-08-22,Premium,YouTube
C001805,Gaurika Oommen,59,Female,Bangalore,Student,Student,2024-12-26,Premium,Instagram
C001806,Advika Sodhi,30,Male,Coimbatore,Working Professional,Designer,2025-08-18,Free,YouTube
C001807,Timothy Chakraborty,38,Male,Hyderabad,Student,Student,2024-11-10,Free,Campus Campaign
C001808,Amaira Nigam,60,Male,Coimbatore,Student,Student,2026-06-10,Premium,Instagram
C001809,Bina Mukherjee,59,Female,Coimbatore,Family,Teacher,2026-02-11,Free,Campus Campaign
C001810,Tanish Rai,45,Male,Chennai,Working Professional,Teacher,2026-04-30,Free,YouTube
C001811,Frado Om,53,Male,Chennai,Working Professional,Doctor,2025-06-28,Free,Instagram
C001812,Pooja Kala,55,Female,Vijayawada,Student,Student,2025-02-13,Premium,Instagram
C001813,Devansh Guha,26,Female,Hyderabad,Working Professional,Teacher,2025-01-27,Premium,Referral
C001814,Aarav Bakshi,35,Male,Hyderabad,Student,Student,2024-07-19,Free,Google
C001815,Fariq Nanda,28,Female,Chennai,Family,Teacher,2025-06-06,Free,Google
C001816,Tamanna Ganguly,20,Male,Hyderabad,Student,Student,2026-06-16,Free,Instagram
C001817,Kai Gola,48,Male,Chennai,Family,Teacher,2026-05-02,Premium,Instagram
C001818,Tripti Sandal,53,Female,Bangalore,Family,Teacher,2026-03-08,Free,Instagram
C001819,Daniel Pathak,48,Female,Hyderabad,Working Professional,Doctor,2025-05-17,Free,YouTube
C001820,Jagdish Yohannan,41,Female,Vijayawada,Family,Business Owner,2025-08-07,Premium,Referral
C001821,Azad Iyer,46,Female,Chennai,Family,Homemaker,2024-11-15,Free,Instagram
C001822,Benjamin Chaudry,29,Male,Bangalore,Student,Student,2026-05-07,Free,Instagram
C001823,Teerth Raval,25,Male,Chennai,Student,Student,2025-05-05,Premium,Instagram
C001824,Vedika Ranganathan,33,Female,Chennai,Student,Student,2025-06-27,Free,Campus Campaign
C001825,Advaith Dani,42,Female,Chennai,Student,Student,2024-11-15,Free,YouTube
C001826,Falguni Anand,18,Female,Bangalore,Student,Student,2026-01-02,Free,Campus Campaign
C001827,Vasatika Sibal,58,Male,Chennai,Working Professional,Accountant,2024-08-19,Free,Instagram
C001828,Chandani Khatri,47,Male,Hyderabad,Family,Teacher,2025-12-27,Premium,YouTube
C001829,Ojas Dey,23,Female,Bangalore,Family,Homemaker,2025-02-04,Premium,Campus Campaign
C001830,Zaid Wason,35,Male,Chennai,Working Professional,Designer,2025-02-16,Premium,Campus Campaign
C001831,Abhimanyu Sen,45,Female,Chennai,Family,Teacher,2025-02-04,Premium,Instagram
C001832,Bhanumati Seshadri,19,Male,Bangalore,Student,Student,2025-07-04,Premium,YouTube
C001833,Abdul Keer,25,Female,Chennai,Student,Student,2025-06-10,Premium,Google
C001834,Raksha Nath,35,Female,Chennai,Working Professional,Teacher,2026-01-07,Free,Google
C001835,Hamsini Magar,38,Male,Hyderabad,Working Professional,Accountant,2024-10-09,Free,Instagram
C001836,Rachita Mohanty,48,Female,Vijayawada,Working Professional,Software Engineer,2026-03-20,Free,Campus Campaign
C001837,Forum Memon,53,Female,Vijayawada,Student,Student,2025-06-14,Free,Referral
C001838,Aditya Baria,53,Female,Hyderabad,Working Professional,Designer,2024-12-08,Free,Referral
C001839,Eesha Chacko,58,Female,Chennai,Student,Student,2025-05-16,Free,Instagram
C001840,Aishani Sem,25,Male,Coimbatore,Student,Student,2024-08-05,Premium,YouTube
C001841,Darika Gandhi,23,Male,Coimbatore,Student,Student,2026-03-30,Free,Instagram
C001842,Oliver Dash,41,Female,Hyderabad,Student,Student,2024-10-11,Free,Google
C001843,Omkaar Char,58,Male,Chennai,Working Professional,Designer,2024-10-16,Free,Referral
C001844,Aadi Sani,46,Male,Bangalore,Student,Student,2025-09-17,Free,Instagram
C001845,Ekapad Banik,25,Male,Bangalore,Family,Homemaker,2025-06-21,Free,Google
C001846,Ranveer Bobal,34,Male,Coimbatore,Student,Student,2025-03-03,Free,Campus Campaign
C001847,Jeevika Varughese,56,Female,Bangalore,Family,Teacher,2024-06-30,Premium,Instagram
C001848,Pallavi Char,27,Male,Coimbatore,Student,Student,2025-08-24,Free,Referral
C001849,Mugdha Verma,34,Male,Coimbatore,Student,Student,2024-06-17,Free,Google
C001850,Anita Sant,29,Male,Coimbatore,Family,Teacher,2026-03-26,Premium,Referral
C001851,Liam Sankar,23,Male,Vijayawada,Working Professional,Software Engineer,2024-09-17,Free,YouTube
C001852,Qasim Sastry,35,Male,Hyderabad,Family,Homemaker,2026-03-08,Premium,Google
C001853,Chandran Rastogi,47,Female,Chennai,Family,Homemaker,2024-12-14,Premium,Google
C001854,Gautami Chadha,25,Male,Chennai,Working Professional,Doctor,2025-12-26,Premium,Campus Campaign
C001855,Isaiah Khare,36,Male,Hyderabad,Working Professional,Business Owner,2026-02-25,Free,YouTube
C001856,Sachi Grewal,58,Male,Vijayawada,Student,Student,2025-09-16,Premium,YouTube
C001857,Girish Ganguly,37,Female,Bangalore,Student,Student,2025-06-26,Free,Referral
C001858,Radha Mani,39,Female,Chennai,Working Professional,Teacher,2025-09-23,Premium,Google
C001859,Wriddhish Chaudhuri,48,Male,Chennai,Student,Student,2024-08-11,Premium,YouTube
C001860,Fitan Tella,55,Female,Bangalore,Student,Student,2025-05-17,Premium,Campus Campaign
C001861,Jagat Sood,43,Female,Chennai,Student,Student,2026-05-14,Premium,Instagram
C001862,Ucchal Deol,38,Male,Chennai,Student,Student,2024-07-31,Free,Campus Campaign
C001863,Atharv Nigam,20,Male,Hyderabad,Student,Student,2025-02-10,Free,YouTube
C001864,Aarna Kade,28,Female,Chennai,Student,Student,2024-12-22,Free,Google
C001865,Oscar Narang,39,Male,Chennai,Family,Homemaker,2026-03-20,Premium,YouTube
C001866,Tanvi Narayanan,24,Male,Coimbatore,Student,Student,2026-01-11,Free,Campus Campaign
C001867,Aditya Kurian,35,Female,Chennai,Student,Student,2024-07-31,Premium,Campus Campaign
C001868,Maanav Tank,49,Female,Hyderabad,Working Professional,Doctor,2026-06-10,Premium,Instagram
C001869,Sathvik Borah,53,Female,Coimbatore,Family,Teacher,2024-09-28,Premium,YouTube
C001870,Jalsa Kata,60,Male,Bangalore,Working Professional,Teacher,2026-02-25,Free,Google
C001871,Onkar Konda,27,Male,Bangalore,Family,Business Owner,2024-10-14,Premium,Instagram
C001872,Ansh Soman,44,Female,Hyderabad,Family,Teacher,2025-07-17,Premium,Campus Campaign
C001873,Aashi Kale,31,Female,Chennai,Family,Teacher,2024-08-31,Premium,Instagram
C001874,Falak Narang,30,Female,Hyderabad,Family,Teacher,2026-04-15,Free,Google
C001875,Viraj Singhal,40,Male,Chennai,Working Professional,Designer,2025-02-04,Free,Google
C001876,Rudra Sehgal,35,Male,Bangalore,Student,Student,2025-02-28,Free,Google
C001877,Bhavika Bedi,39,Male,Coimbatore,Student,Student,2025-04-19,Free,Campus Campaign
C001878,Tarak Raju,47,Male,Hyderabad,Family,Homemaker,2025-06-22,Premium,Referral
C001879,Gauri Hayer,48,Female,Vijayawada,Working Professional,Doctor,2025-09-17,Premium,Google
C001880,Maanas Batta,52,Female,Chennai,Working Professional,Doctor,2025-10-16,Free,Google
C001881,Yatan Garg,27,Male,Hyderabad,Student,Student,2026-06-13,Free,YouTube
C001882,Samar Mistry,38,Male,Chennai,Family,Teacher,2024-09-16,Free,YouTube
C001883,Yashodhara Raghavan,40,Male,Vijayawada,Family,Homemaker,2026-02-12,Free,Referral
C001884,Omkaar Sathe,44,Male,Vijayawada,Student,Student,2025-10-31,Premium,Referral
C001885,Ria Gola,41,Male,Chennai,Family,Teacher,2025-06-07,Premium,Campus Campaign
C001886,Jagvi Mannan,41,Male,Hyderabad,Family,Homemaker,2025-01-18,Premium,Referral
C001887,Chameli Saini,27,Male,Hyderabad,Working Professional,Software Engineer,2026-03-23,Free,Referral
C001888,Gaurangi Kala,58,Male,Chennai,Student,Student,2024-07-20,Premium,Google
C001889,Krishna Borde,24,Female,Chennai,Family,Homemaker,2024-10-15,Premium,Campus Campaign
C001890,Keya Suresh,18,Female,Hyderabad,Student,Student,2025-12-06,Free,Referral
C001891,Yashica Bali,22,Female,Chennai,Working Professional,Business Owner,2026-04-04,Free,Google
C001892,Osha Bhalla,26,Female,Chennai,Student,Student,2025-01-10,Premium,Instagram
C001893,Jeet Seth,24,Female,Hyderabad,Working Professional,Designer,2024-09-19,Premium,Google
C001894,Faqid Sane,46,Male,Bangalore,Working Professional,Designer,2024-11-08,Premium,Instagram
C001895,Gaurav Sekhon,23,Female,Coimbatore,Working Professional,Doctor,2024-06-30,Free,Campus Campaign
C001896,Mugdha Soman,19,Male,Hyderabad,Family,Business Owner,2026-04-17,Premium,YouTube
C001897,Garima Warrior,56,Male,Bangalore,Working Professional,Software Engineer,2025-06-30,Free,Campus Campaign
C001898,Siddharth Naik,54,Female,Bangalore,Family,Business Owner,2025-08-08,Free,Campus Campaign
C001899,Gavin Kala,49,Male,Coimbatore,Student,Student,2025-08-24,Premium,Google
C001900,Ranveer Bhasin,37,Male,Hyderabad,Working Professional,Accountant,2024-12-11,Free,Campus Campaign
C001901,Maanav Amble,54,Female,Hyderabad,Family,Teacher,2024-11-17,Free,Campus Campaign
C001902,George Sachar,19,Female,Coimbatore,Working Professional,Accountant,2025-10-04,Premium,Instagram
C001903,Falak Bains,26,Male,Vijayawada,Family,Business Owner,2025-06-10,Free,YouTube
C001904,Madhav Jha,22,Male,Chennai,Working Professional,Software Engineer,2025-04-12,Free,Google
C001905,Avi Karnik,26,Female,Chennai,Family,Teacher,2025-10-13,Premium,Instagram
C001906,Jackson Sarkar,23,Female,Bangalore,Family,Business Owner,2024-10-21,Free,Instagram
C001907,Charan Tank,21,Female,Chennai,Family,Homemaker,2025-04-19,Premium,YouTube
C001908,Michael Edwin,53,Male,Coimbatore,Student,Student,2024-10-20,Free,YouTube
C001909,Brinda Mital,24,Male,Hyderabad,Family,Business Owner,2025-06-29,Premium,Instagram
C001910,Ijaya Sura,40,Male,Coimbatore,Student,Student,2026-03-26,Free,Referral
C001911,Varsha Anand,38,Female,Hyderabad,Student,Student,2025-10-17,Free,Instagram
C001912,Lila Bains,26,Male,Hyderabad,Family,Teacher,2024-06-19,Free,Campus Campaign
C001913,Vedika Kapadia,30,Male,Chennai,Working Professional,Accountant,2025-10-28,Premium,Instagram
C001914,Harini Shenoy,29,Male,Bangalore,Working Professional,Teacher,2026-06-14,Free,Instagram
C001915,Bhavani Saini,30,Male,Bangalore,Family,Business Owner,2025-08-14,Free,Instagram
C001916,Owen Nori,53,Female,Vijayawada,Working Professional,Doctor,2025-08-28,Premium,YouTube
C001917,Mason Kibe,24,Female,Chennai,Family,Teacher,2024-08-30,Free,Campus Campaign
C001918,Triveni Bumb,24,Male,Vijayawada,Family,Teacher,2026-03-24,Free,Referral
C001919,Quincy Chahal,38,Male,Vijayawada,Working Professional,Teacher,2026-05-16,Premium,Google
C001920,Abhimanyu Bhattacharyya,28,Female,Bangalore,Family,Teacher,2025-06-03,Free,Instagram
C001921,Yadavi Kuruvilla,57,Male,Chennai,Student,Student,2025-01-28,Free,YouTube
C001922,Janaki Batta,60,Male,Coimbatore,Student,Student,2026-04-28,Premium,Google
C001923,Aarna Bhandari,58,Male,Hyderabad,Family,Homemaker,2025-07-20,Premium,YouTube
C001924,Victor Ganesan,41,Male,Bangalore,Student,Student,2026-02-09,Premium,Campus Campaign
C001925,Bina Suresh,23,Female,Chennai,Family,Teacher,2025-03-18,Premium,Instagram
C001926,Ojasvi Krishna,43,Male,Hyderabad,Family,Homemaker,2025-05-11,Free,Referral
C001927,Yamini Kohli,37,Female,Bangalore,Working Professional,Software Engineer,2025-05-20,Premium,Referral
C001928,Upkaar Sengupta,40,Male,Vijayawada,Student,Student,2025-03-29,Free,Referral
C001929,Ubika Shanker,55,Female,Vijayawada,Family,Business Owner,2025-05-14,Free,YouTube
C001930,Yatin Raja,49,Female,Chennai,Family,Teacher,2025-11-15,Free,Campus Campaign
C001931,Falguni Chaudhari,60,Male,Hyderabad,Family,Business Owner,2025-10-04,Free,Google
C001932,Qabil Sharma,26,Female,Vijayawada,Family,Homemaker,2025-01-12,Premium,Google
C001933,Ishita Sachdev,20,Female,Bangalore,Family,Teacher,2026-02-28,Premium,Campus Campaign
C001934,Gautami Kalita,18,Female,Hyderabad,Student,Student,2025-01-06,Premium,Instagram
C001935,Tara Bobal,48,Male,Hyderabad,Family,Business Owner,2026-03-20,Premium,Instagram
C001936,Widisha Hayre,37,Female,Bangalore,Student,Student,2025-06-25,Free,Instagram
C001937,Anika Sethi,40,Female,Hyderabad,Family,Homemaker,2026-05-07,Free,Instagram
C001938,Pahal Bera,60,Male,Bangalore,Working Professional,Doctor,2026-01-04,Premium,YouTube
C001939,Chakradev Deshpande,51,Female,Chennai,Working Professional,Business Owner,2025-04-21,Free,YouTube
C001940,Onveer Mohan,54,Male,Bangalore,Working Professional,Software Engineer,2024-06-27,Free,Instagram
C001941,Gagan Lal,58,Female,Hyderabad,Working Professional,Doctor,2025-11-25,Free,Instagram
C001942,Indira Dube,18,Female,Chennai,Working Professional,Designer,2024-08-30,Premium,Campus Campaign
C001943,Madhavi Babu,22,Female,Chennai,Family,Teacher,2024-06-20,Premium,YouTube
C001944,Samuel Dasgupta,53,Female,Bangalore,Family,Teacher,2024-11-28,Free,Instagram
C001945,Nathan Balay,18,Male,Coimbatore,Working Professional,Doctor,2025-02-19,Premium,Campus Campaign
C001946,Liam Batta,43,Female,Hyderabad,Family,Business Owner,2025-06-17,Free,Google
C001947,Farhan Gandhi,39,Female,Bangalore,Working Professional,Accountant,2026-01-18,Premium,Instagram
C001948,Umang Shroff,33,Male,Bangalore,Family,Homemaker,2026-01-22,Free,Google
C001949,Jeremiah Gara,56,Male,Coimbatore,Family,Homemaker,2024-08-02,Premium,Google
C001950,Eiravati Ramesh,60,Female,Bangalore,Family,Homemaker,2026-04-27,Premium,Instagram
C001951,Maanas Shetty,48,Female,Bangalore,Student,Student,2025-06-04,Premium,Google
C001952,Prisha Bansal,41,Male,Vijayawada,Working Professional,Accountant,2025-06-18,Premium,Instagram
C001953,Timothy Karan,37,Male,Vijayawada,Student,Student,2024-08-09,Free,Instagram
C001954,Victor Dhingra,34,Female,Chennai,Family,Homemaker,2025-06-14,Premium,Referral
C001955,Anika Sodhi,44,Female,Bangalore,Student,Student,2025-10-13,Free,Google
C001956,Ayaan Varkey,47,Female,Hyderabad,Student,Student,2025-01-08,Free,Google
C001957,Gagan Krish,46,Female,Chennai,Family,Teacher,2025-04-09,Premium,Google
C001958,Umang Narain,47,Female,Vijayawada,Family,Teacher,2025-07-24,Free,Instagram
C001959,Matthew Kala,28,Male,Hyderabad,Student,Student,2025-11-18,Free,Instagram
C001960,Indira Ranganathan,58,Male,Bangalore,Student,Student,2025-12-16,Premium,YouTube
C001961,Kashish Wali,31,Male,Chennai,Student,Student,2024-09-02,Premium,Instagram
C001962,Noah Dhar,45,Female,Bangalore,Student,Student,2025-03-04,Free,Instagram
C001963,Oeshi Sehgal,59,Female,Bangalore,Family,Homemaker,2024-07-03,Premium,Referral
C001964,Arjun Hari,33,Male,Chennai,Working Professional,Accountant,2026-03-01,Free,Campus Campaign
C001965,Turvi Sachdev,52,Female,Chennai,Family,Homemaker,2026-02-28,Premium,Instagram
C001966,Jeevika Sarin,38,Male,Hyderabad,Working Professional,Designer,2024-12-14,Free,YouTube
C001967,Darpan Raval,25,Male,Hyderabad,Family,Teacher,2026-04-06,Free,Referral
C001968,Yagnesh Sengupta,37,Male,Hyderabad,Family,Teacher,2025-09-28,Premium,Instagram
C001969,Samuel Nair,37,Male,Chennai,Student,Student,2025-04-14,Premium,Instagram
C001970,Sanya Dubey,47,Male,Chennai,Family,Business Owner,2025-10-04,Premium,Referral
C001971,Hemangini De,37,Male,Bangalore,Working Professional,Software Engineer,2025-08-27,Free,Instagram
C001972,Ojasvi Mall,36,Female,Hyderabad,Family,Business Owner,2025-03-23,Free,YouTube
C001973,Warda Shukla,58,Female,Vijayawada,Working Professional,Accountant,2025-04-23,Premium,Campus Campaign
C001974,Manthan Barad,29,Female,Bangalore,Family,Business Owner,2024-11-24,Premium,Instagram
C001975,Henry Zacharia,34,Female,Bangalore,Student,Student,2025-12-01,Premium,Referral
C001976,Guneet Sachdeva,31,Female,Hyderabad,Working Professional,Teacher,2025-04-20,Free,YouTube
C001977,Jackson Borra,24,Male,Chennai,Student,Student,2025-01-22,Free,Google
C001978,Wridesh Chauhan,57,Male,Chennai,Family,Business Owner,2025-11-09,Free,Campus Campaign
C001979,Samarth Ram,49,Male,Hyderabad,Student,Student,2026-02-02,Premium,YouTube
C001980,Vidhi Deshpande,24,Female,Coimbatore,Working Professional,Software Engineer,2026-03-18,Premium,Instagram
C001981,Hredhaan Peri,41,Female,Bangalore,Family,Business Owner,2025-06-14,Premium,Instagram
C001982,Odika Contractor,59,Female,Coimbatore,Working Professional,Software Engineer,2025-10-24,Premium,Google
C001983,Aadi Singh,30,Female,Hyderabad,Working Professional,Doctor,2025-10-14,Premium,Google
C001984,Thomas Setty,20,Female,Bangalore,Family,Teacher,2025-07-16,Free,Referral
C001985,Amaira Vasa,58,Female,Coimbatore,Family,Homemaker,2025-03-30,Premium,YouTube
C001986,Robert Krishnamurthy,56,Female,Coimbatore,Working Professional,Accountant,2026-04-01,Free,Instagram
C001987,Upkaar Wason,44,Female,Bangalore,Family,Business Owner,2026-03-25,Premium,YouTube
C001988,Praneel Morar,36,Female,Bangalore,Family,Business Owner,2025-02-07,Free,Google
C001989,Adya Chopra,41,Female,Chennai,Student,Student,2026-05-21,Free,Google
C001990,Tanvi Vohra,41,Female,Chennai,Working Professional,Software Engineer,2025-05-04,Premium,Referral
C001991,Ekantika Contractor,60,Male,Hyderabad,Student,Student,2025-01-09,Free,YouTube
C001992,Vrinda De,46,Female,Hyderabad,Working Professional,Business Owner,2025-01-13,Free,YouTube
C001993,Dev Muni,46,Male,Bangalore,Working Professional,Accountant,2025-01-20,Free,Instagram
C001994,Anita Jani,33,Male,Bangalore,Family,Homemaker,2025-02-23,Premium,Google
C001995,Neelima Dewan,47,Male,Hyderabad,Working Professional,Accountant,2024-06-22,Free,Instagram
C001996,Jeevika Dugar,55,Male,Bangalore,Working Professional,Teacher,2025-10-11,Free,Instagram
C001997,Lila Khanna,29,Male,Bangalore,Family,Business Owner,2025-09-25,Premium,Google
C001998,Bhavani Johal,42,Male,Hyderabad,Family,Business Owner,2026-01-20,Premium,Google
C001999,Abha Bhakta,43,Male,Bangalore,Student,Student,2025-01-19,Premium,Instagram
C002000,Nirja Palla,57,Female,Coimbatore,Student,Student,2026-03-15,Free,Google
C002001,Ekansh Buch,31,Male,Bangalore,Family,Homemaker,2025-02-24,Free,YouTube
C002002,Alexander Loke,51,Female,Chennai,Working Professional,Teacher,2025-06-18,Premium,Google
C002003,Isaiah Bora,52,Female,Hyderabad,Working Professional,Accountant,2024-09-01,Free,Google
C002004,Barkha Dyal,21,Male,Coimbatore,Working Professional,Business Owner,2024-06-28,Free,Google
C002005,Azaan Taneja,49,Female,Bangalore,Working Professional,Designer,2025-02-26,Premium,Instagram
C002006,Upasna Kara,38,Male,Vijayawada,Family,Business Owner,2024-09-30,Free,YouTube
C002007,Gabriel Sekhon,33,Male,Bangalore,Student,Student,2025-07-02,Premium,Instagram
C002008,Nikita Ramanathan,35,Female,Bangalore,Working Professional,Business Owner,2025-09-29,Premium,YouTube
C002009,Mohini Verma,36,Male,Vijayawada,Working Professional,Software Engineer,2026-03-21,Premium,Google
C002010,Netra Ravel,31,Male,Chennai,Working Professional,Accountant,2025-04-07,Premium,Campus Campaign
C002011,Triveni Merchant,35,Male,Chennai,Working Professional,Doctor,2025-08-08,Premium,Instagram
C002012,Barkha Modi,32,Male,Chennai,Family,Homemaker,2025-08-29,Premium,Referral
C002013,Veer Hayre,51,Female,Chennai,Student,Student,2026-06-13,Free,Campus Campaign
C002014,Balhaar Khosla,53,Male,Bangalore,Working Professional,Designer,2025-03-16,Free,YouTube
C002015,Vedhika Balay,55,Male,Chennai,Family,Homemaker,2026-04-01,Free,Instagram
C002016,David Banik,29,Male,Chennai,Working Professional,Doctor,2026-03-28,Free,Google
C002017,Arya Sahni,59,Female,Bangalore,Family,Homemaker,2024-07-03,Free,Google
C002018,Aishani Rana,46,Female,Chennai,Family,Teacher,2025-02-14,Premium,Campus Campaign
C002019,Kalpit Bains,58,Male,Coimbatore,Family,Homemaker,2025-06-24,Premium,Referral
C002020,Madhav Sule,58,Male,Coimbatore,Family,Teacher,2025-08-11,Free,Instagram
C002021,Advik Sur,23,Male,Hyderabad,Family,Homemaker,2025-08-30,Premium,Campus Campaign
C002022,Ucchal Behl,46,Male,Vijayawada,Student,Student,2026-02-13,Free,Google
C002023,Idika Mahajan,59,Female,Hyderabad,Student,Student,2024-12-17,Premium,Campus Campaign
C002024,Ayaan Bhakta,26,Female,Hyderabad,Student,Student,2025-11-07,Free,Instagram
C002025,Frederick Mistry,46,Male,Chennai,Family,Homemaker,2026-04-12,Free,YouTube
C002026,Utkarsh Deep,60,Female,Chennai,Family,Homemaker,2025-02-22,Free,YouTube
C002027,Jatin Batra,24,Female,Hyderabad,Working Professional,Designer,2026-01-11,Free,Instagram
C002028,Divya Bhargava,25,Female,Hyderabad,Student,Student,2025-10-01,Premium,Google
C002029,Vihaan Goyal,42,Male,Chennai,Family,Homemaker,2025-01-11,Free,Instagram
C002030,Janani Karnik,53,Male,Bangalore,Student,Student,2026-02-14,Free,Instagram
C002031,Aryan Prashad,30,Female,Hyderabad,Student,Student,2025-09-03,Premium,Campus Campaign
C002032,Qushi Pant,24,Male,Bangalore,Student,Student,2024-12-14,Premium,Referral
C002033,George Sekhon,35,Female,Chennai,Student,Student,2025-11-24,Free,Campus Campaign
C002034,Rushil Barad,53,Male,Vijayawada,Student,Student,2026-04-18,Premium,Referral
C002035,Chatresh Chander,18,Male,Chennai,Student,Student,2025-09-30,Free,Instagram
C002036,Zaitra Nori,37,Female,Vijayawada,Family,Teacher,2025-04-24,Free,YouTube
C002037,Yasti Sankaran,46,Female,Chennai,Working Professional,Designer,2025-08-08,Premium,Instagram
C002038,Krishna Ravel,31,Male,Bangalore,Working Professional,Teacher,2025-09-16,Free,Referral
C002039,Maanas Gopal,54,Female,Chennai,Family,Homemaker,2025-07-22,Premium,Instagram
C002040,Reva Padmanabhan,54,Male,Coimbatore,Student,Student,2025-02-20,Premium,Google
C002041,Simon Chaudhari,24,Female,Chennai,Working Professional,Teacher,2025-05-30,Premium,Google
C002042,Sarthak Balakrishnan,50,Female,Hyderabad,Working Professional,Software Engineer,2024-08-02,Free,Instagram
C002043,Neelima Sabharwal,39,Female,Hyderabad,Working Professional,Accountant,2025-12-06,Free,Instagram
C002044,Oscar Bahri,60,Male,Hyderabad,Family,Homemaker,2024-08-16,Premium,Google
C002045,Rajeshri Aurora,49,Female,Chennai,Family,Homemaker,2025-07-16,Free,Referral
C002046,Onkar Bajwa,36,Male,Bangalore,Working Professional,Business Owner,2024-11-19,Free,YouTube
C002047,Aryan Dey,41,Female,Coimbatore,Working Professional,Software Engineer,2026-05-13,Free,Referral
C002048,Tanish Nadkarni,59,Female,Coimbatore,Working Professional,Accountant,2024-10-10,Free,YouTube
C002049,Vinaya Bal,19,Female,Bangalore,Family,Teacher,2025-12-22,Free,YouTube
C002050,Ekavir Bhatt,57,Female,Bangalore,Family,Teacher,2024-11-16,Premium,Instagram
C002051,Yamini Banerjee,47,Female,Chennai,Family,Homemaker,2024-08-09,Free,Referral
C002052,Umang Dara,48,Female,Chennai,Working Professional,Teacher,2025-03-19,Free,Google
C002053,Rachita Mandal,19,Female,Bangalore,Family,Teacher,2026-05-01,Free,YouTube
C002054,Dev Badal,47,Female,Vijayawada,Family,Business Owner,2024-07-10,Premium,Google
C002055,Nihal Ganguly,22,Male,Chennai,Family,Teacher,2024-09-09,Premium,Campus Campaign
C002056,Reva Bhasin,53,Female,Chennai,Working Professional,Accountant,2025-11-20,Free,Google
C002057,Om Oza,54,Female,Chennai,Student,Student,2026-05-08,Premium,Instagram
C002058,Zaid Narayanan,57,Male,Bangalore,Working Professional,Doctor,2026-03-19,Free,Google
C002059,Mohammed Nair,27,Female,Coimbatore,Family,Homemaker,2025-02-18,Free,Google
C002060,Yashvi Cherian,40,Female,Bangalore,Student,Student,2025-06-21,Free,Referral
C002061,Ekantika Bhalla,28,Female,Hyderabad,Family,Homemaker,2025-06-18,Free,Instagram
C002062,Isaac Salvi,42,Female,Bangalore,Family,Teacher,2025-08-06,Free,Campus Campaign
C002063,Gavin Sura,23,Male,Chennai,Student,Student,2026-06-15,Premium,Google
C002064,Luke Kalita,33,Female,Bangalore,Student,Student,2025-04-17,Free,Referral
C002065,Leena Sandal,25,Female,Coimbatore,Student,Student,2025-12-01,Premium,YouTube
C002066,Pallavi Gour,23,Male,Coimbatore,Working Professional,Designer,2025-05-30,Free,Google
C002067,Tarak Ranganathan,49,Male,Coimbatore,Student,Student,2025-11-23,Premium,Campus Campaign
C002068,Siya Patil,42,Male,Vijayawada,Family,Homemaker,2024-08-10,Free,Google
C002069,Vihaan Narayanan,31,Female,Bangalore,Student,Student,2025-03-08,Free,Campus Campaign
C002070,Xiti Luthra,21,Male,Chennai,Family,Teacher,2024-07-26,Premium,Google
C002071,Isaiah Jani,60,Male,Hyderabad,Family,Business Owner,2025-09-17,Free,Referral
C002072,Bhavya Naik,40,Male,Coimbatore,Student,Student,2024-12-22,Free,YouTube
C002073,Yash Keer,18,Female,Hyderabad,Working Professional,Software Engineer,2025-09-02,Premium,Instagram
C002074,Dalaja Rau,33,Male,Chennai,Family,Business Owner,2026-06-15,Premium,Campus Campaign
C002075,Ekavir Bhatt,28,Male,Bangalore,Working Professional,Software Engineer,2024-06-25,Free,Google
C002076,Ethan Sengupta,24,Female,Chennai,Student,Student,2026-01-24,Free,Google
C002077,Shravya Chopra,35,Male,Chennai,Family,Homemaker,2025-04-12,Free,Referral
C002078,Zaid Samra,48,Male,Hyderabad,Student,Student,2024-12-21,Premium,Campus Campaign
C002079,Gautami Raju,51,Female,Coimbatore,Student,Student,2025-08-20,Free,YouTube
C002080,Isaiah Buch,45,Male,Chennai,Family,Homemaker,2024-08-13,Premium,Google
C002081,Naksh Buch,28,Female,Chennai,Family,Homemaker,2024-06-28,Premium,YouTube
C002082,Owen Arora,30,Female,Chennai,Student,Student,2025-07-11,Premium,Referral
C002083,Raksha Pillai,59,Female,Coimbatore,Family,Business Owner,2026-04-06,Free,Instagram
C002084,Yug Dua,54,Female,Coimbatore,Family,Homemaker,2025-10-12,Free,Referral
C002085,Pranav Deshpande,30,Female,Bangalore,Student,Student,2025-07-17,Premium,Referral
C002086,Yashodhara Purohit,32,Male,Bangalore,Working Professional,Accountant,2025-06-26,Free,Campus Campaign
C002087,Niharika Chaudhari,56,Female,Hyderabad,Working Professional,Accountant,2025-03-18,Premium,Campus Campaign
C002088,Baljiwan Sagar,31,Male,Coimbatore,Working Professional,Accountant,2025-12-17,Free,Referral
C002089,Azad Gandhi,42,Male,Bangalore,Student,Student,2025-07-04,Premium,Google
C002090,Rushil Behl,29,Male,Vijayawada,Working Professional,Teacher,2025-08-23,Free,YouTube
C002091,Yatan Dash,41,Male,Bangalore,Family,Teacher,2026-03-14,Free,Google
C002092,Chakradev Dayal,37,Male,Chennai,Working Professional,Business Owner,2024-08-11,Free,Instagram
C002093,Anjali Lall,50,Female,Hyderabad,Student,Student,2026-01-25,Free,Referral
C002094,Wridesh Chanda,33,Male,Chennai,Working Professional,Accountant,2024-10-04,Premium,Google
C002095,Yahvi Jha,18,Female,Chennai,Working Professional,Doctor,2025-10-31,Free,Referral
C002096,Harinakshi Acharya,32,Male,Chennai,Working Professional,Designer,2025-12-03,Premium,Instagram
C002097,Abhimanyu Walia,60,Male,Chennai,Family,Teacher,2024-12-23,Free,Google
C002098,Omaja Sarin,43,Male,Coimbatore,Working Professional,Doctor,2025-06-30,Free,YouTube
C002099,Manan Mohan,43,Female,Chennai,Student,Student,2024-11-29,Premium,YouTube
C002100,Saanvi Date,30,Male,Coimbatore,Working Professional,Software Engineer,2025-01-08,Free,Instagram
C002101,Zehaan Menon,22,Female,Bangalore,Student,Student,2024-07-08,Free,Google
C002102,Ganga Gandhi,21,Male,Coimbatore,Student,Student,2024-11-04,Premium,YouTube
C002103,Isha Bhavsar,55,Male,Coimbatore,Family,Homemaker,2025-11-02,Premium,Campus Campaign
C002104,Ansh Wason,46,Female,Vijayawada,Family,Homemaker,2025-02-12,Premium,Instagram
C002105,Urvashi Prashad,52,Female,Vijayawada,Student,Student,2024-11-09,Premium,Google
C002106,Laksh Kapadia,33,Female,Hyderabad,Student,Student,2024-12-01,Premium,YouTube
C002107,Harini Soni,35,Male,Chennai,Working Professional,Teacher,2025-08-14,Free,YouTube
C002108,Anmol Doctor,41,Male,Bangalore,Student,Student,2026-04-04,Free,Campus Campaign
C002109,Janani Dara,37,Female,Hyderabad,Family,Teacher,2025-02-21,Premium,Referral
C002110,Mahika Keer,46,Male,Chennai,Family,Homemaker,2025-01-05,Free,YouTube
C002111,Jagdish Kala,21,Female,Coimbatore,Family,Homemaker,2024-12-26,Free,Referral
C002112,Nihal Apte,29,Male,Coimbatore,Family,Teacher,2025-07-20,Premium,YouTube
C002113,Mitali Bawa,23,Male,Hyderabad,Working Professional,Doctor,2025-03-11,Free,Google
C002114,Indrajit Menon,53,Male,Bangalore,Student,Student,2024-09-17,Free,YouTube
C002115,Kalpit Narain,58,Male,Hyderabad,Working Professional,Doctor,2025-06-20,Premium,YouTube
C002116,Isaiah Ratta,60,Male,Bangalore,Student,Student,2025-08-17,Free,Referral
C002117,Arunima Naidu,57,Female,Coimbatore,Working Professional,Software Engineer,2025-11-21,Free,YouTube
C002118,Gauri Agrawal,22,Male,Chennai,Student,Student,2025-05-23,Free,Instagram
C002119,Jai Tiwari,60,Female,Chennai,Student,Student,2025-08-16,Premium,Referral
C002120,Amrita Bakshi,26,Male,Hyderabad,Family,Teacher,2025-03-07,Premium,Instagram
C002121,Quincy Sharma,29,Male,Chennai,Student,Student,2026-05-31,Free,YouTube
C002122,Qushi Dara,35,Male,Vijayawada,Family,Homemaker,2025-11-03,Free,YouTube
C002123,Harshil Mohan,37,Female,Coimbatore,Working Professional,Accountant,2024-12-06,Free,Referral
C002124,Harinakshi Prashad,24,Male,Hyderabad,Student,Student,2024-07-04,Free,Instagram
C002125,Hredhaan Purohit,35,Female,Coimbatore,Working Professional,Software Engineer,2026-05-03,Free,YouTube
C002126,Kala Edwin,60,Male,Bangalore,Working Professional,Teacher,2025-02-23,Premium,Campus Campaign
C002127,Bachittar Dasgupta,43,Male,Bangalore,Student,Student,2025-11-05,Free,Referral
C002128,Vasana Zacharia,35,Male,Hyderabad,Working Professional,Accountant,2025-05-12,Free,YouTube
C002129,Victor Dube,56,Male,Bangalore,Working Professional,Business Owner,2025-03-11,Free,Google
C002130,Yashawini Bhat,31,Female,Bangalore,Working Professional,Doctor,2025-09-24,Free,Google
C002131,Ekansh Gaba,37,Female,Chennai,Working Professional,Designer,2025-10-17,Free,Google
C002132,Jagvi Munshi,39,Female,Coimbatore,Family,Teacher,2025-04-03,Free,YouTube
C002133,Advika Gour,57,Male,Hyderabad,Family,Teacher,2026-02-06,Premium,Campus Campaign
C002134,Anirudh Narayanan,56,Male,Vijayawada,Working Professional,Business Owner,2024-07-31,Premium,YouTube
C002135,Timothy Sule,57,Female,Coimbatore,Student,Student,2024-08-24,Free,Instagram
C002136,Nidhi Toor,18,Female,Coimbatore,Working Professional,Software Engineer,2025-10-09,Premium,Referral
C002137,Zayan Rastogi,21,Female,Chennai,Family,Business Owner,2025-04-20,Free,Google
C002138,Jeet Munshi,22,Female,Hyderabad,Working Professional,Accountant,2024-09-17,Free,Google
C002139,Udarsh Behl,27,Male,Bangalore,Family,Business Owner,2025-01-02,Premium,Referral
C002140,Vedika Sodhi,53,Male,Hyderabad,Student,Student,2025-10-18,Free,YouTube
C002141,Dalaja Bhatia,25,Male,Hyderabad,Student,Student,2024-08-02,Premium,YouTube
C002142,Ucchal Kothari,33,Female,Chennai,Student,Student,2025-03-05,Free,Campus Campaign
C002143,Ati Viswanathan,47,Male,Bangalore,Family,Teacher,2024-12-31,Free,Referral
C002144,Qadim Dutt,19,Male,Coimbatore,Family,Teacher,2025-01-13,Free,Google
C002145,Krishna Merchant,18,Male,Chennai,Family,Business Owner,2025-08-01,Free,Google
C002146,Sai Sur,32,Male,Coimbatore,Working Professional,Business Owner,2025-01-14,Premium,Referral
C002147,Gagan Bath,22,Male,Bangalore,Student,Student,2025-09-02,Premium,YouTube
C002148,Girik Wali,39,Female,Chennai,Student,Student,2025-04-13,Free,YouTube
C002149,Gautami Soman,39,Male,Bangalore,Student,Student,2024-07-31,Free,Google
C002150,Yashodhara Som,24,Female,Coimbatore,Working Professional,Accountant,2025-12-28,Free,Referral
C002151,Hitesh Lall,54,Female,Chennai,Working Professional,Teacher,2024-10-08,Premium,YouTube
C002152,Christopher Nayar,25,Male,Chennai,Student,Student,2025-07-13,Premium,Instagram
C002153,Keya Lal,46,Female,Chennai,Student,Student,2024-06-19,Premium,Google
C002154,Pranav Sem,44,Male,Chennai,Student,Student,2025-12-13,Free,YouTube
C002155,Inaya Gole,43,Male,Bangalore,Student,Student,2024-10-22,Free,Referral
C002156,Lakshit Dyal,46,Male,Vijayawada,Family,Business Owner,2026-03-20,Premium,Google
C002157,Yamini Swaminathan,25,Male,Vijayawada,Working Professional,Software Engineer,2026-03-13,Premium,Instagram
C002158,Yashawini Wadhwa,30,Female,Hyderabad,Working Professional,Business Owner,2026-02-26,Premium,Google
C002159,Dhruv Gopal,34,Male,Vijayawada,Student,Student,2024-07-24,Premium,Referral
C002160,Nathan Ganguly,58,Female,Chennai,Student,Student,2026-05-03,Premium,YouTube
C002161,Aadhya Kant,36,Female,Bangalore,Family,Homemaker,2025-07-26,Free,Instagram
C002162,Harita Uppal,42,Male,Chennai,Family,Business Owner,2026-03-27,Free,Google
C002163,Sai Karpe,41,Female,Bangalore,Family,Business Owner,2026-03-14,Free,Campus Campaign
C002164,Libni Parsa,45,Male,Chennai,Student,Student,2026-06-05,Premium,Campus Campaign
C002165,Upma Mital,48,Male,Hyderabad,Family,Teacher,2025-06-04,Premium,YouTube
C002166,Yadavi Narayan,40,Male,Chennai,Family,Business Owner,2024-07-19,Premium,Campus Campaign
C002167,Chaitaly Tripathi,35,Female,Chennai,Family,Business Owner,2025-10-25,Free,Google
C002168,Ridhi Khare,21,Female,Chennai,Family,Teacher,2024-09-13,Premium,YouTube
C002169,Rayaan Sagar,20,Male,Coimbatore,Student,Student,2026-01-24,Free,Referral
C002170,Charan Mallick,29,Male,Chennai,Student,Student,2025-02-12,Premium,Referral
C002171,Harrison Gola,58,Female,Chennai,Student,Student,2024-08-25,Premium,Campus Campaign
C002172,Ronith Ben,29,Male,Coimbatore,Working Professional,Doctor,2025-10-22,Free,YouTube
C002173,Brinda Bhargava,18,Male,Chennai,Working Professional,Doctor,2025-08-07,Free,YouTube
C002174,Indira Saini,49,Male,Hyderabad,Family,Homemaker,2025-04-01,Free,Campus Campaign
C002175,Dayamai Parekh,31,Male,Chennai,Family,Business Owner,2026-02-26,Free,Campus Campaign
C002176,Girindra Shroff,37,Female,Chennai,Family,Teacher,2025-03-12,Free,Instagram
C002177,Neel Dhar,60,Male,Hyderabad,Family,Homemaker,2025-09-14,Premium,Referral
C002178,Rehaan Walla,54,Female,Vijayawada,Family,Teacher,2026-05-21,Premium,Referral
C002179,Andrew Kota,23,Female,Chennai,Working Professional,Teacher,2026-01-08,Free,Referral
C002180,Samarth Buch,35,Male,Bangalore,Working Professional,Teacher,2025-06-13,Free,YouTube
C002181,Aarnav Rout,57,Female,Vijayawada,Student,Student,2025-08-01,Premium,Google
C002182,Januja Konda,52,Male,Coimbatore,Family,Homemaker,2026-01-05,Premium,Campus Campaign
C002183,Chandani Parikh,33,Female,Chennai,Working Professional,Software Engineer,2025-01-03,Premium,Google
C002184,Ronith Borde,38,Female,Hyderabad,Family,Business Owner,2024-12-20,Free,Google
C002185,Mugdha Narula,49,Female,Hyderabad,Family,Teacher,2025-07-09,Premium,Campus Campaign
C002186,Yahvi Mangal,27,Male,Bangalore,Family,Business Owner,2026-01-26,Free,YouTube
C002187,Kala Varghese,59,Male,Chennai,Family,Business Owner,2025-02-08,Premium,Campus Campaign
C002188,Dalaja Sule,37,Female,Chennai,Student,Student,2026-05-13,Free,Instagram
C002189,Manya Nayar,44,Female,Chennai,Working Professional,Business Owner,2024-09-06,Premium,Referral
C002190,Ekaraj Ganesan,53,Female,Hyderabad,Working Professional,Teacher,2024-10-13,Free,Referral
C002191,Lajita Thaman,60,Male,Chennai,Family,Homemaker,2026-01-01,Free,Campus Campaign
C002192,Chandani Ganesan,40,Female,Chennai,Student,Student,2024-09-07,Free,Campus Campaign
C002193,Aayush Pillai,44,Male,Chennai,Family,Teacher,2025-03-24,Premium,Referral
C002194,Hardik Buch,38,Female,Hyderabad,Working Professional,Doctor,2024-10-30,Free,Instagram
C002195,Parth Choudhary,35,Male,Coimbatore,Family,Homemaker,2025-05-05,Free,YouTube
C002196,Yachana Thaman,50,Male,Hyderabad,Student,Student,2024-11-24,Free,Instagram
C002197,Jason Subramaniam,39,Male,Chennai,Working Professional,Software Engineer,2025-04-14,Premium,Google
C002198,Eshana Mukherjee,23,Female,Coimbatore,Family,Teacher,2025-10-06,Free,YouTube
C002199,Owen Sampath,25,Female,Bangalore,Working Professional,Designer,2025-07-03,Free,Instagram
C002200,Rehaan Sahni,58,Female,Hyderabad,Student,Student,2025-06-02,Free,Instagram
C002201,Jhalak Joshi,27,Female,Chennai,Family,Homemaker,2025-12-14,Premium,YouTube
C002202,Timothy Grewal,58,Female,Bangalore,Working Professional,Designer,2025-09-04,Free,Google
C002203,Tanmayi Tara,26,Male,Chennai,Student,Student,2024-10-29,Premium,Campus Campaign
C002204,Ikbal Sridhar,31,Male,Chennai,Student,Student,2025-01-06,Premium,Instagram
C002205,Avi Gera,47,Female,Hyderabad,Student,Student,2025-02-05,Premium,Referral
C002206,Janani Dua,59,Female,Hyderabad,Family,Teacher,2024-07-17,Premium,Referral
C002207,Upadhriti Panchal,57,Male,Coimbatore,Student,Student,2024-12-12,Free,YouTube
C002208,Riya Sama,40,Male,Vijayawada,Working Professional,Designer,2024-07-23,Premium,Referral
C002209,Ladli Chaudhry,25,Female,Bangalore,Family,Business Owner,2026-06-16,Free,Instagram
C002210,Karan Chhabra,60,Female,Hyderabad,Working Professional,Software Engineer,2025-08-07,Free,Referral
C002211,Hemang Hari,41,Male,Hyderabad,Working Professional,Accountant,2025-08-26,Free,Campus Campaign
C002212,Sudiksha Kothari,43,Male,Hyderabad,Working Professional,Accountant,2025-08-06,Premium,Google
C002213,Nirja Krishna,25,Male,Chennai,Family,Teacher,2024-08-09,Premium,Referral
C002214,Teerth Mallick,60,Female,Bangalore,Family,Homemaker,2026-05-16,Free,Referral
C002215,Pushti Malhotra,58,Female,Bangalore,Working Professional,Designer,2025-07-01,Premium,Instagram
C002216,Jack Shan,53,Male,Chennai,Working Professional,Doctor,2025-08-31,Premium,Instagram
C002217,Chameli Merchant,36,Male,Coimbatore,Working Professional,Teacher,2025-10-23,Free,Referral
C002218,Noah Ratti,55,Female,Chennai,Working Professional,Business Owner,2024-10-12,Free,Campus Campaign
C002219,Kala Chandran,26,Male,Bangalore,Family,Business Owner,2025-03-05,Premium,Referral
C002220,Shravya Sarma,40,Male,Bangalore,Family,Homemaker,2025-05-10,Free,Google
C002221,Harita Sama,33,Male,Chennai,Student,Student,2024-10-11,Free,Google
C002222,Wriddhish Ahuja,35,Female,Chennai,Student,Student,2024-08-09,Premium,Referral
C002223,Manan Nagar,34,Female,Chennai,Family,Teacher,2026-03-12,Free,Google
C002224,Neelima Sami,52,Male,Bangalore,Student,Student,2025-06-14,Free,Campus Campaign
C002225,Wahab Samra,43,Male,Hyderabad,Family,Teacher,2025-04-04,Premium,Referral
C002226,Harrison Chana,18,Female,Chennai,Working Professional,Software Engineer,2025-01-20,Free,Google
C002227,Balhaar Sankaran,42,Female,Bangalore,Family,Homemaker,2025-10-05,Free,YouTube
C002228,Onveer Pillai,19,Male,Hyderabad,Family,Business Owner,2026-02-18,Free,Referral
C002229,Qabil Dora,53,Male,Bangalore,Student,Student,2024-11-17,Free,Referral
C002230,Hamsini Sankar,25,Female,Chennai,Family,Business Owner,2024-12-05,Premium,Referral
C002231,Ranbir Agrawal,49,Male,Chennai,Family,Homemaker,2026-05-25,Free,YouTube
C002232,Onkar Krishnamurthy,47,Male,Chennai,Student,Student,2025-09-06,Free,YouTube
C002233,Andrew Gandhi,27,Male,Hyderabad,Working Professional,Business Owner,2024-09-08,Free,Campus Campaign
C002234,Laban Pai,50,Male,Chennai,Family,Business Owner,2026-02-04,Premium,YouTube
C002235,Urvashi Dar,41,Female,Bangalore,Working Professional,Business Owner,2025-01-15,Free,Google
C002236,Abeer Konda,41,Male,Hyderabad,Working Professional,Business Owner,2024-11-30,Premium,Campus Campaign
C002237,Arunima Johal,40,Male,Bangalore,Family,Homemaker,2026-04-08,Premium,Google
C002238,Frederick Wason,36,Male,Chennai,Family,Homemaker,2025-09-04,Free,Google
C002239,Nachiket Sachdev,22,Female,Hyderabad,Working Professional,Doctor,2024-12-14,Free,Instagram
C002240,Onkar Basak,32,Female,Bangalore,Student,Student,2025-06-18,Premium,Referral
C002241,Xalak Batra,45,Female,Coimbatore,Student,Student,2025-03-14,Free,Referral
C002242,Unnati Sekhon,51,Female,Bangalore,Family,Homemaker,2026-01-09,Free,Instagram
C002243,Yasti Pau,29,Female,Coimbatore,Student,Student,2025-09-25,Premium,YouTube
C002244,Omkaar Panchal,21,Female,Coimbatore,Student,Student,2025-04-23,Premium,Referral
C002245,Harish Dugar,34,Male,Bangalore,Working Professional,Designer,2025-10-29,Free,Instagram
C002246,Anjali Wable,46,Female,Chennai,Working Professional,Designer,2026-02-05,Free,Referral
C002247,Banjeet Krish,56,Female,Vijayawada,Student,Student,2024-11-15,Premium,Instagram
C002248,Chandresh Cheema,52,Male,Chennai,Family,Homemaker,2025-07-12,Free,Referral
C002249,Unni Basak,46,Male,Vijayawada,Student,Student,2025-12-02,Premium,Referral
C002250,Nikita Khatri,52,Male,Coimbatore,Student,Student,2024-12-03,Free,YouTube
C002251,Chandresh Prabhakar,31,Male,Hyderabad,Family,Teacher,2025-01-28,Premium,Google
C002252,Rajata Handa,42,Male,Vijayawada,Working Professional,Business Owner,2025-05-23,Premium,Instagram
C002253,Aachal Modi,51,Male,Bangalore,Student,Student,2025-12-03,Free,Google
C002254,Zehaan Sahni,20,Female,Coimbatore,Family,Business Owner,2024-07-19,Premium,Google
C002255,Unnati Sengupta,21,Male,Chennai,Student,Student,2025-02-22,Free,Referral
C002256,Yoshita Tripathi,50,Male,Coimbatore,Student,Student,2026-01-26,Premium,Referral
C002257,Raagini Kothari,31,Male,Bangalore,Family,Teacher,2026-06-01,Free,YouTube
C002258,Aachal Tak,31,Female,Bangalore,Family,Homemaker,2025-09-04,Free,YouTube
C002259,Ijaya Gaba,25,Male,Bangalore,Student,Student,2024-11-24,Free,Referral
C002260,Gaurangi Sarin,58,Male,Chennai,Family,Homemaker,2026-05-02,Premium,Instagram
C002261,Neha Sani,58,Male,Coimbatore,Family,Teacher,2025-11-30,Premium,Instagram
C002262,Rishi Kata,36,Male,Hyderabad,Working Professional,Business Owner,2025-06-30,Premium,YouTube
C002263,Vedika Narula,57,Female,Chennai,Student,Student,2025-10-12,Premium,Campus Campaign
C002264,Om Ramakrishnan,28,Female,Hyderabad,Family,Homemaker,2025-06-03,Premium,Campus Campaign
C002265,Madhavi Sathe,54,Male,Chennai,Working Professional,Accountant,2025-10-31,Free,Campus Campaign
C002266,Nachiket Chana,26,Female,Hyderabad,Family,Teacher,2025-12-27,Premium,YouTube
C002267,Bhanumati Agarwal,32,Male,Chennai,Student,Student,2025-12-03,Free,Campus Campaign
C002268,Vaishnavi Issac,47,Female,Hyderabad,Working Professional,Software Engineer,2024-10-18,Premium,Campus Campaign
C002269,Om Bali,25,Female,Chennai,Working Professional,Accountant,2025-06-18,Premium,Instagram
C002270,Yashica Sen,30,Male,Vijayawada,Working Professional,Accountant,2025-11-23,Free,Google
C002271,Vedant Gala,50,Female,Bangalore,Working Professional,Teacher,2024-06-29,Premium,Campus Campaign
C002272,Balhaar Kalita,54,Male,Chennai,Family,Homemaker,2026-01-18,Free,Google
C002273,Finn Cheema,28,Female,Coimbatore,Student,Student,2025-07-24,Free,Campus Campaign
C002274,Yauvani Talwar,48,Female,Coimbatore,Family,Business Owner,2024-12-22,Free,Instagram
C002275,Janaki Aggarwal,41,Female,Bangalore,Family,Business Owner,2026-04-29,Free,YouTube
C002276,Upadhriti Bandi,58,Female,Bangalore,Working Professional,Software Engineer,2025-08-18,Premium,YouTube
C002277,Shaurya Bhatia,20,Male,Chennai,Family,Teacher,2024-09-26,Free,YouTube
C002278,Geetika Mody,34,Female,Chennai,Student,Student,2024-08-14,Free,Campus Campaign
C002279,Chaitaly Dar,60,Female,Chennai,Working Professional,Software Engineer,2025-01-25,Free,Google
C002280,Vidhi Ratti,26,Male,Coimbatore,Family,Teacher,2025-09-19,Free,Google
C002281,Simon Tank,20,Male,Bangalore,Family,Teacher,2024-08-19,Free,Google
C002282,Jagvi Balan,48,Female,Chennai,Student,Student,2026-04-16,Free,Referral
C002283,Jai Bava,21,Male,Bangalore,Student,Student,2024-10-17,Premium,Instagram
C002284,Anika Kakar,33,Female,Chennai,Working Professional,Teacher,2026-06-05,Premium,Google
C002285,Arjun Subramaniam,29,Female,Hyderabad,Working Professional,Designer,2025-08-06,Free,Campus Campaign
C002286,Darpan Bumb,35,Female,Bangalore,Working Professional,Teacher,2024-09-13,Premium,Google
C002287,Elijah Balakrishnan,42,Male,Hyderabad,Working Professional,Doctor,2025-05-06,Free,Campus Campaign
C002288,Yatin Kala,40,Male,Coimbatore,Student,Student,2025-09-12,Premium,Campus Campaign
C002289,Rudra Amble,52,Male,Chennai,Family,Homemaker,2026-04-15,Premium,Google
C002290,Darsh Subramanian,27,Female,Bangalore,Working Professional,Teacher,2024-07-27,Premium,Instagram
C002291,Baghyawati Kala,28,Female,Bangalore,Working Professional,Teacher,2025-06-25,Premium,Google
C002292,Janaki Oza,37,Male,Hyderabad,Family,Homemaker,2025-12-05,Free,Referral
C002293,Jairaj Shankar,25,Female,Chennai,Working Professional,Business Owner,2025-07-05,Free,YouTube
C002294,Zayan Bakshi,28,Female,Bangalore,Family,Business Owner,2026-01-27,Free,Instagram
C002295,Ryan Jaggi,19,Female,Chennai,Family,Homemaker,2025-06-16,Premium,Google
C002296,Prisha Murthy,19,Male,Bangalore,Working Professional,Doctor,2026-06-13,Free,Instagram
C002297,Tristan Batra,31,Female,Hyderabad,Working Professional,Teacher,2026-03-26,Premium,Instagram
C002298,Arin Yadav,44,Male,Bangalore,Working Professional,Business Owner,2025-06-20,Premium,Google
C002299,Nandini Badal,22,Female,Vijayawada,Working Professional,Accountant,2026-05-28,Free,YouTube
C002300,Upkaar Narasimhan,22,Male,Bangalore,Student,Student,2025-12-06,Premium,Referral
C002301,Champak Jayaraman,35,Female,Coimbatore,Student,Student,2025-10-25,Free,Google
C002302,Bhavani Puri,53,Female,Chennai,Family,Business Owner,2026-01-24,Free,Google
C002303,Rishi Kapadia,37,Male,Bangalore,Student,Student,2026-05-14,Premium,Campus Campaign
C002304,Aditya Venkatesh,27,Male,Vijayawada,Student,Student,2024-10-05,Free,Google
C002305,Arjun Ratti,58,Female,Coimbatore,Student,Student,2025-11-09,Premium,Instagram
C002306,Vedhika Raghavan,43,Female,Coimbatore,Student,Student,2026-04-05,Premium,Campus Campaign
C002307,Upma Samra,34,Female,Chennai,Family,Business Owner,2024-07-04,Free,Campus Campaign
C002308,Lopa Chadha,22,Female,Hyderabad,Working Professional,Accountant,2024-07-22,Free,YouTube
C002309,Hritik Amble,58,Female,Vijayawada,Student,Student,2026-05-04,Premium,YouTube
C002310,Meera Puri,22,Male,Hyderabad,Student,Student,2025-11-04,Free,Referral
C002311,Joshua Mann,49,Female,Hyderabad,Family,Business Owner,2025-03-15,Free,Google
C002312,Avni Sabharwal,43,Female,Chennai,Working Professional,Business Owner,2025-09-26,Free,Google
C002313,Omisha Kaul,59,Male,Chennai,Student,Student,2024-10-26,Premium,Referral
C002314,Mohini Vora,54,Female,Vijayawada,Student,Student,2025-01-07,Free,Referral
C002315,Oni Kant,38,Female,Vijayawada,Family,Homemaker,2026-04-04,Premium,Referral
C002316,Reva Majumdar,28,Male,Chennai,Student,Student,2026-03-13,Free,YouTube
C002317,Indali Kant,52,Male,Chennai,Family,Teacher,2024-08-23,Premium,YouTube
C002318,Tara Bahri,51,Female,Hyderabad,Student,Student,2025-10-12,Premium,Google
C002319,Ekbal Batta,30,Male,Hyderabad,Working Professional,Doctor,2025-10-29,Premium,YouTube
C002320,Dominic Anand,45,Female,Hyderabad,Family,Homemaker,2025-05-04,Free,Referral
C002321,Tarak Nanda,52,Male,Coimbatore,Student,Student,2025-06-13,Premium,Instagram
C002322,Ira Kar,49,Male,Coimbatore,Student,Student,2026-02-16,Free,YouTube
C002323,Mohini Sarraf,45,Male,Chennai,Family,Business Owner,2026-02-11,Premium,Campus Campaign
C002324,Amrita Deol,19,Female,Chennai,Family,Teacher,2024-10-22,Premium,Google
C002325,Imaran Varghese,24,Male,Hyderabad,Working Professional,Software Engineer,2025-06-10,Premium,Referral
C002326,Sarthak Srinivas,27,Male,Coimbatore,Student,Student,2026-01-05,Premium,Campus Campaign
C002327,Sara Shan,45,Male,Chennai,Family,Business Owner,2026-04-26,Premium,Campus Campaign
C002328,Aarini Gour,48,Male,Vijayawada,Student,Student,2026-04-14,Premium,Google
C002329,Shaurya Acharya,26,Female,Bangalore,Working Professional,Designer,2024-12-17,Free,YouTube
C002330,Hritik Padmanabhan,33,Female,Bangalore,Working Professional,Doctor,2024-06-16,Free,Google
C002331,Tristan Soman,30,Female,Chennai,Student,Student,2024-10-06,Premium,Referral
C002332,Triya Shan,53,Male,Bangalore,Student,Student,2026-05-04,Premium,Instagram
C002333,Jyoti Batta,60,Male,Bangalore,Working Professional,Designer,2024-06-27,Free,Referral
C002334,Meghana Pathak,41,Male,Chennai,Family,Business Owner,2025-05-19,Free,Instagram
C002335,Dayita Reddy,22,Male,Vijayawada,Student,Student,2025-02-25,Premium,Referral
C002336,Mitali Pau,32,Male,Bangalore,Family,Business Owner,2024-12-27,Premium,Referral
C002337,Ronith Rege,38,Male,Hyderabad,Family,Homemaker,2025-07-11,Free,YouTube
C002338,Viraj Mani,27,Male,Coimbatore,Family,Teacher,2025-02-24,Free,Referral
C002339,Radha Sengupta,58,Female,Chennai,Student,Student,2025-03-10,Premium,Google
C002340,Liam Kalla,29,Male,Coimbatore,Working Professional,Business Owner,2026-03-31,Premium,Google
C002341,Yashasvi Bhavsar,24,Female,Hyderabad,Family,Teacher,2024-12-08,Free,Referral
C002342,Chaaya Lad,56,Male,Bangalore,Family,Teacher,2025-05-06,Free,Google
C002343,Shivani Kara,30,Female,Bangalore,Family,Business Owner,2024-07-18,Premium,Referral
C002344,Yutika Muni,21,Female,Bangalore,Family,Teacher,2025-03-16,Premium,Instagram
C002345,Neha Prakash,18,Male,Hyderabad,Family,Homemaker,2024-10-14,Premium,Referral
C002346,Sathvik Grewal,55,Female,Chennai,Family,Homemaker,2026-01-12,Free,Instagram
C002347,Maanas Kohli,30,Female,Hyderabad,Student,Student,2026-03-21,Free,YouTube
C002348,Aryan Dhar,19,Female,Bangalore,Family,Business Owner,2026-04-17,Premium,Google
C002349,Kavya Pillai,50,Female,Hyderabad,Student,Student,2024-09-06,Premium,Instagram
C002350,Harinakshi Date,19,Male,Bangalore,Student,Student,2026-01-16,Premium,YouTube
C002351,Vrishti De,24,Male,Hyderabad,Family,Teacher,2025-01-18,Premium,Google
C002352,Henry Kibe,29,Male,Bangalore,Student,Student,2024-10-12,Free,Google
C002353,Xalak Sachdev,29,Female,Hyderabad,Family,Business Owner,2025-04-17,Free,Campus Campaign
C002354,Dominic Korpal,31,Male,Hyderabad,Student,Student,2026-02-07,Premium,YouTube
C002355,Hemani Wali,33,Female,Vijayawada,Student,Student,2024-06-26,Free,Campus Campaign
C002356,Bachittar Goel,58,Male,Chennai,Student,Student,2025-05-16,Free,Referral
C002357,Upasna Chaudhry,18,Female,Hyderabad,Student,Student,2026-03-18,Free,Referral
C002358,Zayyan Bakshi,49,Female,Chennai,Working Professional,Accountant,2026-04-25,Premium,YouTube
C002359,Teerth Balasubramanian,44,Female,Chennai,Working Professional,Software Engineer,2024-07-12,Free,Campus Campaign
C002360,Radha Ravi,29,Male,Coimbatore,Working Professional,Software Engineer,2025-01-21,Premium,Instagram
C002361,Ayushman Hari,54,Male,Bangalore,Working Professional,Software Engineer,2024-12-17,Premium,Campus Campaign
C002362,Rajata Grover,30,Female,Bangalore,Student,Student,2024-07-09,Premium,YouTube
C002363,Thomas Shan,54,Male,Coimbatore,Family,Business Owner,2024-08-29,Premium,Instagram
C002364,Gopal Sibal,41,Female,Bangalore,Student,Student,2025-10-01,Free,YouTube
C002365,Hritik Tandon,25,Male,Hyderabad,Working Professional,Accountant,2025-11-01,Premium,Campus Campaign
C002366,Arya Boase,23,Male,Bangalore,Family,Homemaker,2024-07-16,Premium,Google
C002367,Ayaan Sarkar,46,Male,Coimbatore,Working Professional,Designer,2024-11-26,Premium,Referral
C002368,Chatura Zacharia,57,Male,Bangalore,Family,Teacher,2025-11-18,Free,Referral
C002369,Thomas Bajwa,30,Female,Vijayawada,Family,Teacher,2024-07-16,Premium,Google
C002370,Nakul Bhatt,59,Female,Vijayawada,Family,Business Owner,2024-08-14,Premium,Google
C002371,Bhanumati Bains,48,Male,Coimbatore,Family,Business Owner,2024-11-23,Premium,Campus Campaign
C002372,Champak Kohli,47,Female,Hyderabad,Student,Student,2025-09-01,Premium,Google
C002373,David Viswanathan,40,Male,Vijayawada,Family,Teacher,2025-09-12,Free,YouTube
C002374,Aashi Sur,43,Female,Chennai,Student,Student,2024-10-27,Premium,YouTube
C002375,Ranbir Mann,44,Female,Vijayawada,Student,Student,2024-08-13,Premium,Campus Campaign
C002376,Abeer Dasgupta,56,Female,Bangalore,Student,Student,2025-11-07,Free,Campus Campaign
C002377,Timothy Talwar,53,Female,Coimbatore,Working Professional,Doctor,2024-07-14,Premium,Google
C002378,Barkha Venkataraman,54,Male,Bangalore,Working Professional,Teacher,2024-11-05,Premium,YouTube
C002379,Abeer Cherian,32,Female,Chennai,Student,Student,2025-08-02,Premium,Referral
C002380,Dalaja Rajagopal,23,Female,Coimbatore,Family,Homemaker,2025-10-26,Premium,Google
C002381,Aahana Kaul,36,Male,Bangalore,Family,Business Owner,2024-06-21,Premium,Google
C002382,Neha Tiwari,59,Male,Bangalore,Working Professional,Designer,2025-01-30,Premium,Google
C002383,Ishanvi Parmar,48,Female,Chennai,Working Professional,Designer,2025-07-22,Free,Instagram
C002384,Umang Sura,51,Male,Bangalore,Family,Business Owner,2024-07-10,Premium,Instagram
C002385,Oviya Nagi,50,Female,Coimbatore,Working Professional,Designer,2026-03-15,Free,Campus Campaign
C002386,Azaan Hegde,21,Male,Chennai,Working Professional,Doctor,2025-06-26,Free,YouTube
C002387,Yauvani Bhat,59,Female,Vijayawada,Student,Student,2024-12-07,Free,Instagram
C002388,Jasmit Palla,36,Male,Hyderabad,Family,Business Owner,2026-03-01,Premium,Google
C002389,Edhitha Nair,59,Female,Vijayawada,Family,Homemaker,2026-06-09,Premium,Instagram
C002390,Quincy Rattan,47,Female,Hyderabad,Working Professional,Teacher,2026-03-06,Premium,Instagram
C002391,Aadhya Grover,43,Female,Vijayawada,Family,Homemaker,2025-12-21,Premium,Google
C002392,Rushil Tripathi,38,Female,Chennai,Family,Teacher,2025-12-14,Free,Instagram
C002393,Peter Dube,55,Female,Hyderabad,Family,Teacher,2025-12-28,Free,YouTube
C002394,Sanaya Tandon,47,Female,Chennai,Family,Homemaker,2026-05-31,Free,Campus Campaign
C002395,Janani Savant,35,Male,Coimbatore,Working Professional,Accountant,2025-05-22,Free,Campus Campaign
C002396,Ishaan Sandhu,51,Male,Chennai,Working Professional,Accountant,2025-04-22,Free,Referral
C002397,Naveen Dhawan,43,Female,Chennai,Family,Business Owner,2025-08-25,Premium,Instagram
C002398,Libni Ramaswamy,35,Female,Chennai,Student,Student,2025-12-25,Premium,YouTube
C002399,Yagnesh Srivastava,25,Female,Bangalore,Student,Student,2026-05-21,Premium,Instagram
C002400,Darpan Lalla,26,Male,Coimbatore,Student,Student,2025-03-15,Free,Instagram
C002401,Reva Chandran,34,Female,Coimbatore,Family,Business Owner,2025-04-28,Free,Google
C002402,Udarsh Dhillon,23,Female,Hyderabad,Working Professional,Doctor,2025-04-03,Premium,Google
C002403,Gayathri Prabhakar,48,Male,Hyderabad,Student,Student,2025-07-12,Premium,YouTube
C002404,Laban Bali,26,Female,Chennai,Student,Student,2026-03-03,Premium,Google
C002405,Hamsini Sawhney,23,Female,Chennai,Working Professional,Business Owner,2026-06-04,Premium,Referral
C002406,Harshil Kulkarni,25,Female,Chennai,Family,Teacher,2025-07-30,Free,Instagram
C002407,Jason Purohit,19,Male,Bangalore,Family,Homemaker,2025-01-03,Free,Referral
C002408,Yutika Chaudry,18,Female,Chennai,Working Professional,Business Owner,2025-04-22,Premium,Instagram
C002409,Ansh Batta,41,Male,Bangalore,Student,Student,2024-06-19,Free,Campus Campaign
C002410,Yasti Kant,59,Male,Hyderabad,Student,Student,2024-08-02,Free,Campus Campaign
C002411,Vrinda Kara,54,Female,Hyderabad,Working Professional,Accountant,2025-05-30,Free,YouTube
C002412,Raghav Palan,55,Male,Chennai,Family,Homemaker,2025-01-29,Free,Referral
C002413,Reyansh Solanki,28,Female,Bangalore,Student,Student,2026-01-25,Free,Referral
C002414,Charles Koshy,24,Female,Hyderabad,Student,Student,2026-02-21,Free,YouTube
C002415,Ishani Sehgal,29,Female,Bangalore,Family,Teacher,2024-11-26,Premium,Instagram
C002416,Aarav Bose,26,Female,Hyderabad,Student,Student,2026-02-13,Premium,Google
C002417,Brinda Thakur,54,Male,Bangalore,Working Professional,Teacher,2026-04-22,Free,Campus Campaign
C002418,Atharv Keer,49,Male,Bangalore,Student,Student,2025-01-26,Premium,Campus Campaign
C002419,Brinda Prakash,34,Male,Chennai,Family,Teacher,2025-01-06,Free,Instagram
C002420,Hitesh Halder,42,Female,Coimbatore,Working Professional,Teacher,2024-10-19,Premium,YouTube
C002421,Bachittar Dube,27,Female,Chennai,Student,Student,2026-03-25,Premium,Referral
C002422,Dakshesh Handa,40,Male,Bangalore,Working Professional,Software Engineer,2024-09-24,Free,YouTube
C002423,Avni Chandra,48,Male,Chennai,Family,Business Owner,2026-04-24,Premium,Google
C002424,Upkaar Venkatesh,46,Female,Bangalore,Family,Teacher,2025-06-21,Premium,Referral
C002425,Peter Mishra,51,Female,Chennai,Student,Student,2025-11-16,Premium,YouTube
C002426,David Manne,53,Male,Coimbatore,Working Professional,Doctor,2026-06-15,Premium,Referral
C002427,Yoshita Raja,32,Male,Vijayawada,Working Professional,Software Engineer,2024-09-18,Premium,Campus Campaign
C002428,Omaja Jhaveri,60,Male,Chennai,Working Professional,Doctor,2025-04-19,Premium,Google
C002429,Bhanumati Gade,49,Female,Coimbatore,Family,Homemaker,2026-04-24,Free,Google
C002430,Dhriti Bali,50,Female,Chennai,Student,Student,2024-11-02,Premium,Campus Campaign
C002431,Omya Taneja,37,Female,Chennai,Working Professional,Accountant,2026-05-29,Premium,YouTube
C002432,Utkarsh Pau,50,Female,Chennai,Family,Teacher,2025-03-09,Premium,YouTube
C002433,Nihal Varkey,47,Female,Chennai,Working Professional,Business Owner,2025-07-11,Premium,Referral
C002434,Tara Dey,44,Female,Chennai,Family,Teacher,2025-03-24,Premium,Google
C002435,Alexander Mukhopadhyay,45,Female,Bangalore,Working Professional,Designer,2024-09-28,Free,Campus Campaign
C002436,Jonathan Pillay,32,Male,Chennai,Family,Homemaker,2025-02-08,Premium,YouTube
C002437,Zansi Handa,32,Female,Hyderabad,Family,Business Owner,2025-10-08,Premium,Campus Campaign
C002438,Yashvi Gole,40,Male,Chennai,Student,Student,2024-07-12,Free,Campus Campaign
C002439,Rayaan Sengupta,21,Female,Coimbatore,Family,Teacher,2025-10-31,Premium,Referral
C002440,Aryan Dutta,35,Male,Bangalore,Student,Student,2025-03-17,Premium,Google
C002441,Bahadurjit Mall,34,Female,Coimbatore,Family,Business Owner,2025-07-09,Premium,Google
C002442,Sai Din,48,Male,Vijayawada,Family,Homemaker,2024-12-20,Premium,Campus Campaign
C002443,Ekanta Badami,29,Female,Chennai,Student,Student,2024-07-06,Free,Campus Campaign
C002444,Anamika Sarraf,48,Male,Bangalore,Student,Student,2025-05-12,Premium,YouTube
C002445,David Panchal,19,Male,Chennai,Student,Student,2026-01-18,Premium,Campus Campaign
C002446,Jackson Gole,35,Male,Hyderabad,Family,Teacher,2026-01-09,Premium,Google
C002447,Gaurang Kumer,56,Female,Vijayawada,Working Professional,Designer,2025-07-29,Premium,Referral
C002448,Ganga Tailor,60,Male,Hyderabad,Family,Teacher,2026-04-19,Premium,Instagram
C002449,Zashil Roy,54,Male,Chennai,Working Professional,Software Engineer,2026-04-25,Premium,Instagram
C002450,Samuel Nori,35,Male,Hyderabad,Student,Student,2025-11-13,Free,Referral
C002451,Zayan Raval,60,Male,Chennai,Family,Teacher,2024-11-27,Premium,Google
C002452,Caleb Gala,25,Female,Coimbatore,Family,Business Owner,2025-06-04,Premium,Referral
C002453,Anthony Natt,53,Male,Hyderabad,Family,Homemaker,2024-07-06,Free,Referral
C002454,Anusha Basu,50,Female,Coimbatore,Student,Student,2025-01-08,Free,Google
C002455,Advay Luthra,25,Female,Bangalore,Family,Teacher,2025-02-22,Premium,Instagram
C002456,Vihaan Chand,43,Female,Vijayawada,Family,Teacher,2025-05-21,Premium,Campus Campaign
C002457,Jyoti Bath,59,Female,Hyderabad,Working Professional,Accountant,2025-09-23,Premium,Referral
C002458,Madhavi Dhingra,28,Female,Chennai,Working Professional,Accountant,2025-03-23,Premium,Instagram
C002459,Hemani Kalita,25,Female,Chennai,Working Professional,Software Engineer,2026-01-22,Free,Referral
C002460,Dalaja Pingle,44,Female,Vijayawada,Student,Student,2025-11-10,Premium,Referral
C002461,Vedika Majumdar,38,Male,Bangalore,Family,Business Owner,2025-10-29,Free,Campus Campaign
C002462,Mekhala Dyal,50,Male,Chennai,Student,Student,2025-01-27,Premium,YouTube
C002463,Jhalak Kar,18,Female,Chennai,Student,Student,2024-07-26,Free,Instagram
C002464,Vrishti Samra,34,Female,Hyderabad,Working Professional,Software Engineer,2025-09-28,Premium,Referral
C002465,Vritti Gulati,46,Female,Chennai,Student,Student,2025-09-28,Free,Google
C002466,Bhanumati Gulati,25,Female,Hyderabad,Student,Student,2025-02-03,Premium,Google
C002467,Rushil Jhaveri,20,Male,Bangalore,Working Professional,Accountant,2026-04-23,Free,Campus Campaign
C002468,Onveer Soni,32,Female,Vijayawada,Student,Student,2026-01-06,Premium,YouTube
C002469,Gagan Kulkarni,52,Male,Chennai,Working Professional,Doctor,2025-01-09,Premium,Instagram
C002470,Zaitra Agarwal,36,Female,Coimbatore,Working Professional,Doctor,2026-06-02,Premium,Instagram
C002471,Sathvik Memon,25,Male,Vijayawada,Working Professional,Designer,2025-01-28,Premium,Campus Campaign
C002472,Gunbir Raval,38,Male,Chennai,Family,Teacher,2026-03-10,Premium,Instagram
C002473,Shravya Sastry,58,Male,Hyderabad,Student,Student,2024-08-23,Premium,YouTube
C002474,Aradhana Golla,58,Male,Hyderabad,Family,Business Owner,2026-01-15,Premium,YouTube
C002475,Anita Bhandari,36,Male,Vijayawada,Family,Homemaker,2024-07-01,Premium,Referral
C002476,Ranbir Mani,24,Female,Coimbatore,Working Professional,Doctor,2025-08-03,Free,Instagram
C002477,Dominic Mannan,60,Female,Hyderabad,Student,Student,2025-08-13,Free,Google
C002478,Mekhala Bhalla,31,Female,Chennai,Family,Teacher,2025-10-14,Premium,Instagram
C002479,Leena Chaudhary,45,Female,Coimbatore,Student,Student,2024-07-24,Free,Instagram
C002480,Forum Kulkarni,20,Female,Bangalore,Working Professional,Designer,2025-06-03,Premium,YouTube
C002481,Falan Sanghvi,37,Female,Hyderabad,Family,Teacher,2026-02-26,Premium,Google
C002482,Saksham Golla,51,Male,Hyderabad,Student,Student,2024-10-24,Free,YouTube
C002483,Sai Tata,54,Male,Coimbatore,Family,Teacher,2026-06-14,Free,Instagram
C002484,Isha Tak,41,Female,Coimbatore,Family,Teacher,2025-02-11,Free,Referral
C002485,Rishi Chandra,22,Female,Hyderabad,Family,Teacher,2024-09-12,Premium,YouTube
C002486,Aachal Banerjee,30,Female,Chennai,Working Professional,Business Owner,2025-02-23,Free,Google
C002487,Vanya Bala,54,Male,Chennai,Working Professional,Software Engineer,2026-06-01,Free,Referral
C002488,Ishanvi Balay,55,Female,Bangalore,Working Professional,Software Engineer,2026-05-24,Free,Campus Campaign
C002489,Garima Tata,57,Male,Chennai,Working Professional,Software Engineer,2025-05-12,Free,Google
C002490,Brinda Chaudhry,29,Male,Hyderabad,Family,Business Owner,2024-09-20,Premium,Campus Campaign
C002491,Jeremiah Pau,38,Female,Chennai,Student,Student,2025-06-25,Free,YouTube
C002492,Oeshi Shukla,31,Female,Chennai,Student,Student,2025-02-02,Free,Referral
C002493,Naksh Wable,29,Female,Chennai,Family,Teacher,2025-09-12,Free,Referral
C002494,Gaurang Balay,55,Male,Bangalore,Student,Student,2025-10-11,Free,YouTube
C002495,Bishakha More,54,Female,Hyderabad,Working Professional,Doctor,2024-09-02,Premium,Google
C002496,Suhani Bhatnagar,41,Male,Chennai,Student,Student,2025-12-18,Free,YouTube
C002497,Anay Bobal,59,Female,Bangalore,Family,Homemaker,2025-01-11,Premium,Google
C002498,Balendra Buch,59,Female,Vijayawada,Student,Student,2025-06-08,Free,Instagram
C002499,Onveer Venkataraman,59,Female,Chennai,Student,Student,2026-02-24,Premium,Instagram
C002500,Chaitaly Menon,59,Female,Bangalore,Family,Homemaker,2025-01-30,Free,Instagram
C002501,Ayush Dua,25,Female,Hyderabad,Family,Business Owner,2025-01-18,Premium,Campus Campaign
C002502,Jagvi Mitter,28,Female,Chennai,Student,Student,2026-01-27,Free,Instagram
C002503,Amaira Nagar,38,Female,Bangalore,Student,Student,2026-03-16,Premium,Instagram
C002504,Vansha Hans,21,Male,Chennai,Working Professional,Accountant,2026-01-09,Free,Instagram
C002505,Ridhi Minhas,25,Male,Coimbatore,Working Professional,Accountant,2025-01-25,Free,Instagram
C002506,Lajita Dube,54,Male,Bangalore,Working Professional,Doctor,2024-10-11,Free,Google
C002507,Neel Narasimhan,59,Male,Bangalore,Family,Homemaker,2024-10-19,Premium,Instagram
C002508,Advaith Chhabra,45,Female,Bangalore,Working Professional,Doctor,2024-12-14,Free,Referral
C002509,Darsh Amble,31,Female,Hyderabad,Working Professional,Doctor,2025-12-02,Free,Instagram
C002510,Varenya Sinha,46,Female,Hyderabad,Student,Student,2024-11-24,Premium,Instagram
C002511,Samar Shankar,19,Male,Chennai,Student,Student,2026-06-01,Premium,Campus Campaign
C002512,Ganga Sampath,41,Male,Hyderabad,Family,Business Owner,2025-10-06,Premium,YouTube
C002513,Warinder Mallick,42,Female,Bangalore,Family,Homemaker,2026-04-13,Free,Campus Campaign
C002514,Aahana Mammen,60,Female,Chennai,Student,Student,2025-07-30,Free,Instagram
C002515,Eesha Krishna,28,Male,Hyderabad,Student,Student,2026-02-21,Free,Google
C002516,Fiyaz Nayak,42,Female,Hyderabad,Student,Student,2026-02-28,Premium,Google
C002517,Damini Lalla,39,Male,Chennai,Working Professional,Business Owner,2024-09-11,Free,YouTube
C002518,Tripti Rau,47,Male,Coimbatore,Family,Business Owner,2024-10-17,Free,Campus Campaign
C002519,Qarin Narayan,53,Male,Bangalore,Working Professional,Business Owner,2025-11-10,Free,Instagram
C002520,Ucchal Buch,38,Female,Bangalore,Student,Student,2025-06-03,Premium,Google
C002521,Urishilla Bansal,26,Male,Chennai,Working Professional,Doctor,2024-07-29,Free,Campus Campaign
C002522,Madhav Badal,34,Male,Coimbatore,Student,Student,2026-02-21,Premium,Referral
C002523,Umang Chadha,33,Female,Bangalore,Working Professional,Teacher,2025-02-14,Free,Campus Campaign
C002524,Bina Merchant,51,Female,Chennai,Family,Homemaker,2024-12-13,Free,Instagram
C002525,Isha Mangal,27,Female,Coimbatore,Family,Teacher,2024-09-23,Free,Instagram
C002526,Ekalinga Varkey,59,Female,Bangalore,Family,Teacher,2024-11-13,Premium,Campus Campaign
C002527,Ekaraj Sodhi,24,Male,Coimbatore,Family,Homemaker,2024-10-09,Free,YouTube
C002528,Mugdha Sehgal,55,Female,Bangalore,Family,Teacher,2025-02-10,Free,YouTube
C002529,Fitan Wason,56,Female,Bangalore,Family,Homemaker,2025-11-09,Premium,YouTube
C002530,Widisha Ben,56,Male,Coimbatore,Working Professional,Teacher,2026-02-04,Free,YouTube
C002531,Meera Behl,38,Male,Bangalore,Student,Student,2025-08-29,Premium,Instagram
C002532,Azad Venkatesh,53,Male,Hyderabad,Student,Student,2026-05-28,Free,Referral
C002533,Harini Kari,34,Female,Chennai,Student,Student,2025-12-29,Premium,Instagram
C002534,Sara Bhargava,56,Female,Vijayawada,Working Professional,Designer,2025-06-03,Premium,Referral
C002535,Dayamai Swaminathan,55,Male,Coimbatore,Working Professional,Teacher,2026-02-27,Free,Google
C002536,Ishaan Kalita,19,Male,Vijayawada,Working Professional,Software Engineer,2025-10-19,Free,Google
C002537,Suhani Dyal,34,Male,Hyderabad,Family,Business Owner,2025-11-23,Premium,Referral
C002538,Charvi Chanda,33,Female,Chennai,Family,Homemaker,2025-12-24,Premium,YouTube
C002539,Yutika Goswami,45,Male,Bangalore,Working Professional,Business Owner,2025-07-16,Premium,YouTube
C002540,Ira Subramaniam,18,Male,Chennai,Family,Business Owner,2025-09-26,Premium,Google
C002541,Udarsh Babu,47,Female,Chennai,Family,Teacher,2026-04-19,Free,Instagram
C002542,Zaitra Kapadia,38,Male,Bangalore,Working Professional,Doctor,2025-05-13,Free,Google
C002543,Vincent Morar,56,Female,Chennai,Family,Homemaker,2025-09-05,Premium,Campus Campaign
C002544,Ethan Trivedi,49,Male,Bangalore,Family,Business Owner,2026-03-26,Free,Google
C002545,Arya Kari,31,Female,Chennai,Student,Student,2024-11-06,Free,Instagram
C002546,Hardik Dugar,52,Female,Hyderabad,Working Professional,Accountant,2025-12-30,Premium,Referral
C002547,Maanav Ramakrishnan,37,Male,Bangalore,Working Professional,Teacher,2026-03-24,Free,Google
C002548,Dakshesh Raj,24,Female,Chennai,Student,Student,2026-02-08,Free,YouTube
C002549,Darpan Sibal,40,Female,Vijayawada,Family,Teacher,2024-11-11,Premium,Instagram
C002550,Suhani Gupta,41,Female,Coimbatore,Working Professional,Software Engineer,2026-01-13,Premium,Google
C002551,Nachiket Walla,56,Male,Hyderabad,Student,Student,2025-10-13,Free,Instagram
C002552,Arunima Kalita,43,Female,Chennai,Family,Teacher,2024-12-09,Premium,YouTube
C002553,Viraj Kashyap,46,Male,Bangalore,Student,Student,2024-12-02,Premium,Referral
C002554,Ridhi Khurana,60,Female,Bangalore,Family,Business Owner,2024-09-15,Free,YouTube
C002555,Rudra Kibe,28,Male,Chennai,Working Professional,Doctor,2025-12-30,Premium,Google
C002556,Vedhika Padmanabhan,34,Male,Coimbatore,Working Professional,Business Owner,2025-01-18,Free,YouTube
C002557,Jeet Mann,48,Female,Vijayawada,Student,Student,2025-11-03,Premium,Referral
C002558,Aarna Kala,21,Male,Vijayawada,Student,Student,2024-08-29,Free,Campus Campaign
C002559,Kashvi Tandon,39,Male,Chennai,Working Professional,Designer,2025-07-18,Free,Instagram
C002560,Hiral Randhawa,47,Female,Bangalore,Family,Homemaker,2025-07-25,Premium,YouTube
C002561,Ishita Oza,26,Male,Hyderabad,Family,Homemaker,2025-01-22,Free,Google
C002562,Abeer Bajaj,37,Female,Bangalore,Family,Homemaker,2025-07-08,Premium,Referral
C002563,Anamika Dua,31,Female,Bangalore,Student,Student,2025-05-23,Free,YouTube
C002564,Yashasvi Rajagopalan,44,Female,Hyderabad,Student,Student,2025-04-15,Free,Instagram
C002565,Manbir Khurana,47,Female,Chennai,Working Professional,Doctor,2025-07-04,Premium,YouTube
C002566,Theodore Char,30,Male,Hyderabad,Working Professional,Accountant,2024-07-09,Free,Campus Campaign
C002567,Aayush Brahmbhatt,44,Female,Chennai,Working Professional,Doctor,2025-12-18,Free,Instagram
C002568,Aarna Gour,24,Female,Bangalore,Family,Business Owner,2025-09-24,Premium,Google
C002569,Pranav Ghose,46,Male,Vijayawada,Working Professional,Business Owner,2026-05-08,Premium,Campus Campaign
C002570,Max Dixit,38,Male,Hyderabad,Student,Student,2024-09-07,Premium,Referral
C002571,Fariq Hari,55,Male,Coimbatore,Family,Business Owner,2026-02-12,Free,YouTube
C002572,Timothy Deep,57,Female,Hyderabad,Working Professional,Software Engineer,2025-03-30,Free,Campus Campaign
C002573,Wridesh Das,20,Female,Hyderabad,Student,Student,2025-11-12,Premium,Google
C002574,Keya Kadakia,51,Female,Chennai,Family,Teacher,2025-05-25,Premium,Instagram
C002575,Dominic Vasa,35,Male,Vijayawada,Family,Teacher,2025-03-21,Free,Instagram
C002576,Falguni Thaker,39,Female,Hyderabad,Student,Student,2026-06-01,Free,YouTube
C002577,Upadhriti Bawa,46,Female,Chennai,Family,Homemaker,2026-06-12,Premium,Google
C002578,Harshil More,41,Female,Hyderabad,Family,Teacher,2024-07-26,Premium,Referral
C002579,Gopal Wable,31,Female,Chennai,Working Professional,Software Engineer,2025-06-25,Free,Instagram
C002580,Vyanjana Tella,59,Male,Coimbatore,Student,Student,2024-12-25,Free,YouTube
C002581,Yashasvi Tripathi,42,Male,Coimbatore,Family,Homemaker,2025-06-24,Free,Campus Campaign
C002582,Netra Soni,49,Male,Chennai,Family,Teacher,2026-04-13,Free,Campus Campaign
C002583,Harini Balasubramanian,45,Male,Bangalore,Student,Student,2026-03-26,Premium,Referral
C002584,Kabir Dugar,26,Female,Coimbatore,Family,Homemaker,2025-03-24,Free,Instagram
C002585,Isaiah Pai,30,Female,Hyderabad,Working Professional,Designer,2024-07-03,Premium,Instagram
C002586,Reyansh Talwar,27,Male,Vijayawada,Student,Student,2025-06-09,Free,Google
C002587,Widisha Saxena,37,Female,Vijayawada,Working Professional,Doctor,2026-01-13,Premium,Instagram
C002588,Ikshita Shukla,53,Male,Chennai,Working Professional,Teacher,2025-04-26,Premium,Campus Campaign
C002589,Oviya Rao,21,Female,Bangalore,Family,Homemaker,2024-11-17,Premium,Referral
C002590,Gavin Mall,29,Male,Hyderabad,Student,Student,2025-10-18,Premium,Referral
C002591,Owen Shankar,18,Female,Chennai,Family,Business Owner,2024-12-11,Free,Instagram
C002592,Ayaan Mand,33,Male,Coimbatore,Family,Business Owner,2025-09-18,Free,Instagram
C002593,Anay Sunder,20,Male,Chennai,Family,Homemaker,2025-07-01,Free,YouTube
C002594,Isaiah Srinivasan,22,Male,Coimbatore,Family,Teacher,2025-06-08,Free,Google
C002595,Fariq Dugal,36,Male,Hyderabad,Working Professional,Doctor,2025-07-19,Premium,Referral
C002596,Mahika Majumdar,40,Male,Bangalore,Family,Business Owner,2025-09-20,Premium,Google
C002597,Edhitha Gulati,42,Male,Bangalore,Family,Teacher,2026-02-03,Premium,Google
C002598,Jhalak Kara,34,Male,Vijayawada,Working Professional,Accountant,2025-05-25,Premium,Instagram
C002599,Vedika Bhalla,56,Female,Hyderabad,Student,Student,2025-02-12,Free,YouTube
C002600,Timothy Narula,56,Female,Chennai,Student,Student,2025-05-17,Free,Google
C002601,Unni Nath,21,Female,Bangalore,Student,Student,2025-06-15,Premium,Google
C002602,Divya Verma,59,Female,Chennai,Student,Student,2024-08-28,Free,Google
C002603,Samarth Sridhar,31,Female,Coimbatore,Student,Student,2026-02-12,Free,YouTube
C002604,Garima Som,54,Female,Chennai,Working Professional,Accountant,2024-08-02,Premium,YouTube
C002605,Abdul Peri,56,Male,Vijayawada,Working Professional,Designer,2024-10-26,Free,Google
C002606,Meera Palla,33,Female,Chennai,Family,Homemaker,2024-12-28,Premium,Instagram
C002607,Chatresh Sem,44,Female,Bangalore,Working Professional,Business Owner,2025-02-27,Premium,Google
C002608,Arya Deo,24,Male,Chennai,Family,Homemaker,2024-08-04,Free,Campus Campaign
C002609,Prisha Kulkarni,59,Female,Chennai,Student,Student,2025-05-10,Premium,YouTube
C002610,Vasana Mital,56,Female,Hyderabad,Family,Teacher,2025-11-14,Premium,Campus Campaign
C002611,Pavani Swaminathan,28,Male,Coimbatore,Working Professional,Business Owner,2024-10-06,Premium,Google
C002612,Chaitaly Thaker,26,Male,Bangalore,Working Professional,Software Engineer,2024-11-16,Free,Instagram
C002613,Yashica Deo,44,Female,Chennai,Student,Student,2025-06-19,Free,Instagram
C002614,Oeshi Kapadia,58,Male,Chennai,Student,Student,2025-12-02,Free,Google
C002615,Garima Bhat,28,Male,Chennai,Student,Student,2024-06-28,Premium,Campus Campaign
C002616,Madhavi Sandal,34,Female,Coimbatore,Working Professional,Business Owner,2025-11-16,Premium,Instagram
C002617,Ekbal Subramanian,35,Female,Chennai,Student,Student,2024-11-29,Free,Google
C002618,Advaith Pau,26,Female,Chennai,Family,Homemaker,2025-08-09,Free,Google
C002619,Yoshita Shere,58,Male,Chennai,Working Professional,Business Owner,2025-10-03,Premium,Campus Campaign
C002620,Kamya Chandra,37,Female,Chennai,Working Professional,Teacher,2025-05-21,Premium,YouTube
C002621,Ijaya Sur,55,Male,Bangalore,Student,Student,2024-09-25,Premium,Campus Campaign
C002622,Isaac Keer,50,Female,Vijayawada,Working Professional,Software Engineer,2026-01-17,Premium,Campus Campaign
C002623,Mason Sinha,52,Female,Hyderabad,Student,Student,2025-07-31,Free,Referral
C002624,Arin Dua,31,Male,Hyderabad,Student,Student,2025-01-23,Free,Instagram
C002625,Falguni Bahl,51,Male,Chennai,Working Professional,Accountant,2024-12-28,Free,Instagram
C002626,Lavanya Char,45,Male,Bangalore,Student,Student,2025-11-30,Free,Campus Campaign
C002627,Zilmil Krishnamurthy,55,Female,Chennai,Family,Business Owner,2024-10-10,Premium,Campus Campaign
C002628,Amaira Joshi,47,Female,Coimbatore,Family,Teacher,2026-03-25,Free,Referral
C002629,Abha Pai,51,Female,Hyderabad,Working Professional,Designer,2025-01-09,Premium,Google
C002630,Avni Soman,31,Female,Coimbatore,Family,Homemaker,2024-12-27,Premium,YouTube
C002631,Varenya Deo,25,Male,Bangalore,Family,Teacher,2025-09-21,Premium,Instagram
C002632,Ekani Bassi,47,Male,Hyderabad,Family,Business Owner,2026-04-23,Premium,Instagram
C002633,George Sem,20,Male,Chennai,Working Professional,Software Engineer,2026-01-29,Premium,Instagram
C002634,Omisha Ghosh,28,Female,Chennai,Family,Homemaker,2025-09-18,Premium,Google
C002635,Pahal Sidhu,50,Male,Bangalore,Working Professional,Software Engineer,2025-10-03,Free,Instagram
C002636,Harini Shetty,43,Male,Chennai,Student,Student,2025-08-26,Premium,Google
C002637,Rajeshri Narayanan,32,Male,Vijayawada,Family,Homemaker,2024-11-10,Free,Campus Campaign
C002638,Jack Memon,32,Female,Hyderabad,Working Professional,Doctor,2025-09-09,Free,Google
C002639,Charles Gade,45,Male,Hyderabad,Family,Business Owner,2025-08-31,Free,Campus Campaign
C002640,Anmol Grover,54,Female,Bangalore,Family,Homemaker,2025-01-10,Free,Google
C002641,Reva Dhillon,25,Female,Hyderabad,Family,Business Owner,2025-04-27,Free,Campus Campaign
C002642,Damini Ghose,22,Female,Bangalore,Student,Student,2025-03-09,Free,Google
C002643,Ranveer Chakraborty,28,Male,Bangalore,Student,Student,2025-10-31,Free,Instagram
C002644,Qarin Naik,37,Male,Bangalore,Student,Student,2026-03-17,Premium,Instagram
C002645,Fariq Jaggi,43,Female,Bangalore,Student,Student,2025-09-07,Free,Instagram
C002646,Orinder Sandal,50,Male,Coimbatore,Student,Student,2025-07-02,Premium,Campus Campaign
C002647,Peter Din,52,Female,Hyderabad,Family,Homemaker,2025-09-03,Free,Instagram
C002648,Finn Chhabra,28,Female,Chennai,Working Professional,Teacher,2025-09-12,Premium,Google
C002649,Kabir Khanna,28,Female,Chennai,Family,Teacher,2024-07-31,Free,Referral
C002650,Barkha Toor,51,Male,Hyderabad,Family,Teacher,2025-03-05,Free,Instagram
C002651,Xalak Prasad,24,Male,Bangalore,Working Professional,Designer,2026-03-20,Free,Campus Campaign
C002652,Tanvi Kapoor,33,Male,Chennai,Family,Teacher,2025-08-20,Free,Campus Campaign
C002653,Yashasvi Gala,36,Female,Vijayawada,Working Professional,Accountant,2025-09-03,Premium,Instagram
C002654,Balhaar Dutt,44,Male,Vijayawada,Family,Business Owner,2026-01-29,Free,Campus Campaign
C002655,Faraj Sachdev,32,Male,Bangalore,Working Professional,Accountant,2024-12-02,Free,Instagram
C002656,Tanish Kunda,51,Male,Chennai,Student,Student,2025-12-30,Free,Campus Campaign
C002657,Veer Ranganathan,34,Male,Chennai,Family,Homemaker,2025-10-09,Premium,Referral
C002658,Harinakshi Bhatia,48,Male,Vijayawada,Family,Homemaker,2026-04-10,Free,Instagram
C002659,Yadavi Misra,41,Male,Chennai,Student,Student,2024-09-18,Premium,Instagram
C002660,Jagvi Datta,40,Female,Hyderabad,Family,Business Owner,2024-11-16,Free,Referral
C002661,Chatura Agarwal,55,Female,Chennai,Working Professional,Software Engineer,2025-11-11,Free,Campus Campaign
C002662,Dalbir Puri,28,Female,Hyderabad,Student,Student,2024-07-14,Free,Google
C002663,Lipika Shah,30,Male,Chennai,Student,Student,2026-02-24,Premium,YouTube
C002664,Ekantika Lad,24,Female,Coimbatore,Student,Student,2024-12-18,Free,Google
C002665,Yutika Karnik,30,Female,Hyderabad,Student,Student,2024-10-27,Premium,YouTube
C002666,Gayathri Wable,18,Male,Vijayawada,Student,Student,2025-08-31,Free,Referral
C002667,Hardik Gupta,55,Female,Bangalore,Family,Teacher,2026-05-28,Free,Google
C002668,George Talwar,24,Female,Chennai,Student,Student,2024-08-08,Premium,Referral
C002669,Bhavna Kanda,19,Female,Bangalore,Family,Business Owner,2024-09-28,Free,Campus Campaign
C002670,Amrita Lad,37,Male,Bangalore,Working Professional,Software Engineer,2025-03-21,Free,Instagram
C002671,Ronith Banik,52,Male,Coimbatore,Working Professional,Business Owner,2025-03-08,Premium,YouTube
C002672,Bhavya Ahluwalia,59,Male,Hyderabad,Student,Student,2024-09-25,Free,Campus Campaign
C002673,Megha Rastogi,46,Female,Chennai,Student,Student,2024-10-27,Premium,Campus Campaign
C002674,Sai Thaker,50,Female,Chennai,Working Professional,Accountant,2026-02-28,Free,Google
C002675,Naveen Kala,29,Male,Hyderabad,Working Professional,Business Owner,2025-08-12,Free,YouTube
C002676,Bhavya Gole,49,Male,Chennai,Working Professional,Accountant,2026-04-04,Premium,Google
C002677,Janani Pandey,23,Male,Coimbatore,Student,Student,2024-09-28,Free,Referral
C002678,Rajata Mohanty,23,Male,Bangalore,Family,Business Owner,2024-07-05,Premium,Instagram
C002679,Jyoti Mittal,43,Male,Hyderabad,Student,Student,2024-10-24,Free,Instagram
C002680,Praneel Barman,27,Female,Vijayawada,Student,Student,2026-04-23,Premium,Instagram
C002681,Ishanvi Jha,35,Male,Hyderabad,Family,Homemaker,2024-12-31,Premium,Instagram
C002682,Hema Chacko,35,Female,Chennai,Student,Student,2025-12-07,Premium,Referral
C002683,Abdul Shenoy,36,Female,Chennai,Student,Student,2025-05-29,Premium,Google
C002684,Yochana Balan,35,Female,Chennai,Working Professional,Business Owner,2025-10-20,Premium,Instagram
C002685,Dev Patla,26,Female,Chennai,Working Professional,Teacher,2025-10-27,Premium,YouTube
C002686,Pallavi Bali,18,Female,Chennai,Working Professional,Designer,2024-11-18,Free,Google
C002687,Keya Rajagopal,43,Female,Chennai,Working Professional,Software Engineer,2024-07-30,Free,YouTube
C002688,Ayush Dara,49,Female,Bangalore,Working Professional,Software Engineer,2024-08-25,Premium,YouTube
C002689,Girish Saha,24,Male,Bangalore,Family,Teacher,2026-01-20,Free,Google
C002690,Yashawini Varughese,23,Female,Coimbatore,Family,Teacher,2025-10-03,Premium,Google
C002691,Ishani Narayan,22,Female,Bangalore,Student,Student,2026-01-22,Premium,Instagram
C002692,Vrishti Kara,34,Female,Bangalore,Working Professional,Software Engineer,2026-02-04,Premium,Campus Campaign
C002693,Gunbir Mahajan,57,Female,Hyderabad,Family,Business Owner,2026-02-14,Free,Instagram
C002694,Mekhala Kamdar,40,Male,Bangalore,Family,Business Owner,2025-11-21,Free,Instagram
C002695,Rayaan Mittal,22,Female,Coimbatore,Working Professional,Business Owner,2026-01-10,Free,Campus Campaign
C002696,Jagdish Sathe,30,Male,Bangalore,Working Professional,Designer,2025-09-12,Free,Google
C002697,Chakradev Doshi,24,Male,Bangalore,Working Professional,Teacher,2024-12-04,Free,Referral
C002698,Nakul Som,36,Female,Chennai,Working Professional,Business Owner,2024-12-15,Premium,Referral
C002699,Triya Behl,20,Male,Hyderabad,Student,Student,2025-07-23,Free,Referral
C002700,Udant Seshadri,49,Female,Chennai,Student,Student,2025-12-20,Free,Instagram
C002701,Krishna Nayar,23,Male,Vijayawada,Student,Student,2024-09-22,Free,YouTube
C002702,Nakul Dara,23,Male,Chennai,Family,Homemaker,2025-05-13,Free,Referral
C002703,Baljiwan Lanka,21,Female,Hyderabad,Family,Homemaker,2024-12-20,Premium,Instagram
C002704,Chatura Barman,55,Female,Coimbatore,Student,Student,2024-09-17,Premium,Instagram
C002705,Luke Madan,24,Female,Coimbatore,Family,Teacher,2024-11-08,Premium,Campus Campaign
C002706,Liam Raman,38,Male,Bangalore,Family,Business Owner,2026-06-10,Premium,Instagram
C002707,Manthan Devan,55,Female,Coimbatore,Student,Student,2024-09-02,Free,Referral
C002708,Brijesh Sahota,38,Male,Coimbatore,Student,Student,2024-12-17,Premium,Campus Campaign
C002709,Praneel Kumer,34,Male,Coimbatore,Working Professional,Doctor,2024-09-04,Premium,Instagram
C002710,Leela Jani,35,Male,Chennai,Working Professional,Teacher,2025-03-12,Premium,Google
C002711,Ijaya Gulati,54,Male,Hyderabad,Student,Student,2024-08-04,Free,Referral
C002712,Bachittar Sankar,47,Female,Coimbatore,Working Professional,Accountant,2026-01-06,Premium,Google
C002713,Nidra Chadha,26,Female,Hyderabad,Family,Business Owner,2026-04-25,Premium,Campus Campaign
C002714,Bhavya Sachar,20,Male,Bangalore,Working Professional,Doctor,2025-02-24,Premium,Google
C002715,Amrita Roy,38,Female,Bangalore,Working Professional,Business Owner,2024-12-31,Premium,Google
C002716,Waida Bajaj,58,Female,Chennai,Working Professional,Designer,2024-07-12,Free,Campus Campaign
C002717,Varsha Chatterjee,23,Female,Bangalore,Student,Student,2024-07-27,Free,Referral
C002718,Neel Lala,34,Male,Chennai,Family,Homemaker,2024-09-17,Free,YouTube
C002719,Kashish Ganesh,60,Female,Chennai,Working Professional,Teacher,2025-07-17,Free,Referral
C002720,Falan More,33,Male,Chennai,Working Professional,Teacher,2025-12-01,Free,Google
C002721,Janani Khurana,47,Female,Vijayawada,Working Professional,Teacher,2025-12-20,Premium,Instagram
C002722,Faris Chahal,54,Male,Hyderabad,Working Professional,Business Owner,2025-04-15,Premium,Instagram
C002723,Pahal Vora,29,Male,Vijayawada,Working Professional,Software Engineer,2025-07-20,Free,YouTube
C002724,Devansh Sidhu,31,Female,Bangalore,Student,Student,2025-07-25,Free,YouTube
C002725,Rishi Gour,55,Male,Bangalore,Student,Student,2026-03-11,Free,Google
C002726,Aarna Kapur,25,Male,Bangalore,Family,Homemaker,2025-01-16,Free,Referral
C002727,Vasatika Lalla,55,Male,Coimbatore,Family,Homemaker,2025-03-26,Premium,Instagram
C002728,Laksh Agrawal,22,Female,Chennai,Working Professional,Designer,2025-04-08,Free,YouTube
C002729,Maanas Bains,35,Female,Hyderabad,Family,Business Owner,2024-09-12,Free,Instagram
C002730,Yahvi Lata,53,Female,Chennai,Working Professional,Teacher,2024-07-28,Free,Referral
C002731,Neel Shetty,48,Female,Bangalore,Working Professional,Designer,2025-02-16,Premium,Referral
C002732,Yahvi Chaudhry,31,Male,Coimbatore,Student,Student,2024-07-19,Free,Instagram
C002733,Idika Dayal,56,Female,Coimbatore,Working Professional,Software Engineer,2025-09-11,Premium,Referral
C002734,Xalak Bora,23,Male,Chennai,Student,Student,2024-07-12,Free,Instagram
C002735,Wriddhish Rajagopalan,29,Female,Bangalore,Family,Business Owner,2024-06-29,Free,Google
C002736,Noah Naik,40,Male,Vijayawada,Working Professional,Teacher,2024-10-20,Premium,YouTube
C002737,Shaurya Andra,40,Female,Hyderabad,Student,Student,2024-11-11,Free,YouTube
C002738,Dipta Nadig,20,Female,Vijayawada,Student,Student,2024-10-15,Free,Campus Campaign
C002739,Hemangini Bhatnagar,35,Male,Coimbatore,Student,Student,2026-04-06,Free,Campus Campaign
C002740,Nicholas Rai,37,Male,Coimbatore,Student,Student,2025-01-04,Free,Instagram
C002741,Kavya Doshi,32,Male,Vijayawada,Family,Teacher,2025-08-16,Free,Referral
C002742,Dev Saraf,41,Male,Chennai,Family,Homemaker,2024-12-29,Premium,Google
C002743,Bahadurjit Borra,18,Male,Bangalore,Working Professional,Designer,2026-01-01,Free,YouTube
C002744,Jeet Narula,31,Female,Vijayawada,Family,Teacher,2025-12-10,Free,YouTube
C002745,Hema Dugar,31,Male,Vijayawada,Working Professional,Teacher,2024-11-16,Premium,Referral
C002746,Gaurika Kibe,26,Male,Hyderabad,Student,Student,2025-12-06,Free,Google
C002747,Bimala Ganguly,40,Male,Bangalore,Student,Student,2025-04-20,Premium,Campus Campaign
C002748,Advik Hayre,52,Male,Coimbatore,Student,Student,2025-04-28,Premium,YouTube
C002749,Quincy Loke,47,Female,Chennai,Family,Homemaker,2025-02-08,Premium,Referral
C002750,Samuel Agrawal,36,Male,Coimbatore,Working Professional,Accountant,2025-11-12,Free,Instagram
C002751,Rohan Gole,42,Male,Chennai,Student,Student,2025-06-28,Free,Campus Campaign
C002752,Siddharth Ganesan,19,Male,Vijayawada,Working Professional,Accountant,2025-07-12,Premium,Referral
C002753,Amara Natt,52,Male,Coimbatore,Working Professional,Software Engineer,2024-10-22,Premium,Google
C002754,Amol Bhavsar,46,Male,Hyderabad,Working Professional,Accountant,2026-05-01,Premium,Instagram
C002755,Praneel Malhotra,60,Female,Bangalore,Family,Teacher,2025-07-01,Premium,Instagram
C002756,Alexander Dayal,53,Female,Chennai,Family,Homemaker,2026-01-13,Free,Instagram
C002757,Ekiya Ganesan,57,Female,Hyderabad,Family,Homemaker,2025-03-04,Free,Instagram
C002758,Wazir Contractor,29,Male,Hyderabad,Working Professional,Doctor,2025-11-04,Free,YouTube
C002759,Jagvi Dugal,54,Female,Chennai,Working Professional,Teacher,2025-10-30,Premium,Instagram
C002760,Aahana More,60,Male,Bangalore,Family,Teacher,2024-08-03,Free,Referral
C002761,Hemang Munshi,55,Female,Coimbatore,Working Professional,Teacher,2024-10-02,Premium,YouTube
C002762,Leena Sandal,28,Female,Bangalore,Family,Homemaker,2025-04-09,Premium,YouTube
C002763,Damyanti Bassi,34,Male,Hyderabad,Family,Business Owner,2024-10-08,Free,YouTube
C002764,Inaya Nagy,31,Female,Chennai,Working Professional,Doctor,2026-06-01,Free,Google
C002765,Lakshmi Ghosh,28,Male,Coimbatore,Working Professional,Doctor,2025-10-06,Free,Instagram
C002766,Zaid Mallick,32,Male,Chennai,Working Professional,Doctor,2026-04-25,Free,Instagram
C002767,Amol Sama,43,Male,Chennai,Family,Business Owner,2026-03-23,Premium,Instagram
C002768,Gaurang Basak,23,Female,Chennai,Working Professional,Software Engineer,2026-01-16,Free,Google
C002769,Umang Sibal,39,Male,Chennai,Working Professional,Business Owner,2026-05-23,Premium,Referral
C002770,Jacob Ratta,55,Female,Chennai,Working Professional,Accountant,2024-09-22,Free,YouTube
C002771,Amruta Subramaniam,47,Male,Bangalore,Working Professional,Accountant,2026-02-14,Premium,Campus Campaign
C002772,Mohammed Srivastava,39,Female,Bangalore,Working Professional,Software Engineer,2026-04-19,Free,Campus Campaign
C002773,Suhani Andra,33,Female,Coimbatore,Working Professional,Teacher,2025-01-31,Free,YouTube
C002774,Hemang Bhardwaj,18,Female,Bangalore,Student,Student,2026-03-20,Free,Campus Campaign
C002775,Nidra Parsa,19,Female,Chennai,Student,Student,2025-08-04,Premium,YouTube
C002776,Wahab Agarwal,59,Male,Vijayawada,Student,Student,2025-05-26,Free,YouTube
C002777,Watika Bhandari,51,Female,Bangalore,Working Professional,Software Engineer,2026-04-07,Premium,Referral
C002778,Watika Madan,33,Female,Chennai,Working Professional,Accountant,2026-04-25,Premium,Instagram
C002779,Maanav Sachar,21,Female,Hyderabad,Working Professional,Accountant,2024-12-29,Free,Campus Campaign
C002780,Anamika Balakrishnan,26,Male,Chennai,Working Professional,Doctor,2024-09-07,Free,Instagram
C002781,Nandini Bumb,32,Male,Chennai,Family,Business Owner,2026-02-08,Free,Google
C002782,Qabil Khatri,35,Female,Vijayawada,Working Professional,Designer,2025-08-04,Free,YouTube
C002783,Odika Shukla,49,Male,Vijayawada,Family,Teacher,2025-09-15,Premium,Referral
C002784,Yashoda Mander,53,Female,Bangalore,Family,Teacher,2025-01-26,Premium,YouTube
C002785,Parth Dhar,49,Male,Bangalore,Working Professional,Teacher,2024-06-17,Premium,Campus Campaign
C002786,Dhriti Viswanathan,37,Male,Hyderabad,Family,Business Owner,2024-07-19,Premium,Google
C002787,Balendra Misra,26,Female,Vijayawada,Working Professional,Accountant,2026-03-10,Premium,YouTube
C002788,Lipika Comar,48,Female,Hyderabad,Family,Business Owner,2026-02-05,Premium,Instagram
C002789,Keya Chana,43,Male,Hyderabad,Student,Student,2025-05-08,Premium,Referral
C002790,Fitan Bandi,56,Female,Chennai,Student,Student,2025-11-03,Free,Instagram
C002791,Logan D’Alia,45,Female,Bangalore,Working Professional,Doctor,2024-08-07,Premium,Google
C002792,Anmol Salvi,33,Male,Chennai,Working Professional,Accountant,2026-04-26,Free,Instagram
C002793,Rajata Sankaran,49,Female,Bangalore,Student,Student,2024-12-25,Premium,Google
C002794,Mekhala Narayan,55,Female,Coimbatore,Student,Student,2026-01-25,Premium,Campus Campaign
C002795,Aarnav Bath,38,Male,Vijayawada,Student,Student,2024-11-11,Free,YouTube
C002796,Girindra Bora,55,Female,Chennai,Student,Student,2024-10-08,Free,YouTube
C002797,Ubika Viswanathan,23,Female,Bangalore,Family,Homemaker,2025-02-25,Premium,Referral
C002798,Sneha Mukhopadhyay,48,Female,Bangalore,Student,Student,2025-06-17,Premium,YouTube
C002799,Anita Goyal,21,Female,Chennai,Student,Student,2024-12-20,Free,Google
C002800,Teerth Varghese,52,Female,Bangalore,Student,Student,2025-09-11,Free,Instagram
C002801,Chandresh Kannan,53,Male,Bangalore,Family,Business Owner,2026-02-11,Premium,Referral
C002802,Forum Mani,52,Female,Hyderabad,Student,Student,2025-12-03,Free,Referral
C002803,Girish Bose,27,Male,Hyderabad,Working Professional,Business Owner,2026-01-31,Premium,Campus Campaign
C002804,Urmi Varughese,29,Male,Chennai,Working Professional,Doctor,2025-04-21,Free,Google
C002805,Vasatika Chandra,44,Male,Coimbatore,Family,Teacher,2026-01-23,Free,Campus Campaign
C002806,Reva Ram,34,Female,Chennai,Family,Business Owner,2025-12-31,Premium,YouTube
C002807,Farhan Koshy,24,Female,Chennai,Working Professional,Business Owner,2026-05-28,Free,Google
C002808,Chanchal Basu,60,Male,Vijayawada,Student,Student,2025-01-27,Premium,Google
C002809,Balhaar Wason,37,Female,Bangalore,Family,Homemaker,2025-01-03,Free,Campus Campaign
C002810,Omisha Peri,20,Male,Bangalore,Student,Student,2025-12-24,Premium,Instagram
C002811,Idika Raval,49,Female,Coimbatore,Student,Student,2024-07-13,Free,Instagram
C002812,Shravya Dixit,37,Male,Chennai,Family,Business Owner,2025-08-28,Premium,Referral
C002813,Nidra Sahota,49,Female,Bangalore,Working Professional,Teacher,2025-01-30,Premium,YouTube
C002814,Rachita Walia,28,Male,Chennai,Family,Homemaker,2026-03-28,Premium,Campus Campaign
C002815,Meghana Sheth,23,Male,Hyderabad,Family,Homemaker,2026-04-27,Free,YouTube
C002816,Gagan Suresh,30,Male,Hyderabad,Family,Business Owner,2026-03-01,Free,Google
C002817,Kashvi Dasgupta,22,Female,Bangalore,Student,Student,2024-10-05,Free,Referral
C002818,Fariq Sani,40,Male,Hyderabad,Student,Student,2024-09-17,Premium,Referral
C002819,Zashil Divan,35,Female,Vijayawada,Student,Student,2024-07-19,Free,Campus Campaign
C002820,Jeet Sagar,52,Female,Hyderabad,Family,Business Owner,2024-09-03,Free,YouTube
C002821,Orinder Ganesan,53,Male,Chennai,Student,Student,2024-07-31,Free,Instagram
C002822,Kabir Bhagat,42,Male,Bangalore,Working Professional,Business Owner,2025-10-05,Premium,Google
C002823,Vansha Rama,54,Female,Bangalore,Family,Homemaker,2025-05-29,Free,Google
C002824,Gaurangi Shankar,43,Female,Coimbatore,Family,Teacher,2024-09-22,Free,Instagram
C002825,Darsh Soman,39,Male,Coimbatore,Family,Business Owner,2024-07-26,Premium,Google
C002826,Onveer Kulkarni,33,Female,Bangalore,Family,Business Owner,2025-03-15,Premium,Referral
C002827,Sai Bakshi,33,Male,Chennai,Family,Business Owner,2025-02-28,Free,YouTube
C002828,Chasmum Bali,26,Female,Chennai,Student,Student,2026-02-17,Premium,Referral
C002829,Deepa Pant,60,Female,Bangalore,Family,Teacher,2026-04-28,Free,Referral
C002830,Yatin Narang,33,Male,Vijayawada,Working Professional,Software Engineer,2025-04-27,Free,YouTube
C002831,Anirudh Bhat,42,Male,Chennai,Student,Student,2025-03-27,Premium,Instagram
C002832,Triya More,47,Female,Hyderabad,Working Professional,Teacher,2025-04-23,Free,Referral
C002833,Chakrika Trivedi,60,Male,Chennai,Working Professional,Designer,2026-05-05,Free,Referral
C002834,Mason Acharya,45,Female,Chennai,Working Professional,Doctor,2025-03-05,Free,YouTube
C002835,Anjali Chaudhari,39,Female,Chennai,Working Professional,Designer,2026-03-22,Premium,Instagram
C002836,Kavya Chada,27,Male,Chennai,Working Professional,Teacher,2026-06-13,Free,YouTube
C002837,Kiaan Mitter,35,Female,Chennai,Student,Student,2025-05-08,Premium,YouTube
C002838,Vritti Sathe,37,Female,Chennai,Working Professional,Teacher,2026-01-06,Free,YouTube
C002839,Yachana Bhasin,31,Female,Bangalore,Working Professional,Teacher,2024-12-16,Free,Instagram
C002840,Hemang Wali,22,Male,Bangalore,Working Professional,Teacher,2026-04-20,Premium,Referral
C002841,Urvashi Gulati,29,Male,Hyderabad,Working Professional,Software Engineer,2025-10-20,Premium,Campus Campaign
C002842,Charvi Hegde,51,Female,Chennai,Family,Teacher,2026-05-23,Free,Google
C002843,Jalsa Sharaf,33,Male,Coimbatore,Working Professional,Designer,2025-04-30,Premium,Campus Campaign
C002844,Maanas Prabhakar,38,Female,Vijayawada,Student,Student,2024-07-07,Free,Campus Campaign
C002845,Dipta Khalsa,33,Female,Chennai,Family,Homemaker,2025-09-14,Free,YouTube
C002846,Sachi Majumdar,50,Female,Bangalore,Family,Homemaker,2024-10-28,Free,Google
C002847,Faris Virk,59,Female,Bangalore,Student,Student,2024-06-22,Free,YouTube
C002848,Omaja Mahal,31,Male,Bangalore,Family,Teacher,2026-05-28,Premium,Campus Campaign
C002849,Wridesh Jain,44,Female,Hyderabad,Family,Teacher,2025-06-15,Free,Referral
C002850,Yadavi Vala,18,Male,Chennai,Student,Student,2026-06-12,Premium,Google
C002851,Max Om,21,Female,Bangalore,Student,Student,2025-05-09,Free,Instagram
C002852,Udarsh Aurora,50,Female,Bangalore,Family,Business Owner,2026-05-20,Free,Google
C002853,Damyanti Sampath,28,Female,Bangalore,Family,Business Owner,2024-09-17,Free,Referral
C002854,Arjun Bajwa,54,Male,Bangalore,Family,Business Owner,2025-10-10,Free,YouTube
C002855,Pratyush Nagy,43,Male,Coimbatore,Family,Homemaker,2025-07-11,Premium,Google
C002856,Leela Dubey,38,Female,Chennai,Family,Homemaker,2024-07-21,Free,YouTube
C002857,Wriddhish Toor,48,Male,Bangalore,Working Professional,Accountant,2024-11-23,Free,Instagram
C002858,Bahadurjit Dhar,35,Female,Vijayawada,Family,Teacher,2025-05-24,Free,YouTube
C002859,Nidhi Sawhney,35,Male,Hyderabad,Working Professional,Teacher,2025-04-24,Free,Referral
C002860,Logan Behl,52,Male,Chennai,Student,Student,2026-03-14,Premium,YouTube
C002861,Anjali Uppal,42,Male,Chennai,Working Professional,Business Owner,2025-10-02,Free,Instagram
C002862,Harsh Morar,47,Female,Vijayawada,Working Professional,Accountant,2025-03-20,Free,Instagram
C002863,Sathvik Behl,20,Male,Coimbatore,Working Professional,Software Engineer,2026-03-06,Free,Instagram
C002864,George Sem,18,Male,Coimbatore,Working Professional,Software Engineer,2026-05-22,Premium,Referral
C002865,Samarth Bhargava,50,Male,Coimbatore,Student,Student,2025-11-23,Premium,Campus Campaign
C002866,Kai Lanka,55,Male,Hyderabad,Working Professional,Accountant,2026-01-26,Premium,YouTube
C002867,Anusha Batra,40,Female,Hyderabad,Family,Business Owner,2026-02-12,Premium,Instagram
C002868,Abeer Loke,52,Male,Bangalore,Student,Student,2025-09-28,Premium,Referral
C002869,Megha Bhatti,59,Female,Chennai,Family,Business Owner,2024-07-30,Free,Instagram
C002870,Lavanya Saxena,56,Male,Coimbatore,Working Professional,Accountant,2025-03-15,Premium,Google
C002871,Jyoti Contractor,38,Female,Bangalore,Family,Teacher,2025-06-19,Premium,YouTube
C002872,Zaid Chopra,36,Male,Bangalore,Working Professional,Software Engineer,2025-05-05,Premium,Instagram
C002873,Chandresh Bhandari,60,Female,Hyderabad,Student,Student,2025-10-25,Free,Referral
C002874,Vamakshi Dyal,18,Female,Chennai,Student,Student,2025-06-16,Free,Referral
C002875,Imaran Yogi,29,Female,Bangalore,Working Professional,Software Engineer,2024-09-16,Free,Campus Campaign
C002876,Tara Rai,48,Female,Bangalore,Working Professional,Designer,2024-10-19,Free,Campus Campaign
C002877,Max Dubey,34,Female,Bangalore,Family,Business Owner,2026-03-24,Free,Google
C002878,Saumya Dash,38,Female,Coimbatore,Working Professional,Designer,2024-12-24,Premium,Instagram
C002879,Ekavir Handa,31,Female,Coimbatore,Family,Homemaker,2025-08-17,Premium,Google
C002880,Yahvi Garg,21,Female,Chennai,Working Professional,Teacher,2024-07-30,Premium,Campus Campaign
C002881,Rachit Misra,49,Female,Vijayawada,Family,Homemaker,2025-11-15,Premium,Referral
C002882,Urvashi Atwal,54,Female,Vijayawada,Family,Homemaker,2026-06-09,Premium,Google
C002883,Anirudh Comar,48,Male,Chennai,Family,Homemaker,2025-09-18,Premium,YouTube
C002884,Sanaya Sundaram,47,Male,Coimbatore,Family,Teacher,2025-04-14,Free,YouTube
C002885,Indira Sarna,35,Male,Bangalore,Student,Student,2025-05-23,Premium,YouTube
C002886,Oeshi Bhalla,41,Male,Chennai,Student,Student,2026-02-10,Free,Google
C002887,Charvi Arora,24,Female,Coimbatore,Working Professional,Business Owner,2024-11-25,Premium,Referral
C002888,Alka Tailor,25,Female,Coimbatore,Student,Student,2026-04-14,Free,Instagram
C002889,Varsha Goswami,57,Male,Coimbatore,Student,Student,2025-08-12,Free,Google
C002890,Lipika Sagar,46,Female,Hyderabad,Family,Teacher,2024-08-23,Premium,Google
C002891,Gaurav Soni,53,Female,Bangalore,Family,Business Owner,2025-06-23,Free,YouTube
C002892,Zayyan Bose,49,Female,Vijayawada,Student,Student,2026-01-08,Premium,Campus Campaign
C002893,Tanvi Nadig,47,Male,Chennai,Working Professional,Business Owner,2025-03-22,Free,YouTube
C002894,Ira Sampath,19,Female,Chennai,Working Professional,Teacher,2025-08-02,Premium,Referral
C002895,Kritika Raju,18,Female,Coimbatore,Family,Teacher,2025-12-17,Premium,Campus Campaign
C002896,Janaki Kothari,48,Male,Coimbatore,Student,Student,2026-04-25,Free,Instagram
C002897,Arya Doshi,52,Female,Coimbatore,Student,Student,2024-12-23,Free,Google
C002898,Samar Om,47,Female,Chennai,Family,Teacher,2025-02-26,Premium,YouTube
C002899,Pranav Bir,35,Female,Bangalore,Family,Teacher,2025-09-09,Free,YouTube
C002900,Alka Ganguly,39,Male,Chennai,Family,Business Owner,2026-04-13,Premium,Instagram
C002901,Advay Sharma,59,Female,Hyderabad,Working Professional,Business Owner,2024-06-30,Premium,Instagram
C002902,Qasim Bora,31,Male,Vijayawada,Family,Homemaker,2025-10-06,Free,Google
C002903,Pranit Subramaniam,45,Female,Chennai,Family,Teacher,2025-07-01,Premium,Instagram
C002904,William Char,34,Male,Coimbatore,Working Professional,Software Engineer,2025-03-17,Premium,Referral
C002905,Tejas Nori,25,Male,Chennai,Working Professional,Business Owner,2025-11-29,Premium,YouTube
C002906,Ikbal Sani,36,Male,Hyderabad,Working Professional,Designer,2024-11-28,Premium,YouTube
C002907,Ranbir Khosla,19,Female,Hyderabad,Student,Student,2024-11-12,Premium,YouTube
C002908,Abdul Bhakta,42,Female,Chennai,Family,Teacher,2025-10-17,Premium,Instagram
C002909,Banjeet Mall,36,Male,Bangalore,Working Professional,Business Owner,2026-05-02,Free,Google
C002910,Jatin Nanda,30,Male,Bangalore,Working Professional,Teacher,2025-05-23,Free,Referral
C002911,Ekta Chada,44,Female,Chennai,Family,Homemaker,2025-06-20,Premium,Instagram
C002912,Neha Shukla,20,Female,Bangalore,Working Professional,Designer,2026-04-05,Free,Google
C002913,Chandran Krishnamurthy,32,Female,Vijayawada,Working Professional,Designer,2024-09-14,Free,Instagram
C002914,Vanya Ravel,54,Female,Chennai,Working Professional,Software Engineer,2024-08-23,Premium,Instagram
C002915,Harish Sani,23,Female,Chennai,Working Professional,Software Engineer,2024-08-08,Free,Instagram
C002916,Guneet Bedi,36,Female,Bangalore,Family,Teacher,2026-03-11,Premium,Google
C002917,Finn Johal,22,Female,Chennai,Student,Student,2025-04-07,Premium,YouTube
C002918,Harish Dhawan,45,Female,Bangalore,Student,Student,2025-05-19,Premium,Campus Campaign
C002919,Timothy Mistry,29,Male,Vijayawada,Working Professional,Software Engineer,2025-06-10,Free,Referral
C002920,Isha Srinivasan,25,Male,Chennai,Student,Student,2025-09-09,Premium,Instagram
C002921,Mugdha Narayan,21,Male,Coimbatore,Working Professional,Accountant,2024-12-18,Premium,Instagram
C002922,George Srinivas,39,Male,Coimbatore,Family,Teacher,2024-09-13,Premium,Instagram
C002923,Balveer Dayal,48,Male,Hyderabad,Working Professional,Software Engineer,2026-05-09,Free,YouTube
C002924,Vaishnavi Cherian,49,Male,Bangalore,Family,Homemaker,2025-10-27,Free,YouTube
C002925,Ubika Sahota,19,Male,Bangalore,Working Professional,Software Engineer,2025-06-20,Premium,YouTube
C002926,Chandani Chaudhari,32,Male,Hyderabad,Family,Homemaker,2024-10-15,Free,Instagram
C002927,Zayyan Pai,53,Male,Chennai,Family,Business Owner,2026-04-28,Premium,Instagram
C002928,Shaurya Bahri,40,Male,Bangalore,Family,Teacher,2024-12-29,Free,Campus Campaign
C002929,Aarnav Mishra,57,Female,Coimbatore,Family,Business Owner,2025-03-07,Free,YouTube
C002930,Hemang Tank,43,Female,Vijayawada,Student,Student,2025-10-19,Premium,Campus Campaign
C002931,Kevin Agrawal,52,Female,Chennai,Working Professional,Teacher,2025-01-24,Premium,Instagram
C002932,Zinal Bir,19,Male,Chennai,Family,Business Owner,2025-07-31,Premium,Google
C002933,Karan Misra,60,Female,Hyderabad,Student,Student,2026-04-25,Premium,Instagram
C002934,Kashish Mangal,43,Female,Vijayawada,Student,Student,2025-11-13,Free,Google
C002935,Azaan Edwin,42,Female,Chennai,Student,Student,2024-11-09,Premium,Referral
C002936,Thomas Lalla,24,Male,Bangalore,Family,Teacher,2024-07-07,Free,Instagram
C002937,Qarin Soman,44,Female,Hyderabad,Student,Student,2024-10-19,Premium,Campus Campaign
C002938,Wridesh Soman,59,Female,Hyderabad,Student,Student,2025-08-09,Free,Referral
C002939,Bhavika Palla,38,Male,Bangalore,Student,Student,2024-12-02,Free,Google
C002940,Mohini Dasgupta,21,Male,Chennai,Family,Business Owner,2026-02-24,Premium,Instagram
C002941,Zaitra Balasubramanian,45,Female,Chennai,Student,Student,2025-08-29,Premium,Referral
C002942,Liam Mannan,50,Female,Hyderabad,Working Professional,Accountant,2025-07-02,Free,Referral
C002943,Nikita Anand,42,Female,Hyderabad,Family,Homemaker,2024-07-17,Premium,Referral
C002944,Omkaar Dugar,20,Male,Bangalore,Student,Student,2025-10-31,Free,Google
C002945,Yashasvi Sagar,57,Female,Bangalore,Family,Teacher,2026-03-29,Premium,YouTube
C002946,Yamini Mann,19,Female,Chennai,Family,Business Owner,2026-04-16,Free,Campus Campaign
C002947,Sachi Buch,39,Female,Chennai,Family,Business Owner,2026-02-24,Premium,Campus Campaign
C002948,Ryan Kaul,21,Male,Chennai,Student,Student,2025-08-15,Free,Campus Campaign
C002949,Ishwar Narang,43,Male,Vijayawada,Family,Homemaker,2024-08-27,Premium,Google
C002950,Nisha Chanda,27,Male,Chennai,Family,Teacher,2025-06-23,Premium,Google
C002951,Ethan Banerjee,51,Female,Bangalore,Working Professional,Teacher,2026-04-20,Free,YouTube
C002952,Omisha Rama,59,Female,Vijayawada,Student,Student,2025-02-02,Premium,Instagram
C002953,Hitesh Mutti,31,Male,Chennai,Student,Student,2026-05-23,Premium,Google
C002954,Hemani Dyal,26,Female,Chennai,Working Professional,Software Engineer,2025-11-01,Free,Instagram
C002955,Nachiket Kala,19,Female,Coimbatore,Working Professional,Designer,2025-11-15,Premium,YouTube
C002956,Raghav Chokshi,51,Female,Hyderabad,Working Professional,Teacher,2026-05-12,Free,Referral
C002957,Geetika Pillai,44,Male,Hyderabad,Working Professional,Business Owner,2026-02-16,Premium,Instagram
C002958,Wishi Parmar,38,Female,Bangalore,Student,Student,2024-11-07,Free,Referral
C002959,Nachiket Dugar,19,Male,Chennai,Working Professional,Doctor,2026-01-29,Free,Google
C002960,Wyatt Batra,52,Female,Bangalore,Student,Student,2026-02-03,Premium,Google
C002961,Amruta Mandal,31,Female,Chennai,Family,Homemaker,2024-11-08,Free,Referral
C002962,Zinal Agate,27,Female,Bangalore,Working Professional,Teacher,2025-09-18,Premium,Instagram
C002963,Damini Bansal,38,Female,Bangalore,Family,Teacher,2024-08-22,Premium,Instagram
C002964,Ira Deo,38,Female,Bangalore,Student,Student,2025-03-29,Free,Referral
C002965,Pallavi Ratta,45,Male,Bangalore,Student,Student,2025-05-19,Premium,Google
C002966,Wakeeta Taneja,33,Female,Chennai,Family,Business Owner,2025-11-11,Premium,Google
C002967,Vritti Barad,23,Male,Vijayawada,Student,Student,2025-05-04,Premium,Campus Campaign
C002968,Harita Cheema,37,Female,Hyderabad,Student,Student,2025-03-21,Premium,Google
C002969,Qabil Sabharwal,33,Male,Hyderabad,Student,Student,2026-04-20,Free,YouTube
C002970,Adya Lad,39,Female,Chennai,Student,Student,2026-01-08,Premium,Instagram
C002971,Yash Zacharia,54,Male,Bangalore,Working Professional,Accountant,2025-01-03,Premium,Campus Campaign
C002972,Chasmum Kapadia,59,Male,Vijayawada,Student,Student,2024-06-20,Premium,Instagram
C002973,Ansh Jain,45,Female,Chennai,Working Professional,Software Engineer,2025-01-19,Free,Instagram
C002974,Vivaan Prashad,43,Female,Coimbatore,Working Professional,Accountant,2025-03-03,Premium,Campus Campaign
C002975,Brijesh Korpal,52,Male,Bangalore,Working Professional,Software Engineer,2025-10-17,Free,Google
C002976,Bahadurjit Ramakrishnan,48,Male,Hyderabad,Student,Student,2025-10-15,Free,Campus Campaign
C002977,Faraj Bhakta,34,Male,Vijayawada,Family,Business Owner,2025-09-10,Free,Campus Campaign
C002978,Aditya Gaba,28,Female,Bangalore,Working Professional,Software Engineer,2025-01-11,Premium,Campus Campaign
C002979,Girindra Kakar,59,Female,Coimbatore,Student,Student,2024-11-06,Premium,Referral
C002980,Nidra Varghese,50,Male,Vijayawada,Working Professional,Software Engineer,2024-11-24,Free,Referral
C002981,Zashil Oza,41,Female,Hyderabad,Student,Student,2026-03-09,Premium,Referral
C002982,Matthew Mani,60,Male,Chennai,Family,Homemaker,2025-05-28,Free,Campus Campaign
C002983,Harshil Anand,38,Male,Bangalore,Student,Student,2025-05-18,Free,Google
C002984,Jasmit Gala,35,Female,Bangalore,Family,Homemaker,2024-11-03,Premium,Instagram
C002985,Jai Ben,49,Female,Vijayawada,Family,Teacher,2024-07-08,Premium,Google
C002986,Xalak Mannan,42,Female,Bangalore,Family,Teacher,2024-08-31,Free,Instagram
C002987,Jeet Bansal,32,Female,Vijayawada,Working Professional,Accountant,2025-03-30,Free,YouTube
C002988,Lekha Rai,49,Male,Hyderabad,Student,Student,2025-07-19,Premium,Referral
C002989,Baghyawati Jhaveri,41,Female,Bangalore,Student,Student,2024-11-29,Premium,Campus Campaign
C002990,Zayyan Kashyap,31,Male,Vijayawada,Student,Student,2025-03-18,Premium,YouTube
C002991,Jai Maharaj,51,Male,Vijayawada,Student,Student,2024-06-28,Free,YouTube
C002992,Sanya Oak,21,Female,Chennai,Family,Teacher,2025-11-07,Premium,Referral
C002993,Chanakya Bhargava,30,Male,Bangalore,Working Professional,Teacher,2026-05-19,Free,Referral
C002994,Yashica Viswanathan,52,Male,Chennai,Family,Business Owner,2025-08-01,Premium,Campus Campaign
C002995,Chakrika Verma,47,Female,Bangalore,Student,Student,2024-08-24,Premium,Campus Campaign
C002996,Garima Doshi,24,Male,Coimbatore,Working Professional,Doctor,2024-11-07,Free,Instagram
C002997,Oliver Pandit,49,Male,Chennai,Family,Teacher,2025-02-20,Premium,Google
C002998,Rushil Reddy,60,Female,Hyderabad,Working Professional,Accountant,2026-05-17,Premium,Referral
C002999,George Tailor,20,Male,Vijayawada,Working Professional,Doctor,2025-03-30,Free,Google
C003000,Dhriti Datta,59,Male,Hyderabad,Student,Student,2025-08-26,Premium,Google
C003001,Rohan Lalla,18,Male,Chennai,Family,Teacher,2026-01-17,Premium,Google
C003002,Darika Singhal,27,Male,Bangalore,Working Professional,Teacher,2024-07-03,Free,YouTube
C003003,Devansh Mand,57,Male,Bangalore,Family,Business Owner,2026-04-29,Premium,Instagram
C003004,Kamala Sen,38,Male,Chennai,Family,Teacher,2025-09-26,Premium,Instagram
C003005,Varenya Hari,33,Female,Hyderabad,Student,Student,2025-03-25,Free,Instagram
C003006,Harinakshi Kar,28,Female,Vijayawada,Family,Homemaker,2025-01-25,Premium,Google
C003007,Caleb Chauhan,47,Female,Hyderabad,Family,Homemaker,2024-10-18,Premium,Google
C003008,Rachit Bir,57,Male,Vijayawada,Working Professional,Business Owner,2025-10-30,Free,Instagram
C003009,Harrison Ganguly,23,Male,Chennai,Family,Homemaker,2025-03-02,Free,Referral
C003010,Aditya Virk,27,Male,Chennai,Working Professional,Designer,2026-05-28,Free,Google
C003011,Girik Bhatia,24,Female,Bangalore,Working Professional,Software Engineer,2024-10-21,Free,Referral
C003012,Peter Kalla,32,Male,Vijayawada,Student,Student,2026-03-31,Free,Instagram
C003013,Rachita Arora,27,Male,Bangalore,Student,Student,2025-07-21,Premium,Instagram
C003014,Odika Kar,49,Male,Bangalore,Working Professional,Business Owner,2024-12-01,Free,YouTube
C003015,Sachi Kari,44,Female,Coimbatore,Family,Homemaker,2024-10-23,Premium,Campus Campaign
C003016,Rayaan Zachariah,25,Male,Hyderabad,Family,Teacher,2025-10-06,Premium,Google
C003017,Gayathri Mangat,37,Male,Bangalore,Family,Homemaker,2026-02-02,Free,YouTube
C003018,Ansh Lad,59,Female,Coimbatore,Family,Business Owner,2026-04-18,Premium,Referral
C003019,Triveni Deep,35,Male,Chennai,Working Professional,Software Engineer,2025-05-12,Free,Referral
C003020,Hamsini Barad,24,Male,Vijayawada,Student,Student,2025-05-27,Free,Instagram
C003021,Ganga Pillay,53,Male,Bangalore,Working Professional,Software Engineer,2025-08-23,Premium,Google
C003022,Darika Nigam,23,Female,Hyderabad,Family,Teacher,2024-11-27,Premium,YouTube
C003023,Vritti Buch,43,Male,Coimbatore,Student,Student,2025-06-09,Free,YouTube
C003024,Maanav Sathe,34,Female,Chennai,Working Professional,Doctor,2026-06-15,Premium,Google
C003025,Praneel Deshpande,57,Female,Hyderabad,Student,Student,2025-05-12,Premium,Google
C003026,Radhika Wason,25,Male,Hyderabad,Family,Business Owner,2025-01-21,Premium,Referral
C003027,Garima Chand,26,Female,Chennai,Working Professional,Accountant,2025-08-22,Free,Referral
C003028,Chandani Randhawa,19,Male,Hyderabad,Student,Student,2025-01-19,Free,Google
C003029,Azaan Bhatnagar,60,Female,Chennai,Student,Student,2025-12-08,Free,YouTube
C003030,Baghyawati Varkey,44,Male,Chennai,Working Professional,Accountant,2026-04-12,Premium,Referral
C003031,Devika Rao,28,Female,Bangalore,Family,Homemaker,2024-07-06,Premium,Google
C003032,Gavin Kar,51,Female,Bangalore,Family,Teacher,2025-05-26,Free,YouTube
C003033,Arjun Mani,35,Male,Bangalore,Family,Business Owner,2025-12-08,Premium,Campus Campaign
C003034,Arunima Dash,42,Female,Coimbatore,Working Professional,Software Engineer,2025-10-09,Free,YouTube
C003035,Farhan Venkatesh,25,Female,Vijayawada,Family,Homemaker,2025-07-20,Premium,YouTube
C003036,Vinaya Mody,35,Female,Bangalore,Student,Student,2025-07-16,Free,YouTube
C003037,Yash Naidu,37,Female,Bangalore,Student,Student,2025-03-15,Premium,YouTube
C003038,Zinal Gara,33,Female,Coimbatore,Working Professional,Software Engineer,2024-10-01,Premium,Google
C003039,Karan Pau,30,Female,Hyderabad,Working Professional,Designer,2024-10-22,Free,Campus Campaign
C003040,Ekapad Kalita,22,Male,Bangalore,Family,Business Owner,2024-07-19,Premium,Campus Campaign
C003041,Logan Grewal,39,Female,Coimbatore,Family,Teacher,2025-09-13,Premium,Instagram
C003042,Vihaan Narang,55,Female,Hyderabad,Family,Homemaker,2025-02-11,Free,YouTube
C003043,Maya Madan,39,Female,Chennai,Working Professional,Doctor,2025-11-25,Premium,Campus Campaign
C003044,Jeet Chandran,21,Female,Bangalore,Student,Student,2024-06-28,Premium,Referral
C003045,Pooja Bail,27,Female,Coimbatore,Working Professional,Accountant,2024-09-28,Free,YouTube
C003046,Chavvi Ahuja,37,Male,Chennai,Working Professional,Designer,2026-04-07,Premium,Instagram
C003047,Upma Gandhi,29,Male,Hyderabad,Student,Student,2026-03-11,Free,Referral
C003048,Yasti Chowdhury,21,Female,Hyderabad,Working Professional,Accountant,2025-08-15,Premium,Instagram
C003049,Barkha Saini,30,Male,Chennai,Family,Homemaker,2026-01-18,Free,Campus Campaign
C003050,Ronith Yohannan,19,Male,Chennai,Student,Student,2024-12-09,Premium,Google
C003051,Zaitra Malhotra,48,Male,Hyderabad,Working Professional,Teacher,2025-07-18,Free,Referral
C003052,Riya Ramesh,47,Female,Hyderabad,Working Professional,Teacher,2025-03-25,Premium,Referral
C003053,Mekhala Bawa,52,Female,Chennai,Family,Homemaker,2025-01-09,Free,Campus Campaign
C003054,Ikshita Rai,49,Female,Hyderabad,Working Professional,Software Engineer,2024-08-04,Free,Google
C003055,Ekalinga Dewan,42,Female,Hyderabad,Family,Teacher,2024-10-04,Free,YouTube
C003056,Viraj Sunder,23,Male,Chennai,Student,Student,2025-01-04,Free,Referral
C003057,Viraj Manne,39,Female,Chennai,Working Professional,Accountant,2025-09-23,Premium,Instagram
C003058,Samaksh Borde,45,Male,Chennai,Working Professional,Doctor,2025-05-30,Premium,YouTube
C003059,Hiral Varty,21,Female,Coimbatore,Family,Business Owner,2024-10-19,Free,Campus Campaign
C003060,Fiyaz Karnik,53,Male,Bangalore,Family,Homemaker,2025-04-19,Premium,Google
C003061,Jagat Oza,52,Male,Bangalore,Student,Student,2025-05-22,Premium,Referral
C003062,Ekalinga Shan,32,Female,Bangalore,Family,Teacher,2025-02-23,Free,Instagram
C003063,Nihal Lalla,49,Female,Coimbatore,Student,Student,2024-10-08,Premium,YouTube
C003064,Brijesh Sachdeva,47,Female,Bangalore,Working Professional,Business Owner,2025-09-17,Free,YouTube
C003065,Yasti Khanna,34,Male,Coimbatore,Student,Student,2025-05-31,Premium,Google
C003066,Manya Mammen,45,Male,Hyderabad,Family,Teacher,2024-12-07,Free,Campus Campaign
C003067,Nilima Bhat,36,Female,Bangalore,Working Professional,Business Owner,2025-03-08,Free,YouTube
C003068,Frado Guha,54,Male,Chennai,Working Professional,Software Engineer,2026-01-30,Premium,Referral
C003069,Zinal Mukhopadhyay,20,Male,Bangalore,Student,Student,2025-09-30,Premium,Campus Campaign
C003070,Madhav Bahri,57,Male,Bangalore,Student,Student,2025-07-20,Premium,Google
C003071,Jasmit Dhillon,52,Female,Coimbatore,Working Professional,Doctor,2025-12-21,Premium,Referral
C003072,Chakrika Mahal,59,Male,Bangalore,Student,Student,2026-06-14,Free,YouTube
C003073,Sachi Samra,29,Male,Hyderabad,Student,Student,2025-05-16,Free,Campus Campaign
C003074,Gautam Bala,22,Female,Chennai,Working Professional,Teacher,2025-02-01,Premium,Instagram
C003075,Adweta Gala,28,Female,Coimbatore,Student,Student,2025-12-01,Premium,Referral
C003076,Krish Chaudry,21,Female,Hyderabad,Working Professional,Doctor,2025-08-15,Premium,Google
C003077,Megha Chaudhary,49,Female,Bangalore,Family,Teacher,2025-07-26,Free,Google
C003078,Jatin Gera,46,Male,Hyderabad,Student,Student,2024-10-04,Premium,Campus Campaign
C003079,Harsh Mall,29,Male,Bangalore,Student,Student,2026-02-28,Premium,Campus Campaign
C003080,Naveen Hayer,31,Male,Bangalore,Family,Teacher,2025-02-09,Premium,Referral
C003081,Vaishnavi Jani,33,Female,Chennai,Working Professional,Software Engineer,2026-01-11,Premium,Google
C003082,Irya Joshi,45,Male,Bangalore,Working Professional,Teacher,2026-03-07,Free,Referral
C003083,Indali Choudhary,20,Male,Chennai,Student,Student,2025-01-19,Premium,YouTube
C003084,Tanish Prashad,39,Male,Chennai,Family,Homemaker,2024-06-24,Premium,YouTube
C003085,Shivani Natt,23,Male,Bangalore,Working Professional,Designer,2025-01-05,Free,Referral
C003086,Gaurangi Acharya,59,Male,Bangalore,Student,Student,2025-04-18,Premium,Campus Campaign
C003087,Hredhaan Contractor,28,Female,Hyderabad,Working Professional,Accountant,2025-06-27,Premium,YouTube
C003088,Caleb Muni,18,Female,Chennai,Family,Homemaker,2026-04-20,Premium,YouTube
C003089,Zansi Ahluwalia,56,Female,Hyderabad,Family,Business Owner,2026-03-07,Premium,Campus Campaign
C003090,Aadhya Andra,22,Male,Coimbatore,Family,Homemaker,2025-07-06,Free,Campus Campaign
C003091,Jagdish Varkey,59,Male,Bangalore,Student,Student,2026-05-20,Premium,Referral
C003092,Gagan Mody,27,Male,Vijayawada,Family,Business Owner,2026-05-19,Premium,Referral
C003093,Andrew Mangal,33,Female,Chennai,Working Professional,Teacher,2025-11-06,Free,Referral
C003094,Gopal Narasimhan,26,Male,Bangalore,Family,Teacher,2024-11-06,Free,Referral
C003095,Madhav Dixit,53,Male,Hyderabad,Family,Business Owner,2026-01-13,Premium,YouTube
C003096,Yashoda Kapur,23,Female,Hyderabad,Student,Student,2024-12-10,Premium,Campus Campaign
C003097,Timothy Golla,39,Male,Bangalore,Student,Student,2026-05-11,Premium,Referral
C003098,Ekalinga Sura,18,Male,Hyderabad,Student,Student,2026-03-14,Free,Campus Campaign
C003099,Triveni Deol,49,Female,Chennai,Student,Student,2026-04-09,Premium,Campus Campaign
C003100,Logan Chahal,59,Female,Chennai,Family,Homemaker,2025-01-12,Premium,Referral
C003101,Samuel Dada,44,Female,Chennai,Family,Homemaker,2024-11-30,Premium,Instagram
C003102,Caleb Khosla,22,Male,Coimbatore,Working Professional,Teacher,2026-03-10,Free,Google
C003103,Anjali Guha,36,Male,Vijayawada,Working Professional,Business Owner,2026-04-25,Premium,Google
C003104,Krishna Jaggi,28,Female,Chennai,Family,Teacher,2026-01-21,Premium,Instagram
C003105,Ladli Lanka,34,Male,Hyderabad,Family,Business Owner,2024-10-09,Premium,Instagram
C003106,Vedhika Atwal,60,Male,Vijayawada,Working Professional,Software Engineer,2025-02-19,Free,Referral
C003107,Vyanjana Tara,60,Male,Hyderabad,Working Professional,Designer,2024-11-08,Free,Referral
C003108,Prisha Vala,41,Female,Bangalore,Family,Teacher,2025-08-18,Premium,Instagram
C003109,Nilima Ravi,39,Male,Bangalore,Family,Teacher,2025-02-23,Free,YouTube
C003110,Darpan Raval,34,Male,Hyderabad,Family,Teacher,2025-08-05,Premium,Instagram
C003111,Ishani Shan,38,Female,Chennai,Student,Student,2025-08-13,Premium,Instagram
C003112,Aditya Taneja,20,Male,Bangalore,Student,Student,2025-01-25,Premium,Google
C003113,Anvi Sani,31,Female,Bangalore,Student,Student,2026-03-30,Premium,Campus Campaign
C003114,Ayaan Varughese,55,Male,Hyderabad,Student,Student,2026-06-05,Premium,Referral
C003115,Luke Setty,25,Female,Bangalore,Student,Student,2024-07-26,Premium,Google
C003116,Pratyush Dalal,44,Male,Vijayawada,Working Professional,Teacher,2025-07-18,Premium,Campus Campaign
C003117,Qabil Sachar,29,Female,Vijayawada,Student,Student,2025-05-21,Premium,Campus Campaign
C003118,Tarak Som,50,Female,Chennai,Student,Student,2025-10-16,Free,Google
C003119,Hemani Bajaj,46,Male,Chennai,Student,Student,2024-12-20,Free,Campus Campaign
C003120,Ria Bhargava,45,Male,Bangalore,Working Professional,Doctor,2025-08-11,Free,Instagram
C003121,Abhiram Kale,59,Female,Chennai,Working Professional,Designer,2024-09-27,Free,YouTube
C003122,Adya Contractor,43,Female,Hyderabad,Family,Teacher,2025-07-13,Free,Instagram
C003123,Hitesh Vala,42,Male,Bangalore,Family,Business Owner,2025-03-03,Premium,Instagram
C003124,Anika Kannan,39,Male,Bangalore,Working Professional,Accountant,2024-11-18,Premium,Google
C003125,Aarna Babu,29,Female,Chennai,Family,Teacher,2025-05-22,Free,Google
C003126,Vedika Sachdev,44,Female,Vijayawada,Working Professional,Accountant,2025-05-10,Premium,Instagram
C003127,Lakshmi Dass,53,Male,Hyderabad,Working Professional,Designer,2026-01-04,Free,Referral
C003128,Nidra Kale,47,Female,Hyderabad,Family,Homemaker,2025-10-31,Free,Campus Campaign
C003129,Harita Puri,33,Female,Hyderabad,Family,Homemaker,2024-07-31,Free,Instagram
C003130,Joshua Hari,30,Female,Bangalore,Working Professional,Doctor,2025-11-09,Premium,Campus Campaign
C003131,Dayita Dara,38,Male,Bangalore,Student,Student,2024-09-15,Free,Campus Campaign
C003132,Vedant D’Alia,44,Female,Bangalore,Student,Student,2026-03-13,Premium,Google
C003133,Madhav Hegde,44,Female,Bangalore,Student,Student,2026-03-11,Premium,YouTube
C003134,Onveer Nayar,32,Male,Hyderabad,Working Professional,Designer,2024-11-16,Premium,Instagram
C003135,Upasna Lad,24,Female,Bangalore,Family,Teacher,2025-07-31,Free,Campus Campaign
C003136,Xavier Roy,53,Female,Vijayawada,Student,Student,2025-10-24,Free,Instagram
C003137,Wriddhish Karan,27,Female,Chennai,Working Professional,Doctor,2025-09-04,Free,Campus Campaign
C003138,Arya Bhat,59,Male,Coimbatore,Working Professional,Teacher,2025-12-08,Free,Referral
C003139,Jason Prashad,27,Female,Chennai,Family,Homemaker,2024-06-23,Premium,Campus Campaign
C003140,Balhaar Kant,40,Male,Bangalore,Working Professional,Designer,2025-02-19,Free,YouTube
C003141,Orinder Batta,55,Male,Bangalore,Student,Student,2024-12-15,Premium,Campus Campaign
C003142,Pushti Nazareth,41,Male,Coimbatore,Family,Teacher,2024-09-13,Premium,Campus Campaign
C003143,Anita Pradhan,42,Male,Coimbatore,Family,Homemaker,2024-08-09,Premium,Campus Campaign
C003144,Chaman Murthy,21,Female,Chennai,Working Professional,Business Owner,2026-02-03,Free,Referral
C003145,Vansha Bhagat,41,Male,Coimbatore,Working Professional,Designer,2024-08-14,Premium,YouTube
C003146,Oliver Mohanty,49,Female,Chennai,Family,Business Owner,2024-09-21,Free,YouTube
C003147,Aayush Ganesh,51,Female,Chennai,Family,Homemaker,2026-03-17,Free,Referral
C003148,Gautam Soni,26,Female,Chennai,Family,Business Owner,2025-07-27,Free,Campus Campaign
C003149,Yochana Mukherjee,55,Female,Chennai,Family,Homemaker,2026-01-29,Free,Google
C003150,Amaira Kumer,24,Female,Coimbatore,Working Professional,Software Engineer,2024-12-31,Free,YouTube
C003151,Kamala Rajan,54,Male,Hyderabad,Student,Student,2026-04-14,Premium,Google
C003152,Dominic Halder,28,Female,Chennai,Working Professional,Doctor,2026-03-23,Premium,Instagram
C003153,Jagrati Arora,53,Female,Vijayawada,Student,Student,2025-08-10,Premium,Instagram
C003154,Thomas Baral,47,Female,Vijayawada,Student,Student,2025-06-07,Premium,YouTube
C003155,Oeshi Raval,31,Male,Bangalore,Student,Student,2024-09-21,Free,Google
C003156,Amaira Zachariah,56,Male,Chennai,Working Professional,Designer,2025-09-07,Free,YouTube
C003157,Zarna Singhal,18,Male,Bangalore,Family,Homemaker,2024-12-17,Premium,Referral
C003158,Yug Nair,40,Female,Chennai,Student,Student,2025-04-07,Premium,Campus Campaign
C003159,Faras Shankar,38,Male,Hyderabad,Working Professional,Teacher,2025-01-31,Premium,Google
C003160,Chatura Bakshi,19,Female,Hyderabad,Working Professional,Doctor,2024-09-18,Free,Instagram
C003161,Tripti Kohli,53,Male,Chennai,Family,Homemaker,2025-02-12,Premium,Referral
C003162,Farhan Trivedi,23,Female,Chennai,Student,Student,2025-04-27,Premium,Instagram
C003163,Maya Anne,40,Female,Coimbatore,Working Professional,Business Owner,2024-12-06,Premium,Campus Campaign
C003164,Nisha Manda,25,Female,Chennai,Family,Teacher,2026-01-08,Free,Campus Campaign
C003165,Kevin Lad,30,Female,Hyderabad,Working Professional,Teacher,2025-10-23,Premium,Campus Campaign
C003166,Siddharth Shroff,54,Male,Hyderabad,Student,Student,2025-03-04,Premium,YouTube
C003167,Nirja Buch,50,Female,Chennai,Student,Student,2025-06-22,Premium,YouTube
C003168,Wridesh Viswanathan,57,Male,Hyderabad,Family,Teacher,2026-05-04,Premium,Instagram
C003169,Mohini Narain,50,Male,Bangalore,Student,Student,2024-08-07,Free,Referral
C003170,Zilmil Sethi,47,Male,Chennai,Family,Teacher,2025-10-29,Free,Google
C003171,Omya Madan,57,Male,Hyderabad,Working Professional,Doctor,2024-08-19,Free,Instagram
C003172,Onveer Khanna,51,Male,Coimbatore,Working Professional,Software Engineer,2025-06-03,Free,Instagram
C003173,Rudra Bava,44,Male,Coimbatore,Working Professional,Designer,2024-09-19,Premium,Instagram
C003174,Luke Ghosh,32,Male,Chennai,Student,Student,2026-06-07,Free,Campus Campaign
C003175,Advaith Boase,56,Male,Bangalore,Family,Teacher,2025-08-07,Premium,Google
C003176,Oscar Lata,57,Male,Vijayawada,Student,Student,2024-09-07,Free,Referral
C003177,Kamala Rout,21,Female,Hyderabad,Working Professional,Doctor,2026-05-18,Premium,Google
C003178,Rehaan Kothari,36,Male,Chennai,Working Professional,Accountant,2025-12-30,Premium,Google
C003179,Omaja Hans,41,Female,Chennai,Working Professional,Designer,2025-09-24,Free,YouTube
C003180,Yamini Gera,36,Male,Coimbatore,Family,Teacher,2025-06-24,Premium,YouTube
C003181,Pranav Buch,35,Male,Bangalore,Family,Business Owner,2024-12-09,Premium,Instagram
C003182,Janya Badal,18,Male,Chennai,Student,Student,2024-08-18,Free,Instagram
C003183,Alka Dua,18,Male,Chennai,Working Professional,Designer,2024-07-04,Premium,Instagram
C003184,Sathvik Basak,22,Male,Bangalore,Working Professional,Designer,2025-09-08,Free,Campus Campaign
C003185,Samesh Kala,41,Male,Chennai,Family,Business Owner,2026-05-15,Premium,Campus Campaign
C003186,Chaitanya Pandya,60,Male,Chennai,Working Professional,Business Owner,2025-01-21,Free,YouTube
C003187,Yutika Ahluwalia,49,Male,Vijayawada,Student,Student,2025-01-08,Premium,Instagram
C003188,Victor Warrior,51,Male,Bangalore,Family,Homemaker,2024-11-13,Free,Google
C003189,Lajita Kalla,33,Female,Coimbatore,Student,Student,2024-07-13,Premium,YouTube
C003190,Rushil Virk,35,Male,Chennai,Family,Homemaker,2024-07-26,Free,Google
C003191,Yuvraj Choudhury,24,Female,Bangalore,Family,Teacher,2024-11-14,Premium,YouTube
C003192,George Loyal,34,Male,Chennai,Working Professional,Teacher,2025-05-14,Premium,Campus Campaign
C003193,Guneet Singhal,55,Male,Vijayawada,Working Professional,Business Owner,2026-06-02,Premium,YouTube
C003194,Gauri Setty,35,Male,Coimbatore,Student,Student,2024-09-29,Premium,Google
C003195,Girindra Vyas,38,Male,Chennai,Student,Student,2025-12-20,Premium,Campus Campaign
C003196,Nandini Misra,59,Female,Hyderabad,Family,Teacher,2025-08-23,Premium,Referral
C003197,Sanaya Bandi,20,Female,Bangalore,Family,Homemaker,2025-12-12,Free,Google
C003198,Divya Sawhney,41,Female,Coimbatore,Student,Student,2025-08-22,Free,Instagram
C003199,Bachittar Vohra,22,Female,Chennai,Family,Business Owner,2024-09-08,Premium,Google
C003200,Utkarsh Goswami,21,Female,Chennai,Family,Homemaker,2026-06-08,Premium,Google
C003201,Faris Bala,24,Male,Bangalore,Family,Teacher,2026-01-03,Free,YouTube
C003202,Karan Kala,52,Female,Bangalore,Student,Student,2026-01-09,Premium,Google
C003203,Peter Shroff,49,Female,Coimbatore,Family,Business Owner,2025-12-31,Premium,Google
C003204,Jagvi Ratta,41,Female,Vijayawada,Student,Student,2025-06-12,Premium,Referral
C003205,Faraj Narayanan,42,Male,Hyderabad,Working Professional,Designer,2025-05-14,Premium,Referral
C003206,Isaac Wagle,29,Male,Bangalore,Working Professional,Accountant,2026-01-15,Premium,Instagram
C003207,Manya Seth,58,Female,Coimbatore,Student,Student,2026-01-31,Free,Referral
C003208,Chaman Choudhury,47,Male,Bangalore,Student,Student,2024-08-05,Free,YouTube
C003209,George Goda,39,Male,Chennai,Student,Student,2025-07-12,Free,Referral
C003210,Pushti Kala,46,Male,Chennai,Student,Student,2024-09-11,Free,Instagram
C003211,Dalbir Nadkarni,50,Female,Hyderabad,Family,Teacher,2025-12-11,Premium,Campus Campaign
C003212,Frederick Sodhi,60,Male,Chennai,Student,Student,2024-10-13,Free,Referral
C003213,Nidra Sani,35,Female,Coimbatore,Family,Homemaker,2025-11-13,Free,YouTube
C003214,Adweta Chatterjee,53,Male,Chennai,Family,Teacher,2024-10-26,Premium,Referral
C003215,Prisha Chakraborty,40,Male,Hyderabad,Family,Business Owner,2025-07-12,Premium,Google
C003216,Saanvi Wable,60,Female,Vijayawada,Student,Student,2025-04-03,Premium,Google
C003217,Ikbal Sheth,36,Male,Chennai,Family,Business Owner,2024-12-04,Premium,YouTube
C003218,Parth Soman,44,Male,Hyderabad,Student,Student,2025-10-09,Premium,Campus Campaign
C003219,Manya Golla,51,Female,Chennai,Working Professional,Software Engineer,2024-06-18,Premium,YouTube
C003220,Balendra Merchant,47,Male,Chennai,Family,Teacher,2025-05-15,Premium,Google
C003221,Anjali Bhandari,22,Female,Chennai,Family,Business Owner,2024-11-27,Premium,Campus Campaign
C003222,Jairaj Dani,52,Female,Coimbatore,Student,Student,2025-02-06,Free,Google
C003223,Urvashi Srinivasan,37,Female,Chennai,Family,Homemaker,2026-01-09,Free,Referral
C003224,Megha Majumdar,24,Male,Chennai,Working Professional,Designer,2024-09-24,Free,YouTube
C003225,Amol Ganesh,32,Male,Hyderabad,Family,Homemaker,2025-07-12,Free,YouTube
C003226,Gaurav Ganguly,31,Female,Chennai,Working Professional,Doctor,2025-10-30,Premium,Referral
C003227,Niharika Mammen,43,Female,Hyderabad,Family,Teacher,2025-04-09,Free,Instagram
C003228,Raksha Upadhyay,30,Male,Coimbatore,Working Professional,Teacher,2026-06-13,Free,Referral
C003229,Falak Warrior,20,Female,Chennai,Working Professional,Designer,2025-07-22,Free,Referral
C003230,Raksha Ramaswamy,28,Male,Vijayawada,Working Professional,Teacher,2025-10-01,Free,Campus Campaign
C003231,Harshil Luthra,44,Female,Hyderabad,Student,Student,2026-03-29,Premium,YouTube
C003232,Maanas Yogi,38,Male,Bangalore,Working Professional,Accountant,2024-07-22,Free,Google
C003233,Yuvraj Bhat,28,Male,Hyderabad,Student,Student,2026-01-07,Premium,Google
C003234,Ubika Pillay,26,Male,Bangalore,Family,Teacher,2025-09-24,Free,Campus Campaign
C003235,Nidra Biswas,34,Male,Vijayawada,Family,Teacher,2025-10-29,Premium,YouTube
C003236,Umang Shan,34,Male,Chennai,Family,Teacher,2024-08-11,Free,Referral
C003237,Ranveer Bajwa,52,Female,Chennai,Family,Teacher,2024-11-26,Premium,Referral
C003238,Urvi Cherian,29,Male,Chennai,Family,Homemaker,2025-05-25,Premium,YouTube
C003239,Chatura Pillay,39,Male,Chennai,Working Professional,Software Engineer,2024-10-06,Premium,YouTube
C003240,Chatura Sankar,58,Female,Hyderabad,Family,Homemaker,2024-08-17,Free,Campus Campaign
C003241,Rachita Kannan,52,Female,Hyderabad,Student,Student,2024-08-30,Premium,Instagram
C003242,Zayan Bhagat,48,Male,Coimbatore,Family,Homemaker,2025-07-22,Premium,Instagram
C003243,Aarini Basak,30,Female,Hyderabad,Working Professional,Business Owner,2024-07-09,Free,Google
C003244,Hemangini Mann,50,Female,Chennai,Student,Student,2024-11-22,Premium,Referral
C003245,Yochana D’Alia,30,Female,Chennai,Family,Teacher,2025-06-28,Free,Referral
C003246,Nitara Gade,42,Male,Hyderabad,Working Professional,Doctor,2025-05-16,Premium,Instagram
C003247,Lajita Venkataraman,31,Male,Vijayawada,Working Professional,Business Owner,2025-02-07,Free,Campus Campaign
C003248,Hemang Kar,35,Female,Hyderabad,Working Professional,Teacher,2025-09-27,Premium,Instagram
C003249,Praneel Munshi,36,Female,Bangalore,Working Professional,Doctor,2025-06-25,Free,Instagram
C003250,Ekbal Sehgal,46,Female,Hyderabad,Student,Student,2025-01-31,Free,Campus Campaign
C003251,Logan Mand,37,Male,Hyderabad,Family,Teacher,2025-08-27,Premium,YouTube
C003252,Anvi Kaul,58,Male,Hyderabad,Family,Teacher,2026-04-02,Free,Google
C003253,Osha Yohannan,25,Male,Coimbatore,Student,Student,2024-06-22,Premium,Referral
C003254,Kamya Mitra,31,Male,Hyderabad,Working Professional,Accountant,2025-01-26,Free,Campus Campaign
C003255,Maya Dhar,37,Female,Hyderabad,Family,Teacher,2025-11-19,Free,Campus Campaign
C003256,Darpan Lad,58,Female,Bangalore,Student,Student,2024-08-28,Free,Instagram
C003257,Sanaya Sarna,37,Female,Hyderabad,Student,Student,2025-11-11,Free,Google
C003258,Anmol Doshi,45,Male,Chennai,Student,Student,2025-01-24,Premium,Campus Campaign
C003259,Vihaan Manne,29,Male,Chennai,Family,Business Owner,2024-10-16,Free,Campus Campaign
C003260,Hritik Kar,34,Female,Bangalore,Family,Homemaker,2024-07-21,Premium,Campus Campaign
C003261,Chatresh Kadakia,47,Male,Coimbatore,Working Professional,Business Owner,2026-04-15,Premium,YouTube
C003262,Brinda Uppal,48,Female,Chennai,Working Professional,Designer,2026-04-28,Free,Campus Campaign
C003263,Charita Bava,33,Male,Coimbatore,Family,Teacher,2025-11-03,Free,YouTube
C003264,Aarnav Chokshi,59,Male,Chennai,Student,Student,2026-05-28,Premium,YouTube
C003265,Balveer Dyal,57,Female,Vijayawada,Working Professional,Business Owner,2025-02-23,Free,Referral
C003266,Manan Bhandari,42,Female,Chennai,Working Professional,Software Engineer,2025-08-17,Free,Google
C003267,Charita Sachdeva,20,Female,Vijayawada,Working Professional,Accountant,2025-07-13,Premium,Instagram
C003268,Sai Dhingra,46,Male,Bangalore,Student,Student,2025-06-08,Free,Instagram
C003269,Wyatt Gera,39,Male,Hyderabad,Working Professional,Software Engineer,2025-05-02,Free,YouTube
C003270,Anusha Baral,42,Female,Coimbatore,Student,Student,2025-04-14,Free,YouTube
C003271,Bina Sami,48,Female,Coimbatore,Working Professional,Software Engineer,2025-11-04,Premium,Instagram
C003272,Faris Kadakia,50,Male,Hyderabad,Family,Homemaker,2025-09-08,Premium,Campus Campaign
C003273,Sai Khosla,23,Female,Bangalore,Student,Student,2024-10-24,Free,Referral
C003274,Darika Chandran,20,Female,Hyderabad,Family,Homemaker,2025-08-28,Premium,Google
C003275,Priya Kaur,45,Male,Hyderabad,Working Professional,Business Owner,2025-03-11,Free,Instagram
C003276,Chasmum Dora,43,Female,Bangalore,Family,Teacher,2025-09-06,Premium,Campus Campaign
C003277,Upma Zacharia,51,Female,Chennai,Student,Student,2024-11-22,Premium,Instagram
C003278,Ayaan Venkatesh,24,Female,Hyderabad,Family,Business Owner,2026-04-21,Premium,Campus Campaign
C003279,Eshana Divan,58,Male,Chennai,Student,Student,2024-06-26,Premium,Campus Campaign
C003280,Tanay Nadkarni,38,Female,Chennai,Working Professional,Business Owner,2025-01-16,Free,Google
C003281,Kashish Badami,21,Female,Hyderabad,Family,Teacher,2025-05-15,Free,Campus Campaign
C003282,Veda Ganesh,37,Female,Hyderabad,Family,Homemaker,2024-09-16,Premium,Referral
C003283,Watika Venkatesh,24,Male,Chennai,Student,Student,2024-12-17,Free,Referral
C003284,Owen Parikh,56,Female,Chennai,Family,Business Owner,2025-05-15,Premium,Instagram
C003285,Zayyan Das,32,Female,Bangalore,Student,Student,2024-06-16,Free,Instagram
C003286,Warjas Chad,57,Male,Bangalore,Family,Business Owner,2025-02-22,Free,Instagram
C003287,Damini Bajaj,53,Male,Chennai,Working Professional,Software Engineer,2024-12-21,Free,Referral
C003288,Lavanya Date,42,Male,Hyderabad,Student,Student,2026-01-01,Free,Google
C003289,Falak Korpal,54,Female,Coimbatore,Family,Homemaker,2025-01-29,Free,Campus Campaign
C003290,Alexander Hegde,44,Female,Bangalore,Family,Homemaker,2026-04-29,Premium,Google
C003291,Jyoti Lad,59,Male,Vijayawada,Student,Student,2024-09-09,Premium,Google
C003292,Garima Arora,20,Male,Chennai,Family,Business Owner,2025-02-28,Free,YouTube
C003293,Chakradhar Singh,19,Male,Coimbatore,Student,Student,2026-02-03,Premium,Campus Campaign
C003294,Amara Bhakta,58,Female,Chennai,Student,Student,2025-11-09,Premium,Instagram
C003295,Luke Kakar,45,Male,Coimbatore,Family,Business Owner,2025-12-16,Free,Instagram
C003296,Darika Krishna,58,Male,Chennai,Student,Student,2024-10-07,Free,Campus Campaign
C003297,Abhimanyu Saha,36,Male,Hyderabad,Family,Teacher,2024-06-24,Premium,Google
C003298,Zarna Rai,25,Female,Bangalore,Family,Teacher,2024-09-12,Premium,Instagram
C003299,Kamya Pathak,22,Female,Hyderabad,Family,Homemaker,2026-02-08,Premium,Google
C003300,Chaman Sankaran,22,Female,Chennai,Student,Student,2025-01-26,Free,Google
C003301,Ekaraj Dixit,50,Female,Coimbatore,Family,Teacher,2025-11-10,Free,Instagram
C003302,Zehaan Borra,27,Male,Coimbatore,Working Professional,Teacher,2026-03-08,Free,Instagram
C003303,Farhan Tara,45,Female,Chennai,Working Professional,Business Owner,2024-07-01,Premium,YouTube
C003304,Liam Misra,21,Female,Coimbatore,Family,Business Owner,2025-07-02,Premium,Instagram
C003305,Zinal Talwar,44,Male,Hyderabad,Family,Business Owner,2026-04-26,Free,Referral
C003306,Robert Karnik,38,Female,Bangalore,Working Professional,Accountant,2025-04-29,Premium,Referral
C003307,Ijaya Narula,32,Male,Chennai,Family,Teacher,2025-08-17,Free,Campus Campaign
C003308,Manthan Raghavan,57,Male,Chennai,Working Professional,Software Engineer,2026-03-08,Free,YouTube
C003309,Samaksh Oak,34,Female,Coimbatore,Family,Teacher,2026-02-26,Free,Google
C003310,Kala Rai,40,Female,Coimbatore,Student,Student,2026-02-28,Premium,Campus Campaign
C003311,Urvashi Aggarwal,48,Female,Chennai,Working Professional,Business Owner,2024-09-17,Premium,Campus Campaign
C003312,Kritika Bandi,27,Female,Bangalore,Student,Student,2025-10-01,Free,Referral
C003313,Janya Lalla,32,Female,Coimbatore,Student,Student,2025-09-05,Premium,Referral
C003314,Yug Andra,59,Female,Hyderabad,Student,Student,2024-07-20,Free,Google
C003315,Banjeet Narang,28,Male,Vijayawada,Student,Student,2024-12-19,Free,Google
C003316,Tara Rege,45,Female,Hyderabad,Student,Student,2024-08-15,Premium,Instagram
C003317,Mason Anand,19,Female,Chennai,Working Professional,Designer,2025-04-25,Free,Google
C003318,Hredhaan Sarma,37,Male,Hyderabad,Working Professional,Software Engineer,2024-10-23,Free,Referral
C003319,Chaitanya Chanda,22,Female,Chennai,Working Professional,Software Engineer,2025-06-14,Free,Referral
C003320,Nidhi Parmer,34,Male,Bangalore,Family,Business Owner,2024-12-05,Premium,Campus Campaign
C003321,Anthony Deshmukh,26,Female,Hyderabad,Student,Student,2025-08-11,Premium,Google
C003322,Keya Dave,21,Female,Bangalore,Working Professional,Doctor,2025-05-05,Premium,Campus Campaign
C003323,Aayush Hayre,55,Male,Bangalore,Student,Student,2026-04-30,Free,Google
C003324,Balveer Singh,55,Male,Vijayawada,Student,Student,2024-07-17,Premium,YouTube
C003325,Darpan Badal,50,Male,Hyderabad,Student,Student,2026-03-13,Premium,YouTube
C003326,Vedika Lata,53,Male,Bangalore,Working Professional,Doctor,2025-05-13,Free,Instagram
C003327,Ekavir Balan,47,Male,Hyderabad,Working Professional,Business Owner,2025-09-30,Premium,Google
C003328,Kamala Cheema,23,Male,Hyderabad,Working Professional,Business Owner,2025-01-31,Premium,YouTube
C003329,Triveni Babu,56,Female,Chennai,Working Professional,Business Owner,2024-10-12,Free,Campus Campaign
C003330,Baghyawati Narasimhan,36,Female,Chennai,Family,Teacher,2026-03-06,Premium,Google
C003331,Deepa Bhagat,30,Female,Bangalore,Working Professional,Doctor,2026-02-13,Premium,YouTube
C003332,Arya Nayar,25,Male,Bangalore,Working Professional,Software Engineer,2026-04-17,Free,Campus Campaign
C003333,Ladli Kurian,56,Male,Bangalore,Working Professional,Software Engineer,2025-02-02,Premium,YouTube
C003334,Kamya Gokhale,34,Female,Chennai,Working Professional,Business Owner,2024-08-30,Premium,Google
C003335,Girik Khatri,54,Female,Bangalore,Student,Student,2024-10-31,Free,Instagram
C003336,Ojasvi Salvi,57,Male,Vijayawada,Family,Teacher,2024-11-29,Premium,Google
C003337,Suhani Deep,55,Male,Chennai,Family,Homemaker,2025-01-16,Free,Instagram
C003338,Ekta Nadig,44,Female,Bangalore,Family,Business Owner,2026-05-30,Premium,YouTube
C003339,Gaurika Krishna,23,Male,Vijayawada,Family,Teacher,2024-12-23,Premium,Google
C003340,Netra Dani,56,Female,Bangalore,Working Professional,Designer,2024-07-06,Free,YouTube
C003341,Warjas Dewan,32,Female,Hyderabad,Working Professional,Doctor,2026-03-18,Premium,Instagram
C003342,Jagat Bakshi,30,Female,Chennai,Student,Student,2025-03-14,Premium,Campus Campaign
C003343,Praneel Master,18,Female,Hyderabad,Family,Business Owner,2026-02-03,Premium,Campus Campaign
C003344,Saumya Nanda,52,Female,Bangalore,Working Professional,Accountant,2025-02-14,Free,YouTube
C003345,Idika Borra,43,Female,Chennai,Family,Business Owner,2024-08-18,Premium,YouTube
C003346,Lipika Thaker,57,Female,Chennai,Working Professional,Designer,2025-08-05,Premium,Google
C003347,Anvi Salvi,48,Female,Bangalore,Student,Student,2026-01-01,Free,Referral
C003348,Aarini Goel,28,Female,Chennai,Student,Student,2025-08-27,Free,YouTube
C003349,Vanya Seshadri,46,Male,Chennai,Family,Business Owner,2026-01-23,Premium,Instagram
C003350,Zashil Nayar,24,Female,Bangalore,Working Professional,Designer,2025-12-30,Free,Referral
C003351,Hemang Korpal,25,Female,Bangalore,Working Professional,Teacher,2026-04-29,Free,Referral
C003352,Raksha Karpe,24,Female,Chennai,Student,Student,2024-12-07,Free,YouTube
C003353,Neelima Thakkar,41,Male,Vijayawada,Family,Homemaker,2025-06-25,Premium,Instagram
C003354,Chakradev Tella,18,Female,Chennai,Working Professional,Accountant,2026-05-19,Premium,Referral
C003355,Hema Goel,50,Male,Coimbatore,Working Professional,Business Owner,2025-07-15,Free,Campus Campaign
C003356,Neel Bakshi,44,Female,Bangalore,Student,Student,2024-07-10,Premium,Instagram
C003357,Bahadurjit Bahri,30,Male,Coimbatore,Student,Student,2025-07-18,Premium,Google
C003358,Aarna Thakkar,28,Male,Vijayawada,Working Professional,Teacher,2025-10-11,Premium,YouTube
C003359,Tanveer Murty,52,Female,Chennai,Working Professional,Business Owner,2025-02-10,Premium,YouTube
C003360,Jacob Iyengar,57,Female,Hyderabad,Student,Student,2025-09-15,Premium,Google
C003361,Balveer Nagar,32,Male,Hyderabad,Student,Student,2025-10-20,Free,Instagram
C003362,Vedika Dua,20,Male,Chennai,Working Professional,Business Owner,2026-06-04,Premium,Referral
C003363,Aadi Venkatesh,31,Female,Chennai,Student,Student,2025-03-26,Free,YouTube
C003364,Saanvi Rajagopal,29,Female,Coimbatore,Family,Business Owner,2025-07-06,Premium,Google
C003365,Upkaar Tara,58,Female,Chennai,Working Professional,Teacher,2025-09-11,Free,Campus Campaign
C003366,Upma Dora,59,Male,Bangalore,Student,Student,2024-10-16,Premium,Google
C003367,Rachana Balakrishnan,42,Female,Bangalore,Working Professional,Accountant,2025-12-09,Free,Campus Campaign
C003368,Abhimanyu Dugar,27,Female,Bangalore,Student,Student,2026-02-09,Premium,YouTube
C003369,Ayaan Ramachandran,47,Male,Coimbatore,Family,Teacher,2025-05-30,Free,Instagram
C003370,Ekaraj Parikh,40,Female,Bangalore,Student,Student,2025-03-15,Premium,Instagram
C003371,Kiaan Kuruvilla,48,Male,Hyderabad,Working Professional,Business Owner,2026-04-11,Free,Google
C003372,Ekansh Bahl,59,Male,Chennai,Family,Business Owner,2024-10-13,Free,Google
C003373,Keya Johal,37,Female,Hyderabad,Family,Teacher,2024-10-19,Free,YouTube
C003374,Eshana Kala,28,Female,Coimbatore,Working Professional,Teacher,2025-03-30,Free,Referral
C003375,Tanay Vig,54,Female,Hyderabad,Working Professional,Doctor,2026-04-25,Free,Instagram
C003376,Nakul Sem,18,Female,Bangalore,Family,Homemaker,2026-05-18,Premium,Google
C003377,Nachiket Kunda,30,Male,Chennai,Working Professional,Business Owner,2025-02-22,Free,YouTube
C003378,Jason Rama,59,Male,Chennai,Student,Student,2024-09-14,Free,Campus Campaign
C003379,Dalaja Dalal,59,Female,Bangalore,Working Professional,Business Owner,2026-04-05,Free,Referral
C003380,Zarna Sibal,51,Male,Chennai,Family,Teacher,2024-08-14,Premium,Campus Campaign
C003381,Timothy Jani,18,Female,Hyderabad,Working Professional,Accountant,2025-05-04,Premium,YouTube
C003382,Krisha Deo,36,Female,Chennai,Student,Student,2026-04-18,Premium,YouTube
C003383,Leela Pradhan,45,Female,Coimbatore,Working Professional,Accountant,2025-11-25,Free,Referral
C003384,Nandini Hora,52,Male,Coimbatore,Student,Student,2025-02-14,Free,YouTube
C003385,Jacob Iyengar,42,Female,Bangalore,Working Professional,Designer,2025-11-17,Premium,Google
C003386,Anamika Sarin,33,Female,Chennai,Family,Teacher,2026-04-22,Free,Campus Campaign
C003387,Udarsh Choudhary,34,Female,Chennai,Family,Business Owner,2026-02-27,Premium,Instagram
C003388,Teerth Chahal,31,Male,Chennai,Family,Business Owner,2025-05-09,Premium,Instagram
C003389,Vyanjana Kanda,20,Male,Chennai,Family,Business Owner,2026-03-22,Premium,Instagram
C003390,Jason Baral,49,Male,Bangalore,Working Professional,Business Owner,2025-04-02,Premium,Google
C003391,Peter Dey,30,Male,Bangalore,Working Professional,Business Owner,2025-07-16,Free,Referral
C003392,Michael Deol,19,Male,Hyderabad,Working Professional,Accountant,2025-02-08,Premium,Campus Campaign
C003393,Indira Palan,31,Female,Bangalore,Working Professional,Software Engineer,2024-08-28,Premium,Referral
C003394,Ekanta Raju,53,Male,Coimbatore,Student,Student,2025-01-03,Free,Campus Campaign
C003395,Geetika Dyal,36,Male,Hyderabad,Family,Homemaker,2024-11-06,Premium,Instagram
C003396,Yashica Lal,38,Male,Chennai,Student,Student,2025-02-17,Premium,YouTube
C003397,Shivansh Cheema,39,Male,Bangalore,Student,Student,2026-04-14,Premium,Google
C003398,Kavya Mammen,27,Female,Chennai,Family,Business Owner,2025-11-29,Free,Google
C003399,Radhika Parikh,51,Female,Bangalore,Working Professional,Business Owner,2024-08-22,Free,Referral
C003400,Faraj Kamdar,18,Female,Chennai,Working Professional,Software Engineer,2024-10-11,Premium,Google
C003401,Pratyush Sandal,46,Female,Chennai,Student,Student,2026-02-06,Free,Campus Campaign
C003402,Upkaar Garde,35,Female,Chennai,Family,Homemaker,2025-02-16,Free,Google
C003403,Faraj Wali,54,Male,Chennai,Working Professional,Accountant,2025-06-08,Free,YouTube
C003404,Ekanta Sastry,41,Male,Chennai,Working Professional,Software Engineer,2024-10-23,Premium,Campus Campaign
C003405,Vasana Venkatesh,59,Male,Bangalore,Student,Student,2026-01-07,Free,Google
C003406,Neel Barad,52,Female,Coimbatore,Student,Student,2025-02-21,Free,Instagram
C003407,Tanmayi Tata,24,Female,Chennai,Student,Student,2024-07-29,Free,Referral
C003408,Kabir Brar,48,Female,Chennai,Student,Student,2026-01-27,Free,Instagram
C003409,Triya Srinivas,60,Male,Bangalore,Family,Business Owner,2025-09-18,Free,Instagram
C003410,Falguni Borah,32,Female,Chennai,Student,Student,2025-04-26,Free,Instagram
C003411,Quincy Maharaj,35,Male,Bangalore,Working Professional,Accountant,2024-06-22,Premium,Campus Campaign
C003412,Abdul Aggarwal,60,Male,Vijayawada,Family,Business Owner,2025-08-29,Free,Referral
C003413,Gagan Chopra,31,Male,Chennai,Working Professional,Software Engineer,2025-06-07,Free,Campus Campaign
C003414,Rachita Tank,37,Female,Bangalore,Student,Student,2026-06-12,Free,Google
C003415,Yagnesh Mukherjee,31,Female,Chennai,Student,Student,2025-01-06,Free,Referral
C003416,Anmol Gera,23,Male,Chennai,Family,Homemaker,2025-01-01,Premium,YouTube
C003417,Chameli Rai,56,Male,Coimbatore,Working Professional,Teacher,2026-03-05,Premium,Google
C003418,Ati Murty,27,Male,Chennai,Working Professional,Doctor,2025-05-09,Premium,Referral
C003419,Max Butala,32,Male,Bangalore,Student,Student,2024-12-28,Free,Instagram
C003420,Devansh Loke,32,Male,Coimbatore,Family,Business Owner,2025-07-13,Premium,YouTube
C003421,Kavya Ratti,41,Female,Chennai,Student,Student,2025-03-01,Premium,Campus Campaign
C003422,Unnati Ganesh,22,Male,Chennai,Working Professional,Software Engineer,2024-08-05,Premium,Campus Campaign
C003423,Anusha Kapadia,60,Female,Coimbatore,Working Professional,Designer,2026-05-04,Premium,Google
C003424,Wriddhish Master,25,Female,Bangalore,Family,Teacher,2025-07-08,Free,Campus Campaign
C003425,Riya Radhakrishnan,54,Female,Bangalore,Working Professional,Software Engineer,2024-07-16,Premium,Campus Campaign
C003426,Hema Khurana,50,Female,Bangalore,Working Professional,Business Owner,2026-04-18,Free,Google
C003427,Yahvi Mukherjee,34,Male,Hyderabad,Family,Business Owner,2026-03-07,Premium,Instagram
C003428,Avni Behl,47,Male,Coimbatore,Working Professional,Accountant,2025-01-17,Premium,YouTube
C003429,Ikbal Bhasin,55,Female,Bangalore,Student,Student,2024-09-01,Free,Campus Campaign
C003430,Madhav Bansal,42,Female,Chennai,Working Professional,Accountant,2024-11-21,Premium,YouTube
C003431,Hitesh Sahni,37,Female,Hyderabad,Student,Student,2025-09-06,Premium,Google
C003432,Qadim Karan,57,Female,Coimbatore,Working Professional,Accountant,2025-12-21,Premium,YouTube
C003433,Nakul Sarin,31,Female,Chennai,Student,Student,2024-11-22,Free,Instagram
C003434,Pallavi Yadav,39,Female,Hyderabad,Student,Student,2025-05-17,Free,YouTube
C003435,Yashawini Thakkar,51,Male,Chennai,Family,Business Owner,2025-04-01,Premium,Instagram
C003436,Udant Jhaveri,29,Female,Chennai,Working Professional,Designer,2025-09-25,Premium,Instagram
C003437,Aachal Samra,38,Male,Chennai,Family,Teacher,2025-07-26,Premium,YouTube
C003438,Qushi Nadkarni,59,Female,Bangalore,Working Professional,Software Engineer,2025-04-24,Premium,Google
C003439,Adweta Mani,39,Female,Chennai,Working Professional,Designer,2025-05-01,Free,Referral
C003440,Baghyawati Desai,53,Male,Vijayawada,Family,Teacher,2024-11-01,Free,Campus Campaign
C003441,Hemal Palla,32,Male,Hyderabad,Student,Student,2025-07-20,Free,YouTube
C003442,Aarnav Ahuja,41,Female,Bangalore,Student,Student,2026-05-10,Free,Referral
C003443,Warhi Hari,33,Female,Bangalore,Working Professional,Software Engineer,2025-04-16,Premium,Referral
C003444,Arin Sunder,37,Male,Coimbatore,Family,Business Owner,2025-01-30,Premium,Google
C003445,Advik Malhotra,21,Male,Bangalore,Working Professional,Designer,2026-03-06,Premium,YouTube
C003446,Libni Tailor,47,Male,Hyderabad,Working Professional,Software Engineer,2026-05-03,Premium,Instagram
C003447,Chaman Patla,50,Female,Chennai,Working Professional,Doctor,2024-07-24,Free,YouTube
C003448,Dhruv Kurian,40,Female,Coimbatore,Working Professional,Business Owner,2024-09-27,Free,YouTube
C003449,Varsha Pal,36,Female,Hyderabad,Family,Homemaker,2025-11-24,Free,Google
C003450,Jeremiah Raman,44,Female,Hyderabad,Working Professional,Doctor,2025-10-04,Premium,Referral
C003451,Gaurang Bhasin,40,Female,Vijayawada,Student,Student,2026-02-07,Premium,Referral
C003452,George Bail,49,Male,Hyderabad,Family,Teacher,2024-08-05,Premium,Campus Campaign
C003453,Hitesh Palan,23,Male,Chennai,Family,Teacher,2026-03-17,Premium,YouTube
C003454,Ekavir Apte,53,Male,Vijayawada,Working Professional,Teacher,2025-12-30,Free,Google
C003455,Hitesh Saraf,23,Male,Chennai,Family,Teacher,2025-06-12,Free,YouTube
C003456,Amara Sani,34,Female,Hyderabad,Family,Teacher,2025-10-13,Premium,YouTube
C003457,Deepa Iyer,49,Female,Coimbatore,Family,Teacher,2024-11-16,Free,Instagram
C003458,Pushti Sangha,38,Female,Coimbatore,Working Professional,Accountant,2025-08-04,Premium,YouTube
C003459,Aryan Garde,58,Male,Hyderabad,Family,Homemaker,2024-09-17,Free,Google
C003460,Gopal Chawla,53,Female,Chennai,Student,Student,2024-08-24,Free,Instagram
C003461,Osha Khatri,51,Female,Bangalore,Working Professional,Doctor,2025-08-23,Premium,Google
C003462,Jasmit Bora,34,Female,Hyderabad,Family,Teacher,2025-09-28,Free,Referral
C003463,Faris Nadig,27,Female,Hyderabad,Family,Homemaker,2025-01-01,Free,Instagram
C003464,Bhanumati Dixit,54,Male,Bangalore,Working Professional,Doctor,2024-08-29,Premium,Instagram
C003465,Manan Hora,40,Male,Vijayawada,Family,Business Owner,2025-10-14,Free,YouTube
C003466,Matthew Mukherjee,49,Male,Chennai,Family,Teacher,2025-01-29,Free,Google
C003467,Joshua Dhaliwal,47,Male,Chennai,Family,Homemaker,2025-07-27,Premium,Referral
C003468,Chaitanya Choudhary,23,Male,Vijayawada,Family,Homemaker,2025-02-01,Free,Referral
C003469,Rachita Rama,19,Male,Coimbatore,Family,Business Owner,2024-07-12,Free,Campus Campaign
C003470,Hemani Divan,40,Male,Bangalore,Working Professional,Teacher,2025-05-10,Premium,Campus Campaign
C003471,Sara Bala,58,Male,Vijayawada,Working Professional,Business Owner,2025-08-22,Premium,Referral
C003472,Neel Dhillon,40,Male,Hyderabad,Student,Student,2026-02-03,Premium,Campus Campaign
C003473,Yash Patla,27,Female,Chennai,Working Professional,Business Owner,2024-10-18,Premium,Campus Campaign
C003474,Shaurya Raman,34,Female,Chennai,Working Professional,Accountant,2026-05-28,Free,Google
C003475,Madhav Dubey,27,Male,Chennai,Working Professional,Teacher,2024-09-15,Premium,Referral
C003476,Yashica Vig,31,Female,Chennai,Working Professional,Designer,2024-11-15,Premium,Referral
C003477,Om Pathak,22,Female,Coimbatore,Student,Student,2024-08-25,Premium,YouTube
C003478,Faqid Dugar,58,Male,Hyderabad,Student,Student,2024-09-14,Premium,Google
C003479,Arya Aurora,58,Male,Bangalore,Working Professional,Business Owner,2025-04-09,Free,YouTube
C003480,Umang Bir,55,Male,Chennai,Student,Student,2025-02-19,Premium,Google
C003481,Rehaan Sagar,27,Female,Chennai,Student,Student,2025-05-01,Premium,Google
C003482,Zinal Ganesh,43,Female,Bangalore,Student,Student,2025-06-04,Premium,Instagram
C003483,Teerth Narasimhan,41,Male,Chennai,Family,Homemaker,2024-08-06,Free,YouTube
C003484,Chaitaly Wagle,50,Male,Chennai,Family,Business Owner,2026-02-28,Free,Instagram
C003485,Tanish Bath,56,Male,Chennai,Student,Student,2025-12-16,Premium,Google
C003486,Abhimanyu Rau,60,Male,Vijayawada,Family,Homemaker,2026-02-15,Premium,YouTube
C003487,Sanya Shenoy,41,Female,Chennai,Student,Student,2025-05-06,Premium,Referral
C003488,Lila Dutta,35,Male,Chennai,Student,Student,2025-09-11,Premium,Referral
C003489,Ikbal Srinivas,30,Female,Vijayawada,Family,Teacher,2024-10-18,Free,YouTube
C003490,Brinda Kannan,39,Female,Vijayawada,Family,Teacher,2026-04-14,Premium,Google
C003491,Jasmit Mukherjee,58,Female,Bangalore,Family,Business Owner,2026-01-20,Free,Google
C003492,Charles Sami,40,Female,Chennai,Working Professional,Software Engineer,2026-03-29,Free,Instagram
C003493,Ranbir Dewan,37,Female,Chennai,Working Professional,Teacher,2025-09-21,Premium,Campus Campaign
C003494,Dalaja Karan,32,Female,Vijayawada,Working Professional,Teacher,2026-05-24,Free,YouTube
C003495,Suhani Vaidya,53,Male,Chennai,Student,Student,2024-10-28,Premium,Google
C003496,Siddharth Swaminathan,28,Male,Bangalore,Working Professional,Doctor,2025-10-11,Free,Campus Campaign
C003497,Nitesh Ray,54,Female,Bangalore,Student,Student,2025-01-07,Free,Google
C003498,Forum Samra,50,Male,Chennai,Student,Student,2025-12-30,Premium,Instagram
C003499,Ijaya Sen,21,Male,Chennai,Student,Student,2025-11-03,Premium,Instagram
C003500,Varenya Singhal,41,Female,Hyderabad,Family,Homemaker,2025-07-14,Free,YouTube
C003501,Charita Raman,60,Female,Chennai,Working Professional,Teacher,2025-10-01,Premium,Instagram
C003502,Odika Pandit,21,Female,Coimbatore,Working Professional,Business Owner,2024-10-20,Premium,Google
C003503,Aayush Mistry,37,Female,Chennai,Student,Student,2025-08-21,Free,Referral
C003504,Laksh Parmar,27,Female,Coimbatore,Working Professional,Designer,2025-03-03,Premium,Google
C003505,Yahvi Bhalla,51,Male,Hyderabad,Family,Homemaker,2024-09-02,Premium,YouTube
C003506,Yoshita Prabhakar,33,Female,Hyderabad,Family,Homemaker,2025-06-29,Premium,Instagram
C003507,Tanish Raval,29,Female,Bangalore,Working Professional,Accountant,2024-07-21,Free,Google
C003508,Rohan Tank,59,Female,Coimbatore,Student,Student,2025-05-19,Premium,YouTube
C003509,Deepa Sidhu,55,Female,Chennai,Working Professional,Doctor,2025-06-22,Free,YouTube
C003510,Jeevika Mistry,51,Male,Bangalore,Family,Homemaker,2024-10-24,Free,Campus Campaign
C003511,Gayathri Biswas,51,Male,Bangalore,Family,Teacher,2024-09-30,Premium,Campus Campaign
C003512,Qasim Nath,46,Female,Vijayawada,Family,Teacher,2024-08-17,Free,Instagram
C003513,Madhavi Dalal,46,Male,Chennai,Student,Student,2025-11-11,Premium,Campus Campaign
C003514,Qarin Kannan,36,Female,Chennai,Working Professional,Business Owner,2025-02-22,Free,Referral
C003515,Arin Dani,19,Female,Vijayawada,Working Professional,Business Owner,2024-11-19,Premium,Referral
C003516,Raghav Baria,46,Female,Chennai,Student,Student,2025-11-28,Premium,Referral
C003517,Anthony Narayan,45,Female,Bangalore,Family,Homemaker,2025-07-24,Free,Google
C003518,Hritik Sharma,60,Male,Hyderabad,Family,Teacher,2026-04-24,Free,YouTube
C003519,Chanakya Atwal,20,Male,Chennai,Family,Business Owner,2025-03-25,Premium,Google
C003520,Ranbir Sachdev,37,Male,Hyderabad,Family,Business Owner,2026-06-02,Free,Google
C003521,Balvan Seshadri,52,Male,Chennai,Working Professional,Business Owner,2024-11-25,Premium,YouTube
C003522,Triya Hayer,54,Male,Hyderabad,Family,Teacher,2026-05-25,Premium,Campus Campaign
C003523,Kashvi Behl,28,Female,Chennai,Student,Student,2026-04-10,Free,Instagram
C003524,Amara Kurian,43,Male,Hyderabad,Working Professional,Designer,2026-06-08,Free,Instagram
C003525,Avni Venkataraman,40,Male,Coimbatore,Working Professional,Doctor,2025-05-09,Free,Campus Campaign
C003526,Girish Trivedi,26,Male,Bangalore,Family,Homemaker,2025-06-20,Free,Instagram
C003527,Onveer Babu,49,Female,Coimbatore,Student,Student,2024-07-03,Free,Campus Campaign
C003528,Nakul Arya,24,Male,Coimbatore,Student,Student,2025-08-28,Premium,Google
C003529,Yashasvi Rana,46,Male,Chennai,Family,Homemaker,2026-04-01,Premium,Google
C003530,Elijah Arya,41,Female,Bangalore,Student,Student,2025-11-03,Premium,Instagram
C003531,Abhiram Kant,32,Male,Hyderabad,Family,Homemaker,2025-12-14,Premium,Instagram
C003532,Onveer Nagarajan,18,Female,Hyderabad,Student,Student,2026-04-06,Free,Campus Campaign
C003533,Balendra Goda,59,Male,Bangalore,Working Professional,Teacher,2025-11-12,Premium,Referral
C003534,Omkaar Krishnamurthy,26,Female,Hyderabad,Working Professional,Accountant,2024-07-08,Premium,Campus Campaign
C003535,Ekansh Buch,53,Female,Bangalore,Student,Student,2026-04-30,Premium,Referral
C003536,Ekani Ganesan,58,Female,Hyderabad,Working Professional,Business Owner,2024-11-01,Premium,Referral
C003537,Urishilla Karnik,27,Male,Vijayawada,Student,Student,2024-11-12,Premium,Campus Campaign
C003538,Jacob Hayer,20,Male,Bangalore,Student,Student,2025-03-14,Free,Google
C003539,Om Uppal,42,Female,Coimbatore,Working Professional,Accountant,2025-04-16,Free,Instagram
C003540,Veer Mannan,38,Female,Hyderabad,Working Professional,Business Owner,2025-07-18,Premium,Google
C003541,Reva Brahmbhatt,20,Male,Bangalore,Student,Student,2025-02-16,Premium,Campus Campaign
C003542,Jeet Murty,53,Female,Vijayawada,Family,Teacher,2026-02-26,Free,Campus Campaign
C003543,Ethan Lad,19,Male,Bangalore,Working Professional,Doctor,2025-04-05,Free,Campus Campaign
C003544,Harish Tata,59,Female,Vijayawada,Student,Student,2025-06-12,Free,Campus Campaign
C003545,Indali Verma,32,Male,Bangalore,Student,Student,2025-02-25,Premium,Instagram
C003546,Vritti Wable,26,Female,Hyderabad,Family,Homemaker,2024-08-30,Premium,Google
C003547,Zilmil More,45,Male,Chennai,Family,Teacher,2026-04-28,Premium,Instagram
C003548,Zaitra Choudhury,30,Male,Vijayawada,Family,Business Owner,2026-01-16,Free,Google
C003549,Laban Divan,38,Male,Chennai,Working Professional,Teacher,2026-01-12,Premium,YouTube
C003550,Samuel Issac,23,Female,Chennai,Student,Student,2026-01-24,Premium,Campus Campaign
C003551,Thomas Narang,54,Male,Vijayawada,Student,Student,2025-11-17,Premium,Referral
C003552,Manya Lata,19,Male,Chennai,Family,Business Owner,2025-03-09,Free,YouTube
C003553,Aarini Patil,19,Male,Bangalore,Family,Business Owner,2025-07-01,Premium,Campus Campaign
C003554,Ijaya Dave,57,Male,Vijayawada,Family,Business Owner,2025-05-01,Free,Campus Campaign
C003555,Zinal Kata,40,Female,Hyderabad,Family,Business Owner,2025-07-15,Premium,Google
C003556,Warjas Mallick,21,Male,Hyderabad,Student,Student,2025-05-29,Premium,YouTube
C003557,Ubika Kaur,49,Female,Hyderabad,Student,Student,2026-03-28,Free,Google
C003558,Girish Natt,53,Female,Hyderabad,Working Professional,Teacher,2024-10-13,Premium,Referral
C003559,Bhavna Behl,54,Male,Bangalore,Working Professional,Teacher,2025-09-12,Free,YouTube
C003560,Patrick Barman,42,Female,Coimbatore,Student,Student,2025-08-21,Free,Referral
C003561,Jasmit Hari,52,Female,Hyderabad,Working Professional,Teacher,2024-12-04,Premium,Instagram
C003562,Ladli Mutti,56,Male,Hyderabad,Student,Student,2025-09-08,Premium,Referral
C003563,Mitali Mane,58,Female,Coimbatore,Student,Student,2025-07-04,Free,Instagram
C003564,Kashvi Pall,36,Male,Chennai,Working Professional,Designer,2026-04-24,Premium,YouTube
C003565,Jhalak Murty,26,Female,Bangalore,Family,Homemaker,2025-08-25,Premium,Instagram
C003566,Kiaan Kanda,35,Male,Chennai,Student,Student,2025-06-15,Premium,Instagram
C003567,Gaurav Shere,59,Female,Hyderabad,Working Professional,Teacher,2024-09-16,Free,Google
C003568,Bachittar Bhatia,29,Male,Bangalore,Family,Business Owner,2025-05-27,Free,Instagram
C003569,Ekaja Ahluwalia,45,Female,Hyderabad,Student,Student,2025-10-08,Free,YouTube
C003570,Naveen Kalla,46,Female,Bangalore,Student,Student,2025-01-19,Premium,Referral
C003571,Jagrati Pall,58,Male,Chennai,Working Professional,Doctor,2025-09-18,Free,Campus Campaign
C003572,Arjun Kumer,28,Male,Vijayawada,Working Professional,Business Owner,2024-07-15,Free,Campus Campaign
C003573,Akshay Oommen,58,Male,Hyderabad,Working Professional,Teacher,2024-12-30,Premium,YouTube
C003574,Yoshita Shanker,39,Female,Chennai,Working Professional,Business Owner,2026-04-23,Premium,Google
C003575,Vritti Borah,45,Female,Bangalore,Working Professional,Doctor,2024-12-13,Premium,Google
C003576,Arjun Doshi,58,Female,Chennai,Working Professional,Teacher,2025-04-26,Free,Referral
C003577,Arjun Oommen,22,Female,Hyderabad,Student,Student,2025-02-16,Free,Campus Campaign
C003578,Eesha Tailor,40,Male,Vijayawada,Student,Student,2025-08-14,Free,YouTube
C003579,Maya Bobal,30,Male,Bangalore,Student,Student,2025-04-29,Premium,Instagram
C003580,Onkar Saini,29,Female,Chennai,Working Professional,Business Owner,2025-05-16,Free,Campus Campaign
C003581,Lipika Dewan,34,Male,Chennai,Working Professional,Business Owner,2025-08-30,Free,Google
C003582,Kritika Vohra,55,Female,Vijayawada,Family,Teacher,2025-09-02,Premium,Google
C003583,Daksha Sundaram,46,Male,Bangalore,Family,Business Owner,2025-09-30,Premium,YouTube
C003584,Daniel Zachariah,29,Female,Bangalore,Working Professional,Teacher,2024-08-16,Premium,Referral
C003585,Mekhala Bhandari,36,Female,Coimbatore,Family,Business Owner,2025-05-31,Premium,Google
C003586,Sanaya Som,42,Female,Chennai,Student,Student,2025-05-15,Free,Google
C003587,Gaurika Chauhan,60,Female,Hyderabad,Working Professional,Teacher,2025-02-15,Free,YouTube
C003588,Widisha Anand,42,Male,Chennai,Family,Business Owner,2025-07-04,Premium,YouTube
C003589,Peter Jhaveri,37,Male,Chennai,Family,Business Owner,2026-05-22,Premium,Google
C003590,Manbir Patil,43,Male,Bangalore,Family,Business Owner,2025-02-15,Premium,YouTube
C003591,Upkaar Sandal,42,Female,Bangalore,Family,Homemaker,2025-08-30,Free,Google
C003592,Alka Lata,52,Male,Bangalore,Student,Student,2025-01-07,Premium,Campus Campaign
C003593,Indira Sharaf,33,Female,Bangalore,Student,Student,2026-02-20,Premium,Instagram
C003594,Faqid Mani,41,Female,Bangalore,Student,Student,2024-10-03,Premium,YouTube
C003595,Samar Saxena,27,Female,Coimbatore,Working Professional,Accountant,2024-11-16,Premium,Instagram
C003596,Raagini Gade,46,Female,Bangalore,Family,Business Owner,2025-09-25,Free,Instagram
C003597,Sara Bawa,42,Male,Coimbatore,Student,Student,2024-11-01,Premium,Google
C003598,Brijesh Mallick,37,Female,Chennai,Working Professional,Teacher,2024-07-02,Premium,Instagram
C003599,Anya Basu,30,Female,Chennai,Student,Student,2026-02-08,Free,YouTube
C003600,Ayaan Solanki,39,Male,Bangalore,Family,Teacher,2026-05-31,Free,Instagram
C003601,Jagdish Dixit,52,Female,Hyderabad,Student,Student,2026-05-27,Premium,Campus Campaign
C003602,Sathvik Subramanian,59,Male,Bangalore,Working Professional,Designer,2025-11-08,Free,Referral
C003603,Priya Gour,60,Female,Bangalore,Student,Student,2025-07-06,Free,Google
C003604,Faras Pandey,22,Male,Bangalore,Working Professional,Designer,2024-06-20,Premium,Google
C003605,Abeer Khanna,44,Female,Hyderabad,Student,Student,2025-06-14,Free,Referral
C003606,Turvi Loke,41,Male,Chennai,Family,Teacher,2025-08-06,Premium,Campus Campaign
C003607,Vivaan Mohan,51,Female,Hyderabad,Student,Student,2025-10-12,Free,Instagram
C003608,Jhalak Jha,32,Male,Bangalore,Family,Business Owner,2025-06-26,Premium,Campus Campaign
C003609,Victor Ganesan,35,Male,Chennai,Working Professional,Business Owner,2025-09-27,Free,Campus Campaign
C003610,Leena Keer,40,Male,Hyderabad,Working Professional,Doctor,2026-05-28,Premium,Google
C003611,Nirja Chahal,51,Female,Vijayawada,Student,Student,2024-10-12,Free,Instagram
C003612,Yasti Kar,39,Male,Hyderabad,Student,Student,2025-03-08,Free,Campus Campaign
C003613,Qushi Tiwari,39,Male,Chennai,Family,Teacher,2026-03-27,Premium,Referral
C003614,Amara Natarajan,49,Female,Vijayawada,Student,Student,2025-09-27,Premium,Instagram
C003615,Yoshita Tella,20,Female,Hyderabad,Student,Student,2024-12-21,Premium,Referral
C003616,Triveni Dhillon,29,Female,Chennai,Working Professional,Designer,2024-07-17,Premium,Campus Campaign
C003617,Nilima Nadkarni,24,Male,Hyderabad,Family,Teacher,2025-02-12,Free,Google
C003618,Bhavna Mall,34,Male,Hyderabad,Family,Business Owner,2025-01-25,Premium,Google
C003619,Krishna Khurana,27,Male,Chennai,Student,Student,2026-05-24,Premium,Google
C003620,Wakeeta D’Alia,25,Female,Hyderabad,Student,Student,2024-09-25,Premium,Google
C003621,Nikita Bhatia,34,Male,Chennai,Family,Teacher,2025-06-28,Free,Instagram
C003622,Rajeshri Bala,35,Male,Coimbatore,Student,Student,2025-06-18,Free,YouTube
C003623,Yashica Sodhi,36,Male,Bangalore,Student,Student,2026-03-01,Premium,YouTube
C003624,Nimrat Dass,22,Female,Bangalore,Family,Business Owner,2026-03-09,Premium,YouTube
C003625,Upadhriti Pant,58,Female,Coimbatore,Working Professional,Teacher,2025-03-02,Premium,YouTube
C003626,Vrinda Raval,35,Male,Chennai,Working Professional,Doctor,2025-05-19,Premium,YouTube
C003627,Yashasvi Sura,57,Female,Bangalore,Student,Student,2025-09-20,Free,Google
C003628,Vrinda Sandhu,27,Female,Chennai,Family,Business Owner,2026-05-10,Free,YouTube
C003629,Vasana Agrawal,57,Male,Hyderabad,Family,Homemaker,2024-07-30,Premium,YouTube
C003630,Azad Babu,48,Male,Coimbatore,Student,Student,2024-11-05,Premium,YouTube
C003631,Veda Kumar,41,Male,Hyderabad,Family,Homemaker,2025-12-25,Free,Referral
C003632,Warjas Mannan,42,Male,Hyderabad,Working Professional,Designer,2025-10-24,Free,YouTube
C003633,Ojasvi Zachariah,54,Male,Vijayawada,Student,Student,2026-02-20,Premium,Campus Campaign
C003634,Rehaan Panchal,30,Female,Hyderabad,Working Professional,Designer,2024-11-06,Premium,Campus Campaign
C003635,Laban Gole,49,Female,Hyderabad,Family,Homemaker,2026-03-09,Premium,Referral
C003636,Vanya Mand,38,Male,Coimbatore,Working Professional,Doctor,2024-07-01,Premium,Instagram
C003637,Andrew Barad,29,Male,Bangalore,Family,Teacher,2024-11-15,Free,Referral
C003638,Krishna Mandal,56,Female,Bangalore,Working Professional,Doctor,2026-03-11,Free,YouTube
C003639,Unni Sani,30,Female,Bangalore,Family,Teacher,2025-06-25,Premium,Campus Campaign
C003640,Balhaar Kale,31,Male,Chennai,Student,Student,2024-06-16,Premium,Instagram
C003641,Veda Sathe,24,Female,Bangalore,Family,Teacher,2025-06-21,Premium,Instagram
C003642,Rajeshri Chadha,44,Female,Bangalore,Working Professional,Doctor,2026-02-16,Free,Google
C003643,Frederick Talwar,42,Female,Bangalore,Working Professional,Accountant,2025-05-05,Free,Google
C003644,Anya Sandhu,38,Male,Hyderabad,Family,Teacher,2025-05-19,Free,Instagram
C003645,Timothy Mahajan,22,Male,Hyderabad,Student,Student,2025-10-04,Premium,Google
C003646,Aishani Pall,58,Male,Chennai,Working Professional,Designer,2025-12-01,Free,Google
C003647,Jatin Kuruvilla,45,Female,Hyderabad,Family,Business Owner,2024-12-18,Premium,YouTube
C003648,Nidra Chaudhary,53,Male,Bangalore,Student,Student,2026-05-02,Free,Google
C003649,Aarush Kant,27,Female,Bangalore,Working Professional,Accountant,2024-08-07,Premium,Referral
C003650,Ekansh Singhal,26,Female,Bangalore,Working Professional,Software Engineer,2025-10-05,Premium,Campus Campaign
C003651,Amara Parsa,42,Male,Chennai,Working Professional,Accountant,2024-09-19,Premium,Instagram
C003652,Eta Ahuja,54,Female,Bangalore,Family,Homemaker,2024-09-11,Free,Referral
C003653,Faqid Gola,48,Female,Coimbatore,Family,Business Owner,2024-08-11,Premium,Referral
C003654,Omkaar Ranganathan,24,Female,Hyderabad,Family,Homemaker,2025-07-21,Premium,Referral
C003655,Jairaj Virk,37,Male,Chennai,Student,Student,2026-05-12,Premium,Referral
C003656,Triya De,42,Male,Hyderabad,Working Professional,Accountant,2025-10-28,Premium,Google
C003657,Siya Anand,18,Female,Chennai,Family,Homemaker,2025-06-12,Premium,YouTube
C003658,Oni Sangha,34,Female,Hyderabad,Student,Student,2026-05-28,Free,Referral
C003659,Harsh Yadav,21,Male,Chennai,Working Professional,Doctor,2025-05-24,Premium,Referral
C003660,Isaiah Toor,24,Male,Bangalore,Student,Student,2025-05-15,Free,Referral
C003661,Kiaan Morar,18,Male,Hyderabad,Student,Student,2026-02-15,Premium,Google
C003662,Gabriel Khatri,18,Male,Chennai,Family,Teacher,2025-06-24,Premium,Instagram
C003663,Raksha Ravi,38,Male,Chennai,Family,Homemaker,2025-05-22,Premium,Google
C003664,Alexander Magar,29,Female,Vijayawada,Family,Teacher,2025-06-09,Free,Campus Campaign
C003665,Riya Garde,27,Female,Coimbatore,Working Professional,Software Engineer,2025-08-13,Premium,Referral
C003666,Omisha Kakar,45,Female,Coimbatore,Student,Student,2025-06-04,Premium,Referral
C003667,Benjamin Puri,38,Female,Bangalore,Student,Student,2026-01-20,Free,Google
C003668,Tanveer Sengupta,32,Male,Bangalore,Family,Business Owner,2026-05-31,Free,Campus Campaign
C003669,Gaurika Sharaf,46,Male,Hyderabad,Family,Homemaker,2024-11-08,Free,YouTube
C003670,Ansh Chanda,49,Male,Hyderabad,Student,Student,2025-06-28,Free,YouTube
C003671,Laksh Kannan,53,Female,Bangalore,Working Professional,Teacher,2025-01-21,Premium,Referral
C003672,Peter Sehgal,27,Female,Chennai,Family,Homemaker,2025-10-22,Free,Instagram
C003673,Amrita Rau,36,Male,Vijayawada,Student,Student,2024-12-31,Free,YouTube
C003674,Forum Joshi,19,Female,Bangalore,Working Professional,Business Owner,2025-08-01,Free,YouTube
C003675,Chatura Sundaram,38,Male,Chennai,Working Professional,Doctor,2025-08-01,Free,YouTube
C003676,Bhavani Khare,56,Male,Hyderabad,Family,Homemaker,2025-10-07,Free,Instagram
C003677,Ishani Devi,42,Male,Bangalore,Family,Teacher,2025-09-05,Free,Google
C003678,Faras Gaba,31,Female,Coimbatore,Student,Student,2024-09-11,Premium,YouTube
C003679,Manan Agarwal,50,Male,Coimbatore,Family,Homemaker,2025-04-24,Premium,Instagram
C003680,Maanav Palla,45,Female,Coimbatore,Student,Student,2025-08-24,Premium,Instagram
C003681,Dipta Srinivasan,35,Female,Chennai,Family,Teacher,2025-12-08,Premium,Campus Campaign
C003682,Reva Dalal,39,Female,Chennai,Working Professional,Business Owner,2025-01-16,Free,YouTube
C003683,Zehaan Dey,33,Male,Hyderabad,Working Professional,Teacher,2025-07-19,Free,Instagram
C003684,Ekavir Butala,56,Female,Vijayawada,Working Professional,Software Engineer,2025-11-15,Free,Campus Campaign
C003685,Bachittar Viswanathan,29,Female,Hyderabad,Student,Student,2024-10-15,Free,Campus Campaign
C003686,Nihal Pingle,29,Female,Bangalore,Student,Student,2025-08-27,Free,Instagram
C003687,Mitali Varughese,31,Male,Coimbatore,Working Professional,Teacher,2024-07-08,Free,YouTube
C003688,Panini Goyal,49,Female,Hyderabad,Student,Student,2024-12-18,Free,Referral
C003689,Hemangini Baral,49,Female,Coimbatore,Family,Homemaker,2026-04-20,Free,Google
C003690,Ira Cheema,34,Female,Vijayawada,Family,Teacher,2025-08-18,Premium,Referral
C003691,Owen Chaudry,24,Female,Chennai,Working Professional,Accountant,2024-08-06,Premium,YouTube
C003692,Hemal Zacharia,49,Female,Chennai,Working Professional,Accountant,2024-12-10,Premium,YouTube
C003693,Vedika Baria,22,Female,Bangalore,Family,Homemaker,2025-04-15,Premium,Instagram
C003694,Rayaan Gera,23,Male,Hyderabad,Student,Student,2026-02-17,Premium,Referral
C003695,Gaurav Dixit,37,Male,Hyderabad,Working Professional,Doctor,2024-06-24,Premium,Instagram
C003696,Wriddhish Bhalla,49,Male,Chennai,Student,Student,2024-06-28,Free,Campus Campaign
C003697,Kashish Subramaniam,43,Female,Hyderabad,Working Professional,Doctor,2025-10-07,Free,Google
C003698,Urmi Upadhyay,46,Male,Chennai,Student,Student,2025-05-02,Free,YouTube
C003699,Saumya Warrior,53,Male,Bangalore,Working Professional,Doctor,2025-03-23,Premium,Campus Campaign
C003700,Jalsa Bhat,43,Female,Bangalore,Student,Student,2024-12-04,Free,Google
C003701,Kashish Seshadri,35,Female,Chennai,Family,Teacher,2025-09-16,Premium,Referral
C003702,Gautami Dutta,42,Female,Chennai,Family,Homemaker,2025-12-05,Free,Google
C003703,Eiravati Kamdar,38,Female,Chennai,Student,Student,2025-11-22,Free,Campus Campaign
C003704,Bina Dar,58,Female,Chennai,Working Professional,Software Engineer,2025-07-02,Free,Campus Campaign
C003705,Bhavna Bora,53,Female,Coimbatore,Working Professional,Doctor,2024-07-05,Free,Google
C003706,Ayushman Balasubramanian,32,Female,Coimbatore,Family,Homemaker,2024-11-12,Free,Instagram
C003707,Sanya Naidu,31,Male,Vijayawada,Working Professional,Accountant,2024-10-25,Premium,Referral
C003708,Indira Maharaj,24,Male,Bangalore,Student,Student,2025-10-29,Free,Campus Campaign
C003709,Abha Khare,51,Female,Vijayawada,Family,Business Owner,2024-12-01,Free,YouTube
C003710,Daksh Hegde,38,Male,Coimbatore,Working Professional,Business Owner,2025-06-04,Free,YouTube
C003711,Darpan Naik,32,Female,Chennai,Student,Student,2025-03-27,Free,Instagram
C003712,Owen Nori,25,Female,Bangalore,Family,Teacher,2025-01-22,Premium,YouTube
C003713,Rehaan Shere,47,Male,Hyderabad,Student,Student,2025-01-26,Free,Campus Campaign
C003714,Ekavir Grewal,45,Female,Hyderabad,Family,Business Owner,2026-01-29,Premium,Google
C003715,Vrishti Kanda,57,Male,Bangalore,Student,Student,2024-11-12,Premium,Referral
C003716,Ranveer Lata,20,Female,Hyderabad,Student,Student,2026-03-26,Free,Referral
C003717,Azad Varma,40,Male,Chennai,Working Professional,Teacher,2024-12-31,Premium,Referral
C003718,Kevin Kant,43,Female,Hyderabad,Family,Business Owner,2025-02-02,Free,Google
C003719,Ekavir Kapadia,29,Male,Bangalore,Family,Business Owner,2025-08-11,Free,Campus Campaign
C003720,Varenya Vohra,54,Male,Bangalore,Working Professional,Accountant,2025-03-09,Premium,Referral
C003721,Nicholas Taneja,31,Male,Bangalore,Student,Student,2025-07-22,Premium,YouTube
C003722,Damini Dalal,45,Female,Chennai,Working Professional,Software Engineer,2024-07-23,Premium,YouTube
C003723,Fitan Kulkarni,46,Male,Chennai,Student,Student,2026-05-08,Premium,YouTube
C003724,Chaman Purohit,58,Female,Bangalore,Working Professional,Designer,2024-10-16,Premium,Instagram
C003725,Chakrika Amble,22,Male,Bangalore,Working Professional,Software Engineer,2026-01-20,Premium,Referral
C003726,Pushti Pall,38,Female,Hyderabad,Working Professional,Teacher,2025-08-31,Free,YouTube
C003727,Thomas Parekh,22,Female,Chennai,Student,Student,2026-05-28,Free,Referral
C003728,Harish Gola,29,Male,Bangalore,Family,Business Owner,2026-05-31,Premium,Google
C003729,Abhiram Minhas,32,Male,Bangalore,Student,Student,2025-09-08,Premium,Referral
C003730,Aishani Mani,25,Male,Chennai,Working Professional,Accountant,2025-12-20,Free,Instagram
C003731,Turvi Narula,49,Female,Bangalore,Family,Business Owner,2024-08-26,Free,Google
C003732,Libni More,58,Female,Bangalore,Student,Student,2024-10-27,Free,YouTube
C003733,Advay Pant,38,Male,Chennai,Student,Student,2026-03-13,Premium,Campus Campaign
C003734,Triveni Devi,23,Female,Bangalore,Working Professional,Teacher,2025-03-04,Premium,Google
C003735,Barkha Yadav,34,Female,Chennai,Working Professional,Teacher,2024-07-30,Premium,Campus Campaign
C003736,Urishilla Subramaniam,21,Male,Chennai,Student,Student,2025-01-28,Premium,Campus Campaign
C003737,Vanya Deol,53,Male,Chennai,Student,Student,2024-11-30,Premium,Instagram
C003738,Kiaan Bhat,60,Female,Bangalore,Student,Student,2026-01-05,Premium,Instagram
C003739,Hemang Bath,48,Male,Vijayawada,Student,Student,2025-08-30,Free,Google
C003740,Janani Sabharwal,19,Male,Coimbatore,Working Professional,Designer,2024-07-19,Free,YouTube
C003741,Ronith Naidu,23,Female,Hyderabad,Family,Homemaker,2026-05-11,Free,Referral
C003742,Jagvi Raman,54,Male,Vijayawada,Working Professional,Teacher,2025-12-10,Premium,Referral
C003743,Frederick Sabharwal,50,Female,Bangalore,Working Professional,Business Owner,2026-03-16,Free,YouTube
C003744,Rudra Saraf,26,Male,Chennai,Family,Homemaker,2025-05-17,Premium,Campus Campaign
C003745,Barkha Dasgupta,30,Female,Bangalore,Family,Business Owner,2025-01-01,Free,Campus Campaign
C003746,Nathan Uppal,32,Male,Chennai,Student,Student,2026-02-24,Premium,Google
C003747,Vansha Jani,39,Female,Hyderabad,Family,Business Owner,2024-12-22,Premium,Google
C003748,Rehaan Randhawa,39,Female,Coimbatore,Student,Student,2026-03-12,Free,Campus Campaign
C003749,Damyanti Bahl,18,Female,Coimbatore,Working Professional,Designer,2025-08-11,Free,Google
C003750,Frado Doctor,29,Male,Chennai,Working Professional,Accountant,2025-08-14,Free,Referral
C003751,Charita Saran,24,Male,Chennai,Working Professional,Accountant,2025-12-15,Premium,Campus Campaign
C003752,Ekalinga Sinha,51,Male,Vijayawada,Working Professional,Doctor,2025-02-22,Premium,Google
C003753,Kritika Saran,44,Male,Bangalore,Working Professional,Doctor,2025-07-01,Free,Google
C003754,Agastya Palla,48,Female,Vijayawada,Working Professional,Business Owner,2026-01-20,Premium,Google
C003755,Anirudh Dutta,48,Male,Bangalore,Family,Business Owner,2026-04-21,Free,YouTube
C003756,Daksh Virk,55,Male,Coimbatore,Student,Student,2024-11-06,Premium,Campus Campaign
C003757,Gopal Murty,60,Female,Coimbatore,Family,Teacher,2026-05-28,Free,Google
C003758,Sneha Comar,45,Male,Bangalore,Working Professional,Software Engineer,2026-02-22,Premium,Campus Campaign
C003759,Charles Tailor,39,Female,Bangalore,Student,Student,2026-06-13,Premium,Referral
C003760,Maanav Solanki,59,Female,Hyderabad,Family,Business Owner,2024-11-20,Free,YouTube
C003761,Kamala Manne,24,Male,Bangalore,Working Professional,Doctor,2025-08-03,Free,YouTube
C003762,Sanaya Randhawa,43,Female,Hyderabad,Working Professional,Designer,2026-02-22,Premium,Campus Campaign
C003763,Harinakshi Sengupta,53,Female,Chennai,Student,Student,2026-05-01,Free,Google
C003764,Yadavi Deshmukh,26,Male,Hyderabad,Working Professional,Designer,2025-10-28,Free,Google
C003765,Yoshita Kalita,41,Male,Hyderabad,Working Professional,Business Owner,2024-07-15,Free,Referral
C003766,Yug Hans,48,Male,Chennai,Working Professional,Teacher,2025-05-29,Free,Campus Campaign
C003767,Vihaan Oza,39,Female,Chennai,Family,Teacher,2024-09-04,Premium,YouTube
C003768,Girish Lad,43,Female,Coimbatore,Family,Business Owner,2025-02-05,Premium,Referral
C003769,Harrison Kumar,45,Male,Bangalore,Family,Business Owner,2025-11-19,Premium,Campus Campaign
C003770,Jagat Sane,60,Male,Bangalore,Working Professional,Doctor,2026-05-01,Free,Referral
C003771,Vedika Sathe,25,Female,Chennai,Working Professional,Designer,2025-02-03,Free,Campus Campaign
C003772,Mekhala Gaba,44,Female,Bangalore,Family,Homemaker,2025-03-09,Premium,Google
C003773,Harrison Kara,52,Female,Chennai,Working Professional,Teacher,2024-11-20,Premium,Referral
C003774,Nakul Sabharwal,36,Male,Coimbatore,Working Professional,Doctor,2025-06-25,Free,YouTube
C003775,Victor Anand,49,Female,Chennai,Student,Student,2025-05-05,Premium,Campus Campaign
C003776,Falan Mani,29,Male,Hyderabad,Student,Student,2024-08-02,Premium,Referral
C003777,Chasmum Raval,52,Male,Chennai,Working Professional,Software Engineer,2024-10-29,Free,YouTube
C003778,Bhanumati Dutt,49,Male,Chennai,Working Professional,Software Engineer,2026-02-28,Premium,YouTube
C003779,Onveer Lall,39,Male,Chennai,Family,Business Owner,2025-09-15,Free,Instagram
C003780,Deepa Mandal,41,Female,Coimbatore,Family,Homemaker,2025-02-07,Premium,Campus Campaign
C003781,Yashodhara Sarma,23,Female,Chennai,Working Professional,Doctor,2025-02-13,Premium,Referral
C003782,Rehaan Srinivasan,36,Male,Chennai,Student,Student,2026-06-12,Free,YouTube
C003783,Aarnav Raval,37,Female,Chennai,Family,Homemaker,2025-01-05,Free,Instagram
C003784,Simon Kurian,56,Male,Hyderabad,Family,Teacher,2025-01-18,Free,Campus Campaign
C003785,Unni Hegde,21,Male,Coimbatore,Student,Student,2025-06-27,Free,YouTube
C003786,Zayan Shroff,47,Male,Coimbatore,Family,Homemaker,2025-09-01,Premium,YouTube
C003787,Hamsini Sachar,52,Male,Chennai,Student,Student,2024-10-18,Free,Referral
C003788,Edhitha Ganesh,29,Female,Bangalore,Working Professional,Software Engineer,2026-03-04,Premium,Referral
C003789,Matthew Chad,57,Male,Hyderabad,Family,Teacher,2025-03-15,Free,YouTube
C003790,Meghana Chawla,27,Male,Hyderabad,Working Professional,Software Engineer,2025-04-21,Free,Campus Campaign
C003791,Mitali Saini,21,Female,Vijayawada,Family,Teacher,2024-12-29,Premium,Instagram
C003792,Upma Setty,50,Female,Coimbatore,Family,Business Owner,2025-02-22,Premium,Google
C003793,Zayan Ranganathan,27,Female,Bangalore,Student,Student,2025-05-31,Premium,Instagram
C003794,Tanay Malhotra,45,Male,Coimbatore,Working Professional,Doctor,2025-02-25,Premium,YouTube
C003795,Charvi Raghavan,60,Male,Hyderabad,Family,Teacher,2026-05-11,Premium,Campus Campaign
C003796,Anay Parsa,33,Female,Bangalore,Student,Student,2025-10-05,Premium,Campus Campaign
C003797,Garima Ray,35,Female,Bangalore,Family,Teacher,2024-09-11,Free,Referral
C003798,Ekantika Bajaj,30,Male,Bangalore,Family,Business Owner,2025-06-13,Free,Campus Campaign
C003799,Teerth Badal,59,Male,Hyderabad,Student,Student,2024-09-01,Free,YouTube
C003800,Yashoda Suresh,31,Female,Chennai,Student,Student,2026-02-24,Premium,YouTube
C003801,Ikbal Dhaliwal,29,Male,Bangalore,Working Professional,Designer,2024-08-06,Premium,Google
C003802,Pratyush Pai,49,Male,Bangalore,Student,Student,2024-09-19,Premium,Google
C003803,Dakshesh Bhagat,56,Male,Chennai,Family,Business Owner,2025-10-10,Free,Instagram
C003804,Karan Soman,28,Male,Chennai,Student,Student,2024-10-20,Free,Referral
C003805,Ira Bahri,21,Female,Hyderabad,Family,Homemaker,2025-07-14,Free,YouTube
C003806,Priya Bala,19,Male,Chennai,Family,Homemaker,2024-12-04,Free,Referral
C003807,Yashodhara Barad,21,Male,Vijayawada,Student,Student,2025-09-02,Free,YouTube
C003808,Saanvi Sha,24,Male,Bangalore,Student,Student,2026-02-28,Premium,Google
C003809,Wazir Oommen,60,Female,Vijayawada,Student,Student,2024-09-22,Free,Google
C003810,Yamini Rajan,18,Male,Chennai,Student,Student,2026-04-21,Free,YouTube
C003811,Faras Wagle,30,Male,Bangalore,Working Professional,Software Engineer,2025-10-24,Free,YouTube
C003812,Liam Ganguly,31,Male,Bangalore,Family,Business Owner,2024-10-13,Free,Campus Campaign
C003813,Abha Chandran,52,Female,Vijayawada,Student,Student,2024-12-24,Free,Referral
C003814,Qarin Soni,52,Male,Coimbatore,Working Professional,Designer,2025-12-17,Free,Campus Campaign
C003815,Hema Dar,52,Female,Chennai,Family,Business Owner,2026-03-09,Premium,Referral
C003816,Qarin Master,30,Male,Bangalore,Family,Homemaker,2026-01-09,Premium,Campus Campaign
C003817,Wyatt Anne,32,Male,Chennai,Student,Student,2025-08-13,Free,YouTube
C003818,Ira Bhattacharyya,44,Male,Bangalore,Working Professional,Software Engineer,2024-12-31,Free,YouTube
C003819,Zarna Bora,22,Female,Chennai,Family,Teacher,2024-07-06,Free,Referral
C003820,Yutika Mittal,20,Male,Hyderabad,Working Professional,Designer,2024-07-04,Premium,YouTube
C003821,Nikita Bakshi,59,Female,Bangalore,Student,Student,2024-06-21,Free,Campus Campaign
C003822,Andrew Tailor,43,Male,Chennai,Student,Student,2024-10-11,Free,Campus Campaign
C003823,Hemani Bora,52,Female,Chennai,Working Professional,Business Owner,2025-12-06,Free,Campus Campaign
C003824,Wridesh Bedi,23,Male,Chennai,Family,Teacher,2025-04-22,Free,YouTube
C003825,Gopal Rai,18,Male,Bangalore,Working Professional,Teacher,2026-03-10,Premium,Instagram
C003826,Janani Tara,58,Male,Hyderabad,Family,Teacher,2024-07-19,Premium,YouTube
C003827,Yashodhara Lala,51,Female,Chennai,Working Professional,Software Engineer,2025-02-28,Premium,Google
C003828,Vansha Baria,56,Female,Bangalore,Student,Student,2026-03-18,Premium,YouTube
C003829,Chakrika Ratta,49,Male,Coimbatore,Working Professional,Business Owner,2026-01-27,Free,YouTube
C003830,Jeet Karan,25,Male,Coimbatore,Working Professional,Business Owner,2024-11-08,Premium,Referral
C003831,Onkar Rout,26,Female,Chennai,Student,Student,2025-06-26,Free,Referral
C003832,Ishwar Anand,38,Male,Coimbatore,Student,Student,2024-08-27,Premium,YouTube
C003833,Omisha Mann,28,Male,Coimbatore,Student,Student,2025-01-24,Free,Campus Campaign
C003834,Kiaan Radhakrishnan,49,Female,Chennai,Family,Teacher,2025-10-22,Premium,Instagram
C003835,Faqid Chopra,20,Female,Coimbatore,Student,Student,2024-10-10,Premium,Google
C003836,Onkar Yogi,45,Male,Hyderabad,Working Professional,Accountant,2024-09-03,Free,YouTube
C003837,Guneet Natarajan,29,Female,Bangalore,Working Professional,Teacher,2025-06-28,Premium,YouTube
C003838,Lakshit Karpe,53,Female,Hyderabad,Family,Homemaker,2025-08-25,Free,Google
C003839,Sanaya Saxena,33,Male,Hyderabad,Family,Teacher,2025-10-03,Free,Campus Campaign
C003840,Amruta Zachariah,19,Male,Chennai,Family,Homemaker,2025-12-03,Free,Google
C003841,Mugdha Prabhakar,45,Male,Coimbatore,Family,Homemaker,2024-10-05,Premium,Campus Campaign
C003842,Onkar Swamy,30,Female,Hyderabad,Student,Student,2025-11-03,Premium,YouTube
C003843,Gautam Oommen,52,Female,Hyderabad,Working Professional,Doctor,2025-11-09,Free,Instagram
C003844,Udyati Mallick,33,Male,Chennai,Student,Student,2026-03-28,Free,Instagram
C003845,Utkarsh Wable,47,Female,Hyderabad,Family,Teacher,2025-06-05,Premium,Instagram
C003846,Chavvi Barman,31,Male,Hyderabad,Student,Student,2025-08-15,Free,YouTube
C003847,Isha Radhakrishnan,42,Male,Chennai,Student,Student,2026-06-06,Premium,Instagram
C003848,Kiaan Varty,59,Male,Coimbatore,Family,Teacher,2026-02-20,Free,YouTube
C003849,Vasatika Hayre,47,Female,Bangalore,Family,Teacher,2024-07-04,Premium,Campus Campaign
C003850,Charles Sathe,60,Female,Coimbatore,Student,Student,2026-06-02,Premium,YouTube
C003851,Praneel Nagar,52,Male,Bangalore,Working Professional,Software Engineer,2024-11-24,Premium,Google
C003852,Daksha Srivastava,24,Male,Bangalore,Working Professional,Software Engineer,2024-11-03,Free,Google
C003853,Chatura Butala,39,Male,Coimbatore,Student,Student,2025-10-28,Premium,Campus Campaign
C003854,Manbir Bandi,54,Male,Chennai,Working Professional,Business Owner,2025-11-15,Free,Campus Campaign
C003855,Geetika Kannan,46,Female,Chennai,Family,Teacher,2025-07-30,Free,Referral
C003856,Logan Grewal,24,Female,Vijayawada,Student,Student,2025-12-28,Premium,Campus Campaign
C003857,Unnati Tiwari,47,Male,Bangalore,Family,Teacher,2026-02-15,Free,Referral
C003858,Ayush Rattan,28,Male,Hyderabad,Working Professional,Teacher,2025-03-15,Free,Referral
C003859,Faras Ahluwalia,53,Male,Hyderabad,Student,Student,2025-10-11,Free,Google
C003860,Jeremiah Kulkarni,24,Female,Hyderabad,Student,Student,2025-12-01,Free,Instagram
C003861,Lohit Natarajan,35,Female,Bangalore,Student,Student,2024-07-22,Free,Instagram
C003862,Balveer Nair,33,Male,Vijayawada,Family,Homemaker,2024-08-31,Free,Referral
C003863,Shaurya Setty,33,Male,Vijayawada,Family,Homemaker,2025-02-11,Free,Instagram
C003864,Tanvi Dash,55,Male,Hyderabad,Working Professional,Accountant,2026-06-15,Free,Referral
C003865,Krish Char,28,Male,Hyderabad,Working Professional,Designer,2024-11-30,Free,YouTube
C003866,Girindra Narain,20,Male,Coimbatore,Family,Teacher,2024-07-07,Premium,Referral
C003867,Darpan Shetty,24,Female,Chennai,Student,Student,2024-12-08,Free,YouTube
C003868,Anjali Goyal,25,Male,Vijayawada,Working Professional,Teacher,2026-05-03,Premium,YouTube
C003869,Vinaya Shenoy,22,Male,Coimbatore,Student,Student,2024-08-30,Premium,YouTube
C003870,Chandani Varughese,46,Male,Coimbatore,Student,Student,2026-03-25,Free,YouTube
C003871,Utkarsh Hegde,41,Female,Chennai,Working Professional,Accountant,2024-09-08,Free,Instagram
C003872,Andrew Pandey,21,Male,Bangalore,Working Professional,Business Owner,2025-03-09,Premium,Campus Campaign
C003873,Rayaan Bawa,59,Female,Bangalore,Student,Student,2026-06-04,Premium,Campus Campaign
C003874,Kevin Gole,39,Male,Bangalore,Working Professional,Doctor,2024-06-25,Premium,Referral
C003875,Aarnav Kapur,53,Male,Bangalore,Working Professional,Software Engineer,2026-05-30,Free,YouTube
C003876,Arin Kapoor,54,Female,Bangalore,Student,Student,2026-01-23,Premium,Referral
C003877,Chanchal Khurana,20,Male,Coimbatore,Student,Student,2026-04-08,Free,Campus Campaign
C003878,Teerth Kothari,53,Male,Hyderabad,Working Professional,Business Owner,2026-03-18,Free,Google
C003879,Guneet Bali,54,Male,Vijayawada,Family,Teacher,2025-03-07,Premium,Referral
C003880,Bhavini Rajagopal,18,Female,Bangalore,Student,Student,2025-10-10,Premium,Campus Campaign
C003881,Deepa Sarraf,35,Male,Bangalore,Working Professional,Business Owner,2025-04-02,Free,YouTube
C003882,Parth Dasgupta,57,Female,Chennai,Family,Homemaker,2025-01-07,Premium,YouTube
C003883,Deepa Dada,24,Female,Hyderabad,Working Professional,Business Owner,2026-04-12,Premium,YouTube
C003884,Kritika Jayaraman,27,Female,Chennai,Working Professional,Software Engineer,2025-04-08,Premium,Google
C003885,Baljiwan Barman,21,Female,Coimbatore,Working Professional,Teacher,2026-05-19,Free,YouTube
C003886,Ekta Prashad,54,Male,Hyderabad,Working Professional,Teacher,2026-03-22,Premium,Google
C003887,Vaishnavi Mittal,20,Male,Coimbatore,Student,Student,2024-07-27,Free,YouTube
C003888,Amol Bobal,41,Male,Hyderabad,Student,Student,2024-09-27,Premium,Google
C003889,Matthew Murty,24,Female,Bangalore,Working Professional,Designer,2024-07-23,Premium,Instagram
C003890,Avni Morar,46,Male,Hyderabad,Family,Teacher,2025-07-03,Free,Instagram
C003891,Zinal Ravi,22,Female,Coimbatore,Working Professional,Accountant,2025-05-31,Free,Google
C003892,Hredhaan Palla,51,Female,Chennai,Working Professional,Accountant,2024-10-05,Premium,Referral
C003893,Isaac Bedi,48,Male,Bangalore,Student,Student,2026-03-13,Free,Campus Campaign
C003894,Warda Kala,46,Female,Chennai,Student,Student,2025-01-15,Free,YouTube
C003895,Anay Nazareth,35,Female,Bangalore,Student,Student,2025-06-05,Free,Referral
C003896,Warhi Barad,51,Female,Bangalore,Family,Business Owner,2025-05-09,Free,Google
C003897,Netra Varty,38,Male,Chennai,Family,Business Owner,2024-06-30,Premium,Google
C003898,Ekiya Batta,47,Male,Bangalore,Working Professional,Doctor,2025-05-21,Free,YouTube
C003899,Aryan Sur,54,Male,Coimbatore,Family,Homemaker,2024-06-29,Free,Referral
C003900,Yatin Dasgupta,55,Male,Hyderabad,Family,Business Owner,2025-01-20,Premium,YouTube
C003901,Jairaj Rout,32,Male,Chennai,Working Professional,Accountant,2025-04-05,Premium,YouTube
C003902,Faris Kamdar,37,Female,Vijayawada,Family,Teacher,2024-08-31,Premium,YouTube
C003903,Girish Khurana,40,Female,Bangalore,Student,Student,2025-08-05,Free,Google
C003904,Samar Goel,22,Female,Bangalore,Family,Homemaker,2025-09-13,Premium,YouTube
C003905,Forum Misra,21,Male,Bangalore,Student,Student,2026-01-18,Free,Google
C003906,Ekanta Vyas,36,Male,Coimbatore,Family,Homemaker,2024-12-29,Free,Campus Campaign
C003907,Manbir Kala,36,Male,Chennai,Working Professional,Designer,2024-11-20,Free,Campus Campaign
C003908,Sarthak Modi,41,Female,Hyderabad,Family,Business Owner,2024-12-06,Premium,Instagram
C003909,Xalak Taneja,26,Female,Chennai,Student,Student,2025-10-09,Premium,Instagram
C003910,Turvi Barad,43,Female,Hyderabad,Family,Teacher,2025-08-16,Free,Campus Campaign
C003911,Falak Memon,48,Male,Bangalore,Family,Teacher,2025-04-06,Free,Campus Campaign
C003912,Upkaar Khalsa,52,Female,Vijayawada,Working Professional,Designer,2026-06-13,Premium,Google
C003913,Jonathan Magar,29,Male,Chennai,Student,Student,2025-08-12,Premium,Google
C003914,Brijesh Chahal,30,Male,Chennai,Student,Student,2026-02-12,Premium,Google
C003915,Jagat Keer,23,Female,Hyderabad,Family,Business Owner,2025-07-09,Free,YouTube
C003916,Yatin Mital,56,Male,Bangalore,Working Professional,Designer,2024-10-28,Premium,YouTube
C003917,Meera Subramaniam,47,Male,Hyderabad,Family,Teacher,2025-08-10,Premium,Referral
C003918,Aryan Hayre,37,Female,Chennai,Student,Student,2025-08-29,Free,Campus Campaign
C003919,Lohit Shanker,58,Female,Vijayawada,Working Professional,Business Owner,2025-04-12,Free,YouTube
C003920,Upkaar Bhatnagar,43,Male,Vijayawada,Family,Teacher,2024-11-29,Premium,YouTube
C003921,Meghana Majumdar,47,Female,Bangalore,Working Professional,Accountant,2025-08-27,Premium,Referral
C003922,Charvi Mane,41,Female,Coimbatore,Working Professional,Software Engineer,2025-07-22,Premium,Referral
C003923,Chaitaly Sahni,47,Female,Vijayawada,Working Professional,Software Engineer,2024-07-19,Free,YouTube
C003924,Laban Wagle,22,Male,Coimbatore,Student,Student,2024-06-21,Premium,Referral
C003925,Shivani Soni,27,Female,Chennai,Working Professional,Doctor,2025-05-26,Premium,Campus Campaign
C003926,Chatresh Borah,48,Female,Hyderabad,Working Professional,Accountant,2025-02-22,Premium,YouTube
C003927,Om Konda,54,Male,Chennai,Student,Student,2026-03-11,Premium,Instagram
C003928,Warinder Setty,54,Male,Hyderabad,Student,Student,2025-03-09,Premium,YouTube
C003929,Champak Magar,56,Female,Coimbatore,Student,Student,2025-11-02,Free,Campus Campaign
C003930,Zarna Sodhi,28,Male,Hyderabad,Working Professional,Designer,2025-05-30,Premium,Google
C003931,Lakshit Dora,21,Male,Coimbatore,Family,Business Owner,2025-08-02,Premium,Instagram
C003932,Nirja Parsa,25,Male,Bangalore,Student,Student,2025-03-27,Free,YouTube
C003933,Kai Srinivas,53,Female,Coimbatore,Working Professional,Software Engineer,2025-05-31,Premium,Campus Campaign
C003934,Maanav Raghavan,19,Female,Vijayawada,Student,Student,2025-11-30,Premium,YouTube
C003935,Urvashi Banik,32,Male,Coimbatore,Working Professional,Business Owner,2024-07-18,Premium,Referral
C003936,Jagvi Doshi,21,Male,Chennai,Working Professional,Teacher,2025-03-31,Premium,Instagram
C003937,Isha Kar,36,Female,Vijayawada,Working Professional,Accountant,2026-05-01,Premium,Campus Campaign
C003938,Sudiksha Tailor,27,Female,Coimbatore,Student,Student,2025-12-14,Premium,Google
C003939,Reyansh Venkataraman,43,Female,Chennai,Working Professional,Business Owner,2025-03-25,Premium,YouTube
C003940,Jalsa Amble,38,Male,Chennai,Family,Teacher,2026-05-06,Free,Campus Campaign
C003941,Jack Varghese,32,Male,Bangalore,Family,Business Owner,2024-07-08,Premium,YouTube
C003942,Neha Anand,24,Male,Coimbatore,Working Professional,Business Owner,2025-09-23,Free,YouTube
C003943,Neel Shukla,19,Male,Chennai,Working Professional,Teacher,2024-09-21,Premium,Campus Campaign
C003944,Janya Dua,56,Female,Bangalore,Working Professional,Designer,2024-06-17,Premium,Instagram
C003945,Ikbal Peri,27,Male,Hyderabad,Family,Homemaker,2026-06-05,Free,Campus Campaign
C003946,Chakrika Mann,47,Female,Chennai,Student,Student,2025-02-12,Free,YouTube
C003947,Lavanya Bal,60,Female,Vijayawada,Working Professional,Doctor,2025-03-02,Free,YouTube
C003948,Nidhi Kar,33,Female,Bangalore,Student,Student,2025-05-01,Free,Instagram
C003949,Nicholas Aggarwal,35,Female,Bangalore,Family,Business Owner,2025-11-25,Premium,Instagram
C003950,Vinaya Parmer,23,Male,Bangalore,Working Professional,Doctor,2024-12-05,Free,YouTube
C003951,Anya Shenoy,40,Male,Coimbatore,Family,Teacher,2025-09-06,Premium,Instagram
C003952,Kevin Rattan,23,Female,Chennai,Student,Student,2024-07-03,Free,Referral
C003953,Ijaya Pandit,34,Female,Bangalore,Student,Student,2025-01-18,Premium,Referral
C003954,Henry Jayaraman,18,Male,Chennai,Student,Student,2025-12-30,Free,Referral
C003955,Yagnesh Padmanabhan,20,Male,Chennai,Family,Business Owner,2025-08-07,Premium,Campus Campaign
C003956,Rachana Bobal,60,Male,Bangalore,Student,Student,2024-10-27,Free,Campus Campaign
C003957,Irya Varty,59,Male,Chennai,Family,Teacher,2025-10-28,Premium,Google
C003958,Gunbir Chaudhry,57,Female,Coimbatore,Family,Teacher,2024-11-16,Free,Campus Campaign
C003959,Hemani Panchal,55,Male,Bangalore,Family,Teacher,2024-07-16,Free,YouTube
C003960,Dominic Bhatti,42,Female,Bangalore,Working Professional,Designer,2024-12-04,Free,Instagram
C003961,Lekha Narang,18,Male,Bangalore,Student,Student,2025-11-05,Premium,Google
C003962,Arjun Dalal,21,Female,Chennai,Working Professional,Doctor,2025-09-20,Free,Campus Campaign
C003963,Geetika Barman,47,Male,Chennai,Family,Homemaker,2025-09-09,Free,YouTube
C003964,Rachana Nayak,43,Female,Hyderabad,Working Professional,Teacher,2025-12-17,Free,Google
C003965,Ishita Mahajan,23,Female,Bangalore,Family,Teacher,2025-01-23,Free,Instagram
C003966,Chandran Bajaj,22,Female,Hyderabad,Family,Business Owner,2025-10-03,Free,Instagram
C003967,Diya Mandal,51,Male,Vijayawada,Student,Student,2024-11-27,Premium,Instagram
C003968,Ikshita Bail,38,Male,Bangalore,Family,Business Owner,2024-09-26,Premium,Referral
C003969,Bahadurjit Guha,26,Male,Hyderabad,Student,Student,2025-08-16,Free,Google
C003970,Chaitanya Kara,22,Male,Coimbatore,Student,Student,2024-12-23,Free,Campus Campaign
C003971,Raghav Bahl,28,Male,Chennai,Working Professional,Doctor,2024-08-03,Free,Google
C003972,Yachana Jain,44,Male,Bangalore,Student,Student,2026-03-10,Premium,Campus Campaign
C003973,Chameli Babu,39,Male,Vijayawada,Working Professional,Designer,2025-03-09,Premium,Instagram
C003974,Vasana Minhas,40,Male,Bangalore,Working Professional,Teacher,2024-09-18,Free,Google
C003975,Ridhi Kaul,30,Male,Bangalore,Student,Student,2025-09-06,Premium,Referral
C003976,Wyatt Balan,51,Female,Coimbatore,Working Professional,Doctor,2026-01-04,Free,Instagram
C003977,Ronith Srinivas,23,Female,Hyderabad,Working Professional,Teacher,2026-01-31,Free,Google
C003978,Lopa Vyas,49,Male,Chennai,Student,Student,2024-09-14,Premium,Google
C003979,Kashvi Barman,44,Male,Hyderabad,Family,Teacher,2026-05-03,Free,Google
C003980,Chameli Parsa,23,Male,Hyderabad,Family,Business Owner,2024-07-27,Premium,Instagram
C003981,Amaira Thakur,54,Male,Chennai,Family,Teacher,2024-11-25,Premium,Referral
C003982,Upadhriti Bakshi,30,Female,Coimbatore,Family,Homemaker,2025-09-29,Free,Campus Campaign
C003983,Ridhi Tandon,29,Male,Chennai,Student,Student,2025-09-30,Premium,Instagram
C003984,Harish Dutta,47,Female,Chennai,Family,Homemaker,2024-08-05,Free,YouTube
C003985,Kabir Sawhney,41,Male,Chennai,Student,Student,2025-01-03,Premium,Campus Campaign
C003986,Anirudh Nadig,22,Female,Chennai,Student,Student,2025-02-10,Premium,YouTube
C003987,Omkaar Chada,57,Female,Chennai,Student,Student,2026-06-10,Free,Instagram
C003988,Leena Dugal,31,Female,Chennai,Student,Student,2025-08-10,Free,Referral
C003989,Geetika Borra,34,Female,Bangalore,Family,Homemaker,2025-12-04,Premium,Referral
C003990,Lucky Prakash,34,Female,Chennai,Family,Teacher,2025-07-09,Free,Instagram
C003991,Daksh Bose,41,Female,Hyderabad,Student,Student,2025-04-27,Free,Instagram
C003992,Saanvi Edwin,21,Female,Coimbatore,Working Professional,Doctor,2026-01-06,Free,Campus Campaign
C003993,Tamanna Kuruvilla,29,Male,Bangalore,Student,Student,2025-03-28,Premium,Referral
C003994,Ranbir Kota,46,Female,Hyderabad,Family,Homemaker,2024-09-07,Premium,Google
C003995,Wriddhish Ahuja,58,Male,Coimbatore,Working Professional,Software Engineer,2026-02-26,Free,YouTube
C003996,Watika Kota,27,Female,Vijayawada,Family,Business Owner,2026-06-15,Premium,Campus Campaign
C003997,Indira Krishnan,29,Male,Coimbatore,Family,Homemaker,2024-07-09,Free,Instagram
C003998,Riya Mohan,38,Male,Coimbatore,Working Professional,Software Engineer,2024-07-13,Premium,Google
C003999,Xalak Mitter,33,Female,Bangalore,Student,Student,2025-04-11,Free,Google
C004000,Ranbir Hora,23,Male,Bangalore,Family,Homemaker,2026-05-25,Free,YouTube
C004001,Anmol Bakshi,46,Male,Bangalore,Working Professional,Teacher,2026-03-20,Premium,Campus Campaign
C004002,Chaitaly Pingle,18,Male,Hyderabad,Working Professional,Software Engineer,2025-08-06,Premium,Campus Campaign
C004003,Varenya Kala,22,Male,Bangalore,Student,Student,2025-07-10,Free,Google
C004004,Jeet Dar,45,Male,Vijayawada,Working Professional,Accountant,2025-07-07,Free,Instagram
C004005,Ishanvi Morar,38,Male,Vijayawada,Working Professional,Accountant,2026-01-22,Free,Campus Campaign
C004006,Nisha Dyal,51,Female,Hyderabad,Student,Student,2025-10-28,Premium,Referral
C004007,Hiral Dada,45,Male,Vijayawada,Student,Student,2026-01-18,Free,Instagram
C004008,Zashil Batra,34,Male,Coimbatore,Student,Student,2025-10-28,Premium,Google
C004009,Gautam Kari,42,Female,Coimbatore,Family,Teacher,2025-08-21,Premium,Referral
C004010,Vansha Balasubramanian,58,Female,Bangalore,Family,Homemaker,2026-03-08,Free,Instagram
C004011,Jyoti Bath,55,Male,Bangalore,Working Professional,Doctor,2025-11-04,Free,Instagram
C004012,Radha Raval,47,Male,Bangalore,Working Professional,Designer,2025-12-24,Free,Campus Campaign
C004013,Yashawini Kalla,36,Female,Vijayawada,Working Professional,Teacher,2025-10-20,Free,YouTube
C004014,Fitan Venkatesh,60,Female,Hyderabad,Student,Student,2024-11-02,Free,Campus Campaign
C004015,Christopher Mishra,40,Female,Bangalore,Working Professional,Software Engineer,2025-08-12,Free,Campus Campaign
C004016,Chavvi Choudhary,43,Male,Hyderabad,Family,Homemaker,2024-10-16,Premium,Google
C004017,Indrajit Dhingra,43,Female,Chennai,Family,Business Owner,2024-09-30,Premium,Campus Campaign
C004018,Ekalinga Suresh,30,Male,Hyderabad,Family,Teacher,2025-08-05,Premium,Google
C004019,Kalpit Oak,56,Male,Vijayawada,Family,Business Owner,2026-01-14,Free,Campus Campaign
C004020,Aayush Gala,42,Female,Bangalore,Working Professional,Designer,2025-11-29,Free,Referral
C004021,Daniel Bhandari,28,Female,Chennai,Family,Business Owner,2025-11-12,Free,YouTube
C004022,Harrison Rattan,58,Female,Hyderabad,Family,Homemaker,2024-11-08,Premium,Instagram
C004023,Upma Taneja,30,Female,Bangalore,Student,Student,2025-08-20,Free,Instagram
C004024,Michael Ghose,32,Male,Chennai,Student,Student,2024-11-15,Premium,Referral
C004025,Bina Krishna,25,Male,Coimbatore,Student,Student,2024-08-04,Free,YouTube
C004026,Abhiram Jani,33,Male,Chennai,Working Professional,Software Engineer,2025-01-10,Free,Google
C004027,Bimala Trivedi,43,Male,Vijayawada,Family,Teacher,2024-08-06,Free,Google
C004028,Kabir Natarajan,26,Female,Chennai,Working Professional,Teacher,2025-10-17,Free,Campus Campaign
C004029,Warda Bobal,34,Female,Hyderabad,Family,Teacher,2025-04-11,Premium,Google
C004030,Chanchal Mody,21,Male,Coimbatore,Family,Homemaker,2025-09-10,Premium,Google
C004031,Mugdha Dhaliwal,26,Male,Chennai,Student,Student,2026-05-11,Free,Google
C004032,Laban Prasad,52,Female,Bangalore,Working Professional,Accountant,2025-03-06,Premium,Google
C004033,Ishwar Parekh,20,Female,Hyderabad,Student,Student,2026-03-05,Premium,Instagram
C004034,Wishi Lall,23,Female,Bangalore,Student,Student,2025-03-01,Free,Referral
C004035,Yoshita Walia,60,Female,Bangalore,Working Professional,Software Engineer,2025-11-23,Free,Instagram
C004036,Yashica Sankar,33,Male,Hyderabad,Working Professional,Software Engineer,2025-08-23,Free,Google
C004037,Naveen Sangha,24,Female,Hyderabad,Working Professional,Teacher,2025-10-16,Premium,YouTube
C004038,Madhavi Varughese,39,Male,Coimbatore,Family,Teacher,2026-05-28,Premium,Campus Campaign
C004039,Saksham Khare,50,Male,Bangalore,Family,Homemaker,2025-06-01,Premium,YouTube
C004040,Janya Sahni,28,Female,Hyderabad,Family,Business Owner,2025-01-06,Premium,Instagram
C004041,Viraj Setty,45,Female,Chennai,Family,Homemaker,2026-04-12,Premium,Campus Campaign
C004042,Balhaar Bahri,23,Male,Hyderabad,Student,Student,2024-07-21,Free,YouTube
C004043,Om Chandran,23,Male,Chennai,Working Professional,Teacher,2025-09-26,Free,Campus Campaign
C004044,Lucky Kalla,56,Male,Hyderabad,Student,Student,2025-09-07,Premium,Google
C004045,Hredhaan Narayan,40,Male,Hyderabad,Student,Student,2024-08-19,Free,Instagram
C004046,Avi Bhavsar,33,Male,Hyderabad,Family,Homemaker,2025-05-04,Free,Referral
C004047,Maanas Bhatia,52,Female,Bangalore,Family,Business Owner,2025-11-24,Free,YouTube
C004048,Alexander Rao,34,Female,Vijayawada,Student,Student,2025-12-14,Premium,Instagram
C004049,Ekantika Din,20,Male,Hyderabad,Student,Student,2025-09-07,Free,Referral
C004050,Joshua Choudhry,46,Female,Vijayawada,Family,Teacher,2026-03-01,Premium,Referral
C004051,Peter Sule,41,Female,Chennai,Working Professional,Business Owner,2024-06-18,Free,Instagram
C004052,Eshana Amble,52,Female,Bangalore,Student,Student,2026-02-19,Premium,Instagram
C004053,Kevin Divan,20,Male,Chennai,Family,Teacher,2024-07-28,Premium,Campus Campaign
C004054,Bhavini Cheema,46,Female,Coimbatore,Family,Teacher,2025-03-13,Premium,Campus Campaign
C004055,Hema Sarraf,53,Male,Bangalore,Family,Homemaker,2025-04-11,Free,YouTube
C004056,Pratyush Mahal,49,Male,Bangalore,Family,Homemaker,2024-10-18,Premium,Instagram
C004057,Anita Suresh,60,Female,Chennai,Working Professional,Accountant,2025-05-10,Free,Referral
C004058,Ekalinga Kota,40,Male,Vijayawada,Working Professional,Teacher,2025-09-30,Premium,Instagram
C004059,Laksh Bhagat,33,Female,Coimbatore,Family,Business Owner,2026-04-04,Free,Referral
C004060,Farhan Sen,45,Male,Bangalore,Student,Student,2025-02-20,Premium,Google
C004061,Krishna Mitter,60,Male,Chennai,Family,Business Owner,2024-11-18,Free,Instagram
C004062,Megha Patel,50,Female,Vijayawada,Student,Student,2025-09-07,Free,YouTube
C004063,Siddharth Agarwal,28,Female,Coimbatore,Working Professional,Software Engineer,2024-12-03,Premium,Instagram
C004064,Yashodhara Minhas,31,Female,Chennai,Working Professional,Business Owner,2025-01-21,Premium,Referral
C004065,Damyanti Kari,43,Male,Bangalore,Student,Student,2025-03-21,Free,YouTube
C004066,Max Chand,58,Male,Hyderabad,Working Professional,Designer,2025-09-14,Premium,Referral
C004067,Meera Desai,46,Female,Bangalore,Family,Teacher,2024-06-26,Free,Instagram
C004068,Omkaar Sarkar,30,Male,Chennai,Working Professional,Doctor,2025-02-02,Premium,Google
C004069,Saumya Hans,27,Male,Chennai,Student,Student,2024-12-21,Free,YouTube
C004070,Anusha Sahni,51,Male,Hyderabad,Family,Business Owner,2025-09-18,Free,Referral
C004071,Keya Tiwari,18,Female,Hyderabad,Working Professional,Teacher,2025-05-04,Premium,YouTube
C004072,Neha Sani,42,Male,Hyderabad,Working Professional,Business Owner,2025-09-04,Premium,YouTube
C004073,Jeet Lanka,49,Female,Hyderabad,Student,Student,2025-02-10,Free,Referral
C004074,Tanish Boase,38,Female,Bangalore,Student,Student,2025-04-10,Free,YouTube
C004075,Karan Malhotra,28,Female,Hyderabad,Working Professional,Doctor,2025-08-31,Free,Referral
C004076,Wridesh Karpe,23,Female,Coimbatore,Student,Student,2026-06-13,Free,Instagram
C004077,Ojasvi Ramaswamy,20,Male,Coimbatore,Working Professional,Accountant,2025-02-01,Premium,Instagram
C004078,Rudra Panchal,44,Female,Chennai,Working Professional,Doctor,2026-06-11,Free,Campus Campaign
C004079,Krishna Merchant,59,Male,Vijayawada,Family,Teacher,2025-08-04,Free,Campus Campaign
C004080,Azad Narayan,26,Male,Coimbatore,Working Professional,Designer,2025-06-14,Free,Referral
C004081,Banjeet Joshi,47,Male,Bangalore,Working Professional,Teacher,2026-03-09,Premium,YouTube
C004082,Frederick Pathak,53,Female,Bangalore,Student,Student,2025-06-21,Free,Google
C004083,Yasti Mani,22,Female,Vijayawada,Working Professional,Business Owner,2025-11-03,Free,Campus Campaign
C004084,Lajita Pillai,51,Female,Chennai,Working Professional,Teacher,2024-10-17,Free,YouTube
C004085,Oliver D’Alia,20,Female,Hyderabad,Family,Homemaker,2026-04-09,Free,Instagram
C004086,Reyansh Sama,35,Female,Coimbatore,Family,Teacher,2024-11-14,Free,Referral
C004087,Kai Apte,57,Female,Coimbatore,Family,Business Owner,2024-07-09,Free,Campus Campaign
C004088,Edhitha Tiwari,54,Female,Bangalore,Working Professional,Accountant,2025-12-05,Free,Referral
C004089,Zashil Bajaj,53,Female,Hyderabad,Family,Business Owner,2025-04-06,Premium,YouTube
C004090,Ojas Dasgupta,25,Male,Vijayawada,Student,Student,2025-04-26,Premium,Google
C004091,Zaitra Dave,45,Male,Bangalore,Family,Teacher,2025-08-01,Premium,YouTube
C004092,Vrishti Kibe,18,Male,Coimbatore,Family,Business Owner,2025-02-06,Free,Google
C004093,Hiral Nazareth,27,Female,Hyderabad,Working Professional,Business Owner,2026-03-28,Free,Instagram
C004094,Ishanvi Tata,33,Female,Hyderabad,Family,Homemaker,2026-04-19,Free,Instagram
C004095,Vincent Dutta,49,Male,Bangalore,Student,Student,2025-09-20,Free,Referral
C004096,Rushil Bobal,26,Male,Coimbatore,Student,Student,2025-07-29,Premium,Campus Campaign
C004097,Dev Singh,51,Female,Vijayawada,Student,Student,2024-07-19,Free,Referral
C004098,Unnati Jha,48,Female,Chennai,Student,Student,2025-08-29,Free,Google
C004099,Fariq Kurian,32,Male,Hyderabad,Student,Student,2025-09-18,Premium,Referral
C004100,Damini Taneja,42,Female,Chennai,Working Professional,Software Engineer,2024-08-12,Premium,Campus Campaign
C004101,Benjamin Kar,35,Female,Chennai,Working Professional,Business Owner,2025-07-08,Premium,Instagram
C004102,Wishi Pillai,33,Female,Coimbatore,Working Professional,Accountant,2025-10-06,Premium,YouTube
C004103,Baghyawati Vasa,51,Male,Hyderabad,Student,Student,2026-03-26,Free,YouTube
C004104,Abdul Rege,57,Male,Bangalore,Family,Business Owner,2025-04-19,Free,Campus Campaign
C004105,Kavya Suresh,36,Female,Coimbatore,Working Professional,Teacher,2025-06-21,Free,Google
C004106,Odika Lad,59,Male,Chennai,Student,Student,2025-08-08,Free,Referral
C004107,Jackson Tank,46,Female,Bangalore,Student,Student,2026-06-04,Premium,YouTube
C004108,Yatan Vala,50,Male,Coimbatore,Family,Business Owner,2024-07-19,Premium,Google
C004109,Madhav Palla,24,Female,Chennai,Family,Homemaker,2025-12-09,Premium,Campus Campaign
C004110,Aarna Dass,29,Female,Chennai,Family,Homemaker,2024-09-07,Premium,YouTube
C004111,Aarush Narang,23,Male,Chennai,Student,Student,2026-01-15,Premium,YouTube
C004112,Mugdha Shanker,52,Female,Bangalore,Family,Homemaker,2026-02-19,Free,Campus Campaign
C004113,Harish Singhal,19,Female,Chennai,Student,Student,2025-11-06,Free,Google
C004114,Charles Jain,38,Female,Chennai,Working Professional,Teacher,2025-03-15,Premium,YouTube
C004115,Onveer Kapur,59,Male,Hyderabad,Family,Business Owner,2024-12-06,Free,Instagram
C004116,Samuel Mitter,57,Female,Vijayawada,Family,Business Owner,2025-07-02,Free,YouTube
C004117,Adweta Bhalla,24,Male,Bangalore,Family,Teacher,2025-07-23,Premium,Instagram
C004118,Warhi Loyal,37,Female,Bangalore,Student,Student,2025-01-04,Premium,Campus Campaign
C004119,Warda Bora,21,Male,Hyderabad,Working Professional,Business Owner,2024-07-11,Free,Campus Campaign
C004120,Urishilla Chada,32,Female,Bangalore,Student,Student,2025-01-13,Premium,Instagram
C004121,Oliver Kuruvilla,30,Male,Bangalore,Working Professional,Software Engineer,2025-07-23,Premium,Google
C004122,Zilmil Kapadia,21,Female,Hyderabad,Student,Student,2026-05-03,Free,Google
C004123,Dalaja Raman,32,Male,Hyderabad,Working Professional,Accountant,2025-02-11,Premium,Instagram
C004124,Aayush Ganguly,19,Male,Chennai,Family,Teacher,2026-03-05,Premium,Campus Campaign
C004125,Vedhika Rau,23,Female,Chennai,Student,Student,2024-07-20,Premium,Campus Campaign
C004126,Mahika Thaman,57,Female,Chennai,Working Professional,Accountant,2025-11-15,Premium,Referral
C004127,Oscar Mane,27,Female,Bangalore,Student,Student,2026-04-10,Free,Instagram
C004128,Oscar Devi,26,Female,Bangalore,Family,Business Owner,2024-08-23,Free,Instagram
C004129,Tanay Shenoy,60,Male,Vijayawada,Working Professional,Software Engineer,2026-01-06,Free,YouTube
C004130,Pratyush Gole,42,Male,Bangalore,Student,Student,2025-10-13,Free,Campus Campaign
C004131,Theodore Pant,45,Male,Bangalore,Student,Student,2025-11-16,Premium,Campus Campaign
C004132,Neelima Sarraf,23,Male,Chennai,Working Professional,Designer,2025-01-14,Free,YouTube
C004133,Luke Mukhopadhyay,48,Female,Chennai,Family,Teacher,2025-03-17,Premium,Instagram
C004134,Urvi Zachariah,24,Female,Chennai,Working Professional,Software Engineer,2026-03-17,Free,Referral
C004135,Deepa Baria,59,Male,Coimbatore,Student,Student,2026-04-10,Free,Instagram
C004136,Pranav Dey,33,Female,Bangalore,Working Professional,Doctor,2025-09-15,Free,Referral
C004137,Christopher Char,34,Male,Bangalore,Family,Teacher,2024-08-27,Free,Google
C004138,Reyansh Kurian,40,Male,Chennai,Student,Student,2025-09-25,Free,Instagram
C004139,Watika Nanda,28,Female,Vijayawada,Family,Business Owner,2025-10-28,Premium,Instagram
C004140,Frederick Master,47,Female,Bangalore,Family,Homemaker,2025-08-11,Free,YouTube
C004141,Udant Chacko,41,Female,Chennai,Family,Homemaker,2025-06-02,Premium,Referral
C004142,Zayan Varughese,27,Female,Chennai,Working Professional,Designer,2024-07-28,Free,Referral
C004143,Meghana Dash,44,Female,Coimbatore,Family,Teacher,2026-02-09,Free,Referral
C004144,Chandran Sastry,58,Male,Hyderabad,Family,Homemaker,2026-03-31,Free,Google
C004145,Shivani Dalal,56,Female,Coimbatore,Student,Student,2026-06-06,Free,Google
C004146,Zarna Mangat,50,Female,Coimbatore,Family,Business Owner,2024-12-24,Free,Instagram
C004147,Oni Dhawan,53,Male,Vijayawada,Working Professional,Business Owner,2024-09-17,Premium,YouTube
C004148,Ekavir Vora,45,Male,Hyderabad,Family,Homemaker,2025-03-02,Free,Instagram
C004149,Aarav Rattan,54,Female,Hyderabad,Working Professional,Doctor,2025-09-21,Free,Campus Campaign
C004150,Priya Bir,47,Male,Coimbatore,Family,Homemaker,2026-02-22,Free,Referral
C004151,Udyati Raman,34,Male,Vijayawada,Student,Student,2024-08-16,Premium,Campus Campaign
C004152,Advay Kumer,40,Female,Coimbatore,Family,Teacher,2024-09-07,Premium,Campus Campaign
C004153,Jackson Mistry,33,Female,Hyderabad,Family,Homemaker,2026-03-09,Free,Referral
C004154,Benjamin Parikh,39,Male,Bangalore,Working Professional,Doctor,2025-04-08,Premium,Google
C004155,Ati Ratta,19,Male,Bangalore,Family,Homemaker,2025-01-19,Free,Instagram
C004156,Wridesh Sachdev,39,Female,Hyderabad,Family,Homemaker,2025-03-16,Premium,YouTube
C004157,Deepa Buch,60,Female,Bangalore,Working Professional,Teacher,2025-07-15,Free,Referral
C004158,Ekani Balasubramanian,55,Female,Chennai,Working Professional,Business Owner,2025-05-10,Free,YouTube
C004159,Nidra Dayal,20,Male,Bangalore,Working Professional,Accountant,2025-03-15,Free,Instagram
C004160,Upma Raj,29,Female,Coimbatore,Student,Student,2024-12-29,Premium,YouTube
C004161,Kashish Prabhakar,50,Female,Chennai,Student,Student,2025-09-10,Premium,Google
C004162,Balveer Kapur,59,Male,Bangalore,Student,Student,2025-07-08,Free,YouTube
C004163,Anay Kulkarni,37,Female,Hyderabad,Working Professional,Software Engineer,2024-11-12,Premium,Campus Campaign
C004164,Daniel Mander,47,Female,Bangalore,Working Professional,Teacher,2026-06-13,Premium,Referral
C004165,Dhriti Pradhan,59,Male,Chennai,Student,Student,2025-04-11,Premium,Referral
C004166,Bahadurjit Kapoor,51,Female,Hyderabad,Family,Teacher,2024-10-23,Premium,Google
C004167,Peter Panchal,60,Male,Chennai,Student,Student,2026-05-24,Free,YouTube
C004168,Rajeshri Gill,55,Female,Chennai,Student,Student,2026-02-08,Premium,Campus Campaign
C004169,Neha Mukhopadhyay,43,Male,Vijayawada,Family,Homemaker,2025-02-05,Free,YouTube
C004170,Oni Walia,20,Female,Coimbatore,Working Professional,Accountant,2025-10-03,Free,YouTube
C004171,Simon Parsa,47,Male,Chennai,Family,Teacher,2024-07-01,Premium,Referral
C004172,Aahana Chhabra,19,Male,Bangalore,Student,Student,2026-04-21,Free,YouTube
C004173,Yashica Agrawal,22,Male,Chennai,Family,Homemaker,2026-03-25,Free,Google
C004174,Anya Balasubramanian,42,Female,Vijayawada,Family,Teacher,2024-07-30,Premium,Referral
C004175,Aarna Bhagat,51,Male,Chennai,Student,Student,2025-07-30,Premium,Referral
C004176,Balendra Nayak,20,Male,Hyderabad,Family,Teacher,2026-03-28,Premium,Google
C004177,Aashi Radhakrishnan,27,Male,Bangalore,Working Professional,Doctor,2024-08-27,Premium,Google
C004178,Teerth Dalal,32,Male,Chennai,Student,Student,2026-02-19,Premium,Referral
C004179,Ronith Apte,44,Male,Bangalore,Student,Student,2024-10-04,Free,Google
C004180,Charan Manne,53,Female,Bangalore,Family,Homemaker,2024-10-15,Free,Referral
C004181,Chandani Subramaniam,31,Male,Vijayawada,Student,Student,2025-06-09,Premium,Campus Campaign
C004182,Madhav Ranganathan,37,Female,Bangalore,Student,Student,2025-09-11,Premium,Google
C004183,Sathvik Sen,46,Male,Coimbatore,Family,Teacher,2025-02-13,Premium,Instagram
C004184,Chavvi Puri,41,Male,Hyderabad,Family,Teacher,2024-07-01,Free,Instagram
C004185,Ansh Chhabra,31,Male,Bangalore,Family,Business Owner,2025-03-27,Free,Instagram
C004186,Oni Krishna,37,Male,Coimbatore,Working Professional,Teacher,2026-02-20,Premium,Instagram
C004187,Noah Date,36,Female,Coimbatore,Working Professional,Teacher,2024-10-17,Premium,Instagram
C004188,Lajita Hegde,45,Female,Bangalore,Family,Business Owner,2026-01-17,Free,Instagram
C004189,Peter Ahluwalia,45,Male,Chennai,Student,Student,2026-03-20,Premium,Campus Campaign
C004190,Anthony Shroff,59,Male,Hyderabad,Student,Student,2025-01-24,Free,Instagram
C004191,Champak Goel,31,Male,Chennai,Student,Student,2026-02-08,Premium,Campus Campaign
C004192,Bhavani Bath,27,Female,Hyderabad,Student,Student,2025-07-09,Premium,Referral
C004193,Ekaraj More,23,Female,Bangalore,Family,Homemaker,2025-11-24,Premium,YouTube
C004194,Widisha Joshi,47,Female,Chennai,Student,Student,2025-06-30,Premium,Google
C004195,Ayushman Rana,53,Male,Chennai,Working Professional,Designer,2025-07-09,Premium,Instagram
C004196,Aarini Barman,20,Male,Bangalore,Family,Teacher,2024-12-17,Premium,Instagram
C004197,Wahab Tella,40,Female,Bangalore,Working Professional,Software Engineer,2025-09-10,Free,Referral
C004198,Siya Raja,23,Female,Chennai,Student,Student,2025-01-03,Premium,Google
C004199,Thomas Devan,41,Female,Hyderabad,Student,Student,2025-07-12,Premium,Campus Campaign
C004200,Yamini Chauhan,51,Male,Chennai,Working Professional,Designer,2025-02-16,Premium,Campus Campaign
C004201,Gagan Bobal,40,Female,Bangalore,Student,Student,2024-12-13,Premium,Campus Campaign
C004202,Harinakshi Sama,34,Male,Chennai,Working Professional,Doctor,2026-02-23,Free,Google
C004203,Balhaar Ahluwalia,37,Male,Vijayawada,Working Professional,Doctor,2025-03-09,Free,Campus Campaign
C004204,Azaan Banik,37,Male,Bangalore,Working Professional,Designer,2025-12-27,Premium,Instagram
C004205,Dhriti Dubey,48,Female,Coimbatore,Family,Homemaker,2024-08-06,Free,Referral
C004206,Mitesh Varkey,53,Male,Chennai,Working Professional,Business Owner,2024-08-08,Premium,Google
C004207,Bishakha Sangha,49,Female,Coimbatore,Working Professional,Software Engineer,2025-05-07,Premium,YouTube
C004208,Frado Roy,44,Female,Chennai,Student,Student,2024-11-10,Free,Referral
C004209,Chatresh Kanda,25,Male,Hyderabad,Working Professional,Business Owner,2026-01-12,Premium,Campus Campaign
C004210,Isaiah Chad,45,Male,Bangalore,Working Professional,Business Owner,2025-01-22,Premium,Campus Campaign
C004211,Aadi Naik,24,Male,Chennai,Student,Student,2025-12-17,Premium,Referral
C004212,Gaurika Kumar,60,Male,Hyderabad,Working Professional,Doctor,2025-06-04,Premium,Instagram
C004213,Vrishti Chaudhary,54,Male,Bangalore,Student,Student,2024-10-16,Free,YouTube
C004214,Zayyan Wable,42,Female,Chennai,Student,Student,2025-10-19,Free,Instagram
C004215,Nimrat Buch,51,Male,Hyderabad,Student,Student,2025-05-17,Premium,Instagram
C004216,Akshay Handa,51,Male,Chennai,Family,Business Owner,2026-05-11,Free,Referral
C004217,Charvi Sabharwal,28,Female,Vijayawada,Family,Business Owner,2025-11-15,Premium,Referral
C004218,Sudiksha Kadakia,47,Male,Vijayawada,Student,Student,2024-09-08,Premium,Instagram
C004219,Harinakshi Prasad,20,Female,Hyderabad,Student,Student,2025-01-21,Premium,Google
C004220,Nitara Nadig,54,Female,Hyderabad,Family,Teacher,2026-05-22,Premium,Instagram
C004221,Wahab Zacharia,27,Female,Chennai,Working Professional,Business Owner,2026-04-09,Premium,Google
C004222,Indrajit Sachar,58,Female,Hyderabad,Student,Student,2025-02-18,Free,Campus Campaign
C004223,Balendra Keer,44,Female,Chennai,Working Professional,Business Owner,2024-12-25,Premium,Referral
C004224,Pavani Bhasin,25,Female,Chennai,Student,Student,2025-07-07,Premium,Google
C004225,Bimala Nath,24,Female,Vijayawada,Working Professional,Business Owner,2024-11-02,Free,Instagram
C004226,Krishna Patla,43,Male,Hyderabad,Student,Student,2025-04-14,Free,YouTube
C004227,Pahal Patla,24,Male,Chennai,Student,Student,2024-10-30,Free,YouTube
C004228,Yuvraj Wason,45,Female,Chennai,Family,Teacher,2026-03-09,Free,Google
C004229,Vyanjana Sibal,41,Male,Bangalore,Student,Student,2025-03-07,Premium,YouTube
C004230,Warda Thakur,23,Female,Coimbatore,Family,Homemaker,2025-03-31,Free,Referral
C004231,Simon Dara,21,Female,Hyderabad,Student,Student,2024-10-03,Free,Instagram
C004232,Owen Ratta,41,Male,Vijayawada,Working Professional,Teacher,2026-05-29,Free,Referral
C004233,Tanvi Magar,36,Female,Hyderabad,Student,Student,2026-05-31,Premium,Referral
C004234,Simon Keer,38,Female,Chennai,Working Professional,Accountant,2026-06-13,Premium,YouTube
C004235,Chanakya Amble,42,Female,Coimbatore,Student,Student,2025-11-01,Premium,YouTube
C004236,Eta Lata,25,Female,Chennai,Student,Student,2025-10-10,Free,Instagram
C004237,Vasudha Hora,19,Male,Coimbatore,Family,Homemaker,2025-03-17,Premium,Instagram
C004238,Ijaya Sehgal,33,Female,Chennai,Student,Student,2025-12-10,Free,Referral
C004239,Bina Zachariah,45,Male,Chennai,Working Professional,Designer,2026-01-30,Free,Campus Campaign
C004240,Xalak Mallick,54,Male,Coimbatore,Working Professional,Business Owner,2026-01-21,Premium,Instagram
C004241,Laksh Raja,58,Female,Bangalore,Student,Student,2024-09-09,Free,Instagram
C004242,Yuvraj Narang,24,Female,Bangalore,Working Professional,Teacher,2024-09-24,Premium,Referral
C004243,Ishita Baral,33,Male,Vijayawada,Family,Teacher,2025-04-12,Premium,Campus Campaign
C004244,Ekiya Bedi,51,Male,Vijayawada,Family,Teacher,2026-03-31,Free,Referral
C004245,Sarthak Raja,33,Male,Hyderabad,Working Professional,Doctor,2025-11-15,Premium,Google
C004246,Ojas Dora,53,Female,Hyderabad,Student,Student,2024-12-12,Free,Instagram
C004247,Faraj Divan,27,Female,Bangalore,Family,Teacher,2025-11-22,Premium,Campus Campaign
C004248,Kashvi Jhaveri,29,Female,Hyderabad,Student,Student,2025-05-25,Free,Google
C004249,Chatresh Bajaj,53,Female,Chennai,Student,Student,2025-05-11,Free,Referral
C004250,Guneet Ghose,54,Male,Chennai,Family,Teacher,2024-10-28,Free,Google
C004251,Kai Baral,56,Female,Chennai,Family,Homemaker,2025-01-16,Free,Referral
C004252,Naveen Kala,23,Male,Vijayawada,Family,Business Owner,2025-07-20,Premium,Referral
C004253,Azaan Thaker,45,Female,Bangalore,Family,Homemaker,2024-12-16,Premium,Referral
C004254,Tarak Butala,57,Female,Chennai,Student,Student,2025-01-27,Premium,Campus Campaign
C004255,Rachana Sheth,58,Female,Coimbatore,Working Professional,Designer,2026-05-18,Free,Campus Campaign
C004256,Ubika Dewan,25,Male,Chennai,Family,Business Owner,2025-11-25,Free,Instagram
C004257,Joshua Sabharwal,36,Male,Chennai,Student,Student,2026-01-17,Free,Campus Campaign
C004258,Ekani Mitra,52,Male,Chennai,Family,Business Owner,2026-03-12,Premium,Campus Campaign
C004259,Girish Ray,36,Female,Coimbatore,Student,Student,2026-05-05,Premium,Referral
C004260,Adweta Palla,31,Male,Bangalore,Working Professional,Doctor,2025-08-30,Premium,Google
C004261,Chatura Randhawa,27,Male,Bangalore,Student,Student,2026-05-02,Free,YouTube
C004262,Ekantika Lata,28,Female,Coimbatore,Family,Business Owner,2024-08-12,Free,Campus Campaign
C004263,Jhalak Magar,26,Female,Coimbatore,Working Professional,Teacher,2025-03-16,Free,Google
C004264,Balhaar Chakraborty,54,Female,Hyderabad,Working Professional,Business Owner,2026-03-01,Free,Campus Campaign
C004265,Imaran Prabhakar,51,Male,Bangalore,Working Professional,Business Owner,2024-08-29,Premium,Referral
C004266,Kashish Padmanabhan,29,Male,Coimbatore,Working Professional,Accountant,2025-12-29,Free,YouTube
C004267,Odika Seshadri,60,Male,Hyderabad,Working Professional,Designer,2026-05-25,Free,Campus Campaign
C004268,Madhavi Gade,50,Male,Hyderabad,Family,Teacher,2026-04-16,Free,Campus Campaign
C004269,Charita Dhar,26,Male,Chennai,Family,Business Owner,2025-04-03,Free,Campus Campaign
C004270,Vincent Menon,51,Female,Bangalore,Family,Business Owner,2025-03-04,Free,Instagram
C004271,Chameli Jha,19,Female,Hyderabad,Student,Student,2025-01-14,Free,YouTube
C004272,Ekaraj Bala,39,Male,Chennai,Working Professional,Software Engineer,2025-12-12,Free,YouTube
C004273,Anya Mani,27,Male,Chennai,Family,Homemaker,2026-03-08,Free,Instagram
C004274,Janani Gandhi,20,Male,Vijayawada,Family,Business Owner,2025-01-25,Free,YouTube
C004275,Wazir Prakash,30,Female,Hyderabad,Working Professional,Software Engineer,2025-03-24,Free,Referral
C004276,Ekalinga Ramesh,28,Female,Hyderabad,Working Professional,Accountant,2025-04-14,Premium,Instagram
C004277,Noah Bhagat,52,Female,Coimbatore,Family,Teacher,2025-11-06,Premium,Referral
C004278,Sachi Parmer,36,Female,Bangalore,Working Professional,Designer,2025-07-15,Premium,YouTube
C004279,Rayaan Tiwari,37,Male,Hyderabad,Family,Business Owner,2026-02-07,Free,Instagram
C004280,Alka Sagar,26,Female,Chennai,Family,Homemaker,2025-11-10,Premium,Referral
C004281,Waida Prabhakar,44,Female,Chennai,Student,Student,2026-02-11,Free,Referral
C004282,Qushi Balakrishnan,39,Male,Vijayawada,Student,Student,2025-05-27,Premium,Campus Campaign
C004283,Hemal Khalsa,22,Male,Bangalore,Student,Student,2024-12-08,Free,Instagram
C004284,Hemani Dua,42,Female,Chennai,Student,Student,2025-10-28,Free,Referral
C004285,Lakshit Kari,44,Female,Chennai,Student,Student,2024-11-09,Free,YouTube
C004286,Ojas Dhingra,21,Female,Chennai,Student,Student,2024-06-25,Free,Campus Campaign
C004287,Bakhshi Cheema,54,Male,Vijayawada,Working Professional,Software Engineer,2025-10-28,Premium,Google
C004288,Meghana Anne,45,Male,Coimbatore,Family,Homemaker,2025-02-07,Premium,Instagram
C004289,Reva Naik,43,Male,Hyderabad,Student,Student,2024-07-23,Premium,Google
C004290,Raksha Ratta,39,Female,Chennai,Family,Homemaker,2024-12-28,Free,Referral
C004291,Chanakya Loke,42,Female,Chennai,Working Professional,Teacher,2026-01-13,Free,Referral
C004292,Hredhaan Hayre,21,Male,Chennai,Family,Business Owner,2025-07-30,Premium,Instagram
C004293,Jagat Kumar,46,Male,Vijayawada,Student,Student,2025-04-01,Free,Campus Campaign
C004294,Jason Rao,56,Female,Hyderabad,Student,Student,2024-10-17,Free,Instagram
C004295,Ishaan Ramachandran,27,Male,Chennai,Student,Student,2025-01-07,Free,Instagram
C004296,Indrajit Mistry,19,Female,Vijayawada,Student,Student,2024-10-23,Free,Campus Campaign
C004297,Thomas Bera,51,Male,Coimbatore,Family,Homemaker,2026-01-04,Premium,Campus Campaign
C004298,Ekapad Dada,22,Female,Bangalore,Working Professional,Designer,2026-04-28,Premium,YouTube
C004299,Onkar Dara,57,Male,Coimbatore,Student,Student,2025-12-25,Premium,Referral
C004300,Daksha Iyer,51,Male,Chennai,Family,Business Owner,2025-11-08,Free,Google
C004301,Edhitha Hari,53,Male,Chennai,Working Professional,Business Owner,2026-04-13,Free,Google
C004302,Matthew Nayak,60,Male,Bangalore,Student,Student,2025-01-23,Free,Google
C004303,Tanmayi Muni,20,Male,Vijayawada,Family,Homemaker,2026-02-10,Premium,Campus Campaign
C004304,Rudra Das,34,Male,Chennai,Family,Teacher,2024-10-05,Free,Google
C004305,Pranit Rout,33,Male,Hyderabad,Family,Business Owner,2025-06-24,Free,Campus Campaign
C004306,Divya Sura,53,Female,Chennai,Student,Student,2026-04-01,Free,Instagram
C004307,Devansh Dayal,48,Male,Chennai,Working Professional,Business Owner,2024-09-10,Free,YouTube
C004308,Januja Krishna,44,Female,Hyderabad,Student,Student,2024-06-27,Premium,Google
C004309,Ojas Chad,28,Male,Chennai,Working Professional,Business Owner,2025-07-11,Free,Referral
C004310,Nathaniel Walla,32,Male,Hyderabad,Family,Business Owner,2025-09-03,Premium,Instagram
C004311,Garima Reddy,30,Female,Vijayawada,Family,Teacher,2026-04-03,Premium,Instagram
C004312,Yashasvi Sethi,21,Male,Bangalore,Working Professional,Designer,2024-10-02,Premium,Instagram
C004313,Chakradev Nagy,19,Male,Chennai,Student,Student,2024-08-05,Premium,Google
C004314,Ria Grewal,56,Female,Bangalore,Working Professional,Teacher,2025-05-17,Premium,Campus Campaign
C004315,Kavya Gulati,53,Male,Bangalore,Student,Student,2024-09-25,Free,Referral
C004316,Qasim Reddy,52,Female,Chennai,Student,Student,2025-08-30,Free,YouTube
C004317,Hiral Parsa,44,Male,Coimbatore,Student,Student,2025-08-20,Premium,YouTube
C004318,Vansha Mistry,34,Male,Chennai,Family,Teacher,2026-06-02,Free,Referral
C004319,Bhanumati Thakkar,45,Female,Bangalore,Student,Student,2024-12-07,Free,YouTube
C004320,Arya Gola,42,Female,Hyderabad,Student,Student,2026-05-22,Free,Campus Campaign
C004321,Eta Mander,56,Female,Hyderabad,Family,Homemaker,2024-10-21,Free,Campus Campaign
C004322,Nandini Choudhary,37,Female,Hyderabad,Family,Homemaker,2024-07-05,Free,Instagram
C004323,Tarak Nadkarni,32,Male,Coimbatore,Working Professional,Teacher,2025-09-25,Free,YouTube
C004324,Ekansh Bhandari,45,Female,Coimbatore,Working Professional,Business Owner,2024-09-16,Free,Instagram
C004325,Abhimanyu Narasimhan,29,Male,Hyderabad,Working Professional,Designer,2025-03-19,Premium,YouTube
C004326,Andrew Chada,43,Female,Coimbatore,Family,Teacher,2025-11-27,Free,Campus Campaign
C004327,Jairaj Madan,56,Male,Vijayawada,Family,Teacher,2025-12-25,Free,YouTube
C004328,Tripti Mohanty,37,Female,Hyderabad,Student,Student,2026-03-17,Premium,YouTube
C004329,Christopher Radhakrishnan,29,Female,Hyderabad,Family,Teacher,2024-09-25,Free,YouTube
C004330,Shivani Nagar,34,Male,Chennai,Working Professional,Business Owner,2024-10-31,Free,Instagram
C004331,Elijah Mital,49,Female,Chennai,Family,Homemaker,2026-06-01,Free,Google
C004332,Wahab Ramanathan,31,Female,Coimbatore,Working Professional,Business Owner,2025-09-30,Free,Referral
C004333,Ayush Kohli,44,Female,Chennai,Working Professional,Software Engineer,2025-07-17,Free,Referral
C004334,Farhan Bedi,40,Male,Bangalore,Family,Teacher,2026-06-13,Premium,YouTube
C004335,Benjamin Kade,57,Female,Chennai,Family,Teacher,2026-05-28,Premium,Referral
C004336,Ekansh Loyal,48,Male,Coimbatore,Family,Business Owner,2025-05-25,Premium,Instagram
C004337,Farhan Grover,56,Female,Hyderabad,Student,Student,2026-04-08,Free,Google
C004338,Frado Sabharwal,44,Female,Bangalore,Family,Business Owner,2025-01-25,Premium,YouTube
C004339,Chaaya Mann,56,Female,Coimbatore,Working Professional,Teacher,2025-01-23,Free,Referral
C004340,Chakradhar Lata,52,Male,Hyderabad,Working Professional,Designer,2024-09-16,Free,YouTube
C004341,Ekantika Rattan,24,Male,Bangalore,Family,Teacher,2024-09-22,Premium,Google
C004342,Gabriel Vasa,25,Female,Hyderabad,Family,Teacher,2024-08-21,Free,Campus Campaign
C004343,Nathaniel De,33,Male,Coimbatore,Family,Homemaker,2024-06-20,Premium,YouTube
C004344,Pooja Brahmbhatt,59,Female,Chennai,Family,Teacher,2026-05-17,Free,YouTube
C004345,Devansh Dixit,51,Male,Chennai,Working Professional,Doctor,2025-07-31,Premium,YouTube
C004346,Indali Bhatnagar,51,Male,Hyderabad,Working Professional,Designer,2025-03-26,Premium,YouTube
C004347,Meera Bhardwaj,36,Female,Bangalore,Family,Business Owner,2024-10-01,Premium,Campus Campaign
C004348,Harita Devan,23,Female,Chennai,Working Professional,Software Engineer,2025-03-19,Free,Google
C004349,Nitesh Jha,36,Female,Bangalore,Student,Student,2025-12-20,Premium,Instagram
C004350,Ojasvi Shukla,50,Male,Hyderabad,Student,Student,2025-07-17,Premium,Campus Campaign
C004351,Girindra Ganesh,41,Male,Hyderabad,Family,Homemaker,2025-12-22,Premium,YouTube
C004352,Idika Nagi,35,Female,Hyderabad,Working Professional,Software Engineer,2025-11-06,Free,Campus Campaign
C004353,Prisha Ramachandran,35,Male,Bangalore,Student,Student,2025-05-03,Premium,Instagram
C004354,Bina Ganesh,31,Female,Bangalore,Student,Student,2025-09-23,Free,Instagram
C004355,Gauri Thaman,39,Male,Coimbatore,Working Professional,Designer,2026-01-25,Premium,Instagram
C004356,Bhavika Apte,28,Male,Bangalore,Student,Student,2025-02-10,Premium,Instagram
C004357,Jai Krishna,48,Male,Vijayawada,Family,Business Owner,2026-02-21,Premium,YouTube
C004358,Aayush Lala,32,Male,Chennai,Family,Homemaker,2024-11-09,Premium,Referral
C004359,Ekantika Bora,32,Female,Chennai,Working Professional,Software Engineer,2025-04-05,Premium,YouTube
C004360,Lucky Sharaf,20,Male,Vijayawada,Working Professional,Designer,2025-08-20,Premium,Google
C004361,Ucchal Shetty,23,Female,Coimbatore,Family,Teacher,2025-08-05,Free,YouTube
C004362,Arin Thaman,27,Male,Hyderabad,Family,Business Owner,2025-01-01,Premium,Instagram
C004363,Aahana Varghese,21,Male,Hyderabad,Working Professional,Teacher,2026-01-14,Premium,Referral
C004364,Gunbir Bajwa,44,Female,Chennai,Student,Student,2024-09-23,Free,Campus Campaign
C004365,Shravya Suresh,58,Female,Hyderabad,Family,Business Owner,2024-10-23,Free,Campus Campaign
C004366,Viraj Garde,40,Female,Bangalore,Student,Student,2025-02-11,Premium,Referral
C004367,Vasatika Sharaf,58,Female,Bangalore,Working Professional,Accountant,2024-11-10,Premium,Referral
C004368,Yoshita Kapoor,59,Female,Vijayawada,Working Professional,Doctor,2024-12-28,Premium,Campus Campaign
C004369,Aarav Varughese,38,Female,Coimbatore,Working Professional,Business Owner,2025-10-04,Premium,Instagram
C004370,Aahana Ghose,53,Female,Chennai,Student,Student,2024-08-24,Free,Referral
C004371,Damyanti Goda,55,Male,Chennai,Family,Homemaker,2024-10-24,Premium,YouTube
C004372,Christopher Krishnamurthy,53,Female,Chennai,Family,Teacher,2026-06-14,Free,Campus Campaign
C004373,Yochana Tak,38,Male,Hyderabad,Family,Teacher,2025-05-31,Free,Campus Campaign
C004374,Shivani Dave,43,Female,Hyderabad,Family,Business Owner,2026-04-10,Premium,Campus Campaign
C004375,Anirudh Choudhry,24,Male,Chennai,Family,Business Owner,2025-12-03,Free,Instagram
C004376,Qarin Oak,46,Female,Hyderabad,Working Professional,Software Engineer,2025-03-23,Free,Campus Campaign
C004377,Tanish Magar,59,Female,Hyderabad,Working Professional,Teacher,2025-10-09,Free,Campus Campaign
C004378,Amaira Lad,49,Female,Hyderabad,Working Professional,Doctor,2025-01-13,Free,Instagram
C004379,Kamala Magar,48,Female,Chennai,Student,Student,2024-12-13,Premium,Campus Campaign
C004380,Panini Setty,30,Female,Vijayawada,Family,Teacher,2025-12-31,Premium,YouTube
C004381,Vamakshi Sheth,36,Male,Coimbatore,Family,Business Owner,2026-02-14,Premium,YouTube
C004382,Ijaya Natt,50,Male,Bangalore,Family,Homemaker,2024-08-26,Free,Referral
C004383,Prisha Bhalla,28,Male,Chennai,Student,Student,2024-09-16,Free,Referral
C004384,Rudra Manda,41,Female,Hyderabad,Working Professional,Accountant,2025-02-22,Free,Instagram
C004385,Manbir Vala,32,Male,Hyderabad,Student,Student,2024-10-01,Premium,Instagram
C004386,Riya Minhas,39,Female,Hyderabad,Working Professional,Designer,2026-03-26,Premium,Google
C004387,Kabir Sankaran,23,Female,Chennai,Family,Teacher,2025-05-16,Free,YouTube
C004388,Bishakha Sundaram,59,Male,Chennai,Student,Student,2024-08-09,Premium,Google
C004389,Samar Toor,43,Female,Bangalore,Student,Student,2025-07-26,Free,Referral
C004390,Michael Lall,29,Male,Chennai,Student,Student,2025-02-10,Free,YouTube
C004391,Bhavika Srinivasan,44,Female,Bangalore,Family,Homemaker,2026-01-12,Premium,Referral
C004392,Gaurika Ram,57,Female,Hyderabad,Student,Student,2024-11-12,Premium,Referral
C004393,Divya Master,39,Female,Coimbatore,Working Professional,Accountant,2025-01-08,Premium,Google
C004394,Tejas Mohan,47,Male,Coimbatore,Student,Student,2026-01-27,Premium,YouTube
C004395,Utkarsh Kapoor,23,Female,Bangalore,Family,Business Owner,2024-07-14,Free,YouTube
C004396,Rohan Vaidya,60,Female,Chennai,Working Professional,Teacher,2024-11-14,Free,YouTube
C004397,Jagrati Konda,33,Female,Bangalore,Student,Student,2026-05-21,Premium,Campus Campaign
C004398,Mason Bhat,51,Female,Chennai,Student,Student,2026-05-11,Free,YouTube
C004399,Jagdish Gokhale,57,Female,Chennai,Student,Student,2024-10-29,Premium,Campus Campaign
C004400,Charvi Koshy,29,Female,Bangalore,Student,Student,2025-12-27,Free,Referral
C004401,Avni Sodhi,58,Female,Bangalore,Family,Business Owner,2025-06-02,Free,Google
C004402,Anmol Ahuja,37,Female,Hyderabad,Family,Homemaker,2025-10-07,Premium,Referral
C004403,Nidhi Karpe,41,Male,Chennai,Family,Homemaker,2024-08-30,Premium,Instagram
C004404,Balendra Yogi,51,Female,Hyderabad,Student,Student,2024-10-28,Free,YouTube
C004405,Devansh Muni,60,Female,Bangalore,Working Professional,Teacher,2025-02-24,Premium,Referral
C004406,Krisha Mandal,36,Female,Chennai,Working Professional,Designer,2024-11-22,Premium,Google
C004407,Lakshmi Padmanabhan,40,Male,Chennai,Student,Student,2025-10-17,Premium,Referral
C004408,Amaira Karnik,39,Female,Chennai,Student,Student,2025-10-18,Free,Google
C004409,Nitesh Rege,29,Female,Chennai,Family,Business Owner,2025-02-19,Free,Google
C004410,Rushil Mohanty,35,Male,Chennai,Working Professional,Doctor,2025-04-17,Premium,YouTube
C004411,Vrinda Sampath,54,Male,Coimbatore,Family,Homemaker,2025-09-04,Free,Instagram
C004412,Imaran Thaker,39,Male,Chennai,Working Professional,Doctor,2024-09-15,Free,Google
C004413,Tanvi Purohit,38,Female,Chennai,Student,Student,2024-10-02,Premium,Referral
C004414,Atharv Samra,53,Female,Hyderabad,Student,Student,2026-06-03,Premium,Instagram
C004415,Vidhi Babu,60,Female,Hyderabad,Working Professional,Business Owner,2025-10-11,Premium,Google
C004416,Omkaar Pant,46,Female,Hyderabad,Working Professional,Business Owner,2025-09-04,Premium,Campus Campaign
C004417,Harinakshi Magar,33,Female,Bangalore,Family,Teacher,2025-11-14,Premium,Campus Campaign
C004418,Akshay Tiwari,57,Female,Chennai,Student,Student,2025-12-20,Free,Referral
C004419,Gopal Arora,25,Male,Hyderabad,Family,Teacher,2025-04-05,Premium,Instagram
C004420,Patrick Ranganathan,26,Female,Vijayawada,Family,Teacher,2025-03-06,Premium,Instagram
C004421,Chaaya Padmanabhan,32,Male,Vijayawada,Student,Student,2025-06-11,Premium,Campus Campaign
C004422,Jatin Swaminathan,20,Female,Coimbatore,Student,Student,2026-06-04,Premium,Google
C004423,Ekbal Gokhale,23,Male,Bangalore,Working Professional,Teacher,2026-05-22,Premium,YouTube
C004424,Mitesh Tata,41,Male,Coimbatore,Working Professional,Business Owner,2026-02-09,Premium,Google
C004425,Odika Mallick,25,Male,Bangalore,Working Professional,Designer,2025-07-03,Free,Instagram
C004426,Owen Pingle,25,Female,Chennai,Family,Business Owner,2025-10-14,Free,YouTube
C004427,Anya Kalita,49,Female,Chennai,Family,Homemaker,2025-05-12,Premium,YouTube
C004428,Geetika Banerjee,26,Female,Hyderabad,Family,Teacher,2024-06-25,Free,Google
C004429,Frado Parekh,60,Male,Chennai,Working Professional,Teacher,2025-04-03,Free,Referral
C004430,Ira Vora,47,Male,Bangalore,Family,Teacher,2025-01-17,Free,YouTube
C004431,Harinakshi Natarajan,60,Male,Hyderabad,Working Professional,Software Engineer,2025-05-29,Free,Campus Campaign
C004432,Lajita Padmanabhan,24,Female,Bangalore,Family,Business Owner,2025-06-01,Premium,YouTube
C004433,Varsha Subramanian,40,Female,Coimbatore,Student,Student,2026-01-21,Free,YouTube
C004434,Thomas Master,20,Female,Coimbatore,Family,Business Owner,2025-06-07,Free,Campus Campaign
C004435,Oeshi Cheema,48,Female,Hyderabad,Family,Business Owner,2025-05-18,Free,YouTube
C004436,Niharika Anne,29,Male,Hyderabad,Family,Business Owner,2025-05-02,Premium,Instagram
C004437,Kabir Mangal,24,Male,Hyderabad,Family,Business Owner,2024-08-18,Premium,Referral
C004438,Bimala Talwar,60,Female,Vijayawada,Family,Teacher,2025-04-27,Free,Referral
C004439,Alka Mani,60,Male,Chennai,Student,Student,2026-05-08,Premium,YouTube
C004440,Ishita Som,50,Female,Vijayawada,Family,Homemaker,2026-01-26,Premium,Referral
C004441,Hardik Chander,51,Female,Chennai,Student,Student,2024-07-05,Free,Campus Campaign
C004442,Qadim Kannan,60,Female,Vijayawada,Working Professional,Software Engineer,2025-12-31,Free,YouTube
C004443,Upadhriti Naik,26,Female,Hyderabad,Family,Teacher,2026-01-12,Free,Google
C004444,Azaan Din,51,Female,Vijayawada,Family,Business Owner,2025-12-09,Free,Google
C004445,Guneet Din,58,Male,Chennai,Student,Student,2025-09-24,Free,Instagram
C004446,Ekansh Chander,27,Male,Chennai,Working Professional,Business Owner,2024-12-07,Free,Google
C004447,Arin Sidhu,36,Male,Vijayawada,Working Professional,Doctor,2025-07-20,Premium,Instagram
C004448,Tejas Nanda,48,Female,Vijayawada,Family,Business Owner,2024-12-06,Premium,Campus Campaign
C004449,Ronith Mammen,34,Female,Vijayawada,Working Professional,Teacher,2025-04-29,Free,Campus Campaign
C004450,Eiravati Panchal,50,Female,Hyderabad,Student,Student,2025-06-07,Premium,Instagram
C004451,Zehaan Nadkarni,28,Male,Vijayawada,Working Professional,Designer,2025-07-29,Premium,Google
C004452,Zehaan Halder,30,Male,Bangalore,Student,Student,2024-07-10,Free,Campus Campaign
C004453,Chatresh Bhardwaj,54,Male,Hyderabad,Working Professional,Designer,2024-10-01,Free,YouTube
C004454,Varsha Biswas,34,Female,Bangalore,Family,Homemaker,2025-09-30,Free,YouTube
C004455,William Sundaram,32,Female,Chennai,Family,Teacher,2025-09-23,Free,Campus Campaign
C004456,Lopa Divan,54,Female,Vijayawada,Family,Homemaker,2024-08-15,Free,YouTube
C004457,Saksham Sethi,25,Female,Hyderabad,Working Professional,Doctor,2026-04-13,Premium,Referral
C004458,Aadhya Pant,56,Female,Chennai,Student,Student,2025-12-26,Free,YouTube
C004459,Ekantika Brahmbhatt,25,Male,Bangalore,Family,Business Owner,2025-02-28,Free,Instagram
C004460,Timothy Sundaram,42,Female,Vijayawada,Family,Business Owner,2026-03-06,Free,YouTube
C004461,Ekiya Krish,51,Male,Vijayawada,Student,Student,2025-02-26,Free,Instagram
C004462,Aarini Kale,29,Female,Chennai,Student,Student,2025-08-06,Premium,Instagram
C004463,Dalaja Mandal,29,Male,Chennai,Student,Student,2024-08-09,Premium,Referral
C004464,Zayyan Bahri,23,Male,Vijayawada,Family,Teacher,2024-08-31,Free,Campus Campaign
C004465,Atharv Lala,37,Female,Coimbatore,Family,Business Owner,2025-03-16,Free,Campus Campaign
C004466,Kamya Shah,44,Female,Hyderabad,Family,Business Owner,2025-09-13,Free,Referral
C004467,Samesh Randhawa,38,Female,Bangalore,Family,Business Owner,2026-03-21,Free,YouTube
C004468,Urmi Dugar,27,Female,Chennai,Student,Student,2026-03-21,Premium,Referral
C004469,Isaiah Wali,51,Male,Chennai,Family,Business Owner,2025-11-20,Premium,Instagram
C004470,Nakul Goyal,60,Male,Chennai,Working Professional,Accountant,2026-04-04,Premium,Campus Campaign
C004471,Eta Sama,39,Female,Bangalore,Family,Business Owner,2024-08-23,Free,Campus Campaign
C004472,Upma Kaur,39,Female,Hyderabad,Student,Student,2025-07-25,Premium,Campus Campaign
C004473,Bina Mohanty,31,Male,Coimbatore,Working Professional,Designer,2025-07-14,Free,YouTube
C004474,Saanvi Shah,53,Male,Hyderabad,Family,Homemaker,2025-05-31,Free,Instagram
C004475,Samesh Aurora,25,Male,Chennai,Student,Student,2026-04-01,Premium,YouTube
C004476,Raghav Chawla,41,Male,Chennai,Working Professional,Business Owner,2025-04-06,Premium,YouTube
C004477,Dhriti Radhakrishnan,32,Female,Coimbatore,Working Professional,Teacher,2026-03-16,Premium,YouTube
C004478,Siddharth Ramesh,41,Female,Bangalore,Family,Homemaker,2026-05-28,Premium,Google
C004479,Harita Shetty,30,Male,Vijayawada,Student,Student,2025-05-29,Free,Campus Campaign
C004480,Wridesh Sankar,31,Male,Coimbatore,Family,Homemaker,2025-02-04,Free,Instagram
C004481,Udyati Pal,59,Female,Bangalore,Student,Student,2025-02-03,Free,Campus Campaign
C004482,Agastya Nigam,43,Male,Hyderabad,Family,Homemaker,2026-03-16,Premium,YouTube
C004483,Falguni Muni,45,Male,Hyderabad,Family,Business Owner,2026-04-15,Free,YouTube
C004484,Zayyan Kuruvilla,31,Female,Bangalore,Family,Business Owner,2024-12-06,Premium,Instagram
C004485,Vanya Mani,48,Female,Chennai,Student,Student,2024-09-03,Premium,Referral
C004486,Dev Bhakta,54,Male,Hyderabad,Family,Homemaker,2024-07-16,Premium,Instagram
C004487,Dakshesh Basak,19,Male,Coimbatore,Student,Student,2025-05-14,Free,Campus Campaign
C004488,Fiyaz Krishna,25,Male,Bangalore,Family,Business Owner,2025-07-08,Premium,Instagram
C004489,Anjali Datta,19,Male,Bangalore,Working Professional,Business Owner,2025-12-22,Premium,YouTube
C004490,Aashi Saha,26,Male,Bangalore,Student,Student,2025-11-28,Premium,Campus Campaign
C004491,Laksh Upadhyay,44,Male,Chennai,Student,Student,2025-11-26,Premium,YouTube
C004492,Girindra Mahajan,46,Female,Bangalore,Family,Business Owner,2026-04-15,Free,Google
C004493,Ekavir Mistry,29,Male,Chennai,Working Professional,Doctor,2025-12-10,Free,Campus Campaign
C004494,Hemang Natt,33,Female,Chennai,Working Professional,Business Owner,2026-05-31,Premium,Referral
C004495,Jatin Memon,31,Female,Chennai,Student,Student,2025-03-13,Premium,Google
C004496,Agastya Gupta,29,Male,Bangalore,Student,Student,2025-10-12,Premium,Campus Campaign
C004497,Zayan Sodhi,37,Female,Hyderabad,Family,Homemaker,2026-04-24,Free,Campus Campaign
C004498,Dhriti Madan,31,Female,Coimbatore,Student,Student,2026-02-22,Premium,Referral
C004499,Priya Magar,42,Male,Bangalore,Working Professional,Business Owner,2025-03-08,Premium,Google
C004500,Dhriti Ghose,23,Male,Chennai,Family,Business Owner,2025-09-03,Free,Campus Campaign
C004501,Radha Bansal,35,Female,Bangalore,Student,Student,2024-07-04,Premium,YouTube
C004502,Riya Cherian,60,Female,Coimbatore,Student,Student,2026-01-31,Free,Campus Campaign
C004503,Bhavya Reddy,19,Male,Coimbatore,Working Professional,Teacher,2025-02-22,Free,Referral
C004504,Yashodhara Soman,51,Female,Coimbatore,Student,Student,2025-11-15,Premium,YouTube
C004505,Gautam Kannan,54,Male,Vijayawada,Student,Student,2025-10-23,Premium,Google
C004506,Maanas Saini,39,Female,Hyderabad,Working Professional,Teacher,2024-09-21,Premium,Instagram
C004507,Naksh Pradhan,25,Female,Hyderabad,Family,Teacher,2025-10-04,Free,YouTube
C004508,Andrew Prabhakar,47,Female,Chennai,Family,Homemaker,2026-02-07,Free,Campus Campaign
C004509,Lekha Mittal,35,Male,Bangalore,Working Professional,Accountant,2025-01-26,Free,Google
C004510,Dayita Bava,20,Female,Bangalore,Student,Student,2025-07-28,Free,Campus Campaign
C004511,Lavanya Wason,37,Male,Chennai,Family,Teacher,2026-05-06,Premium,YouTube
C004512,Ansh Thaman,27,Male,Chennai,Working Professional,Accountant,2025-03-07,Premium,Instagram
C004513,Isaiah Deo,27,Male,Bangalore,Student,Student,2025-01-31,Premium,Referral
C004514,Azad Iyengar,32,Male,Hyderabad,Student,Student,2025-07-01,Free,YouTube
C004515,Pushti Srivastava,57,Female,Vijayawada,Working Professional,Doctor,2024-11-14,Free,Instagram
C004516,Yashodhara Vora,52,Male,Chennai,Student,Student,2026-06-09,Free,Google
C004517,Tristan Sachdev,39,Male,Chennai,Working Professional,Accountant,2026-01-30,Free,Instagram
C004518,Jalsa Menon,53,Male,Chennai,Student,Student,2026-01-16,Premium,Campus Campaign
C004519,Shivansh Hora,22,Male,Coimbatore,Working Professional,Business Owner,2026-04-11,Free,Instagram
C004520,Jagrati Narula,49,Female,Chennai,Working Professional,Software Engineer,2025-02-22,Free,Referral
C004521,Manthan Muni,19,Female,Chennai,Student,Student,2024-10-21,Free,Google
C004522,Vaishnavi Arya,54,Male,Coimbatore,Family,Teacher,2025-07-01,Free,Google
C004523,Nilima Kulkarni,28,Male,Coimbatore,Working Professional,Teacher,2024-08-03,Free,Google
C004524,Yasti Maharaj,48,Male,Hyderabad,Working Professional,Designer,2024-09-17,Free,Instagram
C004525,Gaurang Walla,42,Female,Chennai,Student,Student,2024-12-06,Free,Campus Campaign
C004526,Rajata Palan,46,Female,Bangalore,Working Professional,Software Engineer,2024-11-02,Free,Campus Campaign
C004527,Yoshita Char,60,Male,Chennai,Family,Teacher,2025-10-12,Free,Google
C004528,Max Bala,44,Male,Hyderabad,Working Professional,Designer,2025-04-25,Premium,Google
C004529,Kalpit Borah,55,Female,Chennai,Student,Student,2026-06-01,Premium,Google
C004530,Zaid Som,39,Male,Chennai,Student,Student,2025-01-30,Premium,Campus Campaign
C004531,Mahika Kurian,30,Male,Hyderabad,Student,Student,2025-12-17,Free,Referral
C004532,Vedant Naik,44,Male,Chennai,Family,Business Owner,2025-10-25,Premium,Campus Campaign
C004533,Rushil Jayaraman,24,Male,Coimbatore,Family,Business Owner,2024-10-25,Free,Instagram
C004534,Zehaan Khare,57,Female,Chennai,Student,Student,2025-10-14,Free,Campus Campaign
C004535,Zarna Hegde,26,Male,Vijayawada,Working Professional,Teacher,2024-07-28,Premium,Referral
C004536,Azad Venkatesh,49,Male,Chennai,Working Professional,Business Owner,2025-11-29,Premium,Instagram
C004537,Priya Konda,20,Female,Bangalore,Working Professional,Business Owner,2025-06-30,Free,Referral
C004538,Janani Bora,59,Female,Chennai,Student,Student,2025-02-10,Premium,Campus Campaign
C004539,Nandini Rao,50,Male,Coimbatore,Family,Homemaker,2024-10-31,Premium,Referral
C004540,Chavvi Magar,31,Male,Bangalore,Student,Student,2025-07-19,Premium,Instagram
C004541,Fitan Ramaswamy,33,Male,Chennai,Working Professional,Designer,2025-06-19,Premium,Google
C004542,Theodore Bhatti,42,Male,Vijayawada,Working Professional,Doctor,2024-11-05,Free,Referral
C004543,Imaran Balan,33,Male,Hyderabad,Family,Teacher,2026-02-27,Premium,Google
C004544,Aryan Khosla,35,Male,Bangalore,Family,Business Owner,2025-07-10,Premium,Campus Campaign
C004545,Vrinda Bala,52,Female,Hyderabad,Family,Homemaker,2025-02-12,Free,Google
C004546,Sachi Karnik,30,Female,Bangalore,Working Professional,Teacher,2025-01-29,Free,Campus Campaign
C004547,Pratyush Grover,59,Male,Chennai,Working Professional,Accountant,2026-03-24,Free,YouTube
C004548,Vyanjana Garg,52,Male,Bangalore,Family,Business Owner,2025-09-07,Premium,YouTube
C004549,Ryan Wadhwa,36,Male,Hyderabad,Family,Business Owner,2024-08-06,Free,Campus Campaign
C004550,Noah Bassi,23,Male,Chennai,Student,Student,2026-03-12,Premium,Instagram
C004551,Jalsa Dada,48,Male,Chennai,Family,Business Owner,2025-09-22,Premium,Instagram
C004552,Januja Sagar,18,Male,Chennai,Family,Homemaker,2025-08-19,Free,Campus Campaign
C004553,Harita Purohit,58,Female,Chennai,Family,Business Owner,2026-06-15,Premium,Instagram
C004554,Girindra Salvi,21,Male,Coimbatore,Working Professional,Business Owner,2025-06-10,Premium,Instagram
C004555,Vritti Dhawan,45,Female,Coimbatore,Student,Student,2024-08-15,Free,Campus Campaign
C004556,George Butala,25,Female,Chennai,Family,Homemaker,2025-07-24,Premium,Instagram
C004557,Osha Srinivas,33,Male,Chennai,Family,Business Owner,2025-05-16,Premium,Referral
C004558,Alexander Nair,43,Female,Hyderabad,Working Professional,Business Owner,2026-04-26,Premium,YouTube
C004559,Ojas Mannan,30,Male,Chennai,Working Professional,Teacher,2025-06-23,Premium,Instagram
C004560,William Khosla,40,Male,Vijayawada,Student,Student,2025-08-28,Free,Referral
C004561,Logan Sarraf,31,Female,Vijayawada,Working Professional,Software Engineer,2024-12-22,Free,YouTube
C004562,Zehaan Bahl,45,Female,Chennai,Student,Student,2024-07-13,Free,Referral
C004563,Ladli Krishnan,20,Male,Hyderabad,Family,Teacher,2024-09-19,Premium,Google
C004564,Champak Kothari,18,Male,Bangalore,Student,Student,2025-06-22,Free,YouTube
C004565,Sanya Sandhu,56,Female,Chennai,Family,Teacher,2025-11-11,Free,YouTube
C004566,Oeshi Mangal,43,Female,Bangalore,Student,Student,2024-11-24,Free,Instagram
C004567,Sara Seth,51,Male,Chennai,Working Professional,Doctor,2024-08-11,Premium,Campus Campaign
C004568,Unnati Walla,55,Female,Coimbatore,Student,Student,2025-01-15,Free,Campus Campaign
C004569,Hritik Ramanathan,48,Male,Chennai,Student,Student,2026-02-27,Free,Google
C004570,Vyanjana Sood,37,Male,Chennai,Working Professional,Accountant,2024-07-06,Free,Campus Campaign
C004571,Nidhi Bajwa,57,Male,Hyderabad,Student,Student,2025-12-18,Free,Referral
C004572,Ojas Som,48,Male,Bangalore,Family,Teacher,2026-02-17,Free,YouTube
C004573,Tanay Anne,38,Male,Vijayawada,Family,Homemaker,2026-01-21,Free,Google
C004574,Yashoda Golla,19,Male,Chennai,Working Professional,Business Owner,2026-03-02,Premium,Campus Campaign
C004575,Prisha Khare,50,Male,Coimbatore,Working Professional,Business Owner,2024-09-14,Premium,Campus Campaign
C004576,Noah Bhagat,23,Male,Vijayawada,Family,Teacher,2025-07-31,Free,YouTube
C004577,Vrinda Baria,58,Male,Hyderabad,Student,Student,2026-03-10,Premium,Referral
C004578,Omisha Pathak,48,Male,Bangalore,Student,Student,2025-01-20,Premium,Google
C004579,Eiravati Goda,26,Male,Vijayawada,Student,Student,2024-08-03,Free,Instagram
C004580,Jhalak Sarna,25,Female,Chennai,Student,Student,2026-02-21,Free,Google
C004581,Bishakha Khalsa,55,Male,Hyderabad,Working Professional,Accountant,2026-04-07,Premium,YouTube
C004582,Avni Konda,27,Male,Coimbatore,Working Professional,Accountant,2026-03-30,Free,Campus Campaign
C004583,Adweta Mital,37,Female,Vijayawada,Working Professional,Business Owner,2025-12-11,Free,Campus Campaign
C004584,Neel Kar,19,Female,Bangalore,Student,Student,2026-06-03,Free,Campus Campaign
C004585,Indrajit Srinivas,56,Female,Coimbatore,Working Professional,Doctor,2025-10-02,Free,YouTube
C004586,Mugdha Minhas,59,Male,Coimbatore,Family,Business Owner,2025-07-13,Free,Campus Campaign
C004587,Oscar Bhasin,21,Male,Hyderabad,Student,Student,2026-03-05,Premium,Instagram
C004588,Ranveer Chowdhury,19,Male,Bangalore,Family,Business Owner,2026-03-04,Free,Referral
C004589,Chameli Contractor,52,Female,Coimbatore,Family,Business Owner,2026-02-16,Free,YouTube
C004590,Daksha Kunda,49,Male,Hyderabad,Student,Student,2024-10-22,Premium,Google
C004591,Nikita Batra,26,Male,Coimbatore,Family,Homemaker,2024-07-07,Free,Instagram
C004592,Ati Pillai,50,Male,Bangalore,Student,Student,2025-08-20,Free,Campus Campaign
C004593,Ekanta Rege,56,Male,Chennai,Family,Teacher,2025-09-28,Premium,Google
C004594,Hitesh Hayre,39,Female,Hyderabad,Working Professional,Accountant,2025-05-15,Free,Instagram
C004595,Gaurangi Ramaswamy,36,Female,Hyderabad,Working Professional,Teacher,2026-02-12,Premium,Campus Campaign
C004596,Chakradhar Dalal,23,Female,Chennai,Student,Student,2025-06-20,Free,Instagram
C004597,Bina Vig,53,Male,Hyderabad,Student,Student,2026-03-29,Premium,Google
C004598,Isha Chakrabarti,46,Female,Bangalore,Student,Student,2026-03-04,Premium,Campus Campaign
C004599,Adweta Tandon,25,Male,Chennai,Family,Teacher,2025-05-27,Premium,Instagram
C004600,Diya Mohanty,20,Male,Chennai,Family,Business Owner,2025-10-14,Premium,Campus Campaign
C004601,Janya Nagy,27,Female,Bangalore,Working Professional,Accountant,2024-09-12,Free,Google
C004602,Leena Som,59,Male,Chennai,Student,Student,2025-06-20,Free,Campus Campaign
C004603,Rehaan Toor,31,Female,Chennai,Family,Homemaker,2026-04-21,Premium,Referral
C004604,Dev Raju,52,Female,Chennai,Student,Student,2026-03-17,Premium,Campus Campaign
C004605,Madhavi Bumb,43,Female,Bangalore,Working Professional,Accountant,2025-01-02,Premium,Campus Campaign
C004606,Harinakshi Balan,49,Male,Vijayawada,Family,Business Owner,2025-06-17,Premium,Campus Campaign
C004607,Fitan Cherian,49,Male,Bangalore,Family,Teacher,2024-08-15,Free,Instagram
C004608,Aadi Lad,23,Male,Chennai,Student,Student,2024-11-27,Free,Instagram
C004609,Vasatika Buch,39,Female,Bangalore,Student,Student,2025-12-11,Free,YouTube
C004610,Krishna Barad,47,Female,Chennai,Working Professional,Teacher,2026-05-30,Premium,Instagram
C004611,Yuvraj Srivastava,54,Male,Coimbatore,Family,Homemaker,2025-07-04,Premium,Referral
C004612,Saksham Kulkarni,21,Male,Coimbatore,Student,Student,2024-12-11,Premium,Referral
C004613,Indira Choudhry,20,Male,Hyderabad,Student,Student,2025-05-16,Premium,Referral
C004614,Nandini Savant,36,Female,Chennai,Student,Student,2025-07-30,Free,Referral
C004615,Yauvani Sha,26,Female,Bangalore,Family,Teacher,2025-02-14,Premium,Campus Campaign
C004616,Avi Soman,35,Male,Coimbatore,Working Professional,Software Engineer,2026-01-03,Premium,Instagram
C004617,Sanaya Ramanathan,41,Female,Vijayawada,Working Professional,Doctor,2024-09-11,Premium,Instagram
C004618,Baghyawati Sarkar,18,Female,Coimbatore,Working Professional,Doctor,2026-03-06,Free,Instagram
C004619,Jalsa Prakash,25,Female,Chennai,Family,Business Owner,2025-11-23,Premium,YouTube
C004620,Vinaya Zacharia,28,Male,Coimbatore,Working Professional,Designer,2025-02-20,Premium,Google
C004621,Mason Brahmbhatt,60,Male,Hyderabad,Family,Business Owner,2024-09-29,Free,Referral
C004622,Fitan Buch,19,Male,Chennai,Family,Homemaker,2026-05-10,Premium,Campus Campaign
C004623,Nidhi Sem,54,Male,Chennai,Family,Homemaker,2025-12-04,Premium,Referral
C004624,Wahab Kunda,32,Male,Vijayawada,Student,Student,2025-03-01,Free,Instagram
C004625,Rajata Srinivas,30,Female,Vijayawada,Working Professional,Doctor,2026-03-13,Free,YouTube
C004626,Falak Sankaran,21,Female,Bangalore,Student,Student,2025-09-30,Premium,Google
C004627,Alka D’Alia,44,Male,Vijayawada,Student,Student,2026-04-11,Premium,Referral
C004628,Ansh Bhalla,20,Male,Chennai,Working Professional,Doctor,2024-07-14,Free,Google
C004629,Warinder Din,21,Male,Coimbatore,Working Professional,Designer,2025-08-09,Free,Google
C004630,Ikshita Kannan,40,Female,Coimbatore,Student,Student,2024-08-04,Free,Google
C004631,Daksha Narang,19,Female,Chennai,Student,Student,2025-07-23,Free,Google
C004632,Timothy Koshy,35,Female,Vijayawada,Family,Teacher,2025-04-14,Premium,YouTube
C004633,Nitara Shroff,41,Male,Bangalore,Student,Student,2025-04-13,Free,YouTube
C004634,Anirudh Bera,21,Male,Chennai,Working Professional,Business Owner,2026-01-04,Free,Instagram
C004635,Azad Tella,46,Male,Chennai,Working Professional,Business Owner,2025-11-03,Premium,Instagram
C004636,Qabil Wali,39,Female,Hyderabad,Working Professional,Software Engineer,2024-11-17,Premium,Campus Campaign
C004637,Christopher Dave,23,Male,Chennai,Working Professional,Teacher,2025-03-23,Free,Google
C004638,Amol Patil,28,Female,Hyderabad,Working Professional,Doctor,2024-07-21,Free,Referral
C004639,Jyoti Dhar,30,Male,Vijayawada,Working Professional,Designer,2026-02-20,Premium,Instagram
C004640,Unnati Sachar,29,Male,Bangalore,Student,Student,2024-11-01,Free,Instagram
C004641,Harinakshi Ratti,50,Female,Chennai,Working Professional,Designer,2026-03-09,Free,Campus Campaign
C004642,Tanmayi Sodhi,48,Female,Chennai,Student,Student,2025-05-17,Premium,Instagram
C004643,Bachittar Krishnan,42,Male,Vijayawada,Working Professional,Doctor,2026-02-16,Premium,Referral
C004644,Bhavya Bora,24,Female,Bangalore,Student,Student,2026-03-14,Premium,Referral
C004645,Vasatika Bakshi,40,Female,Vijayawada,Working Professional,Business Owner,2025-11-14,Premium,Referral
C004646,Rajata Batta,24,Male,Coimbatore,Working Professional,Software Engineer,2025-04-14,Premium,YouTube
C004647,Adya Gole,19,Female,Chennai,Student,Student,2024-09-27,Premium,Referral
C004648,Owen Dar,26,Male,Coimbatore,Working Professional,Software Engineer,2025-05-06,Premium,YouTube
C004649,Damyanti Thakur,42,Male,Chennai,Student,Student,2024-07-15,Free,Campus Campaign
C004650,Rudra Contractor,53,Male,Chennai,Family,Teacher,2026-03-07,Free,Google
C004651,Hemang Yogi,29,Male,Vijayawada,Working Professional,Designer,2024-08-27,Free,Instagram
C004652,Akshay Walla,31,Female,Chennai,Working Professional,Accountant,2024-12-24,Free,Referral
C004653,Vansha Buch,42,Female,Bangalore,Family,Teacher,2026-02-08,Free,YouTube
C004654,Harsh Keer,59,Male,Bangalore,Working Professional,Doctor,2025-08-14,Free,Google
C004655,Fiyaz Prabhakar,23,Female,Chennai,Working Professional,Designer,2024-10-06,Free,Campus Campaign
C004656,Januja Sampath,38,Female,Coimbatore,Working Professional,Business Owner,2026-02-05,Premium,YouTube
C004657,Kai Sahni,38,Male,Chennai,Student,Student,2024-12-16,Free,Instagram
C004658,Charvi Hari,19,Female,Coimbatore,Family,Homemaker,2024-12-11,Premium,Google
C004659,Aarush Aggarwal,28,Male,Bangalore,Working Professional,Teacher,2025-09-17,Premium,Campus Campaign
C004660,Girindra Choudhury,45,Female,Hyderabad,Student,Student,2025-09-12,Premium,Campus Campaign
C004661,Wyatt Singhal,55,Female,Chennai,Family,Teacher,2026-02-01,Premium,Google
C004662,Yamini Bhat,30,Female,Bangalore,Working Professional,Designer,2026-03-28,Free,Referral
C004663,Forum Kakar,56,Male,Hyderabad,Working Professional,Business Owner,2024-11-21,Premium,YouTube
C004664,Krishna Mani,26,Female,Chennai,Student,Student,2026-06-14,Free,Referral
C004665,Chakradhar Sandhu,23,Male,Coimbatore,Family,Homemaker,2026-04-15,Premium,Referral
C004666,Fitan Gala,23,Female,Coimbatore,Working Professional,Software Engineer,2024-10-24,Free,Referral
C004667,Arin Srinivasan,47,Female,Bangalore,Working Professional,Software Engineer,2026-01-23,Free,YouTube
C004668,Vrinda Bassi,58,Male,Chennai,Working Professional,Teacher,2026-03-10,Premium,YouTube
C004669,Jai Shere,20,Female,Chennai,Family,Business Owner,2026-05-14,Premium,Instagram
C004670,Jagvi Prabhakar,45,Male,Bangalore,Student,Student,2026-03-12,Free,Google
C004671,Ijaya Kunda,20,Male,Hyderabad,Student,Student,2026-05-09,Free,Google
C004672,Daniel Sen,18,Female,Hyderabad,Student,Student,2025-12-04,Premium,YouTube
C004673,Robert Babu,53,Female,Bangalore,Student,Student,2026-03-06,Premium,YouTube
C004674,Wriddhish Khare,56,Female,Bangalore,Family,Teacher,2025-11-02,Free,Google
C004675,Tanish Shanker,56,Female,Hyderabad,Working Professional,Doctor,2025-11-15,Premium,Campus Campaign
C004676,Neel Pandya,42,Male,Coimbatore,Family,Teacher,2026-03-01,Free,Instagram
C004677,Kavya Bakshi,21,Female,Bangalore,Student,Student,2024-08-15,Free,Google
C004678,Tarak Pal,37,Female,Chennai,Working Professional,Software Engineer,2026-04-16,Premium,Referral
C004679,Aarav Pradhan,42,Female,Vijayawada,Student,Student,2025-08-11,Premium,Google
C004680,Meera Merchant,57,Male,Bangalore,Family,Homemaker,2025-03-07,Premium,Instagram
C004681,Ekapad Tak,19,Male,Bangalore,Student,Student,2025-05-31,Premium,Google
C004682,William Ben,48,Male,Coimbatore,Student,Student,2026-04-22,Free,Instagram
C004683,Qasim Pillai,53,Female,Hyderabad,Family,Teacher,2026-03-02,Premium,YouTube
C004684,Turvi Ratta,39,Female,Hyderabad,Student,Student,2026-01-31,Free,Google
C004685,Chameli Modi,37,Female,Bangalore,Family,Homemaker,2025-04-13,Free,YouTube
C004686,Kai Devan,25,Female,Bangalore,Working Professional,Software Engineer,2025-02-08,Premium,Campus Campaign
C004687,Indrajit Kara,56,Male,Bangalore,Family,Teacher,2026-02-02,Free,Instagram
C004688,Charan Balakrishnan,21,Male,Bangalore,Student,Student,2024-12-10,Free,YouTube
C004689,Dev Upadhyay,53,Male,Bangalore,Working Professional,Doctor,2025-10-09,Free,Campus Campaign
C004690,Rajeshri Chanda,39,Female,Hyderabad,Working Professional,Designer,2024-10-31,Premium,Campus Campaign
C004691,Tejas Shroff,19,Female,Chennai,Student,Student,2025-10-30,Premium,Instagram
C004692,Elijah Badal,44,Male,Hyderabad,Family,Homemaker,2026-05-28,Free,Referral
C004693,Isaac Varma,33,Female,Bangalore,Family,Business Owner,2025-03-14,Free,Instagram
C004694,Vedant Cheema,55,Male,Vijayawada,Working Professional,Designer,2025-07-06,Premium,Referral
C004695,Vihaan Bal,42,Female,Bangalore,Student,Student,2025-01-17,Premium,Google
C004696,Ishwar Kibe,50,Female,Bangalore,Student,Student,2024-06-17,Premium,Campus Campaign
C004697,Samesh Guha,45,Male,Vijayawada,Family,Teacher,2026-05-10,Free,Referral
C004698,Jacob Sarkar,51,Male,Chennai,Family,Homemaker,2024-09-06,Free,YouTube
C004699,Ladli Nigam,23,Female,Bangalore,Family,Teacher,2025-04-28,Free,Referral
C004700,Varenya Deol,28,Female,Chennai,Working Professional,Designer,2025-12-21,Free,YouTube
C004701,Saanvi Vasa,35,Female,Chennai,Family,Business Owner,2025-02-13,Free,Campus Campaign
C004702,Vihaan Virk,47,Male,Bangalore,Working Professional,Accountant,2025-01-29,Free,Referral
C004703,Anjali Andra,32,Female,Chennai,Working Professional,Teacher,2024-06-22,Free,Campus Campaign
C004704,Hema Bhattacharyya,58,Male,Hyderabad,Student,Student,2026-03-20,Premium,YouTube
C004705,Hitesh Ram,33,Female,Hyderabad,Student,Student,2025-03-17,Free,Referral
C004706,Samarth Tailor,30,Female,Bangalore,Student,Student,2026-03-11,Premium,Referral
C004707,Daniel Upadhyay,44,Male,Bangalore,Family,Business Owner,2024-11-23,Premium,Referral
C004708,Yashica Kakar,55,Male,Chennai,Student,Student,2025-03-14,Premium,Campus Campaign
C004709,Charan Borde,33,Female,Chennai,Working Professional,Designer,2026-04-04,Premium,Referral
C004710,Raagini Ravi,21,Female,Hyderabad,Student,Student,2024-06-22,Free,Google
C004711,Samuel Bhakta,21,Male,Hyderabad,Student,Student,2024-12-25,Premium,Google
C004712,Laban Srinivasan,32,Male,Coimbatore,Student,Student,2025-05-15,Premium,Campus Campaign
C004713,Samaksh Srinivas,35,Female,Chennai,Working Professional,Software Engineer,2025-07-28,Free,Google
C004714,Om Walla,60,Male,Chennai,Family,Homemaker,2024-12-28,Free,Instagram
C004715,Lekha Wadhwa,48,Female,Chennai,Family,Business Owner,2024-11-07,Premium,Referral
C004716,Irya Nayar,43,Male,Bangalore,Family,Business Owner,2025-05-18,Premium,Campus Campaign
C004717,Deepa Deol,41,Female,Chennai,Student,Student,2026-01-17,Premium,Campus Campaign
C004718,Faraj Handa,51,Male,Coimbatore,Working Professional,Accountant,2026-01-20,Free,Referral
C004719,Quincy Basak,34,Male,Bangalore,Working Professional,Business Owner,2024-08-25,Free,Campus Campaign
C004720,Yatin Choudhury,27,Male,Vijayawada,Family,Business Owner,2024-09-24,Free,Referral
C004721,Rachita Raju,54,Female,Coimbatore,Student,Student,2025-01-31,Premium,YouTube
C004722,Krisha Parikh,55,Male,Coimbatore,Student,Student,2025-06-25,Premium,Instagram
C004723,Adya Bath,24,Female,Bangalore,Working Professional,Teacher,2024-10-28,Free,Google
C004724,Chaaya Grewal,25,Female,Coimbatore,Student,Student,2026-03-19,Premium,Campus Campaign
C004725,Balvan Vig,46,Female,Chennai,Family,Business Owner,2026-02-02,Free,YouTube
C004726,Widisha Wable,25,Male,Coimbatore,Working Professional,Doctor,2024-11-08,Premium,YouTube
C004727,Kalpit Chad,24,Male,Bangalore,Student,Student,2025-07-09,Free,Campus Campaign
C004728,Amrita Keer,33,Male,Coimbatore,Working Professional,Doctor,2025-05-21,Free,Instagram
C004729,Michael Andra,41,Male,Chennai,Student,Student,2025-12-12,Premium,YouTube
C004730,Jagat Sidhu,46,Female,Chennai,Family,Homemaker,2026-03-29,Free,Instagram
C004731,Adweta Sane,19,Female,Chennai,Family,Business Owner,2024-08-19,Premium,YouTube
C004732,Oni Luthra,51,Male,Bangalore,Family,Teacher,2024-08-20,Premium,Google
C004733,Neel Warrior,36,Male,Vijayawada,Working Professional,Designer,2024-07-01,Premium,Campus Campaign
C004734,Osha Ramesh,40,Female,Hyderabad,Family,Business Owner,2025-05-28,Free,YouTube
C004735,Rushil Puri,48,Female,Coimbatore,Student,Student,2025-03-20,Free,Instagram
C004736,Dipta Gulati,19,Female,Chennai,Working Professional,Designer,2026-05-31,Premium,YouTube
C004737,Ishani Chaudhry,42,Female,Hyderabad,Student,Student,2024-11-26,Premium,Google
C004738,Farhan Bhardwaj,32,Female,Chennai,Student,Student,2025-06-20,Premium,Google
C004739,Vivaan Sachdev,55,Female,Chennai,Family,Business Owner,2024-12-13,Premium,Campus Campaign
C004740,Udyati Hayer,59,Female,Bangalore,Student,Student,2025-08-30,Premium,YouTube
C004741,Jasmit Cherian,23,Male,Chennai,Student,Student,2025-11-13,Free,YouTube
C004742,Turvi Andra,47,Male,Hyderabad,Working Professional,Doctor,2025-04-25,Premium,Instagram
C004743,Aradhana Lad,57,Female,Coimbatore,Student,Student,2025-02-09,Premium,Google
C004744,Hemang Shroff,57,Female,Chennai,Family,Business Owner,2026-03-20,Premium,Instagram
C004745,Dayita Nayar,35,Female,Coimbatore,Student,Student,2024-07-18,Premium,Google
C004746,Nidhi Nadkarni,39,Male,Hyderabad,Student,Student,2026-02-09,Premium,Campus Campaign
C004747,Umang Shanker,21,Male,Chennai,Family,Homemaker,2024-06-21,Free,Google
C004748,Lohit Singh,40,Female,Coimbatore,Family,Business Owner,2026-02-26,Free,Google
C004749,Janya Luthra,20,Female,Chennai,Student,Student,2026-05-15,Free,Campus Campaign
C004750,Urmi Lata,31,Female,Chennai,Working Professional,Accountant,2025-12-29,Free,YouTube
C004751,Gaurav Narayanan,36,Male,Coimbatore,Student,Student,2025-06-29,Free,Instagram
C004752,Upasna Brahmbhatt,21,Female,Hyderabad,Student,Student,2025-06-19,Premium,Referral
C004753,Jeevika Bora,29,Male,Bangalore,Working Professional,Doctor,2024-07-25,Premium,YouTube
C004754,Megha Saran,24,Male,Chennai,Family,Business Owner,2025-08-25,Free,YouTube
C004755,Udarsh Shere,37,Male,Coimbatore,Student,Student,2026-03-15,Free,YouTube
C004756,Riya Shukla,44,Female,Chennai,Student,Student,2026-05-07,Free,Instagram
C004757,Mitesh Gara,33,Male,Coimbatore,Family,Homemaker,2026-06-15,Premium,Instagram
C004758,Hemangini Chatterjee,59,Male,Hyderabad,Family,Homemaker,2024-06-18,Premium,Referral
C004759,Harrison Sane,51,Female,Vijayawada,Student,Student,2025-02-18,Free,YouTube
C004760,Ira Bava,51,Female,Chennai,Student,Student,2025-10-17,Premium,YouTube
C004761,Avni Chowdhury,30,Male,Bangalore,Student,Student,2024-08-09,Premium,Referral
C004762,Inaya Shukla,59,Male,Chennai,Family,Business Owner,2025-01-16,Free,Google
C004763,Yadavi Bhavsar,51,Male,Vijayawada,Working Professional,Doctor,2025-05-03,Premium,Google
C004764,Nitesh Lad,18,Female,Chennai,Student,Student,2025-07-13,Premium,YouTube
C004765,Fariq Gokhale,39,Female,Bangalore,Family,Homemaker,2025-11-25,Free,Instagram
C004766,Darika Das,28,Male,Bangalore,Working Professional,Accountant,2025-06-10,Premium,Referral
C004767,Girik Bala,26,Male,Coimbatore,Working Professional,Designer,2025-05-08,Premium,Referral
C004768,Bhavna Dara,52,Male,Hyderabad,Family,Business Owner,2025-11-23,Free,Campus Campaign
C004769,Wakeeta Varkey,51,Female,Chennai,Family,Business Owner,2025-11-08,Free,YouTube
C004770,Ansh Chaudhari,37,Male,Bangalore,Family,Business Owner,2025-08-29,Premium,Instagram
C004771,Qasim Taneja,20,Male,Coimbatore,Working Professional,Doctor,2024-09-14,Premium,Google
C004772,Onkar Dube,29,Female,Coimbatore,Working Professional,Software Engineer,2026-05-07,Free,Campus Campaign
C004773,Dhriti Bhasin,24,Male,Coimbatore,Working Professional,Business Owner,2026-02-13,Premium,YouTube
C004774,Anirudh Oza,59,Female,Chennai,Family,Teacher,2024-09-29,Premium,Campus Campaign
C004775,Gaurang Goel,50,Female,Vijayawada,Working Professional,Designer,2025-02-27,Premium,Google
C004776,Nicholas Sha,32,Male,Vijayawada,Student,Student,2025-12-01,Premium,YouTube
C004777,Laban Khosla,44,Male,Hyderabad,Working Professional,Doctor,2026-03-17,Free,Referral
C004778,Krishna Kalla,53,Male,Hyderabad,Family,Teacher,2026-05-02,Premium,Campus Campaign
C004779,Samarth Bera,42,Female,Chennai,Family,Business Owner,2026-04-24,Premium,Instagram
C004780,Saksham Ratti,20,Male,Chennai,Student,Student,2024-07-17,Free,Instagram
C004781,Manthan Kanda,38,Female,Bangalore,Working Professional,Doctor,2026-04-23,Free,YouTube
C004782,Samar D’Alia,52,Male,Coimbatore,Working Professional,Designer,2026-06-05,Premium,Instagram
C004783,Omkaar Pingle,32,Male,Bangalore,Family,Teacher,2026-05-15,Free,Instagram
C004784,Yashawini Venkataraman,42,Female,Bangalore,Working Professional,Designer,2025-06-30,Premium,Referral
C004785,Aarini Kala,45,Female,Vijayawada,Student,Student,2024-12-29,Premium,Campus Campaign
C004786,Rayaan Dass,41,Female,Chennai,Family,Homemaker,2024-10-17,Premium,Campus Campaign
C004787,Mitali Sandal,47,Female,Coimbatore,Family,Homemaker,2024-12-20,Premium,Referral
C004788,Tara Khalsa,38,Female,Hyderabad,Student,Student,2026-04-15,Premium,Instagram
C004789,Libni Patla,40,Male,Bangalore,Student,Student,2024-08-26,Free,Instagram
C004790,Vasana Salvi,53,Female,Vijayawada,Family,Homemaker,2024-09-06,Premium,Referral
C004791,Kabir Ahuja,41,Male,Hyderabad,Working Professional,Software Engineer,2026-05-13,Free,Instagram
C004792,Mugdha Chakrabarti,18,Male,Vijayawada,Student,Student,2024-09-19,Free,Instagram
C004793,Henry Apte,35,Female,Hyderabad,Family,Business Owner,2024-12-07,Premium,Referral
C004794,Ekta Rout,60,Male,Chennai,Working Professional,Teacher,2024-12-26,Free,YouTube
C004795,Hemani Gour,47,Female,Bangalore,Family,Teacher,2025-04-22,Premium,YouTube
C004796,Harita Kara,42,Male,Vijayawada,Working Professional,Doctor,2025-12-24,Premium,Campus Campaign
C004797,Pallavi Manda,30,Female,Bangalore,Working Professional,Teacher,2025-12-26,Free,YouTube
C004798,Varenya Shenoy,35,Female,Chennai,Student,Student,2026-04-30,Premium,Referral
C004799,Gunbir Mall,57,Male,Chennai,Working Professional,Doctor,2026-04-08,Free,Referral
C004800,Bina Uppal,22,Male,Coimbatore,Family,Business Owner,2025-08-30,Premium,YouTube
C004801,Frederick Suri,37,Female,Bangalore,Family,Teacher,2024-11-26,Premium,Instagram
C004802,Ishwar Kant,43,Female,Hyderabad,Family,Teacher,2025-05-24,Premium,Campus Campaign
C004803,Rajata Gole,27,Female,Chennai,Student,Student,2025-06-29,Free,YouTube
C004804,Ekavir Keer,51,Male,Chennai,Working Professional,Designer,2025-12-13,Free,Referral
C004805,Chaitanya Rastogi,47,Female,Chennai,Working Professional,Business Owner,2025-02-19,Free,Referral
C004806,Ojasvi Naidu,59,Female,Bangalore,Working Professional,Accountant,2025-04-21,Premium,YouTube
C004807,Ekta Ahuja,53,Female,Chennai,Student,Student,2025-12-18,Premium,Referral
C004808,Nitara Mittal,60,Female,Coimbatore,Student,Student,2025-06-18,Free,Referral
C004809,Yashoda Dugar,40,Male,Coimbatore,Student,Student,2026-02-23,Free,Referral
C004810,Frado Borra,44,Female,Bangalore,Student,Student,2025-01-31,Free,YouTube
C004811,Abhiram Purohit,30,Male,Hyderabad,Student,Student,2024-12-03,Premium,Instagram
C004812,Udyati Mann,49,Male,Hyderabad,Student,Student,2026-01-11,Premium,Instagram
C004813,Aryan Sankar,27,Female,Coimbatore,Family,Business Owner,2024-08-19,Premium,Google
C004814,Isaiah Sarraf,30,Female,Chennai,Family,Homemaker,2024-06-25,Free,Instagram
C004815,Udarsh Mukhopadhyay,48,Female,Coimbatore,Family,Homemaker,2024-08-01,Premium,YouTube
C004816,Qadim Baral,53,Female,Chennai,Family,Homemaker,2025-09-17,Free,Campus Campaign
C004817,Girik Agarwal,27,Female,Bangalore,Student,Student,2026-01-06,Free,Google
C004818,Devika Jhaveri,26,Female,Bangalore,Working Professional,Software Engineer,2024-07-31,Premium,YouTube
C004819,Harish Sangha,57,Male,Bangalore,Working Professional,Teacher,2026-01-11,Premium,Referral
C004820,Nachiket Konda,31,Male,Bangalore,Working Professional,Software Engineer,2026-02-21,Premium,Campus Campaign
C004821,Suhani Choudhry,28,Male,Vijayawada,Family,Teacher,2025-07-28,Free,YouTube
C004822,Harita Murty,42,Male,Hyderabad,Student,Student,2024-06-27,Free,Referral
C004823,Adweta Kashyap,33,Male,Chennai,Family,Homemaker,2024-08-07,Free,YouTube
C004824,Priya Ratta,54,Male,Chennai,Family,Teacher,2025-04-09,Premium,Referral
C004825,Eshana Rama,25,Female,Chennai,Student,Student,2025-12-07,Premium,Referral
C004826,Ekiya Basak,33,Male,Vijayawada,Working Professional,Accountant,2024-11-10,Premium,Google
C004827,Tarak D’Alia,34,Female,Chennai,Working Professional,Doctor,2025-11-01,Premium,YouTube
C004828,Charan Balasubramanian,29,Female,Hyderabad,Family,Homemaker,2024-08-11,Premium,Referral
C004829,Ekapad Hayer,54,Female,Chennai,Family,Teacher,2025-11-22,Premium,Referral
C004830,Harita Jhaveri,18,Female,Vijayawada,Family,Business Owner,2025-05-03,Free,Referral
C004831,Oviya Upadhyay,47,Female,Chennai,Family,Homemaker,2026-05-22,Premium,YouTube
C004832,Ekansh Shan,43,Female,Coimbatore,Working Professional,Accountant,2025-11-08,Premium,Referral
C004833,Vinaya Reddy,38,Female,Chennai,Working Professional,Accountant,2026-03-25,Premium,Google
C004834,Gaurang Deshmukh,22,Male,Chennai,Student,Student,2025-04-22,Premium,Google
C004835,Ishanvi Nori,19,Male,Coimbatore,Working Professional,Designer,2025-11-10,Free,Google
C004836,Vasudha Balan,34,Female,Coimbatore,Family,Homemaker,2025-04-29,Free,Referral
C004837,Qadim Dasgupta,28,Male,Coimbatore,Student,Student,2026-02-27,Free,Campus Campaign
C004838,Mugdha Sur,31,Male,Coimbatore,Student,Student,2025-02-23,Free,Referral
C004839,Andrew Hora,41,Female,Hyderabad,Family,Business Owner,2025-03-06,Premium,Instagram
C004840,Frederick Pradhan,26,Female,Bangalore,Student,Student,2024-09-16,Premium,Campus Campaign
C004841,Samar Ganesh,45,Male,Coimbatore,Student,Student,2026-05-28,Free,Campus Campaign
C004842,Jatin Nair,31,Male,Vijayawada,Student,Student,2024-08-01,Premium,Google
C004843,Hiral Wable,56,Female,Chennai,Family,Homemaker,2025-10-27,Free,Referral
C004844,Ati Mall,43,Female,Coimbatore,Student,Student,2025-01-22,Premium,Google
C004845,Chanakya Biswas,24,Female,Chennai,Working Professional,Software Engineer,2025-01-31,Premium,YouTube
C004846,Vihaan Datta,20,Male,Hyderabad,Student,Student,2024-10-27,Free,Instagram
C004847,Oliver Raja,47,Female,Chennai,Working Professional,Doctor,2024-11-01,Free,Google
C004848,Kritika Prabhakar,45,Male,Chennai,Family,Homemaker,2026-01-23,Premium,Google
C004849,Unni Sandal,27,Male,Bangalore,Working Professional,Teacher,2025-10-01,Premium,Instagram
C004850,Mekhala Keer,35,Female,Bangalore,Family,Business Owner,2024-11-11,Premium,YouTube
C004851,Megha Mital,47,Male,Bangalore,Family,Business Owner,2025-08-06,Premium,YouTube
C004852,Tanay Khatri,34,Female,Bangalore,Working Professional,Doctor,2025-11-15,Premium,YouTube
C004853,Zayyan Chaudhari,60,Male,Chennai,Family,Teacher,2025-03-27,Premium,YouTube
C004854,Henry Varma,40,Female,Chennai,Working Professional,Accountant,2024-10-25,Premium,Instagram
C004855,Indrajit Narasimhan,25,Female,Hyderabad,Student,Student,2026-03-07,Free,Referral
C004856,Dhruv Sangha,39,Female,Vijayawada,Student,Student,2025-01-12,Free,YouTube
C004857,Wyatt Chaudhary,28,Female,Hyderabad,Student,Student,2024-10-20,Premium,Referral
C004858,Jagdish Kar,32,Female,Chennai,Family,Homemaker,2025-10-26,Premium,Instagram
C004859,George Cherian,28,Male,Hyderabad,Student,Student,2025-06-12,Premium,YouTube
C004860,Jagdish Comar,40,Male,Hyderabad,Family,Homemaker,2024-10-12,Premium,YouTube
C004861,Onveer Swaminathan,19,Female,Hyderabad,Student,Student,2024-12-28,Free,YouTube
C004862,Nilima Tara,20,Male,Bangalore,Working Professional,Designer,2024-08-18,Premium,YouTube
C004863,Anusha Din,27,Male,Chennai,Family,Business Owner,2025-11-27,Premium,Referral
C004864,Krisha Bora,37,Male,Vijayawada,Family,Teacher,2026-03-05,Free,YouTube
C004865,Nisha Vora,55,Female,Hyderabad,Student,Student,2026-05-11,Premium,Instagram
C004866,Abhiram Sandhu,28,Male,Coimbatore,Family,Business Owner,2025-03-11,Free,Referral
C004867,Ansh Yadav,44,Female,Hyderabad,Family,Homemaker,2025-10-20,Free,Campus Campaign
C004868,Damyanti Ramaswamy,53,Male,Bangalore,Working Professional,Doctor,2024-10-09,Free,Google
C004869,Isha Dhawan,43,Male,Hyderabad,Working Professional,Accountant,2025-08-16,Premium,Instagram
C004870,Fitan Kala,34,Female,Vijayawada,Student,Student,2024-12-13,Premium,Instagram
C004871,Owen Buch,29,Female,Coimbatore,Student,Student,2024-12-15,Free,YouTube
C004872,Anay Grewal,41,Female,Chennai,Student,Student,2025-07-10,Premium,Referral
C004873,Urmi Bawa,32,Male,Bangalore,Working Professional,Doctor,2024-12-17,Free,YouTube
C004874,Samuel Gulati,28,Female,Vijayawada,Student,Student,2024-06-21,Free,Referral
C004875,Upadhriti Anand,48,Female,Coimbatore,Family,Teacher,2026-04-07,Premium,YouTube
C004876,Ira Ben,49,Female,Chennai,Student,Student,2026-04-02,Premium,Referral
C004877,Bakhshi Parikh,39,Female,Vijayawada,Student,Student,2025-04-08,Free,Instagram
C004878,Oviya Varty,60,Male,Chennai,Family,Teacher,2026-04-16,Free,Instagram
C004879,Meghana Bala,50,Female,Hyderabad,Family,Teacher,2025-10-31,Free,Referral
C004880,Eesha Hegde,37,Male,Hyderabad,Student,Student,2025-02-19,Premium,Google
C004881,Ira Luthra,24,Female,Hyderabad,Family,Teacher,2025-02-06,Free,YouTube
C004882,Prisha Mahal,25,Male,Hyderabad,Family,Homemaker,2024-11-11,Premium,Google
C004883,Rushil Misra,20,Female,Chennai,Student,Student,2026-06-13,Premium,Referral
C004884,Ladli Ganesh,44,Female,Hyderabad,Student,Student,2024-11-04,Premium,YouTube
C004885,Nisha Kade,42,Male,Coimbatore,Student,Student,2026-01-09,Free,Campus Campaign
C004886,Urvashi Bhandari,48,Female,Chennai,Student,Student,2026-04-27,Free,YouTube
C004887,Eesha Choudhary,25,Male,Chennai,Student,Student,2025-04-03,Free,Referral
C004888,Elijah Deshmukh,47,Male,Hyderabad,Working Professional,Teacher,2024-07-31,Free,Campus Campaign
C004889,Jonathan Dass,59,Male,Chennai,Working Professional,Accountant,2025-12-02,Premium,Google
C004890,Nidra Dube,31,Female,Hyderabad,Working Professional,Doctor,2025-07-24,Premium,Instagram
C004891,Libni Yohannan,38,Female,Bangalore,Student,Student,2025-08-22,Premium,Instagram
C004892,Advay Sem,29,Female,Coimbatore,Family,Business Owner,2024-08-12,Free,YouTube
C004893,Osha Kumer,19,Male,Hyderabad,Working Professional,Doctor,2025-05-29,Free,Referral
C004894,Shravya Palan,33,Female,Hyderabad,Family,Business Owner,2026-03-30,Premium,Campus Campaign
C004895,Zaitra Grewal,42,Female,Bangalore,Student,Student,2025-08-27,Free,YouTube
C004896,Anmol Seth,49,Male,Vijayawada,Student,Student,2026-01-25,Premium,Google
C004897,Samuel Sanghvi,28,Male,Chennai,Student,Student,2024-08-20,Free,YouTube
C004898,Jackson Chaudhry,56,Male,Bangalore,Student,Student,2026-04-26,Free,Instagram
C004899,Isha Sem,33,Female,Bangalore,Student,Student,2024-07-10,Premium,Referral
C004900,Jonathan Dubey,57,Female,Hyderabad,Student,Student,2024-12-29,Free,Instagram
C004901,Ekanta Lall,58,Male,Bangalore,Family,Business Owner,2025-05-26,Free,Instagram
C004902,Raagini Nath,46,Female,Hyderabad,Family,Teacher,2025-03-09,Free,Instagram
C004903,Tanish Aggarwal,46,Female,Hyderabad,Student,Student,2025-12-25,Free,Campus Campaign
C004904,Ishita Ghose,60,Female,Chennai,Family,Teacher,2025-05-31,Free,Instagram
C004905,Azaan Rege,60,Male,Vijayawada,Student,Student,2024-08-02,Free,Instagram
C004906,Tanveer Madan,26,Female,Coimbatore,Working Professional,Software Engineer,2025-03-02,Free,Google
C004907,Bhavini Srivastava,29,Female,Chennai,Working Professional,Software Engineer,2025-10-21,Free,Referral
C004908,Laksh Nair,36,Male,Bangalore,Student,Student,2026-03-16,Premium,Google
C004909,Pahal Chowdhury,51,Male,Coimbatore,Working Professional,Accountant,2024-10-19,Premium,Referral
C004910,Jeevika Dash,46,Male,Bangalore,Student,Student,2025-08-30,Free,Google
C004911,Jagdish Kota,46,Male,Chennai,Working Professional,Business Owner,2024-12-25,Free,Instagram
C004912,Luke Wadhwa,23,Female,Chennai,Working Professional,Designer,2026-04-22,Free,Google
C004913,Ekanta Bhasin,44,Male,Hyderabad,Family,Teacher,2024-07-15,Premium,Referral
C004914,Oni Bakshi,54,Female,Coimbatore,Family,Business Owner,2025-10-25,Premium,YouTube
C004915,Vrinda Suresh,46,Male,Bangalore,Family,Homemaker,2025-06-18,Free,Campus Campaign
C004916,Yuvraj Prakash,43,Female,Chennai,Student,Student,2024-10-29,Premium,Campus Campaign
C004917,Leena Balasubramanian,47,Male,Coimbatore,Family,Homemaker,2024-07-11,Free,Referral
C004918,Chakradev Chauhan,23,Male,Hyderabad,Student,Student,2025-03-02,Free,Referral
C004919,Tanveer Ray,20,Female,Chennai,Family,Homemaker,2025-03-06,Free,Google
C004920,Nilima Handa,26,Female,Coimbatore,Family,Teacher,2025-12-04,Free,Campus Campaign
C004921,Alka Swamy,42,Female,Vijayawada,Student,Student,2025-10-09,Premium,Instagram
C004922,Dhruv Sama,41,Male,Bangalore,Student,Student,2025-06-11,Free,Instagram
C004923,Oscar Chadha,44,Female,Chennai,Working Professional,Software Engineer,2026-05-09,Premium,Referral
C004924,Eshana Chowdhury,59,Male,Chennai,Working Professional,Business Owner,2024-09-27,Free,Google
C004925,Qushi Sibal,47,Male,Chennai,Student,Student,2026-05-06,Premium,Google
C004926,Tanveer Sundaram,27,Male,Chennai,Family,Business Owner,2025-07-27,Free,Campus Campaign
C004927,Zansi Jaggi,39,Female,Hyderabad,Working Professional,Doctor,2026-03-24,Premium,Campus Campaign
C004928,Ishaan Pai,22,Female,Hyderabad,Student,Student,2026-01-07,Premium,Instagram
C004929,Theodore Parsa,37,Male,Bangalore,Student,Student,2025-08-14,Premium,YouTube
C004930,Januja Gupta,50,Male,Bangalore,Working Professional,Accountant,2024-08-11,Premium,YouTube
C004931,Vaishnavi Hans,18,Female,Hyderabad,Working Professional,Business Owner,2024-09-23,Premium,Google
C004932,Oeshi Zachariah,44,Male,Chennai,Student,Student,2026-05-06,Free,YouTube
C004933,Elijah Issac,59,Male,Chennai,Working Professional,Accountant,2025-09-03,Premium,Campus Campaign
C004934,Ranbir Dani,19,Male,Coimbatore,Working Professional,Business Owner,2024-09-19,Premium,Campus Campaign
C004935,Nikita Kalita,58,Male,Hyderabad,Family,Teacher,2025-03-11,Free,Referral
C004936,Priya Das,22,Male,Chennai,Working Professional,Teacher,2024-06-29,Premium,Instagram
C004937,Shivani Contractor,37,Female,Hyderabad,Working Professional,Doctor,2025-10-07,Premium,Referral
C004938,Ojas Garde,42,Female,Bangalore,Family,Business Owner,2025-09-03,Free,Instagram
C004939,Hema Kashyap,55,Female,Coimbatore,Student,Student,2025-08-23,Free,Referral
C004940,Amrita Goswami,42,Female,Vijayawada,Working Professional,Teacher,2026-04-23,Premium,YouTube
C004941,Chaitanya Dhaliwal,49,Female,Coimbatore,Student,Student,2026-03-10,Premium,Referral
C004942,Zaitra Nori,38,Female,Bangalore,Student,Student,2025-01-03,Premium,Instagram
C004943,Girik Ram,53,Male,Chennai,Student,Student,2024-12-21,Premium,Instagram
C004944,Harita Krishnamurthy,54,Male,Coimbatore,Student,Student,2024-08-17,Premium,Campus Campaign
C004945,Vedika Puri,44,Female,Bangalore,Family,Homemaker,2026-03-07,Free,Google
C004946,Chakradhar Gara,52,Female,Chennai,Working Professional,Teacher,2025-07-03,Free,Campus Campaign
C004947,Harita Sarkar,25,Female,Hyderabad,Family,Homemaker,2026-01-30,Free,Referral
C004948,Sarthak Sant,58,Female,Bangalore,Working Professional,Designer,2025-02-25,Premium,YouTube
C004949,Vedhika Shanker,47,Male,Hyderabad,Working Professional,Accountant,2024-07-24,Premium,YouTube
C004950,Zayan Verma,56,Female,Hyderabad,Working Professional,Accountant,2025-08-21,Premium,Referral
C004951,Turvi Banerjee,55,Female,Hyderabad,Student,Student,2024-09-11,Premium,Instagram
C004952,Devika Deol,35,Male,Chennai,Family,Teacher,2025-02-27,Free,Campus Campaign
C004953,Omkaar Ravel,40,Male,Hyderabad,Working Professional,Accountant,2025-06-27,Free,YouTube
C004954,Liam Rajagopal,35,Female,Hyderabad,Student,Student,2025-11-16,Free,Campus Campaign
C004955,Andrew Hegde,49,Male,Bangalore,Family,Business Owner,2024-08-14,Free,Google
C004956,Gautami Narang,20,Female,Bangalore,Student,Student,2025-06-10,Free,Referral
C004957,Kamya Wali,40,Female,Chennai,Student,Student,2025-05-04,Premium,Instagram
C004958,Jairaj Pai,30,Male,Bangalore,Student,Student,2026-02-01,Free,Referral
C004959,Ikshita Koshy,45,Female,Hyderabad,Family,Teacher,2026-05-19,Premium,Campus Campaign
C004960,Tarak Gulati,45,Female,Chennai,Family,Teacher,2025-09-12,Premium,Instagram
C004961,Rishi Menon,26,Male,Hyderabad,Student,Student,2025-10-08,Premium,YouTube
C004962,Hitesh Kala,44,Female,Bangalore,Family,Business Owner,2024-10-04,Free,Campus Campaign
C004963,Panini Mani,24,Female,Coimbatore,Family,Teacher,2025-12-25,Free,YouTube
C004964,Ronith Mahajan,41,Female,Hyderabad,Working Professional,Accountant,2025-10-15,Free,Google
C004965,Rudra Kala,31,Female,Chennai,Family,Homemaker,2025-12-19,Premium,YouTube
C004966,Ria Boase,56,Female,Bangalore,Student,Student,2025-04-22,Premium,Campus Campaign
C004967,Rayaan Karpe,29,Male,Bangalore,Working Professional,Teacher,2024-07-25,Free,Referral
C004968,Utkarsh Dutta,51,Female,Hyderabad,Family,Homemaker,2025-03-22,Premium,Instagram
C004969,Charita Tak,44,Female,Bangalore,Working Professional,Accountant,2025-07-08,Free,YouTube
C004970,Raagini Ravi,27,Female,Hyderabad,Student,Student,2025-09-06,Free,Referral
C004971,Daksh Doshi,45,Female,Coimbatore,Student,Student,2024-11-11,Free,Instagram
C004972,Anmol Ray,48,Female,Chennai,Working Professional,Doctor,2025-07-21,Free,Campus Campaign
C004973,Sneha Chadha,53,Female,Coimbatore,Family,Business Owner,2025-10-23,Premium,YouTube
C004974,Idika Taneja,30,Male,Hyderabad,Family,Teacher,2024-10-09,Free,Campus Campaign
C004975,Harsh Dhar,27,Female,Hyderabad,Student,Student,2025-07-20,Free,Google
C004976,Yasti Narasimhan,40,Male,Chennai,Family,Business Owner,2025-05-07,Free,Instagram
C004977,Ekiya Halder,22,Male,Hyderabad,Student,Student,2025-05-08,Free,Google
C004978,Nathaniel Kapadia,56,Female,Bangalore,Working Professional,Designer,2025-07-22,Free,Google
C004979,Ayushman Nadkarni,37,Female,Hyderabad,Working Professional,Software Engineer,2026-05-10,Free,Referral
C004980,Girish Ramanathan,55,Female,Bangalore,Family,Business Owner,2026-01-07,Free,Referral
C004981,Pahal Mammen,54,Male,Bangalore,Family,Teacher,2025-11-04,Premium,Instagram
C004982,Daniel Chandran,60,Female,Hyderabad,Working Professional,Business Owner,2024-08-04,Premium,Campus Campaign
C004983,Aarini Rana,29,Female,Hyderabad,Family,Homemaker,2024-09-10,Free,Campus Campaign
C004984,Chandran Karan,35,Female,Chennai,Working Professional,Designer,2024-11-15,Premium,Referral
C004985,Sneha Sunder,26,Female,Hyderabad,Working Professional,Accountant,2026-01-11,Free,Referral
C004986,Kala Rau,40,Female,Chennai,Student,Student,2024-08-17,Premium,Google
C004987,Laksh Dhar,33,Female,Bangalore,Student,Student,2026-04-11,Free,Google
C004988,Jonathan Gala,30,Male,Bangalore,Student,Student,2025-11-03,Premium,YouTube
C004989,Benjamin Prakash,40,Male,Bangalore,Working Professional,Business Owner,2024-11-04,Free,Campus Campaign
C004990,Faras Tank,18,Female,Chennai,Student,Student,2025-09-15,Premium,YouTube
C004991,Nandini Kala,25,Male,Bangalore,Working Professional,Designer,2025-07-03,Free,YouTube
C004992,Adweta Yohannan,38,Male,Hyderabad,Student,Student,2025-01-10,Premium,Campus Campaign
C004993,Lakshmi Prabhu,23,Female,Chennai,Working Professional,Business Owner,2025-09-02,Free,Google
C004994,Aarna Nagarajan,54,Female,Chennai,Family,Teacher,2024-12-16,Free,YouTube
C004995,Yashvi Chandra,58,Female,Hyderabad,Family,Teacher,2026-03-28,Premium,YouTube
C004996,Arunima Dada,32,Male,Bangalore,Student,Student,2026-03-27,Premium,Referral
C004997,Nicholas Viswanathan,23,Female,Chennai,Student,Student,2024-10-31,Premium,Referral
C004998,Kalpit Kanda,24,Male,Chennai,Student,Student,2024-12-21,Premium,Campus Campaign
C004999,Bina Contractor,51,Male,Hyderabad,Family,Teacher,2024-10-15,Free,Instagram
C005000,Hamsini Bava,55,Female,Bangalore,Student,Student,2026-05-19,Free,Campus Campaign
