review_id,order_id,customer_id,restaurant_rating,delivery_rating
RV0041143,O0041165,C001456,4,4
RV0006887,O0006890,C000921,3,4
RV0019599,O0019609,C004171,5,4
RV0033393,O0033408,C004874,3,4
RV0045194,O0045219,C001015,4,4
RV0003493,O0003494,C001391,3,3
RV0000725,O0000726,C003541,3,3
RV0030638,O0030651,C000354,4,5
RV0037536,O0037554,C001489,5,3
RV0020726,O0020736,C000103,4,4
RV0048109,O0048137,C000630,3,5
RV0005159,O0005161,C001726,5,3
RV0046579,O0046606,C003955,5,4
RV0019031,O0019041,C000674,5,3
RV0022807,O0022817,C000839,4,4
RV0032477,O0032492,C003538,3,5
RV0029284,O0029297,C001988,5,3
RV0040190,O0040211,C004109,5,5
RV0019148,O0019158,C003278,3,5
RV0028405,O0028418,C001692,4,4
RV0031146,O0031160,C000114,5,4
RV0012865,O0012872,C004058,3,5
RV0036177,O0036195,C001918,5,4
RV0017561,O0017570,C004805,5,5
RV0009758,O0009763,C000395,4,4
RV0014845,O0014853,C002164,4,3
RV0026848,O0026859,C002060,5,3
RV0010810,O0010816,C003143,5,3
RV0000199,O0000200,C002385,3,4
RV0026964,O0026975,C000734,5,4
RV0045361,O0045386,C001967,3,4
RV0003494,O0003495,C002175,3,3
RV0034804,O0034820,C002888,3,3
RV0040735,O0040757,C001558,5,4
RV0028035,O0028048,C000722,4,4
RV0041417,O0041439,C004750,4,4
RV0038731,O0038750,C000198,4,4
RV0045493,O0045518,C003746,4,3
RV0034306,O0034321,C000565,3,4
RV0049093,O0049122,C000829,4,5
RV0041388,O0041410,C003688,4,5
RV0044169,O0044193,C000973,3,3
RV0027059,O0027071,C004992,3,5
RV0044037,O0044061,C002539,3,5
RV0019200,O0019210,C000671,5,4
RV0027440,O0027453,C002292,4,5
RV0005662,O0005664,C001936,3,4
RV0019620,O0019630,C003017,4,4
RV0030747,O0030761,C002510,5,5
RV0038424,O0038442,C003945,4,3
RV0001414,O0001415,C000740,3,4
RV0023823,O0023833,C000574,4,3
RV0042265,O0042287,C003328,4,3
RV0015853,O0015861,C003036,5,5
RV0041201,O0041223,C001877,4,4
RV0040584,O0040606,C001891,3,4
RV0014217,O0014225,C000542,4,5
RV0046611,O0046638,C002529,3,5
RV0049160,O0049189,C000640,5,4
RV0010378,O0010383,C000504,4,3
RV0031052,O0031066,C003666,3,4
RV0034755,O0034771,C001497,5,4
RV0021981,O0021991,C002485,3,4
RV0041837,O0041859,C000850,3,4
RV0009804,O0009809,C001535,5,3
RV0033267,O0033282,C003210,5,3
RV0034951,O0034967,C000792,4,3
RV0033984,O0033999,C003287,4,4
RV0043151,O0043175,C004693,3,3
RV0039911,O0039932,C000520,4,3
RV0021465,O0021475,C002592,4,5
RV0004057,O0004058,C003279,4,4
RV0009931,O0009936,C000450,4,5
RV0047001,O0047028,C001128,3,3
RV0035689,O0035705,C001409,3,4
RV0044614,O0044639,C004861,3,3
RV0009058,O0009063,C002898,3,4
RV0000879,O0000880,C003965,5,3
RV0024168,O0024178,C004959,3,5
RV0007786,O0007791,C001307,5,4
RV0017150,O0017158,C004485,5,4
RV0032128,O0032143,C004260,4,3
RV0046293,O0046320,C002675,4,4
RV0044204,O0044228,C002641,5,3
RV0041008,O0041030,C004697,3,4
RV0040559,O0040581,C000289,3,5
RV0020728,O0020738,C002291,5,5
RV0024738,O0024748,C001675,4,5
RV0037718,O0037736,C001340,3,4
RV0049919,O0049949,C003991,4,5
RV0042388,O0042410,C001673,4,4
RV0040604,O0040626,C004498,4,5
RV0035610,O0035626,C004404,3,3
RV0030045,O0030058,C001010,5,3
RV0033834,O0033849,C001283,4,4
RV0035793,O0035809,C004051,3,3
RV0044092,O0044116,C004686,4,5
RV0046739,O0046766,C004409,3,5
RV0034362,O0034378,C002331,4,3
RV0006188,O0006190,C000773,3,5
RV0025891,O0025901,C000607,3,5
RV0006556,O0006559,C001583,4,3
RV0043948,O0043972,C004796,3,5
RV0043032,O0043056,C004901,5,4
RV0038913,O0038932,C002759,3,3
RV0014036,O0014044,C003505,5,5
RV0044890,O0044915,C004568,5,5
RV0034377,O0034393,C002870,5,5
RV0001118,O0001119,C003158,4,4
RV0015359,O0015367,C000662,3,3
RV0000672,O0000673,C002983,4,4
RV0004256,O0004257,C001776,5,3
RV0047745,O0047773,C003342,3,3
RV0010050,O0010055,C001583,3,3
RV0025057,O0025067,C004417,4,4
RV0025674,O0025684,C001943,3,5
RV0030291,O0030304,C004386,4,3
RV0048098,O0048126,C003136,5,5
RV0048342,O0048370,C000835,3,5
RV0037391,O0037409,C001068,4,4
RV0049450,O0049480,C000169,4,4
RV0037906,O0037924,C004987,4,5
RV0011044,O0011050,C004414,4,5
RV0006262,O0006264,C004508,3,4
RV0031214,O0031228,C003918,5,4
RV0029606,O0029619,C001249,4,5
RV0035650,O0035666,C003658,4,5
RV0045899,O0045925,C002843,5,3
RV0031710,O0031724,C004579,4,3
RV0006400,O0006403,C002296,4,3
RV0039817,O0039838,C003576,4,4
RV0033456,O0033471,C001712,5,3
RV0005803,O0005805,C004258,3,3
RV0029117,O0029130,C004788,4,5
RV0032010,O0032025,C001598,5,3
RV0047812,O0047840,C002705,5,4
RV0025080,O0025090,C003477,5,4
RV0043079,O0043103,C001472,4,5
RV0017134,O0017142,C001401,5,5
RV0004128,O0004129,C000703,3,3
RV0020252,O0020262,C001520,4,3
RV0013624,O0013631,C001042,4,4
RV0015236,O0015244,C002125,4,5
RV0047563,O0047591,C004586,3,4
RV0005908,O0005910,C003835,5,5
RV0027084,O0027096,C000515,4,5
RV0033155,O0033170,C001960,4,3
RV0015871,O0015879,C004382,5,5
RV0004759,O0004761,C001429,5,3
RV0033794,O0033809,C002125,4,5
RV0048642,O0048670,C002909,5,3
RV0043654,O0043678,C000411,5,4
RV0006954,O0006957,C003151,5,3
RV0043115,O0043139,C003984,4,3
RV0025961,O0025971,C001663,4,5
RV0008718,O0008723,C000622,4,4
RV0038868,O0038887,C001161,4,5
RV0013400,O0013407,C001404,4,5
RV0025581,O0025591,C001055,4,5
RV0006778,O0006781,C001029,5,4
RV0002530,O0002531,C002448,5,4
RV0020736,O0020746,C000931,4,4
RV0038007,O0038025,C000166,5,3
RV0005010,O0005012,C004143,4,5
RV0033493,O0033508,C000867,3,3
RV0005245,O0005247,C003382,4,5
RV0029543,O0029556,C003292,5,3
RV0038873,O0038892,C003113,4,4
RV0043144,O0043168,C002029,3,4
RV0006890,O0006893,C002207,5,4
RV0014169,O0014177,C002055,4,5
RV0008407,O0008412,C000775,4,5
RV0027096,O0027108,C003581,5,4
RV0045437,O0045462,C002544,5,5
RV0027797,O0027810,C000669,4,3
RV0029370,O0029383,C001915,4,5
RV0049775,O0049805,C003492,4,4
RV0037976,O0037994,C000346,5,5
RV0037171,O0037189,C000795,3,4
RV0045364,O0045389,C003626,5,3
RV0016694,O0016702,C000369,3,3
RV0044627,O0044652,C003027,3,3
RV0014971,O0014979,C000509,3,4
RV0008525,O0008530,C002764,4,3
RV0010175,O0010180,C001091,3,3
RV0020624,O0020634,C003753,5,5
RV0009606,O0009611,C003193,5,3
RV0043926,O0043950,C002505,5,5
RV0041554,O0041576,C000431,4,5
RV0030894,O0030908,C000483,5,3
RV0040442,O0040464,C004414,4,5
RV0004772,O0004774,C001071,4,4
RV0016726,O0016734,C004680,4,5
RV0044492,O0044516,C003230,5,4
RV0016612,O0016620,C003946,5,4
RV0044274,O0044298,C001261,4,3
RV0006576,O0006579,C004178,3,4
RV0024458,O0024468,C001555,5,3
RV0020512,O0020522,C003353,4,5
RV0033704,O0033719,C004730,3,4
RV0021479,O0021489,C001341,5,3
RV0001900,O0001901,C004981,5,5
RV0018592,O0018602,C001375,5,5
RV0006322,O0006324,C001598,3,4
RV0013310,O0013317,C004814,4,5
RV0043325,O0043349,C003139,3,3
RV0039103,O0039123,C004798,5,3
RV0019723,O0019733,C003947,3,4
RV0011732,O0011739,C003086,5,4
RV0003785,O0003786,C001413,3,3
RV0020123,O0020133,C003022,4,3
RV0031565,O0031579,C004392,4,5
RV0029646,O0029659,C003207,5,5
RV0022177,O0022187,C001656,3,5
RV0005227,O0005229,C002261,5,4
RV0006804,O0006807,C003679,3,4
RV0046466,O0046493,C004193,3,4
RV0036728,O0036746,C001812,5,4
RV0006056,O0006058,C004972,3,5
RV0035778,O0035794,C004431,5,4
RV0003604,O0003605,C002666,5,5
RV0009389,O0009394,C001042,5,4
RV0021028,O0021038,C003443,5,4
RV0037843,O0037861,C002555,4,4
RV0011960,O0011967,C003257,3,3
RV0047284,O0047312,C002343,4,4
RV0006687,O0006690,C001414,5,3
RV0021838,O0021848,C001948,3,3
RV0029708,O0029721,C004470,3,5
RV0041948,O0041970,C001154,4,4
RV0048334,O0048362,C004922,5,3
RV0004086,O0004087,C004669,5,5
RV0043047,O0043071,C002006,5,5
RV0047581,O0047609,C001797,3,4
RV0037088,O0037106,C004746,4,3
RV0011337,O0011343,C004007,4,3
RV0039879,O0039900,C002611,5,5
RV0008404,O0008409,C002771,3,5
RV0036479,O0036497,C004076,5,3
RV0046429,O0046456,C000886,5,5
RV0017827,O0017836,C002650,3,3
RV0023288,O0023298,C003332,4,4
RV0009068,O0009073,C004462,4,3
RV0015130,O0015138,C001471,4,4
RV0017901,O0017911,C004022,4,3
RV0014774,O0014782,C002146,4,4
RV0000147,O0000148,C002816,5,5
RV0001822,O0001823,C000714,4,5
RV0012980,O0012987,C004395,4,4
RV0010598,O0010603,C003273,5,3
RV0009451,O0009456,C004005,4,3
RV0000292,O0000293,C000365,4,4
RV0009648,O0009653,C002528,5,5
RV0032878,O0032893,C001326,5,3
RV0032672,O0032687,C004113,5,4
RV0015022,O0015030,C003559,5,4
RV0022587,O0022597,C000207,5,3
RV0000508,O0000509,C002179,5,3
RV0042171,O0042193,C002346,5,4
RV0019529,O0019539,C003865,3,5
RV0026713,O0026724,C003412,4,3
RV0028912,O0028925,C001303,5,4
RV0048607,O0048635,C000903,3,3
RV0022988,O0022998,C004800,4,3
RV0015897,O0015905,C004984,3,4
RV0011262,O0011268,C003621,5,4
RV0048035,O0048063,C000863,3,4
RV0032752,O0032767,C004392,3,5
RV0029898,O0029911,C001737,3,3
RV0029807,O0029820,C002876,5,3
RV0006850,O0006853,C000420,5,5
RV0026210,O0026220,C002934,5,4
RV0013370,O0013377,C004012,3,3
RV0038257,O0038275,C002383,3,3
RV0013182,O0013189,C003021,5,5
RV0024534,O0024544,C003943,5,5
RV0000659,O0000660,C001135,3,5
RV0048370,O0048398,C002722,5,4
RV0018399,O0018409,C003886,5,3
RV0027436,O0027449,C001272,5,3
RV0000262,O0000263,C003410,5,4
RV0026317,O0026327,C000721,4,5
RV0031938,O0031953,C003076,4,4
RV0015805,O0015813,C001255,3,3
RV0044132,O0044156,C001719,4,3
RV0012733,O0012740,C002092,4,3
RV0023079,O0023089,C000911,3,4
RV0049124,O0049153,C004861,5,4
RV0003885,O0003886,C002105,5,4
RV0014337,O0014345,C004573,5,3
RV0046967,O0046994,C003692,5,5
RV0035352,O0035368,C001649,3,4
RV0034170,O0034185,C003948,5,4
RV0033121,O0033136,C002199,4,3
RV0044396,O0044420,C002186,5,4
RV0011645,O0011651,C003143,4,4
RV0021659,O0021669,C002347,3,4
RV0041229,O0041251,C001051,4,5
RV0015821,O0015829,C002508,5,5
RV0036105,O0036123,C001445,3,5
RV0034871,O0034887,C001706,5,4
RV0029879,O0029892,C002958,5,3
RV0025042,O0025052,C001562,3,5
RV0048386,O0048414,C002998,3,5
RV0026656,O0026667,C002434,5,3
RV0028606,O0028619,C003747,5,4
RV0017455,O0017464,C004903,3,4
RV0007677,O0007681,C000114,4,5
RV0018144,O0018154,C002483,5,3
RV0046928,O0046955,C003874,3,4
RV0011032,O0011038,C003297,4,5
RV0008393,O0008398,C002471,5,4
RV0038305,O0038323,C000601,5,3
RV0012187,O0012194,C003755,4,5
RV0034331,O0034346,C004106,3,3
RV0018299,O0018309,C003402,3,4
RV0036511,O0036529,C004779,4,5
RV0004155,O0004156,C003573,5,4
RV0005876,O0005878,C001358,5,3
RV0029649,O0029662,C000491,4,3
RV0021013,O0021023,C004205,4,4
RV0013835,O0013842,C004465,5,5
RV0009733,O0009738,C004060,3,5
RV0037403,O0037421,C001608,3,4
RV0031421,O0031435,C002526,4,5
RV0048043,O0048071,C003783,4,5
RV0007646,O0007650,C001123,4,3
RV0039433,O0039454,C002687,3,5
RV0030650,O0030663,C002655,4,4
RV0030452,O0030465,C003418,4,5
RV0016522,O0016530,C000572,3,4
RV0008658,O0008663,C002256,4,3
RV0042083,O0042105,C004391,3,3
RV0004070,O0004071,C003340,5,5
RV0022325,O0022335,C002706,4,3
RV0027686,O0027699,C002443,4,3
RV0009061,O0009066,C001795,5,3
RV0028104,O0028117,C002390,4,4
RV0022877,O0022887,C003437,3,3
RV0045564,O0045589,C000836,3,4
RV0016662,O0016670,C000668,4,3
RV0001566,O0001567,C000665,4,4
RV0013744,O0013751,C004421,3,3
RV0017497,O0017506,C003156,3,4
RV0035898,O0035914,C004598,3,4
RV0026542,O0026553,C002491,5,5
RV0003221,O0003222,C004261,4,3
RV0014261,O0014269,C003555,4,5
RV0031557,O0031571,C002668,3,3
RV0038643,O0038662,C003366,4,3
RV0039769,O0039790,C001733,3,3
RV0002672,O0002673,C004075,3,5
RV0033864,O0033879,C003256,3,5
RV0006111,O0006113,C002185,3,4
RV0019511,O0019521,C000570,5,5
RV0021626,O0021636,C004443,5,5
RV0025109,O0025119,C002901,3,3
RV0042692,O0042715,C004958,3,3
RV0045524,O0045549,C002925,3,5
RV0015056,O0015064,C004316,3,3
RV0021345,O0021355,C001409,5,3
RV0040793,O0040815,C000607,3,4
RV0039142,O0039162,C000967,4,5
RV0031680,O0031694,C001713,3,3
RV0040058,O0040079,C000364,5,3
RV0011474,O0011480,C003880,3,3
RV0000985,O0000986,C004272,3,5
RV0029469,O0029482,C004632,4,5
RV0007499,O0007503,C002941,4,3
RV0046095,O0046121,C003387,4,4
RV0021980,O0021990,C003728,4,5
RV0025151,O0025161,C002168,4,3
RV0003519,O0003520,C002025,4,3
RV0001406,O0001407,C004137,3,4
RV0006653,O0006656,C004443,4,4
RV0035415,O0035431,C001932,4,3
RV0038982,O0039001,C004744,3,5
RV0023445,O0023455,C002776,3,5
RV0003661,O0003662,C001347,4,3
RV0015108,O0015116,C004446,3,3
RV0035630,O0035646,C001557,4,3
RV0042937,O0042960,C004074,3,3
RV0022265,O0022275,C004782,5,4
RV0038903,O0038922,C002074,4,5
RV0004469,O0004470,C003988,3,3
RV0036423,O0036441,C000419,4,5
RV0039408,O0039429,C002387,3,3
RV0018726,O0018736,C000669,5,4
RV0038933,O0038952,C004954,3,5
RV0024441,O0024451,C000527,3,4
RV0039293,O0039313,C002876,4,4
RV0015262,O0015270,C001477,5,4
RV0036308,O0036326,C004561,5,3
RV0001590,O0001591,C002989,3,5
RV0009549,O0009554,C004762,5,5
RV0027336,O0027349,C000730,4,5
RV0003279,O0003280,C004368,5,5
RV0010798,O0010804,C002881,4,5
RV0047470,O0047498,C000845,5,3
RV0023349,O0023359,C002380,5,5
RV0017812,O0017821,C001451,5,3
RV0016711,O0016719,C002956,4,5
RV0044451,O0044475,C003046,5,5
RV0048161,O0048189,C001536,4,4
RV0047744,O0047772,C003141,4,3
RV0014881,O0014889,C001793,5,4
RV0044443,O0044467,C000063,5,3
RV0045944,O0045970,C004316,4,5
RV0036438,O0036456,C001257,4,4
RV0019051,O0019061,C003722,4,3
RV0026131,O0026141,C003706,5,5
RV0032339,O0032354,C004088,3,3
RV0025445,O0025455,C001657,5,3
RV0020355,O0020365,C004986,4,3
RV0030601,O0030614,C002416,5,4
RV0035787,O0035803,C004947,5,3
RV0034922,O0034938,C004929,4,4
RV0045877,O0045903,C003720,4,3
RV0011808,O0011815,C001486,4,5
RV0001792,O0001793,C000279,3,5
RV0046548,O0046575,C001326,5,4
RV0005466,O0005468,C001134,3,3
RV0045621,O0045646,C001355,4,5
RV0049008,O0049036,C004536,3,5
RV0025234,O0025244,C002729,4,3
RV0047091,O0047118,C001164,3,3
RV0039712,O0039733,C004900,5,4
RV0022860,O0022870,C001095,5,4
RV0012551,O0012558,C002106,4,3
RV0007478,O0007482,C002919,4,4
RV0048536,O0048564,C003864,3,3
RV0011100,O0011106,C001678,4,3
RV0030156,O0030169,C001097,4,5
RV0001388,O0001389,C004184,5,5
RV0013637,O0013644,C002143,3,4
RV0001941,O0001942,C000867,5,4
RV0009661,O0009666,C000712,5,4
RV0021056,O0021066,C000849,3,3
RV0027451,O0027464,C002332,3,4
RV0010894,O0010900,C000394,4,5
RV0013989,O0013997,C000449,4,3
RV0007360,O0007364,C004563,3,3
RV0048923,O0048951,C002740,4,3
RV0036054,O0036072,C004176,3,4
RV0009621,O0009626,C003818,3,5
RV0021022,O0021032,C002015,4,5
RV0047480,O0047508,C001329,5,5
RV0000314,O0000315,C000823,4,5
RV0048021,O0048049,C002927,4,4
RV0013683,O0013690,C000598,4,3
RV0012556,O0012563,C001748,4,5
RV0001599,O0001600,C004768,5,5
RV0018478,O0018488,C003280,3,4
RV0031564,O0031578,C000868,4,3
RV0028326,O0028339,C001749,3,3
RV0019013,O0019023,C000079,5,4
RV0025486,O0025496,C004035,5,3
RV0030546,O0030559,C004474,3,4
RV0004119,O0004120,C004695,5,3
RV0000708,O0000709,C004010,3,4
RV0009744,O0009749,C001596,5,4
RV0022853,O0022863,C004149,4,3
RV0021231,O0021241,C003032,4,5
RV0012065,O0012072,C004344,4,5
RV0008517,O0008522,C001320,3,4
RV0035962,O0035979,C002479,4,3
RV0022147,O0022157,C001775,3,3
RV0034389,O0034405,C004101,5,5
RV0004855,O0004857,C004141,4,5
RV0045566,O0045591,C001807,3,5
RV0048870,O0048898,C000635,4,3
RV0005222,O0005224,C002963,5,3
RV0022629,O0022639,C002154,5,3
RV0029852,O0029865,C001706,5,5
RV0018273,O0018283,C001075,5,3
RV0030605,O0030618,C003034,3,5
RV0046213,O0046239,C003792,3,5
RV0036008,O0036025,C000987,3,5
RV0028338,O0028351,C001318,5,4
RV0004248,O0004249,C004728,5,5
RV0014934,O0014942,C000574,4,3
RV0025248,O0025258,C004436,5,5
RV0001003,O0001004,C002790,5,5
RV0038633,O0038652,C000666,3,5
RV0008883,O0008888,C000735,4,5
RV0019475,O0019485,C004197,5,3
RV0045425,O0045450,C002460,4,4
RV0041686,O0041708,C001529,5,3
RV0049473,O0049503,C001462,4,5
RV0031974,O0031989,C002267,3,3
RV0043708,O0043732,C002815,5,3
RV0019646,O0019656,C004225,5,5
RV0001498,O0001499,C002569,5,3
RV0028143,O0028156,C004352,4,5
RV0031641,O0031655,C004900,3,3
RV0009738,O0009743,C003238,4,3
RV0011682,O0011688,C003471,5,5
RV0042703,O0042726,C000265,3,3
RV0005751,O0005753,C001656,5,4
RV0009100,O0009105,C004373,5,4
RV0012001,O0012008,C001656,4,3
RV0041301,O0041323,C004972,4,3
RV0024694,O0024704,C000496,5,3
RV0017757,O0017766,C000308,5,3
RV0034059,O0034074,C000581,4,3
RV0038788,O0038807,C003036,3,3
RV0018607,O0018617,C000546,3,4
RV0001122,O0001123,C002866,4,3
RV0001570,O0001571,C001362,5,4
RV0045144,O0045169,C004350,3,4
RV0020568,O0020578,C002554,5,5
RV0012757,O0012764,C004857,4,3
RV0036045,O0036063,C002433,5,3
RV0010873,O0010879,C002679,3,3
RV0005152,O0005154,C000645,5,3
RV0038103,O0038121,C004914,5,3
RV0020663,O0020673,C001001,3,3
RV0016174,O0016182,C004975,5,3
RV0037996,O0038014,C004363,4,4
RV0025096,O0025106,C003627,5,5
RV0027349,O0027362,C002093,3,4
RV0040837,O0040859,C002831,4,3
RV0046255,O0046282,C004380,4,3
RV0027535,O0027548,C004514,3,3
RV0045281,O0045306,C003116,5,3
RV0020944,O0020954,C003162,4,3
RV0017004,O0017012,C004707,3,5
RV0039953,O0039974,C001142,3,5
RV0020589,O0020599,C003230,5,5
RV0008442,O0008447,C002974,4,3
RV0024456,O0024466,C003958,5,3
RV0022777,O0022787,C003979,5,4
RV0009955,O0009960,C000848,5,5
RV0029045,O0029058,C001067,5,3
RV0037730,O0037748,C004599,3,3
RV0032871,O0032886,C002984,4,5
RV0042935,O0042958,C002481,4,3
RV0029857,O0029870,C004459,5,4
RV0028961,O0028974,C000707,3,3
RV0004315,O0004316,C000905,4,4
RV0043838,O0043862,C002913,5,5
RV0022646,O0022656,C001323,3,5
RV0004622,O0004623,C000389,4,3
RV0016730,O0016738,C000982,4,3
RV0007955,O0007960,C001274,3,3
RV0008274,O0008279,C000431,4,4
RV0006347,O0006349,C004700,4,5
RV0019664,O0019674,C002872,4,5
RV0038459,O0038478,C004155,5,5
RV0028711,O0028724,C001827,3,3
RV0024531,O0024541,C000719,5,4
RV0034833,O0034849,C003793,4,3
RV0016814,O0016822,C000474,4,3
RV0041851,O0041873,C000897,3,5
RV0037488,O0037506,C000414,5,3
RV0018046,O0018056,C000713,4,4
RV0047627,O0047655,C000032,3,5
RV0019424,O0019434,C000802,3,4
RV0020190,O0020200,C000743,3,3
RV0014922,O0014930,C000269,4,4
RV0006648,O0006651,C004861,4,4
RV0002593,O0002594,C004639,4,4
RV0002741,O0002742,C002449,5,5
RV0045748,O0045774,C002538,5,5
RV0035749,O0035765,C004655,3,3
RV0032374,O0032389,C004770,4,4
RV0049471,O0049501,C004983,5,5
RV0010852,O0010858,C004444,3,4
RV0017018,O0017026,C001279,3,4
RV0042850,O0042873,C000407,5,4
RV0002182,O0002183,C004117,4,5
RV0028581,O0028594,C002424,3,3
RV0006923,O0006926,C004642,5,5
RV0002008,O0002009,C000506,3,5
RV0011035,O0011041,C004504,3,3
RV0013671,O0013678,C004727,3,4
RV0012230,O0012237,C002165,5,3
RV0007264,O0007267,C000503,3,3
RV0018154,O0018164,C003817,5,3
RV0049666,O0049696,C003381,3,3
RV0008929,O0008934,C003043,3,3
RV0046992,O0047019,C002013,5,5
RV0023712,O0023722,C004770,4,4
RV0018917,O0018927,C002180,3,3
RV0047824,O0047852,C002268,5,4
RV0000004,O0000005,C002578,3,3
RV0041634,O0041656,C000245,4,3
RV0036908,O0036926,C004584,5,3
RV0047722,O0047750,C004003,3,3
RV0045937,O0045963,C000698,3,5
RV0027502,O0027515,C001277,3,3
RV0038222,O0038240,C002064,4,3
RV0048335,O0048363,C002404,4,5
RV0024613,O0024623,C000763,5,4
RV0022371,O0022381,C000133,3,4
RV0040789,O0040811,C004191,3,4
RV0004273,O0004274,C002658,4,5
RV0027847,O0027860,C000644,4,3
RV0031163,O0031177,C001602,5,5
RV0007982,O0007987,C002904,5,3
RV0017867,O0017877,C001969,3,5
RV0035197,O0035213,C004416,5,3
RV0027753,O0027766,C004526,3,3
RV0025438,O0025448,C000368,3,5
RV0014788,O0014796,C004080,4,4
RV0002418,O0002419,C004293,5,3
RV0049138,O0049167,C002744,4,3
RV0042782,O0042805,C004242,4,5
RV0039107,O0039127,C003535,3,3
RV0040756,O0040778,C003371,5,4
RV0004969,O0004971,C002929,4,4
RV0037025,O0037043,C001701,4,3
RV0021197,O0021207,C002334,4,3
RV0025728,O0025738,C004755,5,5
RV0047136,O0047163,C004077,5,4
RV0002493,O0002494,C004408,5,5
RV0005011,O0005013,C003285,4,5
RV0046980,O0047007,C003507,4,3
RV0027905,O0027918,C001306,3,5
RV0020204,O0020214,C000979,5,5
RV0039356,O0039376,C001543,5,3
RV0011077,O0011083,C003666,5,3
RV0037470,O0037488,C003515,5,3
RV0012372,O0012379,C004006,3,3
RV0006075,O0006077,C001285,4,4
RV0048872,O0048900,C004045,4,3
RV0004455,O0004456,C001451,3,3
RV0024749,O0024759,C003328,5,3
RV0006567,O0006570,C003878,3,5
RV0019007,O0019017,C002849,5,4
RV0033863,O0033878,C004268,5,3
RV0026175,O0026185,C003985,3,5
RV0044660,O0044685,C003327,5,3
RV0022508,O0022518,C000040,3,4
RV0009957,O0009962,C004334,3,3
RV0021812,O0021822,C002219,4,5
RV0042798,O0042821,C003940,3,3
RV0033849,O0033864,C004019,3,3
RV0041414,O0041436,C003768,4,3
RV0047786,O0047814,C002693,5,4
RV0005089,O0005091,C001618,5,5
RV0008454,O0008459,C003316,3,5
RV0041147,O0041169,C000791,3,4
RV0036362,O0036380,C004851,3,5
RV0036842,O0036860,C000662,3,3
RV0034632,O0034648,C003407,4,4
RV0017703,O0017712,C004271,5,4
RV0027362,O0027375,C004512,3,5
RV0021967,O0021977,C004549,5,5
RV0026280,O0026290,C001979,3,4
RV0007220,O0007223,C004239,3,4
RV0014194,O0014202,C000277,5,3
RV0039212,O0039232,C003143,3,4
RV0007514,O0007518,C000554,4,4
RV0049907,O0049937,C000872,3,5
RV0007122,O0007125,C000445,4,3
RV0036760,O0036778,C003671,4,4
RV0012429,O0012436,C003462,3,4
RV0049485,O0049515,C004269,5,3
RV0016196,O0016204,C003099,3,3
RV0040676,O0040698,C003078,4,4
RV0026522,O0026533,C003410,5,3
RV0030474,O0030487,C004790,5,5
RV0009430,O0009435,C002946,5,5
RV0002213,O0002214,C003774,3,4
RV0004348,O0004349,C004114,5,4
RV0028855,O0028868,C001182,4,4
RV0032707,O0032722,C004383,5,5
RV0033602,O0033617,C003821,4,3
RV0042329,O0042351,C000957,5,5
RV0019214,O0019224,C004163,4,3
RV0046650,O0046677,C003950,4,5
RV0024683,O0024693,C001272,3,5
RV0019696,O0019706,C000484,4,5
RV0049687,O0049717,C001352,4,3
RV0038279,O0038297,C002211,4,3
RV0008180,O0008185,C002602,5,3
RV0044763,O0044788,C004859,3,4
RV0035691,O0035707,C004372,5,3
RV0042974,O0042997,C004186,4,3
RV0019287,O0019297,C004616,3,5
RV0000821,O0000822,C004331,5,4
RV0026007,O0026017,C001393,4,3
RV0027298,O0027311,C001437,3,3
RV0014446,O0014454,C000036,4,3
RV0040732,O0040754,C001784,3,4
RV0020480,O0020490,C002009,3,3
RV0027401,O0027414,C002038,5,5
RV0045313,O0045338,C004380,4,3
RV0026054,O0026064,C003495,5,5
RV0009932,O0009937,C000605,5,3
RV0024422,O0024432,C000626,3,4
RV0043084,O0043108,C002940,4,4
RV0016158,O0016166,C002727,4,5
RV0006427,O0006430,C002214,3,4
RV0038214,O0038232,C002928,4,5
RV0044707,O0044732,C003478,4,4
RV0042597,O0042620,C004117,5,5
RV0003053,O0003054,C003317,4,4
RV0045870,O0045896,C001052,4,3
RV0044830,O0044855,C003551,5,3
RV0028654,O0028667,C002733,5,5
RV0042362,O0042384,C004572,5,5
RV0017896,O0017906,C000944,3,3
RV0023403,O0023413,C001550,4,4
RV0009011,O0009016,C003122,5,4
RV0006946,O0006949,C004110,3,5
RV0043991,O0044015,C001635,5,5
RV0046220,O0046246,C000262,4,5
RV0000628,O0000629,C000781,5,3
RV0029207,O0029220,C002738,3,3
RV0038051,O0038069,C003616,3,3
RV0011029,O0011035,C003463,3,4
RV0026136,O0026146,C002479,5,4
RV0006965,O0006968,C004557,5,4
RV0048141,O0048169,C004530,5,3
RV0010192,O0010197,C002079,4,5
RV0002996,O0002997,C001282,5,5
RV0048363,O0048391,C002121,4,4
RV0038146,O0038164,C002635,4,4
RV0044667,O0044692,C001492,4,3
RV0016124,O0016132,C001813,5,5
RV0007321,O0007324,C003386,4,5
RV0022136,O0022146,C002979,3,3
RV0008435,O0008440,C002333,5,3
RV0012957,O0012964,C000880,3,3
RV0030051,O0030064,C001815,3,4
RV0004805,O0004807,C003606,4,4
RV0010166,O0010171,C003283,5,3
RV0035881,O0035897,C003268,4,3
RV0030250,O0030263,C003296,5,4
RV0017176,O0017184,C002376,4,5
RV0043107,O0043131,C004084,4,3
RV0015280,O0015288,C000697,3,3
RV0032812,O0032827,C003098,5,4
RV0043283,O0043307,C001388,4,3
RV0048138,O0048166,C000783,4,4
RV0034993,O0035009,C003550,3,3
RV0017962,O0017972,C002231,5,4
RV0016545,O0016553,C002214,3,4
RV0028224,O0028237,C001092,3,3
RV0020235,O0020245,C002892,3,3
RV0004246,O0004247,C000530,4,5
RV0023773,O0023783,C001658,4,5
RV0014522,O0014530,C004271,3,3
RV0013066,O0013073,C000213,3,4
RV0028749,O0028762,C000250,5,4
RV0004817,O0004819,C002868,5,5
RV0018809,O0018819,C003700,4,5
RV0039017,O0039036,C004623,5,3
RV0011886,O0011893,C004582,3,3
RV0015253,O0015261,C000640,3,3
RV0029577,O0029590,C003205,3,4
RV0030235,O0030248,C002842,4,5
RV0041204,O0041226,C004511,3,4
RV0049585,O0049615,C004254,3,4
RV0049721,O0049751,C001317,5,3
RV0021347,O0021357,C003582,5,5
RV0027057,O0027069,C001860,3,5
RV0027316,O0027329,C000282,3,4
RV0030780,O0030794,C003610,3,3
RV0026497,O0026508,C004281,3,5
RV0023794,O0023804,C000500,5,5
RV0027342,O0027355,C004496,4,5
RV0001390,O0001391,C004354,3,3
RV0043827,O0043851,C002143,3,3
RV0014552,O0014560,C003730,5,5
RV0027089,O0027101,C004242,3,4
RV0047039,O0047066,C002069,4,5
RV0046683,O0046710,C000054,5,4
RV0021068,O0021078,C004370,3,4
RV0010434,O0010439,C004603,5,4
RV0009022,O0009027,C002247,3,3
RV0011846,O0011853,C002427,4,3
RV0034355,O0034371,C002935,4,5
RV0012894,O0012901,C003594,3,3
RV0023855,O0023865,C002619,3,3
RV0024492,O0024502,C002446,3,3
RV0019018,O0019028,C003834,3,3
RV0022160,O0022170,C002139,5,4
RV0013473,O0013480,C001480,3,3
RV0028280,O0028293,C000185,3,4
RV0035304,O0035320,C002034,4,4
RV0018903,O0018913,C002401,4,5
RV0035837,O0035853,C001579,4,5
RV0035226,O0035242,C000458,3,4
RV0024186,O0024196,C003242,3,4
RV0006623,O0006626,C001200,3,4
RV0006211,O0006213,C003186,5,4
RV0014608,O0014616,C001758,5,3
RV0016839,O0016847,C000269,4,5
RV0020795,O0020805,C002806,5,3
RV0010949,O0010955,C004568,3,5
RV0031400,O0031414,C001370,3,3
RV0027896,O0027909,C003605,3,3
RV0023462,O0023472,C001383,3,3
RV0027650,O0027663,C003298,3,5
RV0020870,O0020880,C000042,3,4
RV0018129,O0018139,C002999,5,5
RV0006651,O0006654,C002044,3,5
RV0014625,O0014633,C000038,5,5
RV0038448,O0038466,C002213,4,5
RV0005977,O0005979,C003820,5,4
RV0001030,O0001031,C003233,3,4
RV0008420,O0008425,C004739,3,3
RV0014712,O0014720,C002503,3,5
RV0024958,O0024968,C002875,5,3
RV0045060,O0045085,C000650,3,4
RV0014815,O0014823,C001734,4,3
RV0032676,O0032691,C002264,3,5
RV0029051,O0029064,C003569,5,3
RV0047708,O0047736,C001705,4,5
RV0007964,O0007969,C002658,5,3
RV0035473,O0035489,C000846,3,4
RV0001901,O0001902,C003551,3,4
RV0047666,O0047694,C002791,4,5
RV0022033,O0022043,C002478,4,5
RV0012915,O0012922,C001304,5,5
RV0010814,O0010820,C003257,5,5
RV0007337,O0007340,C002217,4,4
RV0029514,O0029527,C000401,4,4
RV0020744,O0020754,C000766,5,3
RV0045747,O0045773,C002197,5,4
RV0036565,O0036583,C000344,4,4
RV0033413,O0033428,C001973,3,3
RV0033273,O0033288,C002411,3,5
RV0010639,O0010644,C001662,4,5
RV0020109,O0020119,C004966,5,4
RV0002982,O0002983,C001614,3,3
RV0043034,O0043058,C004068,3,4
RV0039377,O0039397,C000234,5,5
RV0000416,O0000417,C000286,5,5
RV0022294,O0022304,C004290,4,5
RV0013443,O0013450,C000722,5,5
RV0023239,O0023249,C003331,5,3
RV0049930,O0049960,C003517,4,5
RV0032014,O0032029,C004331,5,5
RV0017571,O0017580,C004838,4,3
RV0028079,O0028092,C000698,4,5
RV0014441,O0014449,C004317,3,5
RV0019438,O0019448,C001733,5,4
RV0005794,O0005796,C001142,3,5
RV0032641,O0032656,C003802,4,4
RV0047828,O0047856,C002615,3,5
RV0036610,O0036628,C000452,5,5
RV0021960,O0021970,C001172,5,4
RV0016176,O0016184,C001682,4,5
RV0001603,O0001604,C002642,5,4
RV0044154,O0044178,C001715,5,3
RV0030597,O0030610,C003197,4,4
RV0005304,O0005306,C002517,5,3
RV0018902,O0018912,C001060,4,5
RV0022855,O0022865,C002935,5,4
RV0003003,O0003004,C004030,3,4
RV0025918,O0025928,C004814,5,4
RV0016162,O0016170,C003251,5,3
RV0028932,O0028945,C001424,4,3
RV0009877,O0009882,C001199,4,4
RV0012292,O0012299,C001661,4,5
RV0024543,O0024553,C003874,3,3
RV0036808,O0036826,C001808,5,4
RV0037031,O0037049,C000453,4,5
RV0014240,O0014248,C000836,4,3
RV0028911,O0028924,C004072,4,5
RV0004892,O0004894,C000405,3,4
RV0017258,O0017267,C000479,3,5
RV0037913,O0037931,C000120,3,3
RV0008350,O0008355,C001795,3,3
RV0017132,O0017140,C001464,3,3
RV0030584,O0030597,C001526,3,5
RV0041666,O0041688,C000925,5,4
RV0003617,O0003618,C000556,5,3
RV0029678,O0029691,C001067,5,4
RV0031108,O0031122,C003012,5,5
RV0007841,O0007846,C001842,5,4
RV0007976,O0007981,C003235,3,4
RV0029456,O0029469,C000303,5,4
RV0029560,O0029573,C002369,3,4
RV0025045,O0025055,C000736,3,5
RV0001738,O0001739,C000423,5,4
RV0007753,O0007758,C000450,4,5
RV0034204,O0034219,C001591,5,5
RV0002441,O0002442,C002653,3,4
RV0003850,O0003851,C004392,3,3
RV0048566,O0048594,C000125,4,5
RV0024907,O0024917,C002704,5,3
RV0028340,O0028353,C002614,5,5
RV0016580,O0016588,C001027,5,3
RV0049959,O0049989,C001279,5,3
RV0049816,O0049846,C000818,5,3
RV0005746,O0005748,C000183,3,5
RV0007652,O0007656,C004959,5,4
RV0026511,O0026522,C000129,5,5
RV0014829,O0014837,C004008,3,3
RV0000167,O0000168,C000354,5,3
RV0026300,O0026310,C000347,3,4
RV0001219,O0001220,C002018,5,5
RV0012671,O0012678,C003768,5,4
RV0043379,O0043403,C001670,3,5
RV0015959,O0015967,C004120,4,5
RV0010791,O0010797,C004505,3,5
RV0014835,O0014843,C001908,3,3
RV0002868,O0002869,C000697,3,4
RV0010279,O0010284,C004216,5,3
RV0037868,O0037886,C001705,3,4
RV0018532,O0018542,C001328,5,4
RV0009480,O0009485,C000539,5,5
RV0042264,O0042286,C001801,4,4
RV0036099,O0036117,C002619,3,4
RV0020412,O0020422,C001075,3,3
RV0018246,O0018256,C004661,4,3
RV0016492,O0016500,C001254,5,4
RV0048134,O0048162,C002048,5,4
RV0001507,O0001508,C001980,5,4
RV0005872,O0005874,C001327,5,4
RV0035641,O0035657,C002190,5,5
RV0028257,O0028270,C000011,4,5
RV0023931,O0023941,C001024,5,5
RV0038312,O0038330,C002667,5,3
RV0004305,O0004306,C001261,4,3
RV0025124,O0025134,C004818,4,5
RV0034515,O0034531,C001859,3,5
RV0030240,O0030253,C004141,4,4
RV0002322,O0002323,C003684,4,3
RV0029773,O0029786,C000187,3,5
RV0035849,O0035865,C003562,5,3
RV0008468,O0008473,C004206,3,4
RV0042177,O0042199,C004280,4,4
RV0015481,O0015489,C004309,3,4
RV0010629,O0010634,C003101,4,5
RV0049528,O0049558,C002099,3,3
RV0045289,O0045314,C001058,3,5
RV0021796,O0021806,C003256,4,3
RV0047208,O0047235,C003991,5,3
RV0018527,O0018537,C002048,5,3
RV0031863,O0031878,C002254,3,5
RV0037880,O0037898,C003286,3,3
RV0000850,O0000851,C001207,3,3
RV0047894,O0047922,C003674,4,4
RV0040945,O0040967,C002272,4,4
RV0014720,O0014728,C004584,4,5
RV0001640,O0001641,C004398,4,5
RV0035250,O0035266,C001858,5,5
RV0042132,O0042154,C003958,3,5
RV0044161,O0044185,C004405,5,4
RV0037107,O0037125,C001525,3,3
RV0046533,O0046560,C002372,3,3
RV0010369,O0010374,C001194,4,4
RV0048592,O0048620,C004180,4,5
RV0033841,O0033856,C002941,5,5
RV0018056,O0018066,C004515,3,3
RV0046987,O0047014,C000257,3,3
RV0023149,O0023159,C002574,4,5
RV0022395,O0022405,C003402,3,5
RV0015463,O0015471,C004434,3,5
RV0025941,O0025951,C003634,3,5
RV0003840,O0003841,C000380,4,5
RV0047419,O0047447,C002020,3,3
RV0000998,O0000999,C002091,5,3
RV0046430,O0046457,C002598,4,4
RV0038721,O0038740,C002896,5,3
RV0032325,O0032340,C003063,3,4
RV0046106,O0046132,C004178,5,3
RV0020349,O0020359,C000926,5,4
RV0017593,O0017602,C001872,4,5
RV0017351,O0017360,C003421,4,3
RV0034604,O0034620,C000590,5,5
RV0002729,O0002730,C000631,3,3
RV0017037,O0017045,C002317,5,3
RV0004504,O0004505,C003447,4,3
RV0013249,O0013256,C003607,4,5
RV0008409,O0008414,C004985,3,4
RV0049913,O0049943,C001996,4,3
RV0009289,O0009294,C004655,5,5
RV0017487,O0017496,C000090,3,4
RV0022621,O0022631,C004840,4,5
RV0036765,O0036783,C003457,5,3
RV0033557,O0033572,C003718,3,5
RV0006232,O0006234,C001439,4,5
RV0015517,O0015525,C004519,3,4
RV0034141,O0034156,C000975,4,5
RV0008225,O0008230,C002792,3,4
RV0047103,O0047130,C004550,5,3
RV0025661,O0025671,C004113,4,3
RV0002757,O0002758,C000677,4,5
RV0049905,O0049935,C003946,4,4
RV0001444,O0001445,C002617,3,3
RV0009199,O0009204,C002149,4,3
RV0007678,O0007682,C004727,3,3
RV0044216,O0044240,C004043,4,4
RV0021254,O0021264,C004475,3,3
RV0010276,O0010281,C002731,4,4
RV0022962,O0022972,C002033,4,4
RV0041663,O0041685,C000527,5,4
RV0008690,O0008695,C004393,5,4
RV0049694,O0049724,C003377,4,4
RV0021854,O0021864,C004382,3,3
RV0013034,O0013041,C001119,5,3
RV0044771,O0044796,C000218,4,3
RV0024637,O0024647,C001984,3,5
RV0012414,O0012421,C002480,5,5
RV0008257,O0008262,C002382,5,4
RV0033696,O0033711,C000750,4,5
RV0038378,O0038396,C001016,5,5
RV0018479,O0018489,C002935,4,5
RV0025627,O0025637,C003987,4,3
RV0037807,O0037825,C004851,5,4
RV0022654,O0022664,C004602,5,3
RV0012895,O0012902,C001673,4,4
RV0023787,O0023797,C002343,4,4
RV0046575,O0046602,C001312,3,3
RV0012695,O0012702,C000008,3,3
RV0043649,O0043673,C004143,5,5
RV0003431,O0003432,C003501,5,4
RV0002354,O0002355,C004561,3,5
RV0014100,O0014108,C001600,5,3
RV0007932,O0007937,C000309,4,5
RV0002954,O0002955,C000460,5,5
RV0048238,O0048266,C004931,5,3
RV0049586,O0049616,C004377,5,3
RV0019802,O0019812,C003423,5,3
RV0045472,O0045497,C002485,4,4
RV0029406,O0029419,C001078,4,3
RV0004775,O0004777,C002478,3,3
RV0006293,O0006295,C001772,5,4
RV0018238,O0018248,C004303,5,5
RV0016115,O0016123,C002808,5,5
RV0033163,O0033178,C003230,5,5
RV0005553,O0005555,C000120,4,3
RV0015000,O0015008,C003262,4,4
RV0017897,O0017907,C001777,4,3
RV0033264,O0033279,C000262,3,3
RV0000465,O0000466,C000462,3,5
RV0039899,O0039920,C001734,4,3
RV0030616,O0030629,C004045,3,5
RV0015665,O0015673,C002357,5,3
RV0045720,O0045745,C004787,4,3
RV0000564,O0000565,C001386,4,3
RV0037682,O0037700,C000498,4,5
RV0041562,O0041584,C003384,4,3
RV0026343,O0026353,C003314,3,4
RV0012052,O0012059,C001691,4,4
RV0016386,O0016394,C000927,3,4
RV0021206,O0021216,C003780,3,3
RV0008470,O0008475,C001479,3,3
RV0027274,O0027287,C000926,4,4
RV0029652,O0029665,C001620,5,5
RV0036965,O0036983,C001661,5,4
RV0035008,O0035024,C003699,5,5
RV0017403,O0017412,C004655,3,4
RV0027524,O0027537,C001084,4,5
RV0040496,O0040518,C000640,4,4
RV0026466,O0026477,C000077,3,3
RV0036431,O0036449,C002030,4,5
RV0002360,O0002361,C002277,4,5
RV0047765,O0047793,C002842,5,5
RV0014749,O0014757,C000156,5,4
RV0037796,O0037814,C001995,4,4
RV0019652,O0019662,C000605,4,4
RV0013488,O0013495,C001243,3,3
RV0014128,O0014136,C004734,3,3
RV0023725,O0023735,C000411,3,3
RV0048761,O0048789,C000270,3,4
RV0009861,O0009866,C002330,4,5
RV0046141,O0046167,C000243,3,5
RV0019313,O0019323,C002607,4,4
RV0020135,O0020145,C000450,3,5
RV0019850,O0019860,C001858,5,4
RV0018349,O0018359,C003345,3,4
RV0038879,O0038898,C003082,4,4
RV0033218,O0033233,C001907,3,3
RV0015714,O0015722,C001976,5,3
RV0011875,O0011882,C002109,3,3
RV0023992,O0024002,C004186,3,4
RV0041550,O0041572,C000396,5,3
RV0039678,O0039699,C001651,3,4
RV0035223,O0035239,C004875,4,4
RV0032324,O0032339,C001455,4,3
RV0009672,O0009677,C004404,4,3
RV0010708,O0010713,C002121,3,3
RV0024001,O0024011,C002599,5,4
RV0026939,O0026950,C004266,3,5
RV0012618,O0012625,C001815,5,4
RV0034497,O0034513,C003023,5,4
RV0035325,O0035341,C001137,5,4
RV0047878,O0047906,C004411,5,4
RV0047452,O0047480,C000234,5,5
RV0048685,O0048713,C003171,4,3
RV0001655,O0001656,C003923,3,4
RV0011729,O0011736,C003114,3,4
RV0048038,O0048066,C001904,5,4
RV0000644,O0000645,C004357,3,4
RV0001039,O0001040,C002839,4,3
RV0027876,O0027889,C003962,4,3
RV0032958,O0032973,C000846,3,3
RV0000332,O0000333,C003624,3,5
RV0013094,O0013101,C002756,4,5
RV0028262,O0028275,C004750,4,3
RV0023409,O0023419,C002586,5,5
RV0008145,O0008150,C000290,5,4
RV0026217,O0026227,C003841,5,4
RV0016197,O0016205,C003435,4,5
RV0027351,O0027364,C002233,5,4
RV0009925,O0009930,C002411,3,5
RV0049132,O0049161,C000229,3,3
RV0025798,O0025808,C003204,4,5
RV0004449,O0004450,C002158,3,5
RV0013168,O0013175,C003511,4,4
RV0016133,O0016141,C001267,4,3
RV0011348,O0011354,C004929,3,4
RV0035885,O0035901,C000196,5,5
RV0018700,O0018710,C004487,3,4
RV0036772,O0036790,C003847,4,3
RV0029561,O0029574,C002253,4,5
RV0038785,O0038804,C002336,5,4
RV0048663,O0048691,C002717,3,4
RV0032377,O0032392,C002368,4,5
RV0048558,O0048586,C004132,3,5
RV0041648,O0041670,C001231,4,5
RV0028678,O0028691,C000866,5,3
RV0023965,O0023975,C003285,3,5
RV0002210,O0002211,C001069,4,3
RV0004850,O0004852,C002314,5,3
RV0006067,O0006069,C001465,5,4
RV0044689,O0044714,C002898,4,4
RV0012214,O0012221,C000074,3,5
RV0026764,O0026775,C004995,4,4
RV0049305,O0049334,C003006,3,3
RV0027221,O0027234,C004610,4,3
RV0043807,O0043831,C003823,3,3
RV0042754,O0042777,C002366,5,5
RV0011225,O0011231,C003222,3,3
RV0003919,O0003920,C001311,3,4
RV0019785,O0019795,C002048,5,5
RV0040051,O0040072,C004718,5,4
RV0047181,O0047208,C002561,5,5
RV0022921,O0022931,C001834,4,4
RV0006193,O0006195,C004164,3,4
RV0037417,O0037435,C000068,5,3
RV0027903,O0027916,C000355,5,5
RV0021222,O0021232,C003019,4,5
RV0001536,O0001537,C000188,3,4
RV0006367,O0006369,C002655,3,3
RV0002189,O0002190,C002074,4,5
RV0000484,O0000485,C002679,5,4
RV0034934,O0034950,C002341,4,4
RV0023494,O0023504,C004416,4,5
RV0042244,O0042266,C000024,3,4
RV0006224,O0006226,C004872,5,5
RV0004883,O0004885,C002974,3,4
RV0024964,O0024974,C003042,5,3
RV0006921,O0006924,C002411,4,4
RV0035562,O0035578,C000793,5,5
RV0027875,O0027888,C004029,4,4
RV0024640,O0024650,C003289,4,3
RV0011504,O0011510,C000760,5,4
RV0046637,O0046664,C003228,4,4
RV0023921,O0023931,C002565,5,3
RV0030233,O0030246,C001707,4,4
RV0006835,O0006838,C004888,5,3
RV0019308,O0019318,C000181,3,4
RV0019833,O0019843,C003888,5,3
RV0003037,O0003038,C001535,5,5
RV0030040,O0030053,C003041,3,5
RV0002574,O0002575,C002957,4,3
RV0011069,O0011075,C000711,4,5
RV0015292,O0015300,C001957,3,4
RV0034135,O0034150,C001605,3,5
RV0024579,O0024589,C000891,4,3
RV0018192,O0018202,C004114,4,3
RV0045875,O0045901,C003148,3,3
RV0021958,O0021968,C004179,5,3
RV0047816,O0047844,C001065,4,3
RV0008297,O0008302,C003362,5,4
RV0033812,O0033827,C003038,5,3
RV0031141,O0031155,C001486,5,5
RV0021368,O0021378,C003800,3,3
RV0036229,O0036247,C002389,5,3
RV0037288,O0037306,C004733,3,5
RV0009303,O0009308,C004766,3,3
RV0020668,O0020678,C004676,3,4
RV0023859,O0023869,C000601,3,4
RV0031581,O0031595,C002653,3,5
RV0037613,O0037631,C004196,3,4
RV0048599,O0048627,C003559,5,4
RV0005966,O0005968,C003755,3,3
RV0045497,O0045522,C004048,5,5
RV0014737,O0014745,C000830,3,4
RV0039215,O0039235,C004445,4,5
RV0004408,O0004409,C004464,5,4
RV0013501,O0013508,C004431,4,3
RV0021203,O0021213,C003602,5,4
RV0029575,O0029588,C000340,3,3
RV0034357,O0034373,C002505,5,5
RV0020909,O0020919,C000216,5,4
RV0010146,O0010151,C000799,3,5
RV0040853,O0040875,C000054,3,4
RV0038465,O0038484,C003783,3,4
RV0013431,O0013438,C003592,4,5
RV0020145,O0020155,C003447,5,4
RV0030371,O0030384,C000899,5,4
RV0007406,O0007410,C001932,4,3
RV0006365,O0006367,C004157,4,3
RV0036266,O0036284,C003675,5,3
RV0043453,O0043477,C004219,5,4
RV0020735,O0020745,C004370,4,3
RV0021544,O0021554,C003333,4,5
RV0045987,O0046013,C001657,5,3
RV0021052,O0021062,C002179,3,4
RV0042249,O0042271,C000092,5,3
RV0005308,O0005310,C002194,4,4
RV0007673,O0007677,C002481,5,3
RV0034372,O0034388,C003898,3,3
RV0042996,O0043020,C000191,3,4
RV0042672,O0042695,C001897,5,3
RV0028751,O0028764,C000321,3,4
RV0001232,O0001233,C004335,5,4
RV0005676,O0005678,C004294,5,5
RV0039826,O0039847,C002796,3,5
RV0002608,O0002609,C002483,5,4
RV0042323,O0042345,C002228,3,4
RV0042254,O0042276,C001192,5,5
RV0036673,O0036691,C003473,5,3
RV0049612,O0049642,C000324,4,4
RV0038854,O0038873,C002448,4,5
RV0020273,O0020283,C003069,5,4
RV0022213,O0022223,C003936,5,4
RV0011327,O0011333,C000234,3,3
RV0010417,O0010422,C001022,5,3
RV0031070,O0031084,C001243,5,3
RV0037229,O0037247,C001386,5,4
RV0015028,O0015036,C001243,5,4
RV0027595,O0027608,C004804,3,4
RV0005395,O0005397,C003743,5,3
RV0047060,O0047087,C000358,5,3
RV0012594,O0012601,C001750,3,5
RV0017020,O0017028,C004313,4,4
RV0042184,O0042206,C002985,3,5
RV0004826,O0004828,C001274,3,5
RV0008870,O0008875,C001966,3,3
RV0007142,O0007145,C002557,4,5
RV0007890,O0007895,C001167,5,3
RV0006484,O0006487,C000522,3,3
RV0048390,O0048418,C002025,3,5
RV0030217,O0030230,C000172,4,3
RV0018483,O0018493,C004074,3,4
RV0032816,O0032831,C000741,4,5
RV0009620,O0009625,C002768,3,4
RV0015118,O0015126,C003891,3,5
RV0038860,O0038879,C003620,5,5
RV0030385,O0030398,C004947,4,3
RV0024513,O0024523,C004028,4,4
RV0017244,O0017253,C003580,3,3
RV0033249,O0033264,C000375,4,5
RV0033424,O0033439,C004874,5,5
RV0003502,O0003503,C001862,3,3
RV0014276,O0014284,C002661,5,5
RV0010229,O0010234,C001187,4,5
RV0044845,O0044870,C002355,4,4
RV0031088,O0031102,C000993,4,5
RV0012140,O0012147,C001961,5,3
RV0030888,O0030902,C001929,5,4
RV0027568,O0027581,C003792,5,4
RV0033509,O0033524,C000647,4,5
RV0007266,O0007269,C001183,3,3
RV0009683,O0009688,C001146,3,4
RV0006916,O0006919,C004250,3,3
RV0032811,O0032826,C003628,4,4
RV0048221,O0048249,C003849,4,3
RV0039489,O0039510,C000682,4,5
RV0014577,O0014585,C003355,3,4
RV0026988,O0026999,C001173,4,5
RV0024525,O0024535,C000112,5,4
RV0029027,O0029040,C000761,5,5
RV0042636,O0042659,C003331,3,4
RV0010821,O0010827,C001698,4,4
RV0034517,O0034533,C003704,4,5
RV0000664,O0000665,C000366,4,3
RV0019104,O0019114,C004141,5,4
RV0030969,O0030983,C004437,4,4
RV0032340,O0032355,C001904,4,5
RV0025211,O0025221,C004721,3,3
RV0000501,O0000502,C002240,3,3
RV0024592,O0024602,C001636,4,4
RV0015940,O0015948,C001016,5,3
RV0021025,O0021035,C003158,4,4
RV0028236,O0028249,C003220,4,4
RV0029524,O0029537,C002979,4,3
RV0045363,O0045388,C000594,4,5
RV0034834,O0034850,C004756,3,3
RV0013625,O0013632,C002868,4,4
RV0007592,O0007596,C000298,3,5
RV0004867,O0004869,C001145,5,5
RV0018868,O0018878,C000294,3,4
RV0028195,O0028208,C002746,3,4
RV0028136,O0028149,C001155,3,4
RV0028638,O0028651,C000994,5,5
RV0006268,O0006270,C001573,4,4
RV0044881,O0044906,C004831,5,3
RV0018143,O0018153,C001958,4,5
RV0020483,O0020493,C000925,5,3
RV0035836,O0035852,C004500,4,3
RV0003154,O0003155,C000494,5,5
RV0004828,O0004830,C001512,3,5
RV0017052,O0017060,C003712,5,4
RV0047860,O0047888,C004736,5,5
RV0045686,O0045711,C001217,3,5
RV0046905,O0046932,C004205,5,5
RV0034797,O0034813,C004371,3,5
RV0015039,O0015047,C000050,3,3
RV0015555,O0015563,C004682,5,5
RV0031444,O0031458,C002968,5,4
RV0006769,O0006772,C003798,5,3
RV0012488,O0012495,C004629,4,5
RV0022338,O0022348,C003787,4,3
RV0015888,O0015896,C000742,5,4
RV0014303,O0014311,C001379,5,4
RV0024465,O0024475,C002919,5,5
RV0004524,O0004525,C002550,4,4
RV0037746,O0037764,C004062,5,4
RV0046657,O0046684,C001899,3,3
RV0001114,O0001115,C002831,5,4
RV0004377,O0004378,C000840,3,3
RV0026353,O0026363,C000824,4,3
RV0043284,O0043308,C000260,4,5
RV0044347,O0044371,C000591,3,3
RV0033817,O0033832,C003280,5,4
RV0020845,O0020855,C000057,5,4
RV0049938,O0049968,C001384,4,5
RV0016614,O0016622,C002850,3,3
RV0047778,O0047806,C000606,5,4
RV0013519,O0013526,C000676,5,4
RV0014643,O0014651,C002770,4,4
RV0047379,O0047407,C000957,5,4
RV0016109,O0016117,C004956,5,5
RV0042884,O0042907,C004685,5,3
RV0028329,O0028342,C003686,3,3
RV0014572,O0014580,C002591,4,5
RV0019741,O0019751,C004884,3,5
RV0014782,O0014790,C001245,3,5
RV0002969,O0002970,C004120,4,4
RV0006515,O0006518,C004809,3,4
RV0033531,O0033546,C000580,3,5
RV0018806,O0018816,C000511,4,5
RV0006660,O0006663,C002063,4,3
RV0027014,O0027025,C001516,5,5
RV0024344,O0024354,C001375,4,5
RV0007359,O0007362,C000222,3,3
RV0045299,O0045324,C004689,3,5
RV0024333,O0024343,C001165,5,3
RV0015027,O0015035,C001176,5,5
RV0007905,O0007910,C004031,3,3
RV0024199,O0024209,C000027,4,4
RV0044828,O0044853,C004271,5,3
RV0026525,O0026536,C004642,5,4
RV0003180,O0003181,C001936,3,5
RV0040508,O0040530,C003570,3,5
RV0018424,O0018434,C004801,5,5
RV0046538,O0046565,C003004,4,5
RV0014421,O0014429,C002276,3,3
RV0012136,O0012143,C002722,4,5
RV0041589,O0041611,C004940,4,5
RV0030147,O0030160,C003815,3,4
RV0021851,O0021861,C002742,5,5
RV0029268,O0029281,C001639,5,5
RV0038730,O0038749,C000758,5,4
RV0027786,O0027799,C001173,5,4
RV0030007,O0030020,C004217,3,3
RV0031637,O0031651,C002429,3,3
RV0009523,O0009528,C001928,5,4
RV0046385,O0046412,C000954,5,3
RV0010441,O0010446,C002442,5,4
RV0026260,O0026270,C002488,3,5
RV0004233,O0004234,C002660,4,4
RV0034027,O0034042,C003190,3,5
RV0033851,O0033866,C003665,5,4
RV0029153,O0029166,C000840,4,3
RV0018666,O0018676,C001907,3,3
RV0031699,O0031713,C003564,4,5
RV0026584,O0026595,C004943,4,5
RV0010636,O0010641,C004383,5,3
RV0044566,O0044591,C002951,5,4
RV0038310,O0038328,C003418,3,3
RV0031779,O0031793,C002185,3,3
RV0003863,O0003864,C001825,3,4
RV0032558,O0032573,C003139,5,4
RV0047149,O0047176,C004586,5,4
RV0027943,O0027956,C003082,4,3
RV0012851,O0012858,C000404,5,5
RV0032260,O0032275,C003345,4,5
RV0032662,O0032677,C001936,4,5
RV0040525,O0040547,C002682,4,4
RV0019127,O0019137,C004633,3,3
RV0043616,O0043640,C004193,4,3
RV0009126,O0009131,C000065,3,4
RV0031584,O0031598,C004463,5,3
RV0002561,O0002562,C000006,3,3
RV0040912,O0040934,C002366,5,4
RV0038419,O0038437,C002857,4,4
RV0007200,O0007203,C000151,4,3
RV0029496,O0029509,C001208,5,3
RV0045087,O0045112,C002972,4,4
RV0027593,O0027606,C002157,4,5
RV0032176,O0032191,C004032,3,5
RV0045618,O0045643,C001767,3,5
RV0043365,O0043389,C004118,5,5
RV0037092,O0037110,C004535,4,5
RV0010009,O0010014,C000705,5,4
RV0025751,O0025761,C003640,5,3
RV0010189,O0010194,C004159,3,3
RV0040400,O0040421,C002983,3,4
RV0018965,O0018975,C000339,4,3
RV0014511,O0014519,C004175,3,5
RV0002191,O0002192,C004240,3,5
RV0039355,O0039375,C003708,5,3
RV0015917,O0015925,C000776,5,4
RV0036460,O0036478,C004117,4,3
RV0013075,O0013082,C004151,5,3
RV0048206,O0048234,C000214,5,5
RV0021441,O0021451,C001125,5,3
RV0009988,O0009993,C003479,4,5
RV0020091,O0020101,C000626,5,3
RV0034186,O0034201,C002530,3,4
RV0011843,O0011850,C002107,5,3
RV0012539,O0012546,C000306,4,5
RV0011189,O0011195,C002022,3,5
RV0014896,O0014904,C004168,5,5
RV0008675,O0008680,C002405,4,5
RV0018315,O0018325,C004601,3,5
RV0002791,O0002792,C002497,5,3
RV0038895,O0038914,C004912,4,4
RV0027884,O0027897,C000620,3,3
RV0036097,O0036115,C003000,3,3
RV0007133,O0007136,C000410,5,5
RV0008088,O0008093,C000193,4,4
RV0007205,O0007208,C004531,3,5
RV0020761,O0020771,C002177,4,5
RV0011247,O0011253,C000397,4,4
RV0017554,O0017563,C001979,5,4
RV0008543,O0008548,C001902,4,4
RV0049142,O0049171,C003898,5,5
RV0046703,O0046730,C001644,5,5
RV0006194,O0006196,C000739,3,4
RV0008293,O0008298,C003696,3,5
RV0003025,O0003026,C000086,4,4
RV0036318,O0036336,C003315,4,3
RV0021528,O0021538,C001510,5,5
RV0040462,O0040484,C001009,5,5
RV0031638,O0031652,C002097,5,4
RV0041514,O0041536,C000757,4,4
RV0020971,O0020981,C002245,3,4
RV0032887,O0032902,C004024,3,5
RV0019165,O0019175,C004483,5,4
RV0015459,O0015467,C003757,4,4
RV0009254,O0009259,C004455,5,3
RV0032785,O0032800,C002025,3,3
RV0027227,O0027240,C004973,4,5
RV0043716,O0043740,C000463,4,4
RV0011625,O0011631,C000574,3,3
RV0031181,O0031195,C004797,4,3
RV0004035,O0004036,C003604,5,5
RV0028778,O0028791,C000356,5,3
RV0047078,O0047105,C000723,4,4
RV0017880,O0017890,C001580,5,5
RV0022008,O0022018,C000300,3,3
RV0011910,O0011917,C000788,3,5
RV0045039,O0045064,C003707,3,3
RV0005215,O0005217,C000782,3,5
RV0005763,O0005765,C002426,3,5
RV0042469,O0042492,C001839,4,4
RV0005879,O0005881,C000873,5,3
RV0026487,O0026498,C004408,5,5
RV0012923,O0012930,C003639,4,3
RV0044791,O0044816,C001996,5,5
RV0041729,O0041751,C003170,3,4
RV0012431,O0012438,C004755,5,4
RV0019647,O0019657,C001697,5,4
RV0011912,O0011919,C003149,3,5
RV0012006,O0012013,C002677,3,3
RV0001812,O0001813,C002318,3,3
RV0017313,O0017322,C000580,5,4
RV0008807,O0008812,C004098,4,3
RV0008530,O0008535,C002409,3,3
RV0002975,O0002976,C001976,4,3
RV0035834,O0035850,C003351,5,3
RV0037243,O0037261,C000603,4,4
RV0007852,O0007857,C002853,5,4
RV0001422,O0001423,C003700,4,5
RV0046862,O0046889,C001302,5,3
RV0041758,O0041780,C000146,3,3
RV0008020,O0008025,C004360,4,4
RV0008564,O0008569,C000806,4,3
RV0007615,O0007619,C002982,3,5
RV0004844,O0004846,C000384,4,4
RV0017026,O0017034,C001566,5,4
RV0001644,O0001645,C001129,5,3
RV0034155,O0034170,C003483,4,3
RV0022905,O0022915,C004707,5,4
RV0014526,O0014534,C003871,3,5
RV0018233,O0018243,C001637,4,5
RV0017736,O0017745,C001657,3,4
RV0041647,O0041669,C004559,3,4
RV0002885,O0002886,C002910,4,3
RV0028655,O0028668,C001401,4,3
RV0025503,O0025513,C001197,3,3
RV0015694,O0015702,C000067,4,5
RV0009725,O0009730,C000232,3,4
RV0044167,O0044191,C001612,4,4
RV0007511,O0007515,C000795,3,5
RV0042699,O0042722,C004974,3,5
RV0047274,O0047302,C003519,4,3
RV0016886,O0016894,C000542,4,5
RV0040169,O0040190,C000669,4,3
RV0025668,O0025678,C000044,5,4
RV0038766,O0038785,C001724,5,5
RV0022479,O0022489,C000944,3,4
RV0042930,O0042953,C003789,4,4
RV0017608,O0017617,C002135,5,5
RV0047488,O0047516,C004152,3,4
RV0018289,O0018299,C000852,5,4
RV0044163,O0044187,C003874,4,3
RV0048283,O0048311,C000306,4,3
RV0013451,O0013458,C001737,4,4
RV0024120,O0024130,C001076,3,3
RV0012157,O0012164,C003793,4,5
RV0017530,O0017539,C000862,3,3
RV0000543,O0000544,C000927,3,4
RV0031080,O0031094,C002275,4,4
RV0034391,O0034407,C002139,4,3
RV0039528,O0039549,C001442,3,4
RV0001163,O0001164,C000015,4,3
RV0014023,O0014031,C000094,5,4
RV0004982,O0004984,C004291,4,4
RV0010829,O0010835,C004341,5,4
RV0026817,O0026828,C002482,4,3
RV0027291,O0027304,C002784,4,4
RV0046340,O0046367,C004868,5,5
RV0035606,O0035622,C004207,4,3
RV0005396,O0005398,C000963,4,3
RV0020629,O0020639,C003998,4,4
RV0018858,O0018868,C002552,3,3
RV0017666,O0017675,C002929,3,5
RV0021569,O0021579,C003181,5,3
RV0034277,O0034292,C001085,5,5
RV0021121,O0021131,C000692,5,5
RV0026890,O0026901,C004036,5,5
RV0030833,O0030847,C004731,5,4
RV0006847,O0006850,C001568,4,5
RV0046081,O0046107,C003055,5,3
RV0025549,O0025559,C004847,5,3
RV0010577,O0010582,C001813,4,3
RV0013000,O0013007,C002671,3,4
RV0037759,O0037777,C002171,5,4
RV0036158,O0036176,C003081,5,4
RV0007306,O0007309,C000358,3,4
RV0011638,O0011644,C000096,4,5
RV0049317,O0049346,C003973,3,5
RV0045219,O0045244,C003792,3,4
RV0004788,O0004790,C003814,4,3
RV0047854,O0047882,C004479,5,5
RV0017002,O0017010,C004736,5,5
RV0005823,O0005825,C004335,4,5
RV0018843,O0018853,C002243,3,3
RV0014361,O0014369,C002896,3,5
RV0048746,O0048774,C003957,5,5
RV0041087,O0041109,C003178,3,4
RV0032059,O0032074,C003986,5,3
RV0038540,O0038559,C001730,4,4
RV0021273,O0021283,C002323,5,4
RV0040071,O0040092,C004446,5,5
RV0048111,O0048139,C003151,3,4
RV0018398,O0018408,C001874,5,3
RV0042940,O0042963,C004821,5,5
RV0034212,O0034227,C001068,3,5
RV0042365,O0042387,C003823,4,5
RV0025806,O0025816,C002525,4,3
RV0034614,O0034630,C003860,4,3
RV0043744,O0043768,C000736,4,4
RV0027816,O0027829,C004571,4,5
RV0035070,O0035086,C002994,3,3
RV0011771,O0011778,C000714,3,4
RV0039609,O0039630,C003826,3,3
RV0042052,O0042074,C001115,3,3
RV0008477,O0008482,C002552,4,4
RV0001005,O0001006,C004455,5,3
RV0003418,O0003419,C003485,3,5
RV0022602,O0022612,C004040,4,3
RV0000454,O0000455,C001058,4,4
RV0033390,O0033405,C001958,4,3
RV0018804,O0018814,C000732,5,4
RV0039068,O0039087,C003259,5,3
RV0048186,O0048214,C003616,3,5
RV0009536,O0009541,C003157,3,4
RV0003928,O0003929,C001736,4,5
RV0030931,O0030945,C001443,4,3
RV0044309,O0044333,C004649,5,5
RV0049061,O0049089,C003039,4,5
RV0043895,O0043919,C003850,4,5
RV0037450,O0037468,C000185,3,4
RV0007519,O0007523,C003729,3,3
RV0045637,O0045662,C002096,3,4
RV0023415,O0023425,C000421,5,4
RV0005990,O0005992,C004238,5,5
RV0046231,O0046258,C003184,3,3
RV0003377,O0003378,C001789,4,4
RV0009105,O0009110,C001644,3,5
RV0007324,O0007327,C001560,3,3
RV0039596,O0039617,C002924,3,4
RV0035816,O0035832,C000876,4,4
RV0039039,O0039058,C002320,3,4
RV0015384,O0015392,C004326,4,4
RV0044377,O0044401,C001538,3,3
RV0032436,O0032451,C001427,5,4
RV0030862,O0030876,C001751,4,3
RV0024330,O0024340,C000912,5,4
RV0029507,O0029520,C004378,3,4
RV0031811,O0031825,C002737,5,4
RV0011359,O0011365,C001998,3,4
RV0020520,O0020530,C002071,5,3
RV0044802,O0044827,C003735,5,5
RV0032587,O0032602,C002488,3,3
RV0047799,O0047827,C004675,4,4
RV0012350,O0012357,C000668,4,5
RV0036198,O0036216,C003336,5,5
RV0036207,O0036225,C001997,5,5
RV0037140,O0037158,C004915,3,5
RV0011911,O0011918,C001697,3,5
RV0029112,O0029125,C002717,5,4
RV0042084,O0042106,C004856,5,5
RV0043060,O0043084,C004895,4,4
RV0009667,O0009672,C004659,3,3
RV0004831,O0004833,C004625,3,3
RV0030200,O0030213,C004294,4,5
RV0021713,O0021723,C004033,3,3
RV0011214,O0011220,C003973,3,3
RV0043293,O0043317,C002800,5,5
RV0035980,O0035997,C000181,3,3
RV0024615,O0024625,C003075,3,3
RV0034539,O0034555,C002292,4,5
RV0029141,O0029154,C001504,5,4
RV0014224,O0014232,C003546,4,5
RV0011475,O0011481,C004110,5,4
RV0021820,O0021830,C002322,3,4
RV0048740,O0048768,C003417,4,5
RV0029445,O0029458,C004403,4,4
RV0022178,O0022188,C000551,3,4
RV0031850,O0031865,C004767,3,3
RV0020297,O0020307,C003023,3,4
RV0024987,O0024997,C003981,3,4
RV0042075,O0042097,C004014,5,4
RV0020265,O0020275,C002955,4,5
RV0037851,O0037869,C004509,5,4
RV0011065,O0011071,C001853,4,5
RV0036146,O0036164,C000269,3,5
RV0026513,O0026524,C003525,5,3
RV0030829,O0030843,C002879,5,3
RV0026858,O0026869,C003676,3,3
RV0029407,O0029420,C002870,4,4
RV0032990,O0033005,C001171,5,5
RV0031483,O0031497,C002170,3,4
RV0000176,O0000177,C002906,4,3
RV0019740,O0019750,C000966,4,3
RV0011426,O0011432,C000668,3,5
RV0009405,O0009410,C001598,4,4
RV0031068,O0031082,C002351,3,4
RV0018353,O0018363,C001636,3,4
RV0035640,O0035656,C003123,4,3
RV0016332,O0016340,C001455,3,3
RV0042377,O0042399,C001183,3,5
RV0017136,O0017144,C002320,4,3
RV0041526,O0041548,C000966,4,5
RV0030737,O0030751,C002980,3,3
RV0010915,O0010921,C003629,4,4
RV0023186,O0023196,C000416,5,3
RV0040200,O0040221,C000608,3,3
RV0017531,O0017540,C002426,5,3
RV0031844,O0031858,C003383,3,5
RV0040871,O0040893,C001630,5,4
RV0011546,O0011552,C000948,3,3
RV0048438,O0048466,C003018,3,3
RV0001741,O0001742,C001832,3,5
RV0002110,O0002111,C004673,3,5
RV0013694,O0013701,C001343,3,5
RV0037169,O0037187,C000844,3,3
RV0047606,O0047634,C003327,5,4
RV0015460,O0015468,C001738,3,5
RV0008053,O0008058,C004232,3,3
RV0011757,O0011764,C000283,4,5
RV0041065,O0041087,C000390,5,5
RV0031892,O0031907,C002008,4,5
RV0018684,O0018694,C001906,3,3
RV0041373,O0041395,C000574,5,4
RV0043300,O0043324,C001032,3,5
RV0048640,O0048668,C003307,4,4
RV0047027,O0047054,C001499,3,3
RV0014222,O0014230,C004401,5,3
RV0042467,O0042490,C000019,5,4
RV0020664,O0020674,C004084,4,3
RV0015016,O0015024,C003740,4,3
RV0024185,O0024195,C002974,3,5
RV0037602,O0037620,C004189,4,3
RV0025098,O0025108,C001519,3,3
RV0046038,O0046064,C000065,5,5
RV0005195,O0005197,C001296,5,5
RV0027557,O0027570,C001174,5,5
RV0043277,O0043301,C003031,4,4
RV0034144,O0034159,C004538,4,5
RV0038991,O0039010,C002905,4,5
RV0026085,O0026095,C001094,3,3
RV0017523,O0017532,C000535,4,5
RV0006585,O0006588,C000958,5,4
RV0034243,O0034258,C000327,3,5
RV0005525,O0005527,C004292,5,4
RV0023497,O0023507,C003430,3,4
RV0019062,O0019072,C003963,5,3
RV0015054,O0015062,C003209,5,3
RV0010648,O0010653,C003365,5,3
RV0007379,O0007383,C004345,3,3
RV0015033,O0015041,C003250,5,4
RV0017417,O0017426,C001112,4,3
RV0047762,O0047790,C001573,4,5
RV0009829,O0009834,C000054,4,4
RV0003402,O0003403,C001003,5,4
RV0027727,O0027740,C000132,3,5
RV0048287,O0048315,C003859,4,3
RV0040558,O0040580,C003138,5,3
RV0007638,O0007642,C001634,5,5
RV0014163,O0014171,C004038,5,5
RV0023702,O0023712,C000037,3,3
RV0033958,O0033973,C004973,3,3
RV0024444,O0024454,C002917,5,3
RV0027694,O0027707,C002351,4,4
RV0002899,O0002900,C003084,4,3
RV0003698,O0003699,C003765,4,5
RV0047916,O0047944,C004628,3,5
RV0043308,O0043332,C001250,3,5
RV0029384,O0029397,C002894,3,4
RV0042979,O0043003,C000403,3,5
RV0010490,O0010495,C004827,4,5
RV0039203,O0039223,C003238,5,4
RV0031784,O0031798,C002553,3,4
RV0022708,O0022718,C000533,5,3
RV0017644,O0017653,C001262,5,5
RV0014005,O0014013,C000100,3,3
RV0017041,O0017049,C000130,3,4
RV0017452,O0017461,C003141,4,5
RV0001584,O0001585,C001016,5,4
RV0012477,O0012484,C004686,3,5
RV0044071,O0044095,C004511,3,5
RV0037115,O0037133,C003829,5,5
RV0003290,O0003291,C001227,4,4
RV0017649,O0017658,C003588,5,4
RV0019286,O0019296,C002835,4,5
RV0049940,O0049970,C002112,5,5
RV0012083,O0012090,C002543,3,3
RV0038022,O0038040,C003340,5,4
RV0036257,O0036275,C001718,5,4
RV0049514,O0049544,C003521,3,4
RV0004162,O0004163,C003545,4,4
RV0047434,O0047462,C002133,3,3
RV0003467,O0003468,C000631,5,4
RV0024157,O0024167,C004501,3,5
RV0001704,O0001705,C003069,4,3
RV0008528,O0008533,C004855,3,4
RV0014381,O0014389,C004559,3,5
RV0037625,O0037643,C002973,3,3
RV0031925,O0031940,C004874,3,5
RV0007024,O0007027,C000422,4,4
RV0013661,O0013668,C001408,3,5
RV0034130,O0034145,C003542,4,5
RV0022723,O0022733,C000887,3,3
RV0016264,O0016272,C001981,5,5
RV0045057,O0045082,C002545,4,4
RV0030920,O0030934,C004741,3,5
RV0027187,O0027200,C001907,3,4
RV0021156,O0021166,C003091,4,5
RV0030513,O0030526,C004474,3,4
RV0001276,O0001277,C003532,4,5
RV0038415,O0038433,C002495,4,3
RV0000330,O0000331,C003645,3,4
RV0024224,O0024234,C001527,3,4
RV0002338,O0002339,C004893,3,4
RV0012257,O0012264,C003613,3,5
RV0017342,O0017351,C001380,4,3
RV0009367,O0009372,C001888,3,5
RV0033738,O0033753,C004867,3,4
RV0046165,O0046191,C001765,5,5
RV0023937,O0023947,C002412,3,5
RV0017777,O0017786,C004571,5,5
RV0015200,O0015208,C001416,3,4
RV0009803,O0009808,C003384,4,3
RV0020315,O0020325,C000876,4,4
RV0012117,O0012124,C002988,5,3
RV0028048,O0028061,C004933,4,5
RV0012353,O0012360,C001723,5,4
RV0011838,O0011845,C003264,5,4
RV0019825,O0019835,C003778,4,3
RV0036450,O0036468,C003612,3,3
RV0026792,O0026803,C004806,4,3
RV0006720,O0006723,C002479,5,4
RV0010271,O0010276,C004591,3,5
RV0020338,O0020348,C003765,3,5
RV0004130,O0004131,C002730,4,3
RV0011061,O0011067,C000270,4,3
RV0003697,O0003698,C003308,4,4
RV0047785,O0047813,C002542,3,5
RV0001180,O0001181,C000249,5,3
RV0033803,O0033818,C000845,4,4
RV0006049,O0006051,C000852,4,4
RV0031712,O0031726,C002139,3,5
RV0000949,O0000950,C001968,3,3
RV0015010,O0015018,C000256,3,5
RV0011730,O0011737,C002678,4,5
RV0037719,O0037737,C002782,4,4
RV0014646,O0014654,C000387,3,3
RV0035255,O0035271,C000094,5,3
RV0021369,O0021379,C003611,4,5
RV0036521,O0036539,C000240,3,3
RV0035119,O0035135,C003618,3,5
RV0037956,O0037974,C004780,3,3
RV0020940,O0020950,C000070,4,3
RV0030942,O0030956,C002065,4,4
RV0014200,O0014208,C002977,4,5
RV0012830,O0012837,C003807,3,4
RV0046416,O0046443,C003808,3,4
RV0034656,O0034672,C001265,5,5
RV0030004,O0030017,C001727,4,4
RV0015614,O0015622,C000362,4,4
RV0007055,O0007058,C003358,3,5
RV0020027,O0020037,C000928,4,5
RV0003263,O0003264,C003581,5,4
RV0039064,O0039083,C004099,5,4
RV0024270,O0024280,C000334,4,5
RV0027833,O0027846,C004930,4,4
RV0039997,O0040018,C001600,4,3
RV0048717,O0048745,C000631,5,4
RV0011300,O0011306,C001629,3,5
RV0037869,O0037887,C004353,5,4
RV0045966,O0045992,C004786,3,5
RV0027099,O0027111,C000524,3,5
RV0032685,O0032700,C002826,3,5
RV0007780,O0007785,C002067,4,5
RV0032081,O0032096,C004305,3,3
RV0030702,O0030715,C000497,4,4
RV0034009,O0034024,C002514,5,3
RV0043093,O0043117,C004308,3,3
RV0045602,O0045627,C003557,5,4
RV0028802,O0028815,C000459,3,3
RV0006373,O0006375,C004643,4,5
RV0027465,O0027478,C003255,5,5
RV0022197,O0022207,C004488,4,5
RV0041463,O0041485,C003041,3,3
RV0035382,O0035398,C002287,5,3
RV0014045,O0014053,C001840,5,3
RV0044487,O0044511,C003273,3,4
RV0048061,O0048089,C003407,4,5
RV0041015,O0041037,C003383,4,3
RV0048759,O0048787,C000533,5,5
RV0011670,O0011676,C002928,5,5
RV0040272,O0040293,C003667,5,4
RV0033634,O0033649,C004714,5,4
RV0004689,O0004690,C004215,3,5
RV0006266,O0006268,C004148,3,3
RV0041650,O0041672,C003283,4,5
RV0027708,O0027721,C002018,5,4
RV0015286,O0015294,C004938,5,3
RV0032514,O0032529,C003850,5,5
RV0013433,O0013440,C004316,4,3
RV0017936,O0017946,C004368,5,4
RV0002767,O0002768,C004164,3,4
RV0014981,O0014989,C002352,4,5
RV0049284,O0049313,C003173,5,3
RV0011915,O0011922,C002345,3,5
RV0015484,O0015492,C000303,4,5
RV0025877,O0025887,C004295,3,4
RV0012793,O0012800,C003558,3,3
RV0030854,O0030868,C002952,3,5
RV0018121,O0018131,C003858,4,3
RV0041215,O0041237,C004859,5,4
RV0031347,O0031361,C002835,4,5
RV0040121,O0040142,C002165,5,4
RV0025687,O0025697,C000067,4,5
RV0007776,O0007781,C002653,5,3
RV0020072,O0020082,C001347,5,3
RV0038212,O0038230,C001481,3,3
RV0047869,O0047897,C004039,3,4
RV0048218,O0048246,C002865,4,4
RV0019666,O0019676,C004754,4,4
RV0021453,O0021463,C000630,5,3
RV0028780,O0028793,C004971,4,3
RV0039771,O0039792,C002352,3,4
RV0046010,O0046036,C002344,3,4
RV0041658,O0041680,C003090,3,5
RV0003335,O0003336,C000821,5,3
RV0001175,O0001176,C001078,3,4
RV0038428,O0038446,C002660,4,4
RV0027006,O0027017,C001938,4,3
RV0034113,O0034128,C001913,5,4
RV0034101,O0034116,C000616,3,4
RV0049712,O0049742,C000905,3,3
RV0038119,O0038137,C003617,4,5
RV0010172,O0010177,C004096,5,3
RV0033013,O0033028,C004420,3,4
RV0028964,O0028977,C003128,4,4
RV0010054,O0010059,C002514,4,4
RV0005864,O0005866,C002870,4,4
RV0023029,O0023039,C003302,4,5
RV0003758,O0003759,C001050,4,5
RV0024079,O0024089,C002660,5,4
RV0025718,O0025728,C003801,4,3
RV0026680,O0026691,C001189,5,5
RV0006974,O0006977,C002886,4,3
RV0046762,O0046789,C000437,3,4
RV0037137,O0037155,C000725,3,3
RV0012773,O0012780,C000652,4,3
RV0035033,O0035049,C003334,3,3
RV0016307,O0016315,C003732,5,5
RV0020904,O0020914,C003677,3,3
RV0048441,O0048469,C002073,5,4
RV0017115,O0017123,C001776,3,3
RV0000469,O0000470,C003728,5,3
RV0010444,O0010449,C000834,4,3
RV0012591,O0012598,C002733,5,5
RV0033162,O0033177,C004127,4,3
RV0037597,O0037615,C003436,4,3
RV0039640,O0039661,C001301,5,3
RV0025220,O0025230,C003410,3,5
RV0026238,O0026248,C002955,3,3
RV0008994,O0008999,C003415,3,3
RV0009571,O0009576,C001804,5,3
RV0015578,O0015586,C001291,3,5
RV0044306,O0044330,C004787,3,5
RV0041260,O0041282,C002060,5,5
RV0001097,O0001098,C003028,3,4
RV0028238,O0028251,C003944,4,3
RV0033091,O0033106,C000822,4,4
RV0011444,O0011450,C003752,5,3
RV0001811,O0001812,C000154,4,4
RV0031103,O0031117,C000672,5,4
RV0038150,O0038168,C000323,5,3
RV0009468,O0009473,C001446,5,5
RV0001282,O0001283,C001217,4,4
RV0011099,O0011105,C000218,5,5
RV0025803,O0025813,C002149,3,5
RV0028597,O0028610,C003163,3,5
RV0048722,O0048750,C002643,5,3
RV0006478,O0006481,C004536,5,4
RV0009826,O0009831,C004440,4,3
RV0044187,O0044211,C000667,4,5
RV0030159,O0030172,C001345,3,4
RV0037397,O0037415,C001657,3,3
RV0013755,O0013762,C003938,5,3
RV0047817,O0047845,C000356,5,4
RV0007356,O0007359,C003434,5,5
RV0025460,O0025470,C002782,5,5
RV0026679,O0026690,C002365,5,5
RV0049893,O0049923,C004884,4,5
RV0025478,O0025488,C002580,3,4
RV0046122,O0046148,C000872,3,3
RV0049192,O0049221,C004001,3,3
RV0011634,O0011640,C004544,5,4
RV0032455,O0032470,C001090,4,4
RV0041716,O0041738,C002450,4,4
RV0023701,O0023711,C002561,3,3
RV0037748,O0037766,C004506,4,4
RV0018754,O0018764,C000675,5,3
RV0026228,O0026238,C003103,3,3
RV0032684,O0032699,C002356,4,5
RV0021250,O0021260,C000843,5,3
RV0008939,O0008944,C004633,5,5
RV0030753,O0030767,C004875,5,3
RV0037064,O0037082,C002890,4,4
RV0047106,O0047133,C003949,3,3
RV0002059,O0002060,C001494,5,5
RV0023502,O0023512,C001773,4,4
RV0007613,O0007617,C004410,4,5
RV0048643,O0048671,C003420,4,4
RV0026112,O0026122,C004425,4,3
RV0028098,O0028111,C004707,5,4
RV0020241,O0020251,C003944,5,5
RV0039102,O0039122,C003547,5,5
RV0022329,O0022339,C000020,5,5
RV0005841,O0005843,C003853,4,3
RV0014802,O0014810,C000818,5,4
RV0030409,O0030422,C001373,3,5
RV0045463,O0045488,C002109,4,3
RV0003419,O0003420,C003055,4,4
RV0004229,O0004230,C000585,4,5
RV0045567,O0045592,C003995,4,3
RV0006735,O0006738,C000800,5,5
RV0031737,O0031751,C002531,3,4
RV0044366,O0044390,C004843,4,3
RV0009694,O0009699,C003416,4,4
RV0022239,O0022249,C000500,3,3
RV0001710,O0001711,C003203,3,4
RV0003939,O0003940,C001599,4,5
RV0040270,O0040291,C002660,4,4
RV0006985,O0006988,C001854,5,3
RV0046236,O0046263,C002926,5,4
RV0028070,O0028083,C001709,4,5
RV0031354,O0031368,C004658,4,5
RV0020999,O0021009,C001598,5,5
RV0046173,O0046199,C001244,5,4
RV0035874,O0035890,C000900,5,3
RV0014741,O0014749,C000513,3,4
RV0007149,O0007152,C002303,4,4
RV0045664,O0045689,C004388,4,3
RV0037204,O0037222,C004832,3,3
RV0013126,O0013133,C001647,3,4
RV0039387,O0039407,C004760,4,3
RV0032931,O0032946,C004814,3,4
RV0045473,O0045498,C002090,3,5
RV0041722,O0041744,C002852,5,4
RV0023788,O0023798,C001847,5,3
RV0007762,O0007767,C002073,4,5
RV0008489,O0008494,C004208,5,3
RV0017075,O0017083,C002059,5,3
RV0020770,O0020780,C000671,3,5
RV0049847,O0049877,C000243,5,4
RV0046664,O0046691,C002606,4,5
RV0015168,O0015176,C004177,3,3
RV0028456,O0028469,C001811,5,4
RV0021366,O0021376,C002376,5,4
RV0029188,O0029201,C000940,5,4
RV0019376,O0019386,C002445,4,5
RV0040225,O0040246,C004611,5,4
RV0029253,O0029266,C001413,4,5
RV0024316,O0024326,C002365,4,5
RV0016039,O0016047,C004698,5,3
RV0003035,O0003036,C002311,5,5
RV0011438,O0011444,C002433,5,3
RV0012616,O0012623,C003303,4,3
RV0004995,O0004997,C002062,5,5
RV0045438,O0045463,C000892,4,3
RV0012859,O0012866,C004084,5,4
RV0016256,O0016264,C001459,4,5
RV0030345,O0030358,C004581,3,3
RV0027019,O0027030,C002220,4,5
RV0049680,O0049710,C001950,5,3
RV0016311,O0016319,C004584,5,3
RV0004813,O0004815,C002842,5,3
RV0047876,O0047904,C002729,5,4
RV0020088,O0020098,C004031,5,4
RV0019533,O0019543,C001413,5,5
RV0032428,O0032443,C004442,4,5
RV0026937,O0026948,C003705,4,5
RV0004657,O0004658,C002954,3,4
RV0042063,O0042085,C000074,3,4
RV0049545,O0049575,C002880,3,3
RV0028624,O0028637,C002217,3,4
RV0024414,O0024424,C002276,4,4
RV0006034,O0006036,C002046,3,3
RV0041806,O0041828,C003634,4,5
RV0028632,O0028645,C003697,3,5
RV0019892,O0019902,C001480,3,5
RV0010436,O0010441,C003796,5,4
RV0045655,O0045680,C003307,3,3
RV0004519,O0004520,C001465,5,5
RV0040663,O0040685,C000411,4,5
RV0027249,O0027262,C001853,4,3
RV0030308,O0030321,C002730,3,3
RV0026351,O0026361,C000162,5,5
RV0024358,O0024368,C001673,5,3
RV0046573,O0046600,C000851,3,3
RV0005540,O0005542,C002353,5,4
RV0014558,O0014566,C001536,5,4
RV0019872,O0019882,C000884,5,5
RV0013005,O0013012,C004745,5,4
RV0043559,O0043583,C003748,3,3
RV0038322,O0038340,C004797,5,3
RV0012750,O0012757,C001196,5,3
RV0044147,O0044171,C004163,3,5
RV0042474,O0042497,C002082,3,4
RV0035470,O0035486,C003794,3,5
RV0004580,O0004581,C002692,5,3
RV0047520,O0047548,C004142,4,5
RV0047692,O0047720,C003651,4,5
RV0030101,O0030114,C000056,5,5
RV0037779,O0037797,C001825,4,3
RV0048800,O0048828,C003607,5,4
RV0031502,O0031516,C004189,3,3
RV0028005,O0028018,C000781,4,4
RV0035074,O0035090,C000864,3,3
RV0037161,O0037179,C004433,4,5
RV0030228,O0030241,C000852,4,5
RV0021880,O0021890,C002778,4,5
RV0016053,O0016061,C001204,3,3
RV0003120,O0003121,C004614,3,3
RV0001863,O0001864,C004381,3,4
RV0002522,O0002523,C004773,5,4
RV0002579,O0002580,C003160,5,3
RV0025795,O0025805,C000885,5,5
RV0035738,O0035754,C004899,4,5
RV0022454,O0022464,C003299,4,5
RV0014339,O0014347,C004844,4,5
RV0018736,O0018746,C004158,3,4
RV0013729,O0013736,C001660,4,3
RV0021020,O0021030,C001766,5,4
RV0015361,O0015369,C003299,5,4
RV0030256,O0030269,C000377,5,3
RV0003156,O0003157,C000936,3,3
RV0003272,O0003273,C001579,5,4
RV0042831,O0042854,C003987,3,5
RV0034208,O0034223,C000744,5,4
RV0026747,O0026758,C003169,4,5
RV0012481,O0012488,C002795,3,3
RV0021122,O0021132,C003780,5,3
RV0010758,O0010763,C000466,4,3
RV0046074,O0046100,C001183,4,4
RV0047273,O0047301,C003011,4,5
RV0008241,O0008246,C001927,3,3
RV0023942,O0023952,C000278,3,3
RV0009792,O0009797,C000138,4,5
RV0026702,O0026713,C002163,5,3
RV0042575,O0042598,C000525,5,3
RV0030149,O0030162,C001343,4,3
RV0040613,O0040635,C002762,3,5
RV0017378,O0017387,C000377,3,3
RV0021794,O0021804,C003023,3,5
RV0015192,O0015200,C000378,3,5
RV0002004,O0002005,C000754,4,4
RV0012296,O0012303,C004878,5,3
RV0025694,O0025704,C001528,3,5
RV0049350,O0049380,C003178,4,4
RV0013297,O0013304,C001537,4,4
RV0031272,O0031286,C002739,5,5
RV0044926,O0044951,C001497,3,5
RV0044316,O0044340,C003580,4,3
RV0043974,O0043998,C004353,5,4
RV0031258,O0031272,C004425,5,4
RV0022840,O0022850,C003351,3,3
RV0005146,O0005148,C004699,3,3
RV0018303,O0018313,C002608,3,5
RV0027652,O0027665,C004861,4,4
RV0012377,O0012384,C003678,3,5
RV0026840,O0026851,C002872,4,5
RV0008318,O0008323,C002976,4,5
RV0006424,O0006427,C002074,5,5
RV0040884,O0040906,C000317,5,4
RV0014886,O0014894,C003605,4,3
RV0006433,O0006436,C002704,3,4
RV0003396,O0003397,C002081,5,3
RV0002432,O0002433,C001612,3,5
RV0013863,O0013870,C002608,3,5
RV0007339,O0007342,C004093,3,3
RV0024084,O0024094,C004929,3,3
RV0021484,O0021494,C001119,5,4
RV0019893,O0019903,C002568,4,5
RV0007132,O0007135,C004745,3,3
RV0038568,O0038587,C004519,3,3
RV0028461,O0028474,C001425,5,3
RV0018045,O0018055,C001419,4,4
RV0044091,O0044115,C004345,5,5
RV0023791,O0023801,C004850,3,4
RV0046251,O0046278,C004060,4,5
RV0036114,O0036132,C004606,3,5
RV0017306,O0017315,C002428,4,5
RV0013312,O0013319,C002045,5,5
RV0045625,O0045650,C003089,5,4
RV0021114,O0021124,C003517,4,4
RV0042127,O0042149,C002499,3,5
RV0003653,O0003654,C003847,3,4
RV0046886,O0046913,C003751,4,5
RV0034491,O0034507,C000733,4,5
RV0000341,O0000342,C004033,4,4
RV0048843,O0048871,C001420,4,3
RV0025723,O0025733,C004052,3,4
RV0034601,O0034617,C002538,3,4
RV0003150,O0003151,C002513,5,3
RV0034602,O0034618,C004216,4,5
RV0034415,O0034431,C003776,3,4
RV0027329,O0027342,C000461,4,4
RV0005707,O0005709,C000287,4,3
RV0022866,O0022876,C001109,3,3
RV0035496,O0035512,C002146,5,5
RV0025206,O0025216,C003821,4,5
RV0019224,O0019234,C000030,3,5
RV0034985,O0035001,C002213,3,5
RV0031375,O0031389,C001718,4,5
RV0011015,O0011021,C001203,3,4
RV0029452,O0029465,C004510,3,4
RV0043986,O0044010,C000979,4,3
RV0031755,O0031769,C003041,3,5
RV0036871,O0036889,C001484,5,4
RV0042055,O0042077,C000951,5,5
RV0044798,O0044823,C000730,4,3
RV0003737,O0003738,C002996,3,4
RV0028701,O0028714,C000612,3,5
RV0031487,O0031501,C003464,3,5
RV0048808,O0048836,C001097,3,4
RV0019854,O0019864,C000660,3,5
RV0024172,O0024182,C001187,3,4
RV0028880,O0028893,C002730,4,5
RV0002984,O0002985,C003592,5,5
RV0033594,O0033609,C002339,5,3
RV0041776,O0041798,C000882,5,5
RV0026633,O0026644,C000811,4,5
RV0016476,O0016484,C003388,3,4
RV0036507,O0036525,C000044,4,5
RV0043238,O0043262,C001134,5,5
RV0027104,O0027116,C003071,4,4
RV0035408,O0035424,C000224,5,4
RV0038705,O0038724,C004164,5,4
RV0025353,O0025363,C003082,5,5
RV0041836,O0041858,C001616,5,5
RV0009987,O0009992,C004797,4,5
RV0034405,O0034421,C004921,4,5
RV0018967,O0018977,C001734,4,5
RV0026254,O0026264,C001360,3,4
RV0022279,O0022289,C001738,4,5
RV0030773,O0030787,C003926,3,3
RV0030978,O0030992,C002450,3,5
RV0026789,O0026800,C001548,5,3
RV0025830,O0025840,C002881,5,4
RV0013247,O0013254,C000266,3,5
RV0040242,O0040263,C001462,3,3
RV0007879,O0007884,C000747,3,3
RV0033023,O0033038,C001461,5,4
RV0046237,O0046264,C002955,4,4
RV0016426,O0016434,C002567,5,3
RV0045861,O0045887,C001479,5,4
RV0049179,O0049208,C004228,3,5
RV0033749,O0033764,C004682,3,4
RV0028954,O0028967,C002719,4,5
RV0043310,O0043334,C000938,3,3
RV0009519,O0009524,C003108,4,3
RV0018435,O0018445,C001156,3,3
RV0047174,O0047201,C002798,3,5
RV0003001,O0003002,C000785,3,4
RV0015771,O0015779,C001066,5,5
RV0042657,O0042680,C000368,4,5
RV0016618,O0016626,C001842,4,5
RV0001954,O0001955,C000781,3,3
RV0039893,O0039914,C004457,5,4
RV0009413,O0009418,C004726,4,4
RV0047256,O0047284,C003946,4,3
RV0020794,O0020804,C000894,4,5
RV0030094,O0030107,C001532,4,5
RV0002116,O0002117,C000835,4,3
RV0043319,O0043343,C004750,4,3
RV0040497,O0040519,C001964,3,4
RV0003882,O0003883,C002563,4,3
RV0010989,O0010995,C004721,4,4
RV0008171,O0008176,C000049,4,5
RV0024100,O0024110,C000778,5,4
RV0033089,O0033104,C000804,4,5
RV0002854,O0002855,C004651,5,3
RV0026544,O0026555,C000065,3,3
RV0015671,O0015679,C000810,3,5
RV0019326,O0019336,C000514,3,5
RV0022598,O0022608,C002355,4,4
RV0012932,O0012939,C004209,4,5
RV0006215,O0006217,C000070,5,5
RV0005733,O0005735,C003045,3,3
RV0014524,O0014532,C003665,3,5
RV0019587,O0019597,C000476,4,3
RV0012628,O0012635,C002620,4,5
RV0004579,O0004580,C003733,3,3
RV0024304,O0024314,C002812,5,3
RV0016463,O0016471,C004048,4,4
RV0007439,O0007443,C003655,3,3
RV0009376,O0009381,C001589,5,4
RV0015938,O0015946,C000792,5,3
RV0006705,O0006708,C004112,3,3
RV0039371,O0039391,C003465,4,3
RV0046303,O0046330,C000585,4,3
RV0000144,O0000145,C001679,5,5
RV0008893,O0008898,C003931,4,3
RV0043698,O0043722,C001495,5,3
RV0021430,O0021440,C003120,3,3
RV0025514,O0025524,C000715,5,3
RV0005086,O0005088,C003696,5,3
RV0046658,O0046685,C003166,4,3
RV0023075,O0023085,C002365,3,3
RV0003227,O0003228,C003045,5,5
RV0031451,O0031465,C002738,3,4
RV0001253,O0001254,C003946,5,5
RV0013040,O0013047,C002907,4,3
RV0022780,O0022790,C003784,3,5
RV0033219,O0033234,C000902,3,3
RV0016276,O0016284,C001512,5,4
RV0006234,O0006236,C004281,3,3
RV0021772,O0021782,C001434,4,4
RV0041813,O0041835,C001682,3,3
RV0007063,O0007066,C001370,3,3
RV0032681,O0032696,C000442,5,3
RV0014493,O0014501,C000489,5,5
RV0035576,O0035592,C001577,3,5
RV0043042,O0043066,C001846,5,3
RV0017541,O0017550,C000408,3,5
RV0014740,O0014748,C003489,4,5
RV0022445,O0022455,C001097,4,3
RV0016573,O0016581,C000263,3,4
RV0046550,O0046577,C001870,5,4
RV0045971,O0045997,C000420,5,5
RV0010824,O0010830,C004187,3,4
RV0005048,O0005050,C002832,5,4
RV0019295,O0019305,C002859,4,4
RV0029909,O0029922,C004084,5,5
RV0003016,O0003017,C001965,5,5
RV0034488,O0034504,C002714,5,4
RV0039658,O0039679,C004451,4,5
RV0049884,O0049914,C004572,4,5
RV0005567,O0005569,C000121,4,4
RV0016666,O0016674,C000550,5,5
RV0006926,O0006929,C001577,3,5
RV0001121,O0001122,C004970,3,3
RV0021099,O0021109,C003270,5,5
RV0032483,O0032498,C004219,3,5
RV0019055,O0019065,C003733,3,4
RV0043786,O0043810,C001792,4,4
RV0020489,O0020499,C000818,4,4
RV0016113,O0016121,C000222,3,5
RV0037014,O0037032,C003882,3,4
RV0034869,O0034885,C001867,3,3
RV0038167,O0038185,C000358,5,5
RV0009790,O0009795,C003198,4,5
RV0014473,O0014481,C000314,5,3
RV0025377,O0025387,C002147,3,5
RV0003931,O0003932,C000812,5,5
RV0012761,O0012768,C001825,4,5
RV0002531,O0002532,C004576,3,5
RV0013883,O0013890,C004188,4,3
RV0036456,O0036474,C000671,4,4
RV0043805,O0043829,C000458,5,4
RV0015961,O0015969,C002218,4,5
RV0008880,O0008885,C001482,4,4
RV0019375,O0019385,C003196,3,5
RV0029712,O0029725,C004054,3,3
RV0048565,O0048593,C003429,4,3
RV0028619,O0028632,C002175,3,4
RV0012130,O0012137,C002190,3,4
RV0003253,O0003254,C003072,5,5
RV0002084,O0002085,C001917,5,4
RV0027616,O0027629,C003743,5,4
RV0047116,O0047143,C004729,4,3
RV0046275,O0046302,C003816,3,3
RV0003804,O0003805,C004769,5,4
RV0007779,O0007784,C003061,4,5
RV0045663,O0045688,C001802,3,3
RV0029970,O0029983,C004866,3,4
RV0004016,O0004017,C003252,3,3
RV0048787,O0048815,C003152,3,3
RV0018986,O0018996,C000349,5,4
RV0027989,O0028002,C003841,5,3
RV0000399,O0000400,C004850,3,4
RV0022019,O0022029,C001849,4,3
RV0028486,O0028499,C002954,3,5
RV0033474,O0033489,C002397,3,5
RV0039947,O0039968,C003385,3,3
RV0014278,O0014286,C000748,3,5
RV0022664,O0022674,C000988,5,5
RV0020024,O0020034,C001891,5,5
RV0027000,O0027011,C001360,4,3
RV0044414,O0044438,C000541,3,5
RV0016049,O0016057,C001592,5,4
RV0032802,O0032817,C003124,5,3
RV0001372,O0001373,C003580,5,5
RV0017066,O0017074,C000255,4,3
RV0002528,O0002529,C001504,4,3
RV0010089,O0010094,C003067,4,4
RV0030352,O0030365,C002991,3,4
RV0040623,O0040645,C004792,5,3
RV0046337,O0046364,C001295,5,4
RV0024113,O0024123,C004617,3,5
RV0003767,O0003768,C002765,3,5
RV0045185,O0045210,C002105,5,5
RV0014044,O0014052,C001559,5,3
RV0043752,O0043776,C003704,3,5
RV0042076,O0042098,C000085,5,4
RV0048180,O0048208,C004567,3,4
RV0044981,O0045006,C002529,4,5
RV0041787,O0041809,C001772,4,3
RV0019577,O0019587,C003459,5,3
RV0038149,O0038167,C000825,5,3
RV0017638,O0017647,C001936,5,4
RV0034827,O0034843,C002738,3,3
RV0039942,O0039963,C000312,4,3
RV0041159,O0041181,C002575,3,3
RV0049512,O0049542,C000756,5,5
RV0005343,O0005345,C001903,3,3
RV0007949,O0007954,C000144,4,5
RV0042186,O0042208,C004805,5,3
RV0029073,O0029086,C003528,3,3
RV0020031,O0020041,C003639,4,5
RV0010835,O0010841,C000033,3,4
RV0013098,O0013105,C003987,4,3
RV0010424,O0010429,C003192,4,3
RV0040392,O0040413,C000541,5,3
RV0014598,O0014606,C004028,5,3
RV0043666,O0043690,C000250,3,3
RV0036662,O0036680,C004777,5,3
RV0038341,O0038359,C002814,3,3
RV0001162,O0001163,C004899,3,5
RV0036595,O0036613,C001808,3,3
RV0012708,O0012715,C001445,4,4
RV0003539,O0003540,C001175,3,5
RV0016398,O0016406,C002630,5,3
RV0040106,O0040127,C003160,3,4
RV0025078,O0025088,C002982,3,3
RV0034896,O0034912,C004415,4,5
RV0038008,O0038026,C001800,3,4
RV0005582,O0005584,C002668,3,3
RV0020046,O0020056,C000088,3,5
RV0037890,O0037908,C003083,4,3
RV0007175,O0007178,C001505,4,3
RV0023278,O0023288,C003193,3,3
RV0022779,O0022789,C002952,5,5
RV0045290,O0045315,C000867,4,4
RV0026443,O0026453,C003325,5,5
RV0044318,O0044342,C003158,4,4
RV0028787,O0028800,C004848,3,5
RV0012831,O0012838,C000896,3,5
RV0047494,O0047522,C004932,3,5
RV0020210,O0020220,C001405,5,3
RV0035211,O0035227,C002734,5,3
RV0032242,O0032257,C002257,4,5
RV0023923,O0023933,C004949,5,5
RV0039481,O0039502,C003449,4,5
RV0006230,O0006232,C003241,5,4
RV0048788,O0048816,C000726,4,4
RV0021964,O0021974,C004010,5,4
RV0039171,O0039191,C004713,4,3
RV0034686,O0034702,C004940,4,3
RV0022600,O0022610,C004591,4,5
RV0033157,O0033172,C004521,4,4
RV0042218,O0042240,C002473,5,4
RV0027577,O0027590,C001817,5,4
RV0014073,O0014081,C002230,3,5
RV0030274,O0030287,C001854,4,5
RV0033655,O0033670,C004732,4,4
RV0029026,O0029039,C002920,4,5
RV0002476,O0002477,C001444,4,4
RV0033299,O0033314,C000664,3,4
RV0025237,O0025247,C003151,4,4
RV0046470,O0046497,C003548,4,4
RV0001911,O0001912,C000400,5,3
RV0033008,O0033023,C000794,4,4
RV0020716,O0020726,C000595,5,5
RV0049500,O0049530,C001636,3,4
RV0048758,O0048786,C004639,4,3
RV0041479,O0041501,C004317,3,3
RV0006748,O0006751,C000443,3,3
RV0033605,O0033620,C002786,5,3
RV0026070,O0026080,C002279,4,5
RV0019038,O0019048,C004753,3,5
RV0002098,O0002099,C002180,4,5
RV0039095,O0039115,C003022,3,5
RV0018683,O0018693,C001895,5,3
RV0011461,O0011467,C003991,3,5
RV0039301,O0039321,C004328,3,3
RV0001985,O0001986,C003492,4,4
RV0029214,O0029227,C002631,3,4
RV0036264,O0036282,C000935,4,4
RV0014365,O0014373,C003862,3,4
RV0018848,O0018858,C003034,3,4
RV0018841,O0018851,C002007,3,3
RV0040841,O0040863,C004294,3,4
RV0015854,O0015862,C003031,4,5
RV0013426,O0013433,C004241,4,4
RV0004448,O0004449,C002839,3,3
RV0013099,O0013106,C002504,5,4
RV0049696,O0049726,C002972,4,4
RV0036525,O0036543,C000814,5,5
RV0004822,O0004824,C002634,4,3
RV0011342,O0011348,C002352,4,5
RV0013876,O0013883,C001942,5,5
RV0022046,O0022056,C002722,5,4
RV0045919,O0045945,C000624,3,4
RV0020214,O0020224,C004392,5,4
RV0009856,O0009861,C004566,5,4
RV0020023,O0020033,C001357,3,4
RV0025781,O0025791,C002079,4,5
RV0026037,O0026047,C004117,5,5
RV0024163,O0024173,C001258,4,3
RV0022698,O0022708,C002954,4,3
RV0014644,O0014652,C002647,3,4
RV0013413,O0013420,C004768,4,4
RV0035609,O0035625,C003436,4,5
RV0019566,O0019576,C002391,4,4
RV0010853,O0010859,C003261,3,3
RV0027427,O0027440,C001177,5,3
RV0044405,O0044429,C002029,5,5
RV0008188,O0008193,C002226,5,5
RV0021900,O0021910,C001634,5,3
RV0031679,O0031693,C000488,4,5
RV0000609,O0000610,C003942,3,5
RV0045457,O0045482,C001964,5,3
RV0025224,O0025234,C003818,3,4
RV0031993,O0032008,C003343,3,5
RV0033018,O0033033,C003365,5,5
RV0044913,O0044938,C000203,4,5
RV0003085,O0003086,C003635,4,3
RV0003366,O0003367,C002831,4,4
RV0032281,O0032296,C002530,4,4
RV0016368,O0016376,C001960,3,3
RV0033102,O0033117,C004127,4,5
RV0015889,O0015897,C000798,5,3
RV0030092,O0030105,C000335,5,3
RV0037919,O0037937,C004448,5,3
RV0049728,O0049758,C003329,5,4
RV0023374,O0023384,C004576,4,3
RV0014168,O0014176,C000336,3,3
RV0023943,O0023953,C000606,3,3
RV0028938,O0028951,C003133,4,4
RV0008557,O0008562,C001080,5,5
RV0042443,O0042466,C003705,5,5
RV0043758,O0043782,C000314,4,4
RV0036791,O0036809,C003230,4,5
RV0015312,O0015320,C000768,5,3
RV0040188,O0040209,C003041,5,3
RV0001687,O0001688,C003177,4,3
RV0011034,O0011040,C001561,4,3
RV0008037,O0008042,C000527,4,3
RV0021401,O0021411,C003575,5,5
RV0032722,O0032737,C000753,5,4
RV0038288,O0038306,C000254,4,3
RV0039459,O0039480,C003960,3,5
RV0031717,O0031731,C002653,4,4
RV0040298,O0040319,C001624,4,4
RV0021632,O0021642,C000625,3,4
RV0016089,O0016097,C002034,3,5
RV0046326,O0046353,C004412,5,5
RV0017731,O0017740,C004939,4,3
RV0045606,O0045631,C004594,5,3
RV0042776,O0042799,C003269,5,5
RV0004144,O0004145,C003409,3,5
RV0016947,O0016955,C004251,5,5
RV0038331,O0038349,C001005,4,4
RV0027108,O0027120,C004780,4,5
RV0006793,O0006796,C004873,4,5
RV0034062,O0034077,C001091,4,4
RV0007984,O0007989,C001229,5,5
RV0028723,O0028736,C003157,4,5
RV0001226,O0001227,C002283,3,4
RV0049631,O0049661,C003920,4,5
RV0033348,O0033363,C002415,4,4
RV0015411,O0015419,C004589,3,4
RV0004107,O0004108,C001225,5,3
RV0000277,O0000278,C000132,5,5
RV0005369,O0005371,C001050,3,3
RV0020019,O0020029,C001089,5,4
RV0044883,O0044908,C004974,4,3
RV0009613,O0009618,C004229,4,5
RV0000853,O0000854,C002270,4,3
RV0014343,O0014351,C002266,3,4
RV0019241,O0019251,C003054,3,3
RV0031651,O0031665,C001996,3,3
RV0026232,O0026242,C002348,4,5
RV0007686,O0007690,C003939,3,3
RV0015711,O0015719,C002668,5,4
RV0000884,O0000885,C001520,4,5
RV0002710,O0002711,C001913,4,4
RV0015962,O0015970,C004609,5,3
RV0018762,O0018772,C001513,3,4
RV0006072,O0006074,C000765,3,4
RV0013632,O0013639,C003443,3,5
RV0007308,O0007311,C001250,3,3
RV0048997,O0049025,C004612,5,4
RV0032956,O0032971,C004147,5,3
RV0020124,O0020134,C000549,5,5
RV0031577,O0031591,C002095,5,4
RV0030928,O0030942,C000901,3,3
RV0003541,O0003542,C004165,4,4
RV0040145,O0040166,C001425,4,5
RV0009828,O0009833,C001479,3,5
RV0006756,O0006759,C000445,3,5
RV0049656,O0049686,C001010,3,4
RV0026770,O0026781,C004155,5,4
RV0040253,O0040274,C000610,5,4
RV0014766,O0014774,C001424,4,4
RV0029046,O0029059,C000714,3,4
RV0007918,O0007923,C003973,5,4
RV0022847,O0022857,C004823,5,5
RV0009025,O0009030,C002112,5,3
RV0049832,O0049862,C002241,3,4
RV0024098,O0024108,C004846,5,3
RV0033831,O0033846,C001558,4,4
RV0045258,O0045283,C001702,4,3
RV0043316,O0043340,C003215,4,5
RV0038715,O0038734,C004321,5,5
RV0025618,O0025628,C004372,3,4
RV0021131,O0021141,C004329,5,3
RV0035345,O0035361,C003027,3,3
RV0013641,O0013648,C004793,5,5
RV0011592,O0011598,C004691,4,4
RV0035028,O0035044,C004099,3,4
RV0038334,O0038352,C004862,4,3
RV0006752,O0006755,C003766,4,5
RV0027357,O0027370,C001329,3,4
RV0000771,O0000772,C002519,4,5
RV0005762,O0005764,C001195,3,3
RV0041367,O0041389,C004208,3,3
RV0043219,O0043243,C004405,3,5
RV0033080,O0033095,C001761,4,4
RV0007342,O0007345,C003582,3,3
RV0007565,O0007569,C001083,3,5
RV0046487,O0046514,C002211,5,4
RV0032860,O0032875,C000894,4,4
RV0040433,O0040455,C000073,3,5
RV0016916,O0016924,C003835,3,4
RV0041397,O0041419,C002363,5,3
RV0023635,O0023645,C005000,5,5
RV0021333,O0021343,C004493,3,5
RV0047034,O0047061,C003573,3,4
RV0004168,O0004169,C000169,3,4
RV0039013,O0039032,C003630,4,5
RV0042867,O0042890,C003018,4,4
RV0013203,O0013210,C003605,3,5
RV0026463,O0026474,C003926,3,3
RV0035084,O0035100,C004970,5,4
RV0029325,O0029338,C001987,3,5
RV0046402,O0046429,C002717,3,4
RV0047363,O0047391,C003538,4,4
RV0000646,O0000647,C000291,4,3
RV0027953,O0027966,C000545,4,4
RV0033462,O0033477,C000706,4,3
RV0033134,O0033149,C002526,4,3
RV0042301,O0042323,C003970,5,3
RV0042278,O0042300,C004331,4,4
RV0038340,O0038358,C002444,3,5
RV0029310,O0029323,C003015,4,3
RV0005045,O0005047,C000995,4,4
RV0029860,O0029873,C002204,3,4
RV0000429,O0000430,C004782,4,4
RV0032699,O0032714,C001387,3,5
RV0003210,O0003211,C004249,3,5
RV0013013,O0013020,C000943,4,5
RV0023013,O0023023,C002735,3,3
RV0031383,O0031397,C002178,5,4
RV0028101,O0028114,C001825,4,3
RV0040867,O0040889,C003763,3,3
RV0016842,O0016850,C003752,4,3
RV0018724,O0018734,C002230,5,5
RV0032706,O0032721,C002697,3,5
RV0043906,O0043930,C002594,4,5
RV0043669,O0043693,C004268,4,4
RV0025388,O0025398,C001273,3,3
RV0015785,O0015793,C003593,4,3
RV0010003,O0010008,C002990,3,4
RV0004980,O0004982,C002470,3,3
RV0042809,O0042832,C000544,3,5
RV0001138,O0001139,C004489,5,5
RV0010586,O0010591,C001903,4,4
RV0014585,O0014593,C003093,5,4
RV0004672,O0004673,C003234,3,5
RV0033233,O0033248,C001167,4,4
RV0045212,O0045237,C001742,5,3
RV0003375,O0003376,C002517,5,3
RV0010964,O0010970,C004008,4,5
RV0023819,O0023829,C000353,3,3
RV0005046,O0005048,C002445,5,3
RV0003104,O0003105,C002458,4,5
RV0040176,O0040197,C002671,5,4
RV0007234,O0007237,C003009,4,5
RV0002863,O0002864,C003925,5,3
RV0024498,O0024508,C003181,3,4
RV0018464,O0018474,C001615,4,3
RV0026566,O0026577,C002099,4,3
RV0033573,O0033588,C001924,5,3
RV0019035,O0019045,C001884,3,4
RV0032803,O0032818,C001913,5,3
RV0007451,O0007455,C000104,5,3
RV0031871,O0031886,C002646,3,5
RV0045732,O0045758,C003057,4,5
RV0014759,O0014767,C001107,5,5
RV0021110,O0021120,C002955,4,3
RV0017698,O0017707,C001230,4,5
RV0041400,O0041422,C000869,5,4
RV0049688,O0049718,C003694,3,5
RV0008406,O0008411,C002538,4,5
RV0018149,O0018159,C001078,5,5
RV0011904,O0011911,C004524,3,4
RV0024138,O0024148,C002241,5,3
RV0040645,O0040667,C003626,4,5
RV0005253,O0005255,C003994,4,3
RV0041074,O0041096,C002984,3,4
RV0026664,O0026675,C002765,3,5
RV0012418,O0012425,C002433,3,5
RV0001448,O0001449,C004015,5,3
RV0004303,O0004304,C002820,3,3
RV0034563,O0034579,C001077,3,3
RV0026717,O0026728,C004457,5,4
RV0013983,O0013991,C001010,3,5
RV0048317,O0048345,C000336,3,5
RV0032697,O0032712,C003334,4,3
RV0033049,O0033064,C004997,5,3
RV0048840,O0048868,C003127,3,4
RV0014631,O0014639,C000224,5,3
RV0042479,O0042502,C002574,5,4
RV0028644,O0028657,C000270,5,4
RV0004039,O0004040,C001761,5,4
RV0040310,O0040331,C004674,3,4
RV0021412,O0021422,C004648,4,4
RV0020924,O0020934,C004298,3,3
RV0044043,O0044067,C004873,5,3
RV0024431,O0024441,C003429,3,4
RV0023542,O0023552,C000023,5,3
RV0010630,O0010635,C002595,5,5
RV0048048,O0048076,C002464,3,3
RV0047645,O0047673,C000718,4,3
RV0019792,O0019802,C000910,4,3
RV0018923,O0018933,C003286,5,3
RV0036375,O0036393,C001233,4,4
RV0011547,O0011553,C000659,3,5
RV0011813,O0011820,C004615,4,4
RV0011986,O0011993,C001920,4,3
RV0005627,O0005629,C001938,4,3
RV0048577,O0048605,C004314,3,5
RV0034369,O0034385,C000455,5,3
RV0023015,O0023025,C004244,4,4
RV0042748,O0042771,C002586,4,3
RV0029149,O0029162,C002498,5,5
RV0006658,O0006661,C002893,3,5
RV0041144,O0041166,C004707,3,3
RV0037638,O0037656,C002456,4,5
RV0000681,O0000682,C004616,3,3
RV0038018,O0038036,C001767,5,4
RV0026354,O0026364,C002876,3,3
RV0007598,O0007602,C002222,5,5
RV0032160,O0032175,C004182,4,3
RV0048674,O0048702,C004531,5,4
RV0020573,O0020583,C001620,3,3
RV0042361,O0042383,C003934,5,3
RV0017844,O0017854,C000332,3,3
RV0018659,O0018669,C004128,5,4
RV0007916,O0007921,C000678,3,3
RV0038145,O0038163,C000248,4,4
RV0025044,O0025054,C000913,3,5
RV0022776,O0022786,C000214,3,4
RV0004252,O0004253,C003626,5,4
RV0023975,O0023985,C002202,4,4
RV0032805,O0032820,C004566,4,5
RV0029603,O0029616,C004732,3,5
RV0006143,O0006145,C003731,3,3
RV0010600,O0010605,C001419,3,5
RV0040454,O0040476,C000435,5,3
RV0041484,O0041506,C003236,5,3
RV0000585,O0000586,C000085,4,5
RV0004513,O0004514,C001135,5,5
RV0020005,O0020015,C001741,4,4
RV0048397,O0048425,C004459,4,3
RV0009709,O0009714,C004901,5,4
RV0043914,O0043938,C002712,4,4
RV0049765,O0049795,C001923,3,4
RV0012994,O0013001,C003419,3,5
RV0014998,O0015006,C002299,3,4
RV0035673,O0035689,C004930,4,4
RV0045894,O0045920,C003243,3,3
RV0029360,O0029373,C000979,5,3
RV0019879,O0019889,C000882,5,3
RV0022527,O0022537,C003331,3,3
RV0045972,O0045998,C000644,3,3
RV0002463,O0002464,C004309,5,5
RV0037007,O0037025,C004600,3,3
RV0004669,O0004670,C004638,3,4
RV0025354,O0025364,C002936,4,3
RV0030999,O0031013,C003685,3,5
RV0025018,O0025028,C004360,4,5
RV0025885,O0025895,C003349,4,4
RV0017708,O0017717,C001905,3,4
RV0003776,O0003777,C002544,3,5
RV0007596,O0007600,C004179,5,4
RV0034989,O0035005,C001085,4,5
RV0048979,O0049007,C004666,5,5
RV0048915,O0048943,C001567,5,3
RV0016731,O0016739,C004784,3,5
RV0037043,O0037061,C000719,3,5
RV0009391,O0009396,C003920,3,4
RV0024743,O0024753,C004690,5,3
RV0034805,O0034821,C000260,5,4
RV0046264,O0046291,C004511,3,5
RV0012838,O0012845,C002922,4,5
RV0047374,O0047402,C001603,5,4
RV0029735,O0029748,C002174,4,4
RV0017163,O0017171,C003068,5,5
RV0015789,O0015797,C004908,3,4
RV0019490,O0019500,C001489,4,5
RV0028450,O0028463,C000170,3,4
RV0026363,O0026373,C001200,5,4
RV0044210,O0044234,C001851,5,4
RV0004384,O0004385,C004039,3,3
RV0042689,O0042712,C001786,4,5
RV0034458,O0034474,C000940,4,4
RV0019277,O0019287,C000751,3,4
RV0027748,O0027761,C004641,4,3
RV0025456,O0025466,C003511,4,4
RV0020697,O0020707,C000388,5,4
RV0032723,O0032738,C001158,3,4
RV0029547,O0029560,C001962,4,3
RV0045650,O0045675,C001567,5,4
RV0005035,O0005037,C000361,5,4
RV0048833,O0048861,C002715,4,4
RV0021268,O0021278,C004512,5,5
RV0037478,O0037496,C002309,4,3
RV0036278,O0036296,C004535,5,5
RV0009767,O0009772,C003914,3,3
RV0030923,O0030937,C004766,4,4
RV0006821,O0006824,C001196,4,3
RV0016861,O0016869,C004084,4,4
RV0040017,O0040038,C002584,3,5
RV0003940,O0003941,C004777,4,4
RV0034979,O0034995,C003334,5,5
RV0024850,O0024860,C000225,5,3
RV0010351,O0010356,C000439,3,3
RV0020902,O0020912,C003818,4,4
RV0049422,O0049452,C002417,4,3
RV0039285,O0039305,C001902,3,3
RV0049462,O0049492,C001389,4,5
RV0025245,O0025255,C001919,5,4
RV0001824,O0001825,C002961,4,4
RV0033705,O0033720,C004439,5,3
RV0028713,O0028726,C003070,5,3
RV0034897,O0034913,C001105,3,3
RV0003732,O0003733,C001026,4,5
RV0048120,O0048148,C003139,3,3
RV0008042,O0008047,C002058,3,4
RV0021728,O0021738,C003497,4,4
RV0014848,O0014856,C000646,5,3
RV0015013,O0015021,C004779,5,5
RV0020850,O0020860,C001202,5,3
RV0021748,O0021758,C002586,4,3
RV0030792,O0030806,C000745,3,3
RV0032604,O0032619,C001728,4,4
RV0010210,O0010215,C004038,4,3
RV0035375,O0035391,C002985,5,4
RV0007817,O0007822,C000627,4,5
RV0047384,O0047412,C002132,4,3
RV0017299,O0017308,C000248,5,5
RV0047508,O0047536,C004332,3,3
RV0004244,O0004245,C001172,3,5
RV0000322,O0000323,C003758,3,3
RV0030837,O0030851,C001990,3,4
RV0039025,O0039044,C001015,3,5
RV0009314,O0009319,C003215,4,4
RV0045592,O0045617,C001798,5,5
RV0038485,O0038504,C004235,5,5
RV0046424,O0046451,C000372,3,4
RV0019105,O0019115,C004212,5,3
RV0029237,O0029250,C003657,3,4
RV0011578,O0011584,C004701,3,4
RV0042154,O0042176,C004735,4,3
RV0037783,O0037801,C000687,4,3
RV0011235,O0011241,C004456,3,5
RV0012426,O0012433,C003519,5,3
RV0040084,O0040105,C003701,5,4
RV0011527,O0011533,C001513,4,5
RV0022764,O0022774,C003981,5,5
RV0048385,O0048413,C001384,3,4
RV0010676,O0010681,C000310,4,5
RV0008677,O0008682,C000088,4,5
RV0026637,O0026648,C004088,3,3
RV0031512,O0031526,C003696,4,3
RV0013924,O0013931,C001095,4,4
RV0033955,O0033970,C004898,3,5
RV0000482,O0000483,C003603,5,3
RV0027553,O0027566,C001618,3,5
RV0020510,O0020520,C004540,5,5
RV0012216,O0012223,C000596,3,5
RV0015153,O0015161,C002609,4,3
RV0008790,O0008795,C000766,5,3
RV0016164,O0016172,C003905,5,3
RV0002874,O0002875,C000727,3,5
RV0049457,O0049487,C003159,4,5
RV0005610,O0005612,C000420,3,4
RV0045079,O0045104,C001574,4,3
RV0023805,O0023815,C002331,3,5
RV0049554,O0049584,C001161,4,3
RV0008901,O0008906,C002308,5,4
RV0016870,O0016878,C003928,5,3
RV0011863,O0011870,C003849,5,5
RV0008877,O0008882,C000141,5,3
RV0000373,O0000374,C000919,5,3
RV0010592,O0010597,C002560,4,4
RV0005275,O0005277,C004328,4,4
RV0041169,O0041191,C001027,3,3
RV0039306,O0039326,C000623,5,3
RV0020903,O0020913,C001203,4,4
RV0018741,O0018751,C003755,4,4
RV0039782,O0039803,C004801,3,3
RV0019067,O0019077,C003576,5,5
RV0045323,O0045348,C000467,5,4
RV0022018,O0022028,C000730,5,5
RV0012653,O0012660,C004491,5,3
RV0018086,O0018096,C004522,3,5
RV0013604,O0013611,C001630,5,3
RV0020722,O0020732,C000297,5,5
RV0031387,O0031401,C001945,3,4
RV0005501,O0005503,C000064,3,4
RV0026740,O0026751,C000683,4,4
RV0043003,O0043027,C001923,5,4
RV0010254,O0010259,C004749,5,3
RV0025804,O0025814,C002074,5,5
RV0017688,O0017697,C000250,5,3
RV0027029,O0027041,C004230,3,5
RV0044812,O0044837,C001095,3,4
RV0000062,O0000063,C003105,4,5
RV0005488,O0005490,C003881,4,4
RV0015953,O0015961,C002956,5,3
RV0037619,O0037637,C004933,5,3
RV0010317,O0010322,C000844,3,3
RV0010163,O0010168,C001512,4,3
RV0012203,O0012210,C003258,4,3
RV0040872,O0040894,C004932,5,3
RV0010463,O0010468,C002200,5,4
RV0013976,O0013984,C004814,3,3
RV0002385,O0002386,C004161,3,5
RV0005503,O0005505,C001912,4,5
RV0003168,O0003169,C002609,5,5
RV0021722,O0021732,C003458,4,3
RV0023270,O0023280,C002301,4,5
RV0012824,O0012831,C003911,3,3
RV0020638,O0020648,C003506,5,5
RV0028452,O0028465,C001571,5,4
RV0018828,O0018838,C001505,3,3
RV0026577,O0026588,C001138,3,3
RV0005455,O0005457,C003087,5,5
RV0006976,O0006979,C003969,3,5
RV0012400,O0012407,C002192,4,4
RV0032237,O0032252,C000442,4,3
RV0035012,O0035028,C000994,5,5
RV0006715,O0006718,C001201,4,5
RV0016270,O0016278,C004868,5,3
RV0028396,O0028409,C004868,4,5
RV0045120,O0045145,C001994,5,3
RV0003136,O0003137,C000995,5,5
RV0048910,O0048938,C000060,4,4
RV0012110,O0012117,C003583,3,4
RV0039814,O0039835,C002904,4,5
RV0022004,O0022014,C001135,4,5
RV0039656,O0039677,C003085,3,3
RV0046960,O0046987,C003094,5,5
RV0003570,O0003571,C002854,5,3
RV0003564,O0003565,C003440,4,3
RV0038538,O0038557,C000982,3,4
RV0030517,O0030530,C001606,5,4
RV0000428,O0000429,C003940,5,5
RV0023201,O0023211,C001142,4,3
RV0003751,O0003752,C000180,4,3
RV0007411,O0007415,C004414,5,5
RV0035746,O0035762,C002418,5,5
RV0046873,O0046900,C004995,5,3
RV0016095,O0016103,C004918,4,3
RV0024380,O0024390,C003061,4,5
RV0005754,O0005756,C001104,4,3
RV0010092,O0010097,C002557,5,5
RV0035811,O0035827,C002471,4,4
RV0034018,O0034033,C002069,3,3
RV0029501,O0029514,C002817,5,5
RV0022079,O0022089,C004724,4,5
RV0042627,O0042650,C004085,4,4
RV0004985,O0004987,C004536,5,4
RV0039187,O0039207,C003665,3,3
RV0032458,O0032473,C001099,5,3
RV0038763,O0038782,C003608,4,5
RV0041885,O0041907,C001682,3,3
RV0045563,O0045588,C002534,3,5
RV0015388,O0015396,C000223,5,3
RV0027679,O0027692,C000281,5,4
RV0047788,O0047816,C003976,3,3
RV0010520,O0010525,C002987,3,4
RV0039170,O0039190,C001278,5,3
RV0021238,O0021248,C001968,4,3
RV0007624,O0007628,C000116,3,5
RV0014861,O0014869,C003107,4,5
RV0003986,O0003987,C000437,5,4
RV0004894,O0004896,C003660,5,4
RV0005929,O0005931,C002296,4,4
RV0045640,O0045665,C004230,5,3
RV0037958,O0037976,C001803,5,5
RV0031446,O0031460,C001738,5,5
RV0002185,O0002186,C004212,4,5
RV0023125,O0023135,C004919,5,5
RV0019414,O0019424,C000255,5,5
RV0029906,O0029919,C000589,4,4
RV0005266,O0005268,C002758,3,5
RV0002494,O0002495,C003837,3,3
RV0042895,O0042918,C000699,5,3
RV0049475,O0049505,C002297,5,3
RV0037806,O0037824,C001597,5,4
RV0030613,O0030626,C000941,4,5
RV0044664,O0044689,C000947,5,4
RV0031211,O0031225,C003394,4,3
RV0031151,O0031165,C004047,4,3
RV0012515,O0012522,C000625,4,4
RV0045609,O0045634,C004211,5,3
RV0020294,O0020304,C001805,3,3
RV0015507,O0015515,C002663,5,3
RV0028243,O0028256,C002403,5,3
RV0049096,O0049125,C004225,3,3
RV0039033,O0039052,C002181,3,5
RV0022284,O0022294,C004952,4,3
RV0034537,O0034553,C001487,4,4
RV0018097,O0018107,C004504,4,5
RV0047822,O0047850,C003812,5,3
RV0043172,O0043196,C000315,3,3
RV0035528,O0035544,C001864,4,3
RV0048964,O0048992,C004973,5,4
RV0003792,O0003793,C000516,3,4
RV0027674,O0027687,C002346,4,3
RV0049815,O0049845,C000146,3,5
RV0036577,O0036595,C001059,3,5
RV0043630,O0043654,C002965,5,5
RV0018247,O0018257,C000407,5,5
RV0019690,O0019700,C002851,3,4
RV0024210,O0024220,C000915,5,3
RV0027404,O0027417,C001438,5,4
RV0024541,O0024551,C002007,5,3
RV0009590,O0009595,C000826,5,3
RV0034952,O0034968,C002686,5,3
RV0003030,O0003031,C003490,5,5
RV0019075,O0019085,C004356,3,4
RV0039145,O0039165,C003780,4,3
RV0033727,O0033742,C002360,5,3
RV0003184,O0003185,C001732,5,5
RV0031702,O0031716,C001099,3,4
RV0038779,O0038798,C003260,4,3
RV0004816,O0004818,C004875,5,3
RV0048248,O0048276,C001706,5,5
RV0006750,O0006753,C001013,4,4
RV0005865,O0005867,C004529,4,3
RV0003211,O0003212,C004255,3,5
RV0034648,O0034664,C001484,3,5
RV0012968,O0012975,C000074,5,3
RV0047259,O0047287,C000278,3,3
RV0005265,O0005267,C003188,3,5
RV0019021,O0019031,C003012,4,4
RV0009532,O0009537,C004526,3,5
RV0019412,O0019422,C001324,5,5
RV0035154,O0035170,C003471,5,3
RV0009763,O0009768,C001748,3,3
RV0004091,O0004092,C000756,5,3
RV0000385,O0000386,C001259,4,4
RV0043783,O0043807,C002846,3,5
RV0036216,O0036234,C001309,4,5
RV0040826,O0040848,C002831,4,3
RV0019243,O0019253,C003003,3,3
RV0026608,O0026619,C003012,3,4
RV0031602,O0031616,C004509,5,4
RV0049108,O0049137,C000077,4,3
RV0007182,O0007185,C003881,4,3
RV0034577,O0034593,C002916,3,3
RV0035846,O0035862,C003239,4,3
RV0037603,O0037621,C001841,5,3
RV0027194,O0027207,C004361,3,3
RV0010069,O0010074,C003821,3,3
RV0005715,O0005717,C003737,3,3
RV0033054,O0033069,C003955,4,4
RV0025114,O0025124,C001957,5,5
RV0032612,O0032627,C002971,4,3
RV0002095,O0002096,C001289,5,4
RV0026808,O0026819,C002404,3,5
RV0014076,O0014084,C004150,3,3
RV0031420,O0031434,C003786,4,5
RV0022199,O0022209,C004390,3,5
RV0047187,O0047214,C002830,4,5
RV0024576,O0024586,C001680,3,5
RV0037808,O0037826,C003561,4,4
RV0004605,O0004606,C004649,4,4
RV0035688,O0035704,C000078,5,5
RV0006915,O0006918,C004353,3,5
RV0029472,O0029485,C000957,4,3
RV0029658,O0029671,C003286,5,5
RV0019366,O0019376,C003603,3,4
RV0025626,O0025636,C001709,3,3
RV0042758,O0042781,C004340,5,3
RV0016728,O0016736,C000899,3,5
RV0024621,O0024631,C000847,3,5
RV0020345,O0020355,C001939,4,5
RV0001281,O0001282,C000586,3,5
RV0011797,O0011804,C003044,4,3
RV0039638,O0039659,C003642,4,5
RV0038147,O0038165,C004734,4,5
RV0017656,O0017665,C003683,3,5
RV0020427,O0020437,C003743,3,3
RV0021753,O0021763,C000392,5,4
RV0000914,O0000915,C000093,3,4
RV0020610,O0020620,C002006,4,3
RV0041444,O0041466,C002860,5,5
RV0033950,O0033965,C002279,5,4
RV0046380,O0046407,C002069,4,3
RV0043718,O0043742,C004766,3,5
RV0022982,O0022992,C000228,3,3
RV0007524,O0007528,C002565,5,4
RV0013949,O0013957,C001083,3,4
RV0027024,O0027035,C003973,4,3
RV0016625,O0016633,C004007,5,5
RV0000898,O0000899,C003267,4,4
RV0011993,O0012000,C003413,4,4
RV0046745,O0046772,C003890,5,5
RV0048004,O0048032,C002684,3,4
RV0037222,O0037240,C004822,3,4
RV0007143,O0007146,C001114,4,5
RV0007568,O0007572,C002757,4,3
RV0000971,O0000972,C002383,3,5
RV0020537,O0020547,C002139,5,3
RV0024851,O0024861,C004345,5,3
RV0028100,O0028113,C000298,5,3
RV0018668,O0018678,C000924,4,4
RV0026644,O0026655,C001140,4,3
RV0044596,O0044621,C000929,4,5
RV0019397,O0019407,C003527,4,4
RV0038922,O0038941,C001796,4,3
RV0008085,O0008090,C004016,3,3
RV0002132,O0002133,C000471,5,4
RV0032241,O0032256,C001856,5,4
RV0015107,O0015115,C002249,5,4
RV0024701,O0024711,C000834,3,3
RV0002372,O0002373,C001079,4,4
RV0049615,O0049645,C001403,5,4
RV0033294,O0033309,C002133,3,4
RV0030726,O0030740,C003426,5,5
RV0042340,O0042362,C004758,4,3
RV0032289,O0032304,C001076,4,5
RV0021342,O0021352,C001714,3,5
RV0027838,O0027851,C001369,4,5
RV0035145,O0035161,C003808,5,3
RV0039057,O0039076,C000734,4,4
RV0005158,O0005160,C000269,3,5
RV0022114,O0022124,C000510,5,4
RV0016540,O0016548,C003601,3,5
RV0029634,O0029647,C003851,3,4
RV0001012,O0001013,C003884,5,5
RV0002247,O0002248,C000468,5,3
RV0005711,O0005713,C002578,5,4
RV0009538,O0009543,C000554,4,5
RV0020757,O0020767,C001156,5,5
RV0038708,O0038727,C004647,4,3
RV0024654,O0024664,C001243,4,5
RV0023410,O0023420,C002868,5,4
RV0024801,O0024811,C001400,3,5
RV0042894,O0042917,C004893,3,3
RV0027432,O0027445,C000986,4,3
RV0036899,O0036917,C003114,4,4
RV0018475,O0018485,C002324,4,3
RV0023875,O0023885,C000196,4,4
RV0040333,O0040354,C002642,5,5
RV0000231,O0000232,C000326,3,3
RV0018600,O0018610,C001953,5,5
RV0042582,O0042605,C000069,5,4
RV0043164,O0043188,C003428,4,5
RV0009720,O0009725,C000685,5,4
RV0042686,O0042709,C002581,3,4
RV0031765,O0031779,C004498,4,3
RV0012557,O0012564,C002061,4,3
RV0016170,O0016178,C004991,3,5
RV0007272,O0007275,C002943,3,5
RV0049001,O0049029,C001357,4,4
RV0021327,O0021337,C002542,4,3
RV0002893,O0002894,C001544,5,3
RV0024379,O0024389,C000976,4,3
RV0045459,O0045484,C000099,5,4
RV0023367,O0023377,C004302,5,4
RV0002638,O0002639,C000876,3,4
RV0027339,O0027352,C002256,4,3
RV0037309,O0037327,C001175,5,5
RV0016570,O0016578,C002866,3,5
RV0022715,O0022725,C002405,5,3
RV0008321,O0008326,C002695,4,4
RV0014290,O0014298,C003335,5,4
RV0038700,O0038719,C002232,5,3
RV0022077,O0022087,C000264,4,3
RV0033796,O0033811,C002553,5,3
RV0049197,O0049226,C004143,4,4
RV0018536,O0018546,C004008,4,4
RV0027343,O0027356,C000190,3,3
RV0011799,O0011806,C002926,4,5
RV0036811,O0036829,C000261,4,5
RV0025812,O0025822,C004778,5,3
RV0014320,O0014328,C001328,4,3
RV0011917,O0011924,C003320,3,5
RV0018508,O0018518,C002497,3,3
RV0009183,O0009188,C002273,4,3
RV0002980,O0002981,C003271,5,5
RV0005920,O0005922,C002064,4,4
RV0036121,O0036139,C002767,5,4
RV0022954,O0022964,C000048,5,4
RV0022565,O0022575,C002294,3,4
RV0043610,O0043634,C003141,3,4
RV0006201,O0006203,C001380,4,3
RV0032829,O0032844,C000521,4,3
RV0006348,O0006350,C002730,5,3
RV0026977,O0026988,C000264,5,3
RV0020267,O0020277,C003760,4,5
RV0046791,O0046818,C002753,4,3
RV0030738,O0030752,C002495,4,3
RV0003095,O0003096,C001017,3,4
RV0047321,O0047349,C000073,3,3
RV0018270,O0018280,C000480,3,4
RV0013748,O0013755,C000069,4,3
RV0047715,O0047743,C003482,5,3
RV0039513,O0039534,C000451,5,4
RV0048204,O0048232,C003031,3,4
RV0045257,O0045282,C001313,4,4
RV0032744,O0032759,C003070,4,4
RV0018503,O0018513,C002657,4,3
RV0033589,O0033604,C002013,4,5
RV0046565,O0046592,C001591,4,5
RV0013595,O0013602,C003893,3,3
RV0035824,O0035840,C002067,4,5
RV0017356,O0017365,C002947,4,3
RV0004962,O0004964,C004170,5,3
RV0018957,O0018967,C003917,5,4
RV0024196,O0024206,C000356,4,3
RV0025790,O0025800,C000919,5,5
RV0037908,O0037926,C000908,5,3
RV0032410,O0032425,C004351,3,4
RV0029050,O0029063,C000842,5,4
RV0005907,O0005909,C003292,3,5
RV0042057,O0042079,C001489,5,4
RV0001876,O0001877,C000106,3,4
RV0017196,O0017205,C001819,3,3
RV0000625,O0000626,C001458,4,4
RV0039729,O0039750,C003557,3,5
RV0011668,O0011674,C002532,4,3
RV0023846,O0023856,C003354,5,4
RV0043436,O0043460,C000631,3,4
RV0043126,O0043150,C004681,4,4
RV0007365,O0007369,C002634,3,5
RV0039693,O0039714,C003970,4,5
RV0028741,O0028754,C001454,5,3
RV0029463,O0029476,C001496,5,5
RV0003862,O0003863,C001241,4,5
RV0004859,O0004861,C000343,5,4
RV0034083,O0034098,C002395,5,3
RV0045924,O0045950,C003193,3,5
RV0039205,O0039225,C000373,5,5
RV0025414,O0025424,C002916,4,5
RV0007538,O0007542,C003406,3,3
RV0008238,O0008243,C004730,3,4
RV0013676,O0013683,C004868,3,3
RV0047777,O0047805,C000451,5,5
RV0022816,O0022826,C001391,4,4
RV0043757,O0043781,C004904,5,4
RV0007497,O0007501,C001668,5,3
RV0027826,O0027839,C000577,3,3
RV0025593,O0025603,C000760,4,4
RV0047918,O0047946,C002664,5,3
RV0000480,O0000481,C001784,5,4
RV0040000,O0040021,C000463,4,4
RV0037561,O0037579,C001957,4,3
RV0047283,O0047311,C004027,4,4
RV0025960,O0025970,C002924,5,4
RV0012736,O0012743,C003630,3,3
RV0035665,O0035681,C000448,5,4
RV0045315,O0045340,C002598,3,4
RV0031469,O0031483,C001762,3,4
RV0048707,O0048735,C000516,4,5
RV0005169,O0005171,C001741,3,3
RV0049653,O0049683,C003253,4,4
RV0007891,O0007896,C004455,4,5
RV0013610,O0013617,C000520,4,3
RV0040792,O0040814,C004348,4,4
RV0000273,O0000274,C004002,4,3
RV0021102,O0021112,C001938,4,3
RV0038846,O0038865,C004803,4,5
RV0031060,O0031074,C003056,4,5
RV0012223,O0012230,C001730,3,3
RV0036003,O0036020,C002993,4,4
RV0040907,O0040929,C003241,5,5
RV0012184,O0012191,C004895,3,4
RV0049118,O0049147,C003269,4,4
RV0002174,O0002175,C002519,4,5
RV0005235,O0005237,C004640,3,5
RV0020277,O0020287,C004372,5,5
RV0020097,O0020107,C003896,3,4
RV0014402,O0014410,C003455,5,4
RV0038316,O0038334,C003930,4,3
RV0041126,O0041148,C004838,4,5
RV0039165,O0039185,C001591,3,5
RV0015258,O0015266,C002138,3,5
RV0000758,O0000759,C002215,5,5
RV0028530,O0028543,C003389,4,4
RV0016810,O0016818,C001249,5,4
RV0029076,O0029089,C004224,5,5
RV0040851,O0040873,C000386,3,4
RV0001818,O0001819,C004617,4,5
RV0037937,O0037955,C000222,3,5
RV0045279,O0045304,C001995,4,5
RV0044150,O0044174,C003836,5,4
RV0004740,O0004742,C003930,4,5
RV0014326,O0014334,C004725,3,4
RV0003918,O0003919,C003093,4,5
RV0027270,O0027283,C001890,3,5
RV0028882,O0028895,C001276,4,5
RV0018136,O0018146,C003318,3,5
RV0027017,O0027028,C003344,3,3
RV0048165,O0048193,C002939,5,5
RV0022996,O0023006,C000951,3,4
RV0028285,O0028298,C003030,5,4
RV0037878,O0037896,C004345,5,4
RV0047260,O0047288,C003517,3,3
RV0033327,O0033342,C000794,4,3
RV0006936,O0006939,C001372,5,4
RV0022647,O0022657,C001676,4,3
RV0009086,O0009091,C001391,3,5
RV0033626,O0033641,C002024,3,3
RV0006179,O0006181,C000100,4,3
RV0016895,O0016903,C001523,4,4
RV0023056,O0023066,C002466,3,5
RV0020254,O0020264,C002867,5,3
RV0049139,O0049168,C002493,4,3
RV0029308,O0029321,C002084,5,5
RV0015944,O0015952,C003001,3,5
RV0044057,O0044081,C003910,3,4
RV0036557,O0036575,C004182,4,5
RV0047583,O0047611,C004884,3,3
RV0003593,O0003594,C002486,5,4
RV0000351,O0000352,C004274,5,3
RV0024156,O0024166,C000710,5,5
RV0029095,O0029108,C001037,4,3
RV0003222,O0003223,C002705,4,3
RV0001576,O0001577,C004715,5,3
RV0010941,O0010947,C000085,5,4
RV0047441,O0047469,C000296,5,4
RV0041551,O0041573,C002757,4,5
RV0041902,O0041924,C001214,4,4
RV0025869,O0025879,C000362,3,5
RV0017479,O0017488,C004968,4,3
RV0035522,O0035538,C000234,5,3
RV0007950,O0007955,C000880,3,3
RV0017398,O0017407,C003703,3,4
RV0040521,O0040543,C000346,5,3
RV0025980,O0025990,C004684,3,4
RV0006759,O0006762,C000453,4,3
RV0049234,O0049263,C004911,4,3
RV0008760,O0008765,C002344,3,3
RV0037727,O0037745,C003697,5,3
RV0036478,O0036496,C000320,3,4
RV0045436,O0045461,C000525,4,3
RV0049426,O0049456,C002800,5,5
RV0044101,O0044125,C002558,3,4
RV0043251,O0043275,C003003,5,3
RV0034284,O0034299,C004080,5,4
RV0019001,O0019011,C004133,5,4
RV0005370,O0005372,C000506,3,5
RV0037551,O0037569,C001881,5,5
RV0028958,O0028971,C002180,5,5
RV0007743,O0007748,C000309,5,5
RV0013399,O0013406,C002590,3,5
RV0034611,O0034627,C004823,3,3
RV0038348,O0038366,C003696,3,5
RV0047724,O0047752,C000114,3,3
RV0005645,O0005647,C004323,4,4
RV0014765,O0014773,C004433,4,3
RV0043976,O0044000,C000104,3,4
RV0004326,O0004327,C002627,4,3
RV0005874,O0005876,C001752,5,3
RV0004614,O0004615,C004318,3,4
RV0025011,O0025021,C004397,5,5
RV0022607,O0022617,C001065,4,5
RV0026048,O0026058,C000004,5,5
RV0043146,O0043170,C000571,5,5
RV0011715,O0011722,C001427,5,4
RV0019713,O0019723,C001851,5,4
RV0040153,O0040174,C004578,5,3
RV0024421,O0024431,C003785,3,3
RV0014748,O0014756,C002023,3,4
RV0038226,O0038244,C000055,5,5
RV0042628,O0042651,C000117,4,4
RV0041841,O0041863,C004428,4,5
RV0048160,O0048188,C002222,3,3
RV0012619,O0012626,C004752,4,3
RV0008440,O0008445,C000379,4,4
RV0002902,O0002903,C004022,5,3
RV0048714,O0048742,C000477,4,3
RV0002434,O0002435,C000942,5,5
RV0041951,O0041973,C002335,4,3
RV0001853,O0001854,C004630,5,5
RV0040942,O0040964,C000355,5,3
RV0016971,O0016979,C002914,4,5
RV0047756,O0047784,C000001,3,5
RV0005216,O0005218,C001923,4,3
RV0007785,O0007790,C001463,3,4
RV0036183,O0036201,C002598,5,3
RV0000558,O0000559,C001973,5,5
RV0044206,O0044230,C001745,5,3
RV0037576,O0037594,C004351,4,3
RV0011807,O0011814,C002789,3,4
RV0020189,O0020199,C003453,4,4
RV0032425,O0032440,C004429,5,4
RV0036227,O0036245,C000639,5,5
RV0040632,O0040654,C004075,3,5
RV0037249,O0037267,C003131,3,4
RV0045134,O0045159,C002624,5,3
RV0007836,O0007841,C000577,3,3
RV0017737,O0017746,C002478,5,3
RV0009960,O0009965,C003827,4,4
RV0016529,O0016537,C000122,4,3
RV0044620,O0044645,C004110,3,4
RV0000103,O0000104,C000922,5,4
RV0019036,O0019046,C002769,4,5
RV0015393,O0015401,C001103,5,5
RV0032358,O0032373,C004681,3,3
RV0043282,O0043306,C000051,5,5
RV0003780,O0003781,C001096,3,4
RV0033619,O0033634,C002943,5,5
RV0027530,O0027543,C000948,3,3
RV0019273,O0019283,C002079,5,5
RV0001480,O0001481,C002696,4,4
RV0020937,O0020947,C003823,5,5
RV0019608,O0019618,C000503,4,3
RV0009403,O0009408,C004558,3,5
RV0034095,O0034110,C002692,4,4
RV0044885,O0044910,C002868,5,5
RV0007474,O0007478,C002292,3,5
RV0028158,O0028171,C003110,4,3
RV0006204,O0006206,C003554,3,3
RV0004745,O0004747,C003805,5,4
RV0001866,O0001867,C003270,3,3
RV0044960,O0044985,C001335,4,4
RV0008844,O0008849,C000502,3,4
RV0047086,O0047113,C004387,4,3
RV0000848,O0000849,C002290,5,5
RV0030876,O0030890,C001549,4,3
RV0021374,O0021384,C000031,5,4
RV0006537,O0006540,C001146,3,4
RV0049369,O0049399,C002209,3,5
RV0030088,O0030101,C000437,5,5
RV0000702,O0000703,C003224,3,4
RV0046349,O0046376,C003259,3,3
RV0044410,O0044434,C000912,5,5
RV0028034,O0028047,C000208,3,3
RV0029980,O0029993,C000487,4,3
RV0025729,O0025739,C000694,5,3
RV0043012,O0043036,C003270,3,4
RV0029201,O0029214,C001588,4,3
RV0038904,O0038923,C004847,5,3
RV0038320,O0038338,C000757,4,3
RV0019538,O0019548,C000756,3,4
RV0033280,O0033295,C000830,3,5
RV0029834,O0029847,C002480,5,5
RV0020117,O0020127,C003583,4,4
RV0013700,O0013707,C003197,4,5
RV0049447,O0049477,C001094,3,3
RV0000776,O0000777,C002015,4,3
RV0032601,O0032616,C004946,5,3
RV0011742,O0011749,C004945,4,4
RV0025203,O0025213,C003650,5,3
RV0016501,O0016509,C001834,4,3
RV0017520,O0017529,C003481,5,4
RV0046680,O0046707,C000319,3,3
RV0014188,O0014196,C004216,3,5
RV0004064,O0004065,C001503,4,5
RV0032928,O0032943,C002991,3,5
RV0023656,O0023666,C004278,4,4
RV0030366,O0030379,C002084,4,4
RV0048524,O0048552,C002427,4,4
RV0016620,O0016628,C004193,4,3
RV0002055,O0002056,C004400,3,3
RV0000745,O0000746,C001594,5,4
RV0043844,O0043868,C001811,5,3
RV0036754,O0036772,C001007,4,4
RV0006429,O0006432,C002481,3,3
RV0039821,O0039842,C000320,3,3
RV0002851,O0002852,C002887,4,3
RV0010157,O0010162,C004223,3,4
RV0049901,O0049931,C003444,4,4
RV0016974,O0016982,C001487,4,3
RV0024915,O0024925,C000975,4,4
RV0045547,O0045572,C003395,3,4
RV0023678,O0023688,C001978,5,5
RV0003036,O0003037,C001787,5,4
RV0007431,O0007435,C004233,5,4
RV0040481,O0040503,C000754,4,4
RV0040702,O0040724,C002362,4,5
RV0001682,O0001683,C001164,5,5
RV0046911,O0046938,C004638,5,4
RV0018314,O0018324,C001441,3,3
RV0031431,O0031445,C002692,4,5
RV0049606,O0049636,C002169,3,3
RV0043074,O0043098,C000567,4,5
RV0038443,O0038461,C001088,4,5
RV0043795,O0043819,C002808,5,5
RV0025680,O0025690,C000158,3,3
RV0010123,O0010128,C004658,5,3
RV0041730,O0041752,C004974,5,3
RV0037734,O0037752,C002995,3,5
RV0044687,O0044712,C003554,3,3
RV0031961,O0031976,C004581,4,4
RV0048755,O0048783,C004884,3,3
RV0037000,O0037018,C002749,5,4
RV0039806,O0039827,C001099,5,4
RV0003715,O0003716,C001341,5,4
RV0008247,O0008252,C002790,5,5
RV0038970,O0038989,C001590,5,3
RV0038836,O0038855,C003564,3,4
RV0039716,O0039737,C001934,3,5
RV0039668,O0039689,C002021,5,3
RV0001000,O0001001,C003148,4,4
RV0007268,O0007271,C002802,3,3
RV0029324,O0029337,C004912,3,4
RV0038682,O0038701,C002276,3,4
RV0003829,O0003830,C001381,4,5
RV0036416,O0036434,C002854,5,4
RV0013904,O0013911,C003171,4,5
RV0026719,O0026730,C004440,5,5
RV0031854,O0031869,C001303,3,5
RV0008684,O0008689,C001708,5,5
RV0025527,O0025537,C003711,3,3
RV0016957,O0016965,C004845,5,4
RV0019245,O0019255,C000276,3,3
RV0035756,O0035772,C004923,4,4
RV0012341,O0012348,C000766,3,4
RV0006483,O0006486,C001028,5,3
RV0015331,O0015339,C002298,5,5
RV0038337,O0038355,C003464,4,3
RV0028995,O0029008,C003769,5,5
RV0039635,O0039656,C000851,5,5
RV0025266,O0025276,C004455,5,4
RV0006656,O0006659,C002258,5,4
RV0049209,O0049238,C002409,5,4
RV0046171,O0046197,C000676,4,5
RV0031111,O0031125,C003531,3,3
RV0039498,O0039519,C004638,3,3
RV0015769,O0015777,C002209,3,3
RV0013867,O0013874,C002157,4,3
RV0003444,O0003445,C002730,5,3
RV0046859,O0046886,C004496,3,4
RV0008908,O0008913,C002825,3,3
RV0021877,O0021887,C000513,5,3
RV0028777,O0028790,C000387,5,3
RV0032555,O0032570,C003419,5,4
RV0007479,O0007483,C000461,4,3
RV0046379,O0046406,C004846,5,4
RV0026004,O0026014,C002980,5,3
RV0033943,O0033958,C001611,4,5
RV0004028,O0004029,C003413,4,3
RV0027901,O0027914,C003331,4,5
RV0042964,O0042987,C002195,3,5
RV0046734,O0046761,C003138,5,3
RV0049289,O0049318,C004607,4,4
RV0018481,O0018491,C001764,5,5
RV0027623,O0027636,C000687,5,3
RV0028289,O0028302,C001101,4,5
RV0029795,O0029808,C003955,4,5
RV0036016,O0036034,C004525,3,3
RV0003265,O0003266,C002622,5,5
RV0038005,O0038023,C000011,4,3
RV0045704,O0045729,C000291,5,3
RV0025899,O0025909,C003261,5,3
RV0027582,O0027595,C000727,3,5
RV0016604,O0016612,C004621,4,4
RV0011947,O0011954,C004901,4,4
RV0023318,O0023328,C002236,4,3
RV0028595,O0028608,C000516,4,5
RV0047971,O0047999,C001760,4,4
RV0048394,O0048422,C003614,4,3
RV0028121,O0028134,C000393,4,4
RV0004878,O0004880,C001699,4,5
RV0025166,O0025176,C001912,4,5
RV0018183,O0018193,C001045,5,3
RV0024039,O0024049,C001200,5,4
RV0023129,O0023139,C000535,5,5
RV0023240,O0023250,C003426,3,4
RV0046885,O0046912,C000850,5,3
RV0011744,O0011751,C004993,4,4
RV0023709,O0023719,C000811,3,3
RV0000460,O0000461,C002458,3,5
RV0019697,O0019707,C003075,4,5
RV0022514,O0022524,C003052,3,5
RV0007270,O0007273,C000197,5,4
RV0012581,O0012588,C001630,3,5
RV0046204,O0046230,C000130,3,4
RV0022605,O0022615,C004013,4,5
RV0040370,O0040391,C001256,4,5
RV0012335,O0012342,C003780,4,4
RV0005012,O0005014,C001128,4,4
RV0008178,O0008183,C004927,3,5
RV0005975,O0005977,C000907,3,4
RV0016339,O0016347,C002535,5,5
RV0020865,O0020875,C001824,5,5
RV0011761,O0011768,C002059,3,3
RV0002135,O0002136,C001743,5,5
RV0021538,O0021548,C002519,3,5
RV0001377,O0001378,C000127,5,4
RV0032218,O0032233,C000837,3,5
RV0019671,O0019681,C003616,3,3
RV0014411,O0014419,C004474,5,5
RV0045537,O0045562,C000836,3,5
RV0006802,O0006805,C002327,3,3
RV0014711,O0014719,C001043,3,4
RV0005428,O0005430,C000677,5,3
RV0007168,O0007171,C002241,3,5
RV0040402,O0040423,C002123,5,5
RV0021546,O0021556,C003009,3,3
RV0022264,O0022274,C000879,4,3
RV0025699,O0025709,C004561,5,5
RV0026699,O0026710,C000173,5,4
RV0038496,O0038515,C000190,5,3
RV0014158,O0014166,C001704,3,4
RV0045848,O0045874,C003918,4,3
RV0004243,O0004244,C001084,3,3
RV0010735,O0010740,C002533,3,3
RV0029720,O0029733,C003031,3,4
RV0035390,O0035406,C004444,3,4
RV0014545,O0014553,C004161,3,5
RV0027367,O0027380,C004181,3,5
RV0030618,O0030631,C000407,4,4
RV0003700,O0003701,C000632,4,3
RV0000216,O0000217,C004814,4,5
RV0032198,O0032213,C004711,4,3
RV0042021,O0042043,C004624,3,3
RV0005564,O0005566,C004378,4,5
RV0046140,O0046166,C000260,4,4
RV0014966,O0014974,C002860,3,5
RV0018291,O0018301,C004369,3,5
RV0042204,O0042226,C001932,3,4
RV0018596,O0018606,C003393,3,5
RV0031230,O0031244,C004719,5,3
RV0035696,O0035712,C004356,4,4
RV0035246,O0035262,C001650,3,3
RV0034689,O0034705,C001413,4,3
RV0019904,O0019914,C002425,3,5
RV0020717,O0020727,C002728,5,4
RV0040947,O0040969,C002481,4,4
RV0002328,O0002329,C001066,5,3
RV0012009,O0012016,C002061,5,4
RV0005367,O0005369,C002567,3,5
RV0015024,O0015032,C000615,5,3
RV0015647,O0015655,C004780,5,5
RV0044691,O0044716,C000133,3,5
RV0005598,O0005600,C003881,4,3
RV0048453,O0048481,C004224,3,4
RV0043109,O0043133,C001279,4,3
RV0016900,O0016908,C001295,5,3
RV0035893,O0035909,C004671,4,3
RV0033759,O0033774,C002731,4,3
RV0015081,O0015089,C002197,4,4
RV0020492,O0020502,C003550,5,4
RV0035388,O0035404,C000419,4,3
RV0006736,O0006739,C002872,4,5
RV0045306,O0045331,C003764,5,5
RV0005223,O0005225,C004486,3,5
RV0027334,O0027347,C000529,3,3
RV0012447,O0012454,C001328,4,5
RV0038493,O0038512,C002328,5,4
RV0021289,O0021299,C003515,5,3
RV0002436,O0002437,C004717,4,3
RV0026313,O0026323,C000834,3,5
RV0043009,O0043033,C002076,4,3
RV0034870,O0034886,C000611,5,3
RV0007682,O0007686,C000169,4,5
RV0043580,O0043604,C004773,5,4
RV0024004,O0024014,C002728,4,4
RV0030865,O0030879,C000258,5,5
RV0048382,O0048410,C003331,3,5
RV0038741,O0038760,C002007,3,3
RV0031872,O0031887,C000192,3,3
RV0041095,O0041117,C004461,5,4
RV0046998,O0047025,C001578,4,5
RV0021785,O0021795,C003021,3,4
RV0020916,O0020926,C000068,5,3
RV0004829,O0004831,C000295,3,5
RV0007442,O0007446,C004333,3,3
RV0015727,O0015735,C000870,3,5
RV0039461,O0039482,C002573,4,3
RV0047433,O0047461,C003254,5,4
RV0010951,O0010957,C001159,5,4
RV0035204,O0035220,C001606,3,4
RV0040028,O0040049,C002543,4,3
RV0011538,O0011544,C000328,4,4
RV0048893,O0048921,C001732,3,4
RV0034892,O0034908,C004805,4,5
RV0025217,O0025227,C003005,5,5
RV0000890,O0000891,C003937,3,4
RV0025639,O0025649,C001848,3,3
RV0019908,O0019918,C002409,4,3
RV0026550,O0026561,C004511,5,3
RV0027776,O0027789,C000600,5,3
RV0025608,O0025618,C002930,5,4
RV0031119,O0031133,C002778,3,3
RV0019939,O0019949,C001649,5,3
RV0017317,O0017326,C004643,5,5
RV0004613,O0004614,C003390,4,5
RV0033152,O0033167,C002042,5,5
RV0026874,O0026885,C001834,5,4
RV0031028,O0031042,C001049,5,5
RV0000651,O0000652,C000917,4,4
RV0033072,O0033087,C004452,5,5
RV0020712,O0020722,C003779,5,4
RV0023311,O0023321,C004783,4,4
RV0036330,O0036348,C000879,3,4
RV0041961,O0041983,C003351,4,4
RV0046200,O0046226,C004447,5,4
RV0040352,O0040373,C002812,5,4
RV0028509,O0028522,C000139,3,3
RV0007831,O0007836,C003617,3,4
RV0033369,O0033384,C000248,3,4
RV0042737,O0042760,C000255,5,3
RV0010390,O0010395,C002297,3,3
RV0033427,O0033442,C000418,4,5
RV0002554,O0002555,C000651,5,3
RV0003714,O0003715,C000386,5,5
RV0026780,O0026791,C003661,4,5
RV0020667,O0020677,C003514,3,5
RV0015506,O0015514,C000400,4,4
RV0019223,O0019233,C002262,5,4
RV0045331,O0045356,C003710,5,4
RV0030103,O0030116,C004012,5,4
RV0021275,O0021285,C004836,4,3
RV0015809,O0015817,C004441,3,3
RV0011708,O0011715,C001020,5,3
RV0025328,O0025338,C004684,3,3
RV0045246,O0045271,C000350,5,5
RV0017394,O0017403,C003095,4,3
RV0039053,O0039072,C001240,4,5
RV0022712,O0022722,C003394,4,3
RV0043705,O0043729,C001077,3,5
RV0007893,O0007898,C004537,5,4
RV0032756,O0032771,C003599,5,3
RV0026920,O0026931,C001435,4,4
RV0017687,O0017696,C004709,4,4
RV0005236,O0005238,C002827,4,4
RV0037262,O0037280,C002471,3,3
RV0028335,O0028348,C000823,5,5
RV0021286,O0021296,C004327,4,3
RV0024510,O0024520,C003634,3,3
RV0007161,O0007164,C003912,4,4
RV0038637,O0038656,C002573,5,4
RV0032037,O0032052,C003603,5,4
RV0032159,O0032174,C003149,3,5
RV0044686,O0044711,C003961,4,5
RV0033506,O0033521,C001663,3,5
RV0020586,O0020596,C001732,3,3
RV0018049,O0018059,C003557,4,5
RV0020631,O0020641,C000441,5,3
RV0037874,O0037892,C001653,4,5
RV0017249,O0017258,C002596,4,4
RV0022363,O0022373,C000801,5,5
RV0040221,O0040242,C001040,5,5
RV0022396,O0022406,C002760,5,3
RV0033252,O0033267,C000785,5,3
RV0045369,O0045394,C000733,5,4
RV0012868,O0012875,C002420,5,4
RV0002514,O0002515,C002363,4,4
RV0036436,O0036454,C004584,3,4
RV0012586,O0012593,C003893,5,3
RV0004704,O0004705,C004220,3,3
RV0015593,O0015601,C002014,3,5
RV0043033,O0043057,C003058,4,3
RV0040439,O0040461,C004091,3,3
RV0006689,O0006692,C004963,3,3
RV0044320,O0044344,C000692,5,3
RV0047028,O0047055,C000371,4,3
RV0008596,O0008601,C003694,5,5
RV0011380,O0011386,C002849,3,3
RV0021690,O0021700,C002773,5,4
RV0032638,O0032653,C002509,3,4
RV0002515,O0002516,C002332,3,4
RV0002726,O0002727,C001401,3,5
RV0045885,O0045911,C000529,4,3
RV0042967,O0042990,C001922,5,4
RV0034891,O0034907,C001176,3,3
RV0007094,O0007097,C003842,3,5
RV0010439,O0010444,C001395,4,3
RV0034368,O0034384,C002072,3,5
RV0029801,O0029814,C001897,3,3
RV0022112,O0022122,C004416,5,4
RV0045424,O0045449,C000312,4,4
RV0017807,O0017816,C000312,5,3
RV0032520,O0032535,C002411,3,5
RV0012486,O0012493,C000188,3,4
RV0024006,O0024016,C001383,5,3
RV0048773,O0048801,C000546,3,5
RV0027614,O0027627,C000357,4,3
RV0045660,O0045685,C003983,5,5
RV0032838,O0032853,C002931,4,3
RV0009165,O0009170,C001700,5,5
RV0046071,O0046097,C004900,4,4
RV0038361,O0038379,C002328,4,3
RV0015653,O0015661,C004078,5,5
RV0034605,O0034621,C001414,3,4
RV0037632,O0037650,C003106,5,5
RV0002900,O0002901,C002679,3,5
RV0041963,O0041985,C003729,5,4
RV0049801,O0049831,C002099,5,3
RV0025971,O0025981,C001082,3,4
RV0034254,O0034269,C004280,5,3
RV0027085,O0027097,C001946,5,4
RV0014872,O0014880,C000999,5,5
RV0044618,O0044643,C001955,4,5
RV0000936,O0000937,C003196,5,5
RV0022550,O0022560,C003262,4,3
RV0036275,O0036293,C000128,4,4
RV0032280,O0032295,C004530,5,3
RV0025704,O0025714,C004998,3,4
RV0046308,O0046335,C002856,3,3
RV0005729,O0005731,C004661,4,5
RV0026061,O0026071,C002817,4,4
RV0034747,O0034763,C003136,4,3
RV0039066,O0039085,C003768,3,3
RV0020184,O0020194,C002969,4,5
RV0048243,O0048271,C004561,3,3
RV0030504,O0030517,C003307,3,4
RV0036846,O0036864,C001579,5,4
RV0034514,O0034530,C004340,5,3
RV0025621,O0025631,C003948,4,3
RV0001720,O0001721,C000801,3,4
RV0000581,O0000582,C003052,5,4
RV0018178,O0018188,C004873,4,4
RV0011568,O0011574,C003052,4,3
RV0033017,O0033032,C003726,3,3
RV0047214,O0047241,C001865,3,3
RV0036301,O0036319,C001757,5,5
RV0028245,O0028258,C000587,4,5
RV0033412,O0033427,C001871,4,3
RV0043866,O0043890,C003265,4,4
RV0012263,O0012270,C002665,4,4
RV0046583,O0046610,C002876,5,3
RV0020824,O0020834,C000674,4,5
RV0038300,O0038318,C002136,4,3
RV0048531,O0048559,C004838,3,4
RV0009441,O0009446,C000111,5,5
RV0033470,O0033485,C000108,3,4
RV0015539,O0015547,C004035,4,3
RV0032401,O0032416,C004967,5,4
RV0000770,O0000771,C000261,4,5
RV0026012,O0026022,C003864,5,5
RV0049304,O0049333,C003724,5,5
RV0018587,O0018597,C003487,5,3
RV0024261,O0024271,C002797,3,3
RV0018960,O0018970,C003017,4,5
RV0010896,O0010902,C000715,5,4
RV0012656,O0012663,C004793,5,5
RV0005921,O0005923,C004205,4,5
RV0032965,O0032980,C000872,5,3
RV0028497,O0028510,C000983,3,5
RV0014518,O0014526,C000450,3,5
RV0000297,O0000298,C004565,4,5
RV0044442,O0044466,C004230,3,3
RV0016503,O0016511,C002045,3,5
RV0035620,O0035636,C001774,3,3
RV0032533,O0032548,C002233,3,5
RV0038166,O0038184,C002094,3,4
RV0021570,O0021580,C003586,3,3
RV0010609,O0010614,C002044,5,3
RV0031999,O0032014,C002958,4,5
RV0010496,O0010501,C003762,5,5
RV0034316,O0034331,C002537,4,3
RV0001278,O0001279,C004766,3,4
RV0027857,O0027870,C000367,3,4
RV0035317,O0035333,C003879,5,4
RV0016107,O0016115,C000611,4,5
RV0049352,O0049382,C002103,5,4
RV0015644,O0015652,C000797,5,5
RV0039083,O0039103,C002906,3,4
RV0010504,O0010509,C004325,3,5
RV0040406,O0040427,C001809,3,5
RV0044804,O0044829,C000865,5,5
RV0027501,O0027514,C000091,3,5
RV0028455,O0028468,C000754,5,4
RV0049011,O0049039,C004956,5,5
RV0004724,O0004726,C000670,4,3
RV0003308,O0003309,C001007,5,5
RV0007915,O0007920,C001507,5,3
RV0034384,O0034400,C000919,3,5
RV0030393,O0030406,C004912,5,3
RV0046518,O0046545,C001062,5,5
RV0038577,O0038596,C004078,5,4
RV0027561,O0027574,C000342,3,4
RV0005187,O0005189,C000453,4,3
RV0012179,O0012186,C000011,4,5
RV0039367,O0039387,C004125,5,4
RV0041432,O0041454,C003704,5,4
RV0003401,O0003402,C000145,3,5
RV0035530,O0035546,C001577,5,4
RV0009366,O0009371,C004002,3,3
RV0046492,O0046519,C002107,4,3
RV0047595,O0047623,C004005,3,3
RV0015071,O0015079,C001414,4,5
RV0042700,O0042723,C003562,4,5
RV0013988,O0013996,C001916,5,5
RV0038294,O0038312,C003522,5,3
RV0033245,O0033260,C001037,3,3
RV0005568,O0005570,C001478,4,4
RV0042784,O0042807,C001287,5,4
RV0019590,O0019600,C000516,3,4
RV0031402,O0031416,C002201,3,4
RV0035409,O0035425,C002127,5,3
RV0028061,O0028074,C003249,4,5
RV0011119,O0011125,C000326,5,3
RV0018916,O0018926,C002031,4,3
RV0036592,O0036610,C003174,3,4
RV0016510,O0016518,C003311,3,5
RV0044955,O0044980,C002165,3,4
RV0012088,O0012095,C002026,3,5
RV0017348,O0017357,C002944,4,3
RV0043098,O0043122,C000687,5,4
RV0036272,O0036290,C004670,5,5
RV0003425,O0003426,C003761,5,5
RV0003230,O0003231,C002563,3,3
RV0020382,O0020392,C002472,4,4
RV0005114,O0005116,C002806,5,3
RV0030437,O0030450,C002382,3,5
RV0038039,O0038057,C000481,4,4
RV0025001,O0025011,C000840,4,4
RV0028167,O0028180,C003023,5,5
RV0016356,O0016364,C001312,4,5
RV0027466,O0027479,C002180,4,3
RV0006381,O0006384,C004640,5,5
RV0033993,O0034008,C004670,5,4
RV0018329,O0018339,C002702,4,4
RV0032618,O0032633,C002986,3,5
RV0038249,O0038267,C001430,4,5
RV0027318,O0027331,C001105,5,5
RV0025698,O0025708,C001084,5,5
RV0048274,O0048302,C003120,4,5
RV0042343,O0042365,C000196,4,5
RV0029019,O0029032,C004313,5,3
RV0040417,O0040438,C004133,5,4
RV0006848,O0006851,C003158,5,5
RV0034930,O0034946,C003878,5,3
RV0016002,O0016010,C003495,4,3
RV0023691,O0023701,C001869,3,5
RV0045874,O0045900,C001550,3,3
RV0007096,O0007099,C000580,4,5
RV0023861,O0023871,C004098,5,3
RV0022287,O0022297,C004335,4,3
RV0034309,O0034324,C000846,5,3
RV0001077,O0001078,C001353,3,4
RV0036297,O0036315,C001928,5,4
RV0009769,O0009774,C001078,5,5
RV0039808,O0039829,C004631,3,5
RV0004573,O0004574,C004909,5,4
RV0020798,O0020808,C003391,3,5
RV0006420,O0006423,C002257,5,5
RV0026433,O0026443,C001353,3,5
RV0003000,O0003001,C003273,4,5
RV0038267,O0038285,C000378,3,5
RV0009712,O0009717,C000370,3,4
RV0032989,O0033004,C001156,3,5
RV0030967,O0030981,C004522,5,4
RV0024636,O0024646,C002701,3,5
RV0014417,O0014425,C003666,4,4
RV0013152,O0013159,C002322,4,5
RV0044225,O0044249,C001862,3,3
RV0017609,O0017618,C004455,5,4
RV0038125,O0038143,C002512,4,4
RV0036733,O0036751,C004410,3,5
RV0013282,O0013289,C000014,4,5
RV0026786,O0026797,C001983,4,5
RV0028066,O0028079,C002727,3,3
RV0024768,O0024778,C003577,5,5
RV0037622,O0037640,C003502,4,3
RV0018846,O0018856,C002109,4,5
RV0013659,O0013666,C004928,4,4
RV0023059,O0023069,C001709,3,5
RV0002417,O0002418,C002854,4,4
RV0022022,O0022032,C002786,4,5
RV0020603,O0020613,C002278,5,3
RV0012959,O0012966,C002937,3,3
RV0004120,O0004121,C003574,5,5
RV0022142,O0022152,C001038,4,5
RV0026459,O0026469,C003809,5,3
RV0044549,O0044574,C000577,3,5
RV0025485,O0025495,C000085,3,5
RV0032797,O0032812,C004951,5,5
RV0024870,O0024880,C003242,3,3
RV0013053,O0013060,C000355,5,5
RV0002829,O0002830,C001155,3,4
RV0031002,O0031016,C001735,4,3
RV0030278,O0030291,C001170,4,3
RV0019559,O0019569,C004797,4,5
RV0040509,O0040531,C004850,5,3
RV0034597,O0034613,C001585,4,5
RV0022652,O0022662,C002150,4,4
RV0028869,O0028882,C002370,3,3
RV0000441,O0000442,C001037,4,5
RV0036739,O0036757,C000143,4,3
RV0007427,O0007431,C004559,5,5
RV0045620,O0045645,C004031,4,3
RV0037153,O0037171,C004707,5,5
RV0000195,O0000196,C003867,5,3
RV0002705,O0002706,C001502,5,5
RV0041195,O0041217,C004809,3,5
RV0024902,O0024912,C003585,4,3
RV0017617,O0017626,C001397,3,3
RV0034419,O0034435,C003464,4,5
RV0019983,O0019993,C001700,5,5
RV0005687,O0005689,C004655,4,5
RV0023885,O0023895,C004807,3,5
RV0009401,O0009406,C003662,5,4
RV0016845,O0016853,C001784,5,3
RV0029682,O0029695,C003132,5,5
RV0017353,O0017362,C003981,3,3
RV0027504,O0027517,C002798,5,5
RV0034339,O0034354,C003732,4,4
RV0004506,O0004507,C003863,5,3
RV0015176,O0015184,C002786,4,4
RV0001470,O0001471,C003505,3,3
RV0007772,O0007777,C002501,4,4
RV0041415,O0041437,C003349,3,5
RV0004264,O0004265,C003237,3,4
RV0034165,O0034180,C001252,5,5
RV0023428,O0023438,C004436,5,5
RV0004475,O0004476,C001749,3,5
RV0021619,O0021629,C002342,3,5
RV0018106,O0018116,C004966,5,4
RV0028657,O0028670,C003119,4,4
RV0038597,O0038616,C000063,4,3
RV0018686,O0018696,C001475,5,3
RV0031761,O0031775,C003097,3,3
RV0046103,O0046129,C000409,5,5
RV0026696,O0026707,C003311,4,4
RV0005294,O0005296,C003311,5,4
RV0010280,O0010285,C000106,5,3
RV0012362,O0012369,C003144,5,5
RV0032453,O0032468,C003830,4,3
RV0025635,O0025645,C003773,3,4
RV0041498,O0041520,C000478,3,5
RV0001157,O0001158,C004741,5,5
RV0039201,O0039221,C003748,3,5
RV0046045,O0046071,C004308,3,5
RV0046331,O0046358,C003364,5,4
RV0007503,O0007507,C004684,3,5
RV0012692,O0012699,C001478,4,3
RV0000578,O0000579,C002621,5,5
RV0042398,O0042420,C001769,3,3
RV0021597,O0021607,C004913,5,3
RV0007209,O0007212,C001577,4,4
RV0037083,O0037101,C001809,4,5
RV0003858,O0003859,C000763,5,3
RV0036654,O0036672,C004062,5,5
RV0007544,O0007548,C000308,3,3
RV0049705,O0049735,C000562,5,5
RV0012212,O0012219,C000928,4,5
RV0034053,O0034068,C003105,4,4
RV0034729,O0034745,C002306,4,3
RV0046061,O0046087,C000252,4,5
RV0014946,O0014954,C001360,3,4
RV0041043,O0041065,C000145,5,3
RV0030625,O0030638,C000476,3,5
RV0040120,O0040141,C003916,4,3
RV0042087,O0042109,C004788,4,4
RV0021505,O0021515,C000474,5,3
RV0046682,O0046709,C002147,4,4
RV0015767,O0015775,C003342,5,4
RV0035500,O0035516,C004343,3,3
RV0016549,O0016557,C001525,4,3
RV0033178,O0033193,C003935,3,4
RV0002740,O0002741,C004317,4,5
RV0048389,O0048417,C000217,3,5
RV0027423,O0027436,C002735,5,5
RV0029439,O0029452,C001175,4,3
RV0047385,O0047413,C003887,5,4
RV0028108,O0028121,C000697,5,5
RV0042525,O0042548,C003275,4,4
RV0004034,O0004035,C002996,3,3
RV0049658,O0049688,C002836,5,5
RV0020633,O0020643,C004832,3,3
RV0011666,O0011672,C001209,3,4
RV0031073,O0031087,C003141,5,4
RV0009887,O0009892,C000513,5,3
RV0034853,O0034869,C003515,3,4
RV0016134,O0016142,C003231,4,5
RV0024432,O0024442,C003727,4,3
RV0041810,O0041832,C002687,4,3
RV0009928,O0009933,C002851,5,3
RV0018111,O0018121,C004102,5,4
RV0012995,O0013002,C000836,4,4
RV0047121,O0047148,C000116,5,5
RV0039775,O0039796,C004321,4,5
RV0032044,O0032059,C001359,4,4
RV0020033,O0020043,C001746,3,5
RV0002081,O0002082,C004163,4,5
RV0038843,O0038862,C000823,5,3
RV0039860,O0039881,C003031,4,5
RV0030324,O0030337,C001389,5,5
RV0041684,O0041706,C000869,4,5
RV0026674,O0026685,C002082,5,5
RV0011972,O0011979,C004981,5,4
RV0044394,O0044418,C003177,5,5
RV0042165,O0042187,C003046,3,3
RV0041708,O0041730,C000524,5,3
RV0017860,O0017870,C002866,4,4
RV0017820,O0017829,C001545,3,3
RV0022811,O0022821,C003532,3,4
RV0000523,O0000524,C004628,4,3
RV0047492,O0047520,C002218,3,4
RV0013897,O0013904,C002230,4,5
RV0009224,O0009229,C004015,5,3
RV0041370,O0041392,C003936,3,3
RV0010801,O0010807,C004273,4,4
RV0036342,O0036360,C002216,4,4
RV0005264,O0005266,C003226,3,3
RV0038301,O0038319,C003522,4,3
RV0030749,O0030763,C001951,3,3
RV0040688,O0040710,C001036,5,5
RV0018490,O0018500,C002430,3,4
RV0041142,O0041164,C000994,4,4
RV0048911,O0048939,C002556,4,5
RV0004976,O0004978,C000235,5,4
RV0008194,O0008199,C003010,3,4
RV0027396,O0027409,C001137,3,3
RV0039415,O0039436,C001909,5,5
RV0003068,O0003069,C002010,4,4
RV0030318,O0030331,C002284,3,3
RV0043537,O0043561,C003544,4,5
RV0006013,O0006015,C001612,5,4
RV0023002,O0023012,C003504,4,5
RV0028629,O0028642,C001524,4,4
RV0041853,O0041875,C004215,4,4
RV0009501,O0009506,C002240,4,3
RV0005843,O0005845,C003604,3,4
RV0003759,O0003760,C000241,5,4
RV0020979,O0020989,C000781,3,4
RV0013852,O0013859,C001197,5,3
RV0034222,O0034237,C001648,5,4
RV0004362,O0004363,C004526,5,4
RV0038797,O0038816,C004848,3,5
RV0007801,O0007806,C002758,3,5
RV0025928,O0025938,C001511,4,3
RV0028941,O0028954,C001974,5,3
RV0023796,O0023806,C003828,5,3
RV0043250,O0043274,C000710,5,4
RV0017051,O0017059,C004973,5,4
RV0007892,O0007897,C001201,3,5
RV0012532,O0012539,C003396,5,4
RV0043262,O0043286,C001664,4,3
RV0033923,O0033938,C001922,5,3
RV0008375,O0008380,C003825,3,3
RV0013734,O0013741,C000791,3,5
RV0030560,O0030573,C002669,3,5
RV0036441,O0036459,C000640,5,3
RV0032689,O0032704,C001698,3,5
RV0036954,O0036972,C000724,4,5
RV0012609,O0012616,C003323,3,5
RV0001182,O0001183,C003416,5,4
RV0042243,O0042265,C002470,3,4
RV0034541,O0034557,C003675,5,5
RV0030570,O0030583,C003600,3,5
RV0048783,O0048811,C003332,3,3
RV0008971,O0008976,C000554,4,4
RV0036179,O0036197,C001219,4,4
RV0030541,O0030554,C000705,5,3
RV0009728,O0009733,C001983,4,4
RV0034667,O0034683,C001952,4,4
RV0021476,O0021486,C002622,3,3
RV0005692,O0005694,C001650,3,4
RV0046356,O0046383,C000831,3,5
RV0036055,O0036073,C001838,4,4
RV0005034,O0005036,C001117,5,4
RV0022317,O0022327,C001733,5,4
RV0025555,O0025565,C004037,4,3
RV0022929,O0022939,C003409,5,3
RV0033498,O0033513,C002439,5,4
RV0015868,O0015876,C003837,4,5
RV0020844,O0020854,C002273,5,5
RV0033317,O0033332,C004414,3,5
RV0002527,O0002528,C003830,4,5
RV0022753,O0022763,C004994,3,5
RV0001484,O0001485,C001153,4,4
RV0006788,O0006791,C002357,4,4
RV0003610,O0003611,C001339,5,3
RV0004569,O0004570,C003091,5,5
RV0034956,O0034972,C000141,4,5
RV0008739,O0008744,C002859,5,4
RV0006583,O0006586,C004356,4,4
RV0032936,O0032951,C000556,3,5
RV0002464,O0002465,C004771,5,5
RV0030197,O0030210,C002572,5,4
RV0042921,O0042944,C004635,3,5
RV0017204,O0017213,C001827,5,5
RV0042144,O0042166,C001741,5,3
RV0043372,O0043396,C003803,5,3
RV0045753,O0045779,C003105,3,3
RV0047317,O0047345,C001136,5,5
RV0005770,O0005772,C003179,4,5
RV0036907,O0036925,C004321,4,4
RV0011264,O0011270,C000591,4,5
RV0032968,O0032983,C002968,5,5
RV0029874,O0029887,C004384,5,4
RV0038869,O0038888,C001103,3,3
RV0014494,O0014502,C003102,4,3
RV0029174,O0029187,C004321,3,3
RV0006128,O0006130,C003738,4,4
RV0046440,O0046467,C001983,4,4
RV0015483,O0015491,C000069,3,4
RV0011449,O0011455,C003601,3,5
RV0037769,O0037787,C004375,3,3
RV0032858,O0032873,C002009,3,5
RV0047877,O0047905,C001714,3,3
RV0007881,O0007886,C000205,4,3
RV0048533,O0048561,C001866,5,5
RV0030913,O0030927,C000061,4,5
RV0046625,O0046652,C001195,4,5
RV0012967,O0012974,C004600,3,3
RV0039511,O0039532,C004941,3,4
RV0034167,O0034182,C001538,5,4
RV0008113,O0008118,C004835,3,5
RV0048208,O0048236,C004802,3,4
RV0047541,O0047569,C004290,3,4
RV0028772,O0028785,C000288,3,5
RV0037950,O0037968,C004778,3,4
RV0008191,O0008196,C003638,4,4
RV0048199,O0048227,C004912,3,5
RV0029687,O0029700,C001104,3,5
RV0029194,O0029207,C001100,3,5
RV0039938,O0039959,C000231,3,4
RV0020643,O0020653,C004441,5,5
RV0013972,O0013980,C004921,3,3
RV0000640,O0000641,C002310,4,3
RV0004413,O0004414,C001124,4,5
RV0045921,O0045947,C000503,3,5
RV0018432,O0018442,C002363,5,4
RV0044130,O0044154,C000712,3,4
RV0002875,O0002876,C003475,3,4
RV0005625,O0005627,C003491,5,3
RV0028169,O0028182,C003651,3,3
RV0017890,O0017900,C001425,3,4
RV0014293,O0014301,C001467,3,3
RV0030350,O0030363,C001884,4,5
RV0026936,O0026947,C002104,5,5
RV0005572,O0005574,C001207,3,4
RV0011321,O0011327,C004490,5,5
RV0014769,O0014777,C000010,3,3
RV0043392,O0043416,C002892,4,5
RV0013424,O0013431,C003546,4,3
RV0048883,O0048911,C003026,5,5
RV0010986,O0010992,C000630,5,4
RV0009793,O0009798,C000462,3,5
RV0012759,O0012766,C003402,5,3
RV0044249,O0044273,C002720,3,5
RV0031374,O0031388,C004849,5,5
RV0035734,O0035750,C003412,5,3
RV0021130,O0021140,C003816,4,5
RV0038099,O0038117,C003414,4,4
RV0048922,O0048950,C003832,5,5
RV0000736,O0000737,C004254,5,3
RV0003607,O0003608,C002138,3,3
RV0011153,O0011159,C003482,3,4
RV0012365,O0012372,C003258,4,5
RV0011806,O0011813,C002844,5,4
RV0013438,O0013445,C003095,4,5
RV0006467,O0006470,C002930,3,3
RV0022782,O0022792,C001086,3,4
RV0046456,O0046483,C004728,3,3
RV0006079,O0006081,C002965,3,3
RV0025048,O0025058,C000133,3,5
RV0002624,O0002625,C002740,5,3
RV0038052,O0038070,C004693,3,5
RV0044553,O0044578,C002400,3,3
RV0047307,O0047335,C000055,5,4
RV0014013,O0014021,C004985,5,4
RV0044878,O0044903,C000371,4,4
RV0027646,O0027659,C002109,4,3
RV0013651,O0013658,C003407,5,4
RV0031439,O0031453,C000936,3,4
RV0025276,O0025286,C003738,5,3
RV0023180,O0023190,C004721,5,3
RV0015400,O0015408,C000453,3,4
RV0041738,O0041760,C004606,3,4
RV0048358,O0048386,C002648,5,4
RV0006308,O0006310,C003452,5,3
RV0046529,O0046556,C003760,3,4
RV0027232,O0027245,C002948,3,5
RV0013586,O0013593,C000733,3,3
RV0034360,O0034376,C003831,4,5
RV0002211,O0002212,C002358,3,5
RV0004884,O0004886,C004351,5,5
RV0023366,O0023376,C003967,3,4
RV0009353,O0009358,C003721,4,5
RV0018094,O0018104,C000705,5,4
RV0012928,O0012935,C002245,4,5
RV0019119,O0019129,C004731,3,3
RV0008161,O0008166,C001598,3,3
RV0003288,O0003289,C001520,5,4
RV0017951,O0017961,C004078,5,5
RV0030670,O0030683,C004460,4,3
RV0013252,O0013259,C001825,5,3
RV0049646,O0049676,C002723,3,4
RV0013484,O0013491,C001715,4,3
RV0044340,O0044364,C002978,3,3
RV0008777,O0008782,C004124,5,3
RV0039562,O0039583,C001596,4,4
RV0009062,O0009067,C003209,5,3
RV0000407,O0000408,C000117,4,4
RV0023687,O0023697,C002078,5,5
RV0042328,O0042350,C003172,3,4
RV0025637,O0025647,C000330,5,3
RV0041127,O0041149,C001127,5,5
RV0006016,O0006018,C004477,5,3
RV0025116,O0025126,C003601,5,3
RV0002915,O0002916,C000325,3,5
RV0016050,O0016058,C003247,3,3
RV0030914,O0030928,C001232,5,3
RV0017005,O0017013,C001894,5,3
RV0005211,O0005213,C001871,3,3
RV0000343,O0000344,C000199,3,4
RV0016584,O0016592,C001117,3,4
RV0037501,O0037519,C004593,4,3
RV0031800,O0031814,C003096,4,5
RV0013130,O0013137,C002846,5,4
RV0029330,O0029343,C004590,5,4
RV0033375,O0033390,C002466,4,5
RV0047368,O0047396,C000197,5,5
RV0026668,O0026679,C003740,4,5
RV0029335,O0029348,C001244,5,3
RV0017969,O0017979,C004497,4,5
RV0047234,O0047262,C000937,5,4
RV0008337,O0008342,C000156,5,4
RV0043070,O0043094,C002090,3,4
RV0040964,O0040986,C000412,5,3
RV0025846,O0025856,C004186,3,4
RV0034487,O0034503,C001766,5,3
RV0036143,O0036161,C001058,3,3
RV0044846,O0044871,C004639,5,4
RV0008193,O0008198,C000999,3,3
RV0001048,O0001049,C003831,4,4
RV0036552,O0036570,C002041,4,3
RV0004865,O0004867,C000358,4,5
RV0029833,O0029846,C003687,4,3
RV0035300,O0035316,C004824,5,5
RV0005348,O0005350,C002636,5,4
RV0021082,O0021092,C002612,3,4
RV0017160,O0017168,C000522,5,5
RV0007822,O0007827,C003182,4,3
RV0029695,O0029708,C002154,3,3
RV0037321,O0037339,C003593,5,4
RV0010500,O0010505,C002862,5,3
RV0030364,O0030377,C004165,4,5
RV0039375,O0039395,C003346,4,4
RV0023475,O0023485,C001283,5,4
RV0045764,O0045790,C001654,3,4
RV0009693,O0009698,C004117,5,3
RV0010803,O0010809,C004334,4,3
RV0045038,O0045063,C001112,3,3
RV0036494,O0036512,C000083,4,4
RV0040618,O0040640,C001175,5,5
RV0006108,O0006110,C002102,4,3
RV0045373,O0045398,C000132,4,3
RV0000862,O0000863,C003335,4,4
RV0029532,O0029545,C004486,4,3
RV0041407,O0041429,C001763,4,4
RV0008045,O0008050,C000523,4,5
RV0019246,O0019256,C002410,4,3
RV0040650,O0040672,C002408,5,3
RV0012900,O0012907,C003140,3,4
RV0019258,O0019268,C003742,5,5
RV0044925,O0044950,C003719,5,4
RV0003161,O0003162,C001019,3,4
RV0018053,O0018063,C003397,3,5
RV0013062,O0013069,C004572,5,5
RV0025501,O0025511,C004220,5,5
RV0001131,O0001132,C003982,3,5
RV0023935,O0023945,C003556,5,4
RV0016875,O0016883,C000867,4,5
RV0023919,O0023929,C001110,3,3
RV0035664,O0035680,C002271,4,4
RV0005748,O0005750,C001189,5,3
RV0048255,O0048283,C001960,3,4
RV0022567,O0022577,C004153,5,3
RV0027653,O0027666,C004372,3,4
RV0029718,O0029731,C000088,4,4
RV0033889,O0033904,C004457,5,4
RV0027487,O0027500,C004093,3,3
RV0027231,O0027244,C000431,3,3
RV0039283,O0039303,C002055,5,4
RV0014049,O0014057,C004814,3,3
RV0018583,O0018593,C000378,4,5
RV0011905,O0011912,C003345,3,3
RV0032867,O0032882,C003996,4,3
RV0039247,O0039267,C002175,4,4
RV0048057,O0048085,C004811,5,3
RV0026419,O0026429,C002604,4,5
RV0006808,O0006811,C004636,5,4
RV0044877,O0044902,C004499,5,4
RV0044474,O0044498,C000550,4,4
RV0038479,O0038498,C004607,4,4
RV0035330,O0035346,C004354,3,5
RV0047088,O0047115,C000353,5,4
RV0002742,O0002743,C001756,4,5
RV0003049,O0003050,C004647,5,5
RV0000049,O0000050,C000801,4,4
RV0032435,O0032450,C003357,4,3
RV0034846,O0034862,C004104,3,3
RV0004729,O0004731,C002571,5,4
RV0022722,O0022732,C001348,4,3
RV0007584,O0007588,C002853,3,3
RV0049602,O0049632,C000492,4,5
RV0028135,O0028148,C000878,4,5
RV0012728,O0012735,C002487,4,5
RV0045181,O0045206,C002932,4,4
RV0033494,O0033509,C000657,3,3
RV0018487,O0018497,C000001,5,3
RV0007650,O0007654,C003966,3,4
RV0028567,O0028580,C004844,5,4
RV0039969,O0039990,C003195,5,4
RV0000173,O0000174,C002123,4,3
RV0017628,O0017637,C000962,3,3
RV0036512,O0036530,C003241,3,3
RV0016098,O0016106,C003879,3,4
RV0013980,O0013988,C004968,5,3
RV0015760,O0015768,C003726,4,4
RV0019966,O0019976,C001442,3,4
RV0000419,O0000420,C002818,4,3
RV0016253,O0016261,C004802,4,3
RV0023058,O0023068,C001181,3,5
RV0007635,O0007639,C004383,3,3
RV0029905,O0029918,C002063,5,3
RV0012200,O0012207,C004010,4,3
RV0028437,O0028450,C000388,4,5
RV0006366,O0006368,C000021,3,5
RV0030463,O0030476,C004760,3,3
RV0047519,O0047547,C000425,4,3
RV0042615,O0042638,C003107,3,5
RV0014857,O0014865,C000223,3,4
RV0024212,O0024222,C004801,5,4
RV0028359,O0028372,C003215,4,4
RV0003243,O0003244,C002595,5,4
RV0000800,O0000801,C001153,5,4
RV0014180,O0014188,C003824,5,5
RV0011821,O0011828,C001552,4,4
RV0011762,O0011769,C002776,5,3
RV0024381,O0024391,C002418,5,4
RV0030963,O0030977,C000847,3,5
RV0028065,O0028078,C003927,3,3
RV0018914,O0018924,C003293,3,3
RV0029993,O0030006,C003095,5,3
RV0012475,O0012482,C001424,4,3
RV0037079,O0037097,C004702,3,4
RV0019244,O0019254,C003456,3,4
RV0006413,O0006416,C001138,5,5
RV0046124,O0046150,C001205,5,5
RV0029183,O0029196,C001286,5,3
RV0003663,O0003664,C004427,3,5
RV0031464,O0031478,C001311,4,3
RV0007289,O0007292,C000950,5,3
RV0037326,O0037344,C000049,3,5
RV0032454,O0032469,C001609,3,4
RV0003707,O0003708,C003678,4,5
RV0017823,O0017832,C003920,4,3
RV0025313,O0025323,C000585,3,5
RV0008726,O0008731,C000409,5,3
RV0000071,O0000072,C002594,5,4
RV0004280,O0004281,C002865,3,5
RV0003555,O0003556,C000742,5,5
RV0042370,O0042392,C002461,3,5
RV0011297,O0011303,C000766,3,4
RV0021890,O0021900,C000949,5,3
RV0007003,O0007006,C002048,3,5
RV0033676,O0033691,C003901,5,4
RV0030476,O0030489,C003420,5,4
RV0010268,O0010273,C001089,4,3
RV0034173,O0034188,C000494,4,4
RV0032730,O0032745,C003872,5,3
RV0044910,O0044935,C003929,5,4
RV0041108,O0041130,C001385,5,4
RV0021579,O0021589,C003969,4,5
RV0028221,O0028234,C004287,4,3
RV0013643,O0013650,C003477,3,3
RV0027267,O0027280,C003250,5,3
RV0026697,O0026708,C003016,4,5
RV0018805,O0018815,C004272,5,5
RV0046547,O0046574,C004226,5,5
RV0011163,O0011169,C004128,3,3
RV0036144,O0036162,C004280,4,4
RV0029129,O0029142,C002692,3,4
RV0024905,O0024915,C000142,3,3
RV0024567,O0024577,C001700,5,5
RV0049668,O0049698,C004866,4,3
RV0047832,O0047860,C004174,3,3
RV0030338,O0030351,C002209,3,5
RV0013129,O0013136,C001983,4,4
RV0048387,O0048415,C004316,4,3
RV0022577,O0022587,C001465,4,4
RV0002799,O0002800,C004441,4,3
RV0009317,O0009322,C004818,4,5
RV0027604,O0027617,C001533,5,3
RV0044518,O0044542,C001997,4,4
RV0005186,O0005188,C003618,3,5
RV0044434,O0044458,C000099,4,4
RV0040354,O0040375,C002332,5,4
RV0047417,O0047445,C001796,5,4
RV0044772,O0044797,C002115,4,4
RV0026319,O0026329,C000154,4,5
RV0014731,O0014739,C002588,3,4
RV0018378,O0018388,C003991,4,4
RV0016830,O0016838,C004558,4,3
RV0016077,O0016085,C003949,3,4
RV0019791,O0019801,C004209,5,4
RV0015602,O0015610,C003406,3,5
RV0019002,O0019012,C003815,3,3
RV0048257,O0048285,C004834,5,4
RV0031051,O0031065,C000974,3,3
RV0031394,O0031408,C004543,3,5
RV0043734,O0043758,C000421,5,4
RV0001668,O0001669,C003588,3,4
RV0029679,O0029692,C004539,3,3
RV0018342,O0018352,C001527,5,4
RV0012623,O0012630,C003645,4,4
RV0033403,O0033418,C003238,5,4
RV0029128,O0029141,C002909,3,5
RV0023676,O0023686,C002472,4,4
RV0041718,O0041740,C003034,3,4
RV0043938,O0043962,C004880,3,3
RV0035552,O0035568,C004365,5,5
RV0009447,O0009452,C003737,5,3
RV0031806,O0031820,C003471,4,3
RV0030975,O0030989,C002515,4,4
RV0033372,O0033387,C001892,3,3
RV0027834,O0027847,C000995,4,5
RV0022460,O0022470,C004453,3,5
RV0049770,O0049800,C001433,4,5
RV0041241,O0041263,C001638,3,3
RV0003486,O0003487,C001089,3,3
RV0017418,O0017427,C000153,5,3
RV0044313,O0044337,C004387,5,4
RV0024032,O0024042,C000913,5,4
RV0000354,O0000355,C001040,5,3
RV0007821,O0007826,C004869,3,5
RV0047667,O0047695,C002956,3,3
RV0038690,O0038709,C002063,4,3
RV0036094,O0036112,C000286,4,5
RV0010508,O0010513,C002165,4,5
RV0036657,O0036675,C004036,5,3
RV0005685,O0005687,C003818,4,3
RV0017080,O0017088,C001991,5,3
RV0029297,O0029310,C000886,5,4
RV0045116,O0045141,C000250,5,3
RV0024568,O0024578,C003315,5,5
RV0038758,O0038777,C002353,3,3
RV0019469,O0019479,C000338,3,5
RV0009267,O0009272,C000598,3,4
RV0023469,O0023479,C001758,4,5
RV0048267,O0048295,C003201,4,4
RV0017972,O0017982,C000964,3,3
RV0006939,O0006942,C004528,3,5
RV0011873,O0011880,C002424,4,3
RV0002652,O0002653,C001410,5,3
RV0036762,O0036780,C001381,4,5
RV0014935,O0014943,C000623,5,3
RV0043072,O0043096,C002625,3,5
RV0049003,O0049031,C001064,3,3
RV0020137,O0020147,C003628,3,5
RV0005633,O0005635,C002305,5,4
RV0045852,O0045878,C001408,4,5
RV0014894,O0014902,C000402,5,5
RV0018465,O0018475,C000987,4,4
RV0031046,O0031060,C004402,3,3
RV0008006,O0008011,C000790,3,3
RV0006020,O0006022,C000954,3,5
RV0031270,O0031284,C000829,3,3
RV0042185,O0042207,C002546,3,5
RV0040707,O0040729,C002081,5,3
RV0005528,O0005530,C000916,3,4
RV0008755,O0008760,C003262,3,3
RV0033835,O0033850,C000842,4,5
RV0014403,O0014411,C004785,4,5
RV0026798,O0026809,C001380,3,5
RV0036103,O0036121,C001529,3,5
RV0029601,O0029614,C003489,5,4
RV0044226,O0044250,C001973,5,5
RV0005683,O0005685,C002801,3,5
RV0026452,O0026462,C000883,3,4
RV0022950,O0022960,C002636,5,4
RV0031450,O0031464,C003099,4,3
RV0040177,O0040198,C003079,3,4
RV0024757,O0024767,C001810,4,3
RV0020075,O0020085,C003939,5,4
RV0020986,O0020996,C004446,3,5
RV0002000,O0002001,C000312,3,5
RV0041047,O0041069,C002839,3,3
RV0029668,O0029681,C002134,3,4
RV0023748,O0023758,C002366,3,5
RV0022639,O0022649,C000072,5,4
RV0041001,O0041023,C000661,3,4
RV0009561,O0009566,C000534,3,4
RV0047963,O0047991,C003581,4,3
RV0016729,O0016737,C003630,3,4
RV0016145,O0016153,C001790,3,3
RV0026891,O0026902,C001079,5,5
RV0044504,O0044528,C001376,5,3
RV0029110,O0029123,C002952,3,5
RV0045119,O0045144,C003297,4,3
RV0009961,O0009966,C002336,3,3
RV0046939,O0046966,C000754,4,3
RV0039190,O0039210,C004695,5,5
RV0038154,O0038172,C003150,4,5
RV0008909,O0008914,C001811,4,3
RV0018524,O0018534,C004514,4,3
RV0021284,O0021294,C002037,3,3
RV0006244,O0006246,C001550,5,4
RV0049946,O0049976,C001938,3,5
RV0039968,O0039989,C003810,3,3
RV0039290,O0039310,C000073,4,3
RV0013826,O0013833,C000835,3,4
RV0006542,O0006545,C003737,4,5
RV0048610,O0048638,C003781,3,5
RV0024216,O0024226,C000184,3,4
RV0045274,O0045299,C000799,4,4
RV0032070,O0032085,C003714,4,5
RV0042088,O0042110,C003369,5,4
RV0037059,O0037077,C004142,5,4
RV0029977,O0029990,C003629,5,3
RV0042288,O0042310,C004548,5,4
RV0028631,O0028644,C001797,3,4
RV0023214,O0023224,C004948,3,3
RV0018379,O0018389,C002757,4,3
RV0027136,O0027148,C000801,4,5
RV0044166,O0044190,C001119,3,5
RV0031165,O0031179,C000885,3,5
RV0040778,O0040800,C004287,5,5
RV0019331,O0019341,C003385,3,4
RV0049098,O0049127,C001553,5,3
RV0011042,O0011048,C004599,3,5
RV0023467,O0023477,C001570,3,3
RV0032561,O0032576,C001288,4,5
RV0037202,O0037220,C003002,5,5
RV0032448,O0032463,C000700,3,4
RV0020532,O0020542,C001651,4,4
RV0045589,O0045614,C004107,3,5
RV0001487,O0001488,C002085,3,3
RV0039497,O0039518,C003855,4,5
RV0012514,O0012521,C002214,3,3
RV0046863,O0046890,C001450,5,5
RV0007844,O0007849,C001463,5,4
RV0004336,O0004337,C001678,5,5
RV0013611,O0013618,C003087,3,3
RV0032834,O0032849,C003486,5,3
RV0035914,O0035931,C000261,3,5
RV0009478,O0009483,C001497,3,5
RV0028206,O0028219,C001329,3,4
RV0041387,O0041409,C003697,4,5
RV0019444,O0019454,C000015,3,5
RV0048224,O0048252,C001490,3,3
RV0007460,O0007464,C003082,3,3
RV0028786,O0028799,C002959,5,3
RV0030703,O0030716,C000041,4,4
RV0013664,O0013671,C002467,4,5
RV0045920,O0045946,C003226,5,5
RV0013391,O0013398,C004939,4,3
RV0001703,O0001704,C001123,4,3
RV0032824,O0032839,C003714,3,4
RV0015269,O0015277,C001337,3,5
RV0003994,O0003995,C003243,4,5
RV0038449,O0038467,C000758,4,5
RV0043153,O0043177,C002322,5,4
RV0009024,O0009029,C001318,5,4
RV0032755,O0032770,C003031,5,5
RV0025292,O0025302,C004707,3,4
RV0021456,O0021466,C000732,3,5
RV0024053,O0024063,C001277,3,5
RV0000930,O0000931,C002454,3,3
RV0033502,O0033517,C003046,5,5
RV0043899,O0043923,C004217,4,5
RV0023626,O0023636,C003133,5,5
RV0012687,O0012694,C000300,3,3
RV0038027,O0038045,C000703,5,5
RV0000861,O0000862,C002108,5,4
RV0006529,O0006532,C000313,5,5
RV0041313,O0041335,C003508,3,3
RV0022179,O0022189,C004833,4,3
RV0001594,O0001595,C000589,4,3
RV0018166,O0018176,C002932,3,4
RV0038193,O0038211,C004970,5,3
RV0033450,O0033465,C003906,3,4
RV0010869,O0010875,C001181,3,3
RV0041145,O0041167,C001373,4,3
RV0025418,O0025428,C004109,3,3
RV0015679,O0015687,C003947,4,3
RV0044050,O0044074,C000324,5,4
RV0049254,O0049283,C001177,4,5
RV0044611,O0044636,C000863,3,3
RV0032447,O0032462,C000660,5,4
RV0043873,O0043897,C003707,4,4
RV0044815,O0044840,C003614,4,4
RV0007144,O0007147,C001310,5,4
RV0043424,O0043448,C001990,3,5
RV0042147,O0042169,C004101,5,5
RV0030311,O0030324,C001349,4,3
RV0014540,O0014548,C003168,3,3
RV0049176,O0049205,C001960,4,4
RV0018614,O0018624,C003434,3,5
RV0038664,O0038683,C004789,3,5
RV0033374,O0033389,C004053,4,5
RV0038829,O0038848,C000026,4,4
RV0045665,O0045690,C003752,3,5
RV0037328,O0037346,C004865,4,5
RV0017309,O0017318,C004513,4,4
RV0019365,O0019375,C004821,5,3
RV0018250,O0018260,C004787,3,3
RV0022697,O0022707,C004342,5,3
RV0005987,O0005989,C004503,5,3
RV0030172,O0030185,C004145,5,3
RV0000225,O0000226,C003424,3,3
RV0044427,O0044451,C004249,5,4
RV0038004,O0038022,C000831,3,3
RV0005712,O0005714,C003623,3,4
RV0048034,O0048062,C002753,4,3
RV0046353,O0046380,C002943,5,4
RV0049777,O0049807,C000864,4,5
RV0030379,O0030392,C001391,5,3
RV0002761,O0002762,C002556,4,5
RV0008784,O0008789,C004643,5,5
RV0010406,O0010411,C004525,4,4
RV0046003,O0046029,C000033,3,4
RV0004538,O0004539,C003924,5,4
RV0010883,O0010889,C000879,5,3
RV0030880,O0030894,C000427,3,4
RV0039185,O0039205,C002984,4,5
RV0025077,O0025087,C003780,3,3
RV0013139,O0013146,C004213,3,3
RV0036857,O0036875,C004865,3,3
RV0033886,O0033901,C000481,3,4
RV0049743,O0049773,C002040,5,5
RV0019080,O0019090,C004505,4,4
RV0014145,O0014153,C004545,5,3
RV0016921,O0016929,C001988,5,5
RV0034465,O0034481,C001703,4,4
RV0008825,O0008830,C003261,3,4
RV0014543,O0014551,C003497,5,4
RV0027976,O0027989,C004104,4,5
RV0040362,O0040383,C004280,5,5
RV0011923,O0011930,C000595,4,4
RV0006199,O0006201,C001518,5,4
RV0013114,O0013121,C003099,4,5
RV0011150,O0011156,C003920,4,3
RV0001397,O0001398,C004025,5,5
RV0046383,O0046410,C003012,4,5
RV0040405,O0040426,C002051,3,4
RV0012635,O0012642,C002341,4,3
RV0019793,O0019803,C001914,3,3
RV0006526,O0006529,C002109,5,5
RV0031842,O0031856,C002810,3,3
RV0022864,O0022874,C004932,3,5
RV0046314,O0046341,C004375,5,4
RV0001246,O0001247,C003397,4,4
RV0033141,O0033156,C004336,3,4
RV0029419,O0029432,C002118,4,3
RV0016392,O0016400,C002887,3,3
RV0036973,O0036991,C000048,5,4
RV0028468,O0028481,C002257,4,5
RV0015590,O0015598,C000803,3,5
RV0047770,O0047798,C004522,5,4
RV0049311,O0049340,C003796,3,4
RV0009807,O0009812,C001230,5,5
RV0049021,O0049049,C001714,3,5
RV0003241,O0003242,C001449,5,5
RV0011121,O0011127,C002321,3,3
RV0010593,O0010598,C004192,3,3
RV0005739,O0005741,C001960,5,4
RV0001413,O0001414,C003942,4,4
RV0021721,O0021731,C001278,5,3
RV0040986,O0041008,C001513,4,5
RV0035005,O0035021,C001927,3,5
RV0025786,O0025796,C001543,5,4
RV0018294,O0018304,C004678,5,3
RV0026881,O0026892,C003161,5,5
RV0041712,O0041734,C004811,5,4
RV0043212,O0043236,C000909,4,5
RV0033810,O0033825,C001526,5,5
RV0028265,O0028278,C003480,4,3
RV0007481,O0007485,C004187,4,5
RV0016610,O0016618,C004988,5,5
RV0006975,O0006978,C000386,5,5
RV0001621,O0001622,C003827,4,5
RV0008034,O0008039,C000227,4,4
RV0028374,O0028387,C001198,5,5
RV0030754,O0030768,C004516,4,4
RV0033990,O0034005,C003008,4,5
RV0016169,O0016177,C004636,3,4
RV0049379,O0049409,C004534,3,4
RV0007672,O0007676,C003179,5,5
RV0029518,O0029531,C004037,5,5
RV0043959,O0043983,C003296,3,3
RV0043454,O0043478,C002154,5,4
RV0044454,O0044478,C000845,3,5
RV0024878,O0024888,C004643,5,3
RV0045345,O0045370,C001364,3,4
RV0001784,O0001785,C000611,4,5
RV0019706,O0019716,C000444,5,3
RV0007327,O0007330,C001145,4,4
RV0037835,O0037853,C001781,3,3
RV0038807,O0038826,C001846,5,4
RV0038117,O0038135,C001730,5,4
RV0046875,O0046902,C000691,5,5
RV0030176,O0030189,C000613,5,3
RV0043971,O0043995,C003874,3,3
RV0024148,O0024158,C003969,4,4
RV0046707,O0046734,C003870,5,5
RV0017689,O0017698,C003390,4,4
RV0016399,O0016407,C002734,5,5
RV0015045,O0015053,C004283,5,4
RV0012240,O0012247,C002094,5,5
RV0024461,O0024471,C002823,5,3
RV0010723,O0010728,C003456,4,4
RV0032361,O0032376,C003509,3,3
RV0037492,O0037510,C000572,3,3
RV0017220,O0017229,C002823,4,3
RV0039677,O0039698,C001409,3,5
RV0001851,O0001852,C003787,4,4
RV0024792,O0024802,C002998,4,5
RV0007070,O0007073,C000941,5,3
RV0031373,O0031387,C002112,5,3
RV0013832,O0013839,C004194,4,5
RV0041683,O0041705,C004201,4,5
RV0048591,O0048619,C000041,5,3
RV0017202,O0017211,C002064,4,5
RV0024957,O0024967,C000165,5,4
RV0035041,O0035057,C004110,5,3
RV0004181,O0004182,C004876,3,4
RV0023520,O0023530,C002966,5,3
RV0008763,O0008768,C002472,3,5
RV0003705,O0003706,C004385,5,3
RV0024410,O0024420,C002240,4,4
RV0037530,O0037548,C002562,5,3
RV0015587,O0015595,C004247,4,3
RV0007040,O0007043,C000977,3,3
RV0035867,O0035883,C004437,4,5
RV0008858,O0008863,C001504,5,5
RV0031413,O0031427,C004305,5,4
RV0041741,O0041763,C001340,3,4
RV0016247,O0016255,C000387,3,4
RV0004116,O0004117,C004260,5,3
RV0022035,O0022045,C003534,3,4
RV0017053,O0017061,C003616,3,5
RV0015936,O0015944,C002082,3,4
RV0038209,O0038227,C001851,3,4
RV0022291,O0022301,C001567,4,5
RV0004550,O0004551,C002073,3,4
RV0005946,O0005948,C000452,5,5
RV0015318,O0015326,C003953,3,5
RV0019926,O0019936,C003411,4,5
RV0029763,O0029776,C000736,4,4
RV0002746,O0002747,C002175,4,4
RV0037627,O0037645,C003176,5,3
RV0031434,O0031448,C004017,4,5
RV0033063,O0033078,C001292,3,5
RV0018348,O0018358,C003016,5,4
RV0029458,O0029471,C000615,5,5
RV0035965,O0035982,C004922,4,3
RV0029293,O0029306,C004957,3,5
RV0041890,O0041912,C002750,3,4
RV0028580,O0028593,C004692,3,3
RV0000512,O0000513,C003430,5,3
RV0018968,O0018978,C004840,4,4
RV0012575,O0012582,C000258,3,5
RV0008057,O0008062,C003402,5,3
RV0030283,O0030296,C000092,4,5
RV0042257,O0042279,C004626,4,4
RV0033022,O0033037,C000268,3,5
RV0047512,O0047540,C002687,3,3
RV0011220,O0011226,C000900,3,5
RV0001976,O0001977,C002725,4,3
RV0031866,O0031881,C003167,4,3
RV0042425,O0042447,C000644,4,5
RV0028815,O0028828,C000064,5,3
RV0035868,O0035884,C004785,4,5
RV0029185,O0029198,C004065,3,4
RV0005847,O0005849,C003496,4,3
RV0019662,O0019672,C001203,3,4
RV0023820,O0023830,C002657,5,3
RV0030001,O0030014,C001364,5,5
RV0010926,O0010932,C003115,3,3
RV0018446,O0018456,C001982,5,5
RV0048780,O0048808,C001616,4,4
RV0027392,O0027405,C003882,4,3
RV0048831,O0048859,C003248,5,3
RV0007229,O0007232,C001922,4,4
RV0025837,O0025847,C002533,5,5
RV0030401,O0030414,C004105,3,3
RV0036774,O0036792,C002122,4,5
RV0037350,O0037368,C003482,5,3
RV0036921,O0036939,C001015,5,4
RV0042878,O0042901,C004512,3,4
RV0003899,O0003900,C001850,4,3
RV0033898,O0033913,C002039,3,5
RV0048301,O0048329,C002867,5,5
RV0044018,O0044042,C000171,4,3
RV0006684,O0006687,C003580,4,3
RV0048914,O0048942,C001506,3,3
RV0014314,O0014322,C002324,4,5
RV0025943,O0025953,C002697,4,3
RV0038318,O0038336,C001885,4,4
RV0031260,O0031274,C001650,5,4
RV0042663,O0042686,C000229,3,4
RV0009935,O0009940,C004400,5,4
RV0013097,O0013104,C004186,3,5
RV0015832,O0015840,C002987,3,4
RV0042670,O0042693,C001574,5,4
RV0019101,O0019111,C004703,4,5
RV0034767,O0034783,C004564,4,4
RV0036335,O0036353,C004725,5,4
RV0037742,O0037760,C002962,3,3
RV0000316,O0000317,C001030,4,5
RV0000729,O0000730,C003957,3,3
RV0031473,O0031487,C004036,3,3
RV0032394,O0032409,C000510,5,5
RV0042978,O0043002,C003301,3,4
RV0001841,O0001842,C004972,4,3
RV0002386,O0002387,C004138,5,4
RV0043990,O0044014,C001603,4,5
RV0049592,O0049622,C001105,3,5
RV0012990,O0012997,C002798,3,5
RV0013035,O0013042,C002946,4,4
RV0026117,O0026127,C003195,4,5
RV0005522,O0005524,C001926,4,3
RV0047196,O0047223,C001160,5,4
RV0021063,O0021073,C004165,3,5
RV0042364,O0042386,C002915,5,4
RV0012058,O0012065,C003270,3,5
RV0026366,O0026376,C000793,5,5
RV0032403,O0032418,C001828,5,4
RV0030424,O0030437,C000372,3,4
RV0014786,O0014794,C003212,3,4
RV0022365,O0022375,C004372,4,5
RV0017201,O0017210,C002255,5,4
RV0010859,O0010865,C001777,5,3
RV0046598,O0046625,C001976,4,4
RV0003002,O0003003,C001631,5,4
RV0044374,O0044398,C000609,5,4
RV0012082,O0012089,C003619,5,4
RV0003953,O0003954,C001908,5,5
RV0049851,O0049881,C002276,4,4
RV0029037,O0029050,C001988,5,4
RV0034199,O0034214,C000131,5,3
RV0030762,O0030776,C000743,5,4
RV0014595,O0014603,C000879,5,4
RV0007560,O0007564,C002031,3,4
RV0033222,O0033237,C002535,5,4
RV0029064,O0029077,C002038,5,3
RV0021027,O0021037,C000272,5,5
RV0010407,O0010412,C004477,4,4
RV0041078,O0041100,C004887,3,5
RV0005459,O0005461,C004027,5,5
RV0001458,O0001459,C004865,3,3
RV0030058,O0030071,C002411,5,5
RV0029177,O0029190,C004679,3,3
RV0010399,O0010404,C004284,4,5
RV0004845,O0004847,C002171,3,4
RV0008665,O0008670,C001629,3,3
RV0038127,O0038145,C000921,3,3
RV0038911,O0038930,C001598,5,3
RV0008296,O0008301,C003313,3,4
RV0044947,O0044972,C002632,5,4
RV0007789,O0007794,C003961,3,5
RV0049501,O0049531,C003285,3,5
RV0005373,O0005375,C000367,4,3
RV0020817,O0020827,C001006,5,4
RV0012622,O0012629,C001616,4,5
RV0035888,O0035904,C004186,4,4
RV0012814,O0012821,C001226,3,4
RV0014065,O0014073,C002817,4,5
RV0038621,O0038640,C004885,3,4
RV0039358,O0039378,C003213,5,4
RV0038431,O0038449,C004832,3,5
RV0028103,O0028116,C001517,5,3
RV0018593,O0018603,C002409,4,5
RV0010127,O0010132,C002947,4,5
RV0016826,O0016834,C002123,3,5
RV0035239,O0035255,C004109,5,3
RV0042718,O0042741,C001941,4,4
RV0034894,O0034910,C003712,5,4
RV0041359,O0041381,C004569,5,4
RV0024896,O0024906,C000668,3,5
RV0014977,O0014985,C003608,4,5
RV0026934,O0026945,C002566,4,3
RV0018138,O0018148,C003123,3,4
RV0000816,O0000817,C001565,4,4
RV0018082,O0018092,C001946,5,4
RV0049407,O0049437,C000030,4,3
RV0016100,O0016108,C000748,5,5
RV0026805,O0026816,C003325,5,4
RV0005228,O0005230,C000598,5,3
RV0005297,O0005299,C002633,5,4
RV0027658,O0027671,C001458,3,5
RV0028418,O0028431,C000286,4,4
RV0037839,O0037857,C004038,3,5
RV0017725,O0017734,C002143,5,5
RV0020418,O0020428,C002043,3,5
RV0029925,O0029938,C000188,5,3
RV0036010,O0036028,C003377,5,3
RV0026230,O0026240,C002824,5,4
RV0042247,O0042269,C003389,4,5
RV0042950,O0042973,C000344,5,4
RV0025814,O0025824,C003666,3,4
RV0010453,O0010458,C001453,5,3
RV0007330,O0007333,C000206,4,5
RV0032673,O0032688,C000041,5,4
RV0012792,O0012799,C002583,3,3
RV0009207,O0009212,C002034,3,3
RV0015612,O0015620,C000099,3,4
RV0040862,O0040884,C002533,5,5
RV0021512,O0021522,C003828,3,4
RV0003378,O0003379,C004393,3,5
RV0031796,O0031810,C003267,3,3
RV0024176,O0024186,C002155,4,4
RV0009632,O0009637,C001239,3,5
RV0042141,O0042163,C001506,5,4
RV0045440,O0045465,C003164,3,4
RV0008481,O0008486,C001545,4,4
RV0017566,O0017575,C004636,4,3
RV0048426,O0048454,C001627,5,3
RV0038510,O0038529,C002231,4,3
RV0040578,O0040600,C000102,4,5
RV0038796,O0038815,C003386,5,4
RV0046972,O0046999,C004007,4,4
RV0027303,O0027316,C000486,5,3
RV0019813,O0019823,C004810,5,3
RV0047276,O0047304,C003893,4,3
RV0044114,O0044138,C004499,3,4
RV0003028,O0003029,C000198,3,5
RV0039751,O0039772,C001992,4,5
RV0028424,O0028437,C003005,5,4
RV0024797,O0024807,C002308,3,3
RV0023187,O0023197,C002179,3,4
RV0043029,O0043053,C004574,3,5
RV0019140,O0019150,C004772,3,5
RV0030767,O0030781,C002738,3,5
RV0044637,O0044662,C004915,4,4
RV0027639,O0027652,C001310,5,3
RV0043103,O0043127,C002683,5,4
RV0043781,O0043805,C004200,4,5
RV0031418,O0031432,C004785,5,5
RV0016680,O0016688,C004961,3,4
RV0016541,O0016549,C000158,3,4
RV0022938,O0022948,C001220,4,5
RV0012947,O0012954,C000881,4,4
RV0044529,O0044553,C000415,4,5
RV0013539,O0013546,C000076,4,4
RV0026150,O0026160,C000449,3,5
RV0023094,O0023104,C003248,4,4
RV0004988,O0004990,C000339,4,5
RV0034446,O0034462,C002561,4,4
RV0049346,O0049376,C003235,4,3
RV0043880,O0043904,C001969,5,5
RV0046483,O0046510,C000114,5,3
RV0033203,O0033218,C002159,3,4
RV0012896,O0012903,C002020,5,3
RV0007468,O0007472,C002167,3,5
RV0011208,O0011214,C001680,3,5
RV0015191,O0015199,C002612,3,3
RV0033500,O0033515,C004922,3,3
RV0014019,O0014027,C003979,3,5
RV0025483,O0025493,C001908,3,4
RV0002296,O0002297,C000079,4,4
RV0003831,O0003832,C004089,3,5
RV0033202,O0033217,C003474,3,3
RV0049587,O0049617,C001329,4,4
RV0018172,O0018182,C002130,5,5
RV0016358,O0016366,C002571,5,4
RV0032949,O0032964,C001032,4,3
RV0003434,O0003435,C004053,4,4
RV0014871,O0014879,C001145,5,3
RV0003077,O0003078,C004315,3,4
RV0001107,O0001108,C003597,3,4
RV0033762,O0033777,C003354,4,5
RV0026965,O0026976,C000918,4,5
RV0008248,O0008253,C002749,5,3
RV0024840,O0024850,C001638,5,4
RV0002146,O0002147,C000337,3,4
RV0013150,O0013157,C004956,3,3
RV0015529,O0015537,C003605,4,4
RV0014603,O0014611,C000781,5,5
RV0046750,O0046777,C004555,5,4
RV0026310,O0026320,C004893,4,5
RV0018119,O0018129,C001868,3,5
RV0033726,O0033741,C002520,5,4
RV0019808,O0019818,C004580,3,5
RV0032768,O0032783,C002425,4,3
RV0014471,O0014479,C002314,4,3
RV0006892,O0006895,C004688,5,3
RV0040413,O0040434,C003687,4,4
RV0013004,O0013011,C000227,5,4
RV0006522,O0006525,C003045,3,3
RV0049888,O0049918,C001662,5,3
RV0049104,O0049133,C004397,5,3
RV0040881,O0040903,C001382,5,4
RV0022060,O0022070,C000262,5,3
RV0005165,O0005167,C000098,5,4
RV0020713,O0020723,C003374,5,5
RV0001675,O0001676,C000955,5,5
RV0033330,O0033345,C002514,4,5
RV0004146,O0004147,C004500,5,4
RV0019421,O0019431,C003037,4,3
RV0018367,O0018377,C000582,5,3
RV0004707,O0004708,C001538,5,4
RV0002585,O0002586,C002813,4,4
RV0046513,O0046540,C003099,5,4
RV0043421,O0043445,C004256,5,4
RV0031572,O0031586,C001816,5,3
RV0031398,O0031412,C000044,4,3
RV0043239,O0043263,C004170,5,3
RV0046830,O0046857,C004048,3,3
RV0028458,O0028471,C000028,4,3
RV0047730,O0047758,C002411,4,5
RV0020983,O0020993,C000293,3,4
RV0037503,O0037521,C004211,4,5
RV0005931,O0005933,C002430,4,3
RV0025686,O0025696,C002274,5,3
RV0017995,O0018005,C000176,3,4
RV0038399,O0038417,C004431,5,5
RV0012051,O0012058,C003448,3,4
RV0024802,O0024812,C004914,5,5
RV0044937,O0044962,C004300,5,5
RV0029827,O0029840,C002676,3,5
RV0034097,O0034112,C002466,4,5
RV0005121,O0005123,C003671,5,5
RV0045090,O0045115,C004183,4,4
RV0002820,O0002821,C002732,4,4
RV0001034,O0001035,C001007,5,5
RV0000233,O0000234,C002286,4,5
RV0015975,O0015983,C003959,5,5
RV0047476,O0047504,C004244,4,3
RV0007530,O0007534,C004040,3,5
RV0016754,O0016762,C003672,4,4
RV0029650,O0029663,C004115,3,3
RV0011902,O0011909,C002442,3,4
RV0027481,O0027494,C001695,4,5
RV0001319,O0001320,C001756,4,5
RV0033338,O0033353,C000629,3,3
RV0046406,O0046433,C002633,5,5
RV0017598,O0017607,C004710,5,4
RV0037058,O0037076,C000333,3,4
RV0023573,O0023583,C002588,4,5
RV0038775,O0038794,C002178,4,5
RV0013997,O0014005,C000825,4,5
RV0030438,O0030451,C001334,3,3
RV0000756,O0000757,C003235,5,5
RV0006129,O0006131,C001891,4,5
RV0021245,O0021255,C002099,4,4
RV0021779,O0021789,C004463,3,3
RV0042047,O0042069,C004704,4,3
RV0017534,O0017543,C003058,4,4
RV0005042,O0005044,C001728,4,5
RV0028373,O0028386,C001189,3,5
RV0010743,O0010748,C000788,3,3
RV0049853,O0049883,C004457,3,4
RV0009253,O0009258,C001287,4,5
RV0035214,O0035230,C003028,4,4
RV0021735,O0021745,C004212,4,4
RV0039034,O0039053,C000243,5,3
RV0023090,O0023100,C001281,5,3
RV0006100,O0006102,C001893,5,5
RV0000811,O0000812,C002293,4,4
RV0025580,O0025590,C004471,5,3
RV0040422,O0040443,C003334,4,4
RV0013469,O0013476,C002553,3,5
RV0020018,O0020028,C000951,4,5
RV0042307,O0042329,C001884,4,5
RV0018461,O0018471,C003551,3,3
RV0013464,O0013471,C001143,4,5
RV0035232,O0035248,C003754,3,3
RV0005545,O0005547,C000219,4,3
RV0044134,O0044158,C002976,5,5
RV0002630,O0002631,C000827,5,5
RV0005653,O0005655,C004306,5,4
RV0039838,O0039859,C000734,4,4
RV0038912,O0038931,C003251,4,3
RV0001618,O0001619,C004659,3,5
RV0012208,O0012215,C002031,3,5
RV0045012,O0045037,C000858,5,4
RV0046544,O0046571,C002548,4,3
RV0015599,O0015607,C000863,4,4
RV0027767,O0027780,C004427,5,5
RV0023838,O0023848,C000936,5,4
RV0042721,O0042744,C001549,3,3
RV0045576,O0045601,C003824,4,4
RV0013645,O0013652,C004764,5,5
RV0007576,O0007580,C002543,3,4
RV0006888,O0006891,C002019,3,3
RV0036900,O0036918,C001493,5,4
RV0030018,O0030031,C003816,4,3
RV0004222,O0004223,C000922,5,5
RV0030490,O0030503,C002646,3,4
RV0031456,O0031470,C001818,3,5
RV0009125,O0009130,C003101,5,3
RV0015978,O0015986,C003423,4,4
RV0025125,O0025135,C004051,3,3
RV0018184,O0018194,C002761,5,3
RV0045782,O0045808,C001103,5,3
RV0037986,O0038004,C002015,5,5
RV0030042,O0030055,C003457,5,5
RV0047710,O0047738,C000114,3,3
RV0016647,O0016655,C002927,5,4
RV0019841,O0019851,C003325,5,3
RV0024825,O0024835,C001106,4,3
RV0044632,O0044657,C004844,5,4
RV0026735,O0026746,C001401,4,5
RV0031424,O0031438,C003706,3,4
RV0005936,O0005938,C004077,5,3
RV0037740,O0037758,C000112,4,5
RV0021599,O0021609,C002642,3,5
RV0047995,O0048023,C000421,3,5
RV0026593,O0026604,C000331,4,4
RV0031032,O0031046,C000245,3,3
RV0037832,O0037850,C000802,3,4
RV0028254,O0028267,C003723,5,3
RV0035955,O0035972,C004563,5,3
RV0029868,O0029881,C003671,4,4
RV0036026,O0036044,C001298,3,4
RV0049009,O0049037,C004713,3,4
RV0011192,O0011198,C000244,4,5
RV0003022,O0003023,C004114,4,5
RV0004110,O0004111,C000520,4,3
RV0049071,O0049099,C004099,4,4
RV0042290,O0042312,C004809,5,4
RV0042306,O0042328,C004741,5,4
RV0022048,O0022058,C000865,5,4
RV0005836,O0005838,C004263,5,4
RV0041815,O0041837,C000251,3,3
RV0037241,O0037259,C000492,5,3
RV0043481,O0043505,C001023,5,3
RV0017155,O0017163,C004343,3,3
RV0011667,O0011673,C004223,3,3
RV0006361,O0006363,C004995,3,3
RV0039594,O0039615,C002858,5,4
RV0009584,O0009589,C001610,5,5
RV0045588,O0045613,C000881,3,5
RV0016542,O0016550,C001029,4,5
RV0008510,O0008515,C002606,3,4
RV0009205,O0009210,C002284,5,5
RV0034708,O0034724,C000401,4,4
RV0014300,O0014308,C000830,4,4
RV0033051,O0033066,C002679,5,3
RV0025129,O0025139,C000236,4,5
RV0036072,O0036090,C004305,3,4
RV0010539,O0010544,C003841,4,5
RV0016765,O0016773,C003961,3,5
RV0013581,O0013588,C000556,3,4
RV0018577,O0018587,C003361,4,5
RV0003031,O0003032,C004585,3,3
RV0011026,O0011032,C004129,4,3
RV0045853,O0045879,C003140,3,4
RV0000116,O0000117,C001175,4,5
RV0009225,O0009230,C001040,3,4
RV0023249,O0023259,C001244,3,4
RV0018783,O0018793,C002901,4,3
RV0024521,O0024531,C002379,3,4
RV0003795,O0003796,C003359,5,5
RV0030309,O0030322,C002432,3,3
RV0045710,O0045735,C004692,4,3
RV0019145,O0019155,C000157,5,5
RV0024681,O0024691,C004538,4,4
RV0014159,O0014167,C001117,3,3
RV0011617,O0011623,C004729,4,5
RV0049148,O0049177,C002827,4,4
RV0026859,O0026870,C000690,5,3
RV0021255,O0021265,C000319,3,4
RV0043134,O0043158,C001183,4,4
RV0024564,O0024574,C004259,5,3
RV0041858,O0041880,C004714,4,3
RV0045903,O0045929,C002945,5,5
RV0038527,O0038546,C002503,5,4
RV0032880,O0032895,C002138,4,4
RV0046105,O0046131,C001373,4,3
RV0010153,O0010158,C003727,3,3
RV0022411,O0022421,C000295,5,3
RV0017900,O0017910,C002373,5,5
RV0015259,O0015267,C002245,5,4
RV0025882,O0025892,C003738,4,5
RV0015302,O0015310,C001420,3,3
RV0033239,O0033254,C002975,3,3
RV0033799,O0033814,C002707,4,5
RV0038770,O0038789,C004592,5,3
RV0000075,O0000076,C004531,5,3
RV0037469,O0037487,C001419,4,3
RV0036232,O0036250,C002566,4,5
RV0001124,O0001125,C002281,5,3
RV0021194,O0021204,C003430,4,3
RV0026506,O0026517,C003472,3,3
RV0027774,O0027787,C001446,5,4
RV0044873,O0044898,C003515,4,4
RV0039463,O0039484,C004377,4,4
RV0031859,O0031874,C002518,4,5
RV0036711,O0036729,C003275,4,3
RV0016000,O0016008,C003366,3,5
RV0017370,O0017379,C003902,5,4
RV0047220,O0047247,C003418,4,4
RV0010239,O0010244,C004342,4,5
RV0047992,O0048020,C001866,3,3
RV0040281,O0040302,C004846,4,5
RV0019485,O0019495,C004103,4,3
RV0023280,O0023290,C003336,3,5
RV0030882,O0030896,C000908,5,5
RV0027439,O0027452,C000807,4,3
RV0049393,O0049423,C000407,3,5
RV0023522,O0023532,C002362,3,3
RV0012104,O0012111,C003834,3,4
RV0039700,O0039721,C001958,5,4
RV0020333,O0020343,C003649,3,3
RV0002813,O0002814,C000296,5,5
RV0049741,O0049771,C003995,5,5
RV0002664,O0002665,C004045,5,4
RV0022825,O0022835,C003310,3,5
RV0037035,O0037053,C004667,4,5
RV0002952,O0002953,C005000,5,4
RV0029271,O0029284,C003094,4,4
RV0013293,O0013300,C001146,5,3
RV0036277,O0036295,C000367,5,4
RV0029249,O0029262,C002136,5,3
RV0020747,O0020757,C002191,3,4
RV0015418,O0015426,C000049,5,3
RV0042487,O0042510,C001464,3,5
RV0021069,O0021079,C002140,3,5
RV0010132,O0010137,C000531,4,4
RV0034623,O0034639,C002632,5,5
RV0005504,O0005506,C004543,4,3
RV0016214,O0016222,C001902,5,3
RV0047253,O0047281,C003732,3,3
RV0020487,O0020497,C003601,4,5
RV0041464,O0041486,C002863,4,4
RV0015083,O0015091,C000488,5,5
RV0026271,O0026281,C004133,5,3
RV0022041,O0022051,C000811,4,4
RV0037893,O0037911,C001528,5,3
RV0047615,O0047643,C001326,4,3
RV0026045,O0026055,C000468,5,3
RV0011709,O0011716,C001943,3,5
RV0038973,O0038992,C002567,5,4
RV0015774,O0015782,C003623,5,3
RV0029356,O0029369,C000089,5,5
RV0016178,O0016186,C000964,5,4
RV0000839,O0000840,C003404,5,4
RV0018786,O0018796,C003941,3,3
RV0011296,O0011302,C004238,3,5
RV0025610,O0025620,C002458,4,3
RV0025201,O0025211,C001228,3,4
RV0009170,O0009175,C000392,3,3
RV0049852,O0049882,C002541,4,4
RV0048736,O0048764,C002417,5,3
RV0008035,O0008040,C002019,5,3
RV0026607,O0026618,C003093,3,5
RV0022876,O0022886,C001247,3,5
RV0024238,O0024248,C003267,3,4
RV0016329,O0016337,C001514,4,5
RV0042179,O0042201,C000199,4,4
RV0024582,O0024592,C000260,3,5
RV0042749,O0042772,C004910,4,5
RV0011270,O0011276,C001351,5,5
RV0019679,O0019689,C004667,4,3
RV0002517,O0002518,C003512,3,4
RV0026480,O0026491,C003894,3,5
RV0037331,O0037349,C001237,5,4
RV0027483,O0027496,C004419,4,3
RV0021178,O0021188,C002700,4,4
RV0033969,O0033984,C004517,5,3
RV0001846,O0001847,C004339,3,4
RV0018476,O0018486,C000083,5,4
RV0045788,O0045814,C002422,3,4
RV0017117,O0017125,C003729,4,5
RV0041877,O0041899,C002847,4,5
RV0028322,O0028335,C004181,3,3
RV0030983,O0030997,C003760,4,3
RV0006095,O0006097,C000646,4,3
RV0021373,O0021383,C002478,3,3
RV0009301,O0009306,C003116,5,3
RV0003197,O0003198,C000010,3,4
RV0002865,O0002866,C004785,3,4
RV0018218,O0018228,C004586,5,3
RV0046485,O0046512,C000186,4,4
RV0039859,O0039880,C004789,5,5
RV0046817,O0046844,C001657,3,3
RV0001736,O0001737,C003806,4,5
RV0012387,O0012394,C002002,3,4
RV0008952,O0008957,C004841,4,4
RV0040410,O0040431,C002650,3,3
RV0015680,O0015688,C004246,3,3
RV0035394,O0035410,C000022,5,4
RV0026556,O0026567,C002284,5,4
RV0028818,O0028831,C002864,5,4
RV0017476,O0017485,C003404,5,3
RV0035430,O0035446,C000113,5,5
RV0014018,O0014026,C001990,5,4
RV0026216,O0026226,C003925,5,5
RV0034893,O0034909,C002616,4,5
RV0010533,O0010538,C004249,5,4
RV0001930,O0001931,C004104,5,4
RV0021090,O0021100,C000239,4,3
RV0001126,O0001127,C003935,4,3
RV0017277,O0017286,C000182,3,5
RV0008962,O0008967,C002801,5,3
RV0015709,O0015717,C001640,4,4
RV0036189,O0036207,C003861,5,5
RV0010474,O0010479,C003668,4,3
RV0028998,O0029011,C000077,5,3
RV0032029,O0032044,C001652,3,3
RV0013552,O0013559,C004140,5,3
RV0015075,O0015083,C004558,4,3
RV0002888,O0002889,C004896,3,5
RV0040127,O0040148,C002196,3,5
RV0025016,O0025026,C001248,4,3
RV0014565,O0014573,C003337,4,5
RV0036430,O0036448,C003890,3,5
RV0032108,O0032123,C001917,5,5
RV0033363,O0033378,C002326,5,4
RV0020029,O0020039,C002804,3,4
RV0045746,O0045772,C003745,4,3
RV0042656,O0042679,C004609,5,4
RV0008647,O0008652,C004258,4,4
RV0031350,O0031364,C004216,4,5
RV0023068,O0023078,C000717,4,5
RV0013614,O0013621,C003193,5,5
RV0036893,O0036911,C000660,4,5
RV0041170,O0041192,C000366,5,5
RV0016156,O0016164,C002602,3,3
RV0031344,O0031358,C004999,3,5
RV0034026,O0034041,C001654,4,3
RV0019822,O0019832,C004343,5,4
RV0032729,O0032744,C004242,3,4
RV0039853,O0039874,C000835,3,3
RV0046123,O0046149,C002533,4,3
RV0007298,O0007301,C001154,5,5
RV0018948,O0018958,C004004,4,4
RV0033786,O0033801,C001905,5,3
RV0015837,O0015845,C002106,4,3
RV0048270,O0048298,C001474,5,5
RV0046947,O0046974,C003989,5,4
RV0037423,O0037441,C002209,5,4
RV0031063,O0031077,C000546,5,4
RV0000061,O0000062,C003744,4,5
RV0041953,O0041975,C002704,3,3
RV0014580,O0014588,C001476,5,3
RV0017298,O0017307,C004219,5,4
RV0014938,O0014946,C002372,4,3
RV0037847,O0037865,C001767,5,3
RV0022137,O0022147,C001598,4,5
RV0028503,O0028516,C002970,3,5
RV0008940,O0008945,C003713,3,3
RV0001808,O0001809,C002243,3,4
RV0007027,O0007030,C002171,5,4
RV0017692,O0017701,C003116,4,4
RV0016297,O0016305,C002326,3,3
RV0029803,O0029816,C001972,5,4
RV0048167,O0048195,C000748,5,5
RV0041737,O0041759,C000335,3,5
RV0026952,O0026963,C003254,5,5
RV0038434,O0038452,C000533,5,5
RV0031677,O0031691,C002250,5,4
RV0017104,O0017112,C001839,4,3
RV0027271,O0027284,C003707,4,4
RV0003489,O0003490,C003799,4,5
RV0008279,O0008284,C002600,4,5
RV0041208,O0041230,C004606,4,3
RV0013268,O0013275,C002340,5,3
RV0023001,O0023011,C004696,3,5
RV0031689,O0031703,C003286,3,5
RV0025070,O0025080,C004862,5,4
RV0044743,O0044768,C004844,4,4
RV0015610,O0015618,C000237,5,4
RV0019345,O0019355,C000652,5,4
RV0008668,O0008673,C003053,3,4
RV0026591,O0026602,C002718,4,5
RV0035194,O0035210,C002229,3,3
RV0023392,O0023402,C002398,5,5
RV0016758,O0016766,C002795,3,5
RV0049510,O0049540,C000243,5,3
RV0044508,O0044532,C000166,3,5
RV0001572,O0001573,C000818,5,4
RV0026594,O0026605,C001581,5,5
RV0043714,O0043738,C000729,3,4
RV0026106,O0026116,C004074,4,4
RV0019130,O0019140,C003860,5,3
RV0009580,O0009585,C004991,4,3
RV0032630,O0032645,C002999,3,3
RV0000939,O0000940,C002076,5,3
RV0039551,O0039572,C003929,3,3
RV0040966,O0040988,C000051,5,5
RV0049282,O0049311,C001862,4,3
RV0021010,O0021020,C000841,5,4
RV0048087,O0048115,C001866,3,5
RV0044372,O0044396,C004850,5,4
RV0006113,O0006115,C003073,3,4
RV0041977,O0041999,C001891,3,3
RV0022822,O0022832,C002309,5,3
RV0046691,O0046718,C004708,3,4
RV0003460,O0003461,C002050,4,4
RV0049910,O0049940,C004424,3,5
RV0006807,O0006810,C001724,4,5
RV0049759,O0049789,C004571,3,5
RV0017871,O0017881,C000793,5,4
RV0028696,O0028709,C003890,5,5
RV0020340,O0020350,C001828,4,3
RV0041325,O0041347,C001894,4,5
RV0016801,O0016809,C004608,5,5
RV0014944,O0014952,C002006,5,5
RV0017247,O0017256,C004413,3,5
RV0028579,O0028592,C001002,5,4
RV0038236,O0038254,C002363,4,5
RV0035443,O0035459,C003691,4,5
RV0007201,O0007204,C004589,3,4
RV0003021,O0003022,C000298,5,4
RV0003220,O0003221,C004986,4,3
RV0027800,O0027813,C001065,5,4
RV0025424,O0025434,C003560,4,4
RV0000150,O0000151,C004925,4,5
RV0039229,O0039249,C001403,3,5
RV0018528,O0018538,C000145,4,3
RV0044875,O0044900,C002029,3,5
RV0018107,O0018117,C003476,3,4
RV0006354,O0006356,C003748,5,3
RV0004678,O0004679,C004188,5,5
RV0025249,O0025259,C000946,4,4
RV0021299,O0021309,C004288,5,4
RV0042846,O0042869,C003130,5,5
RV0022957,O0022967,C002254,3,4
RV0042807,O0042830,C004922,5,5
RV0023285,O0023295,C003200,3,4
RV0041099,O0041121,C000585,4,4
RV0017758,O0017767,C003939,5,5
RV0003929,O0003930,C000376,4,4
RV0046802,O0046829,C004328,5,3
RV0017664,O0017673,C003254,3,4
RV0003298,O0003299,C003219,5,5
RV0018555,O0018565,C001643,4,5
RV0043411,O0043435,C001200,5,4
RV0001489,O0001490,C004519,5,4
RV0047682,O0047710,C002218,4,5
RV0028422,O0028435,C001951,3,4
RV0026350,O0026360,C003696,4,5
RV0026587,O0026598,C002769,4,4
RV0021720,O0021730,C000354,3,5
RV0047696,O0047724,C004034,3,5
RV0008565,O0008570,C003397,4,4
RV0027508,O0027521,C000326,3,5
RV0038953,O0038972,C001735,3,5
RV0006948,O0006951,C002718,5,5
RV0017240,O0017249,C002417,5,5
RV0037775,O0037793,C002714,5,5
RV0043940,O0043964,C001096,5,3
RV0035639,O0035655,C003962,4,5
RV0015132,O0015140,C003149,4,4
RV0018765,O0018775,C003096,3,5
RV0023477,O0023487,C004675,4,5
RV0034021,O0034036,C003691,5,3
RV0000283,O0000284,C004030,4,4
RV0026545,O0026556,C003420,4,5
RV0005070,O0005072,C003011,4,4
RV0030709,O0030722,C001781,4,5
RV0040784,O0040806,C000827,5,3
RV0033806,O0033821,C004475,4,5
RV0003633,O0003634,C004882,3,4
RV0032617,O0032632,C002746,5,4
RV0018153,O0018163,C004000,4,4
RV0048353,O0048381,C003069,3,5
RV0023012,O0023022,C002483,3,4
RV0020500,O0020510,C001948,5,5
RV0007920,O0007925,C004359,4,5
RV0037761,O0037779,C002606,4,4
RV0048798,O0048826,C003376,5,5
RV0034798,O0034814,C000047,3,3
RV0033881,O0033896,C000318,5,3
RV0042587,O0042610,C003960,4,5
RV0004036,O0004037,C001629,4,5
RV0040504,O0040526,C004617,4,5
RV0014704,O0014712,C003393,5,3
RV0043773,O0043797,C002278,5,3
RV0015937,O0015945,C000709,5,5
RV0000586,O0000587,C004193,4,5
RV0014160,O0014168,C001765,5,3
RV0025732,O0025742,C000640,5,4
RV0003789,O0003790,C002295,5,4
RV0044921,O0044946,C001104,4,4
RV0027580,O0027593,C004618,4,4
RV0048151,O0048179,C004161,5,5
RV0020820,O0020830,C000592,3,5
RV0029451,O0029464,C002225,3,3
RV0021558,O0021568,C000010,5,4
RV0043167,O0043191,C003270,4,4
RV0009618,O0009623,C000039,3,4
RV0037963,O0037981,C003870,5,4
RV0041966,O0041988,C000140,5,5
RV0045508,O0045533,C002724,5,4
RV0015188,O0015196,C002100,5,3
RV0010981,O0010987,C004950,5,3
RV0027132,O0027144,C000623,5,5
RV0028898,O0028911,C004574,3,5
RV0028915,O0028928,C000711,5,5
RV0023394,O0023404,C002553,5,3
RV0047428,O0047456,C003306,3,5
RV0037471,O0037489,C000559,3,5
RV0031684,O0031698,C001908,5,5
RV0041865,O0041887,C002668,3,5
RV0012287,O0012294,C001017,4,4
RV0027849,O0027862,C002314,3,4
RV0009666,O0009671,C000963,4,4
RV0041842,O0041864,C001684,5,3
RV0017293,O0017302,C002011,3,5
RV0009433,O0009438,C002704,5,5
RV0031858,O0031873,C000233,4,5
RV0013889,O0013896,C002380,5,3
RV0038627,O0038646,C001617,3,4
RV0003504,O0003505,C000732,4,4
RV0038128,O0038146,C004502,3,4
RV0044102,O0044126,C003059,5,3
RV0012081,O0012088,C004469,5,3
RV0005329,O0005331,C000497,4,4
RV0020807,O0020817,C004594,3,4
RV0046858,O0046885,C000191,3,5
RV0013242,O0013249,C000918,5,3
RV0019460,O0019470,C000627,5,4
RV0047089,O0047116,C004861,5,4
RV0022730,O0022740,C003068,4,3
RV0017503,O0017512,C003835,4,3
RV0021519,O0021529,C004172,5,4
RV0032494,O0032509,C002358,3,3
RV0019824,O0019834,C003384,5,3
RV0036226,O0036244,C001130,3,3
RV0003189,O0003190,C001765,4,5
RV0048953,O0048981,C002024,5,5
RV0013360,O0013367,C004340,5,3
RV0034988,O0035004,C000256,5,3
RV0029908,O0029921,C001794,4,4
RV0005260,O0005262,C001748,4,3
RV0010241,O0010246,C003779,5,5
RV0041962,O0041984,C000445,4,4
RV0016330,O0016338,C000409,5,5
RV0009159,O0009164,C004506,4,5
RV0002265,O0002266,C000071,5,3
RV0036211,O0036229,C004817,5,4
RV0006491,O0006494,C004192,3,3
RV0029776,O0029789,C001858,5,3
RV0042697,O0042720,C000292,5,4
RV0022085,O0022095,C001041,4,5
RV0006682,O0006685,C002019,5,3
RV0036033,O0036051,C000963,5,4
RV0009645,O0009650,C002235,4,5
RV0036424,O0036442,C001883,5,3
RV0048144,O0048172,C003446,3,5
RV0017940,O0017950,C001434,3,5
RV0011097,O0011103,C001775,3,3
RV0046647,O0046674,C000202,5,3
RV0009189,O0009194,C002751,5,5
RV0047506,O0047534,C001773,4,4
RV0027138,O0027150,C001505,5,3
RV0043152,O0043176,C004236,4,5
RV0030582,O0030595,C003085,5,3
RV0030899,O0030913,C003137,4,5
RV0047389,O0047417,C000823,3,4
RV0014948,O0014956,C004952,5,4
RV0036667,O0036685,C001515,5,3
RV0024971,O0024981,C001088,3,3
RV0030301,O0030314,C004948,5,4
RV0018869,O0018879,C004368,4,3
RV0033410,O0033425,C004853,3,5
RV0026088,O0026098,C001932,4,5
RV0010413,O0010418,C001590,5,4
RV0039396,O0039416,C000217,4,3
RV0039554,O0039575,C000577,5,3
RV0036614,O0036632,C003288,3,4
RV0025819,O0025829,C003339,5,5
RV0025065,O0025075,C000280,5,5
RV0006059,O0006061,C001519,3,3
RV0011096,O0011102,C002834,4,3
RV0009246,O0009251,C000118,3,5
RV0039207,O0039227,C001739,3,4
RV0020938,O0020948,C000566,4,3
RV0016781,O0016789,C001870,5,3
RV0019886,O0019896,C002455,5,5
RV0040803,O0040825,C000497,5,4
RV0031140,O0031154,C003822,4,5
RV0032740,O0032755,C001944,5,3
RV0049435,O0049465,C002417,5,4
RV0002582,O0002583,C004724,4,5
RV0032736,O0032751,C004414,4,5
RV0011494,O0011500,C001466,4,5
RV0042616,O0042639,C000891,5,4
RV0007990,O0007995,C002643,4,5
RV0011832,O0011839,C003955,5,5
RV0023604,O0023614,C004804,3,3
RV0025229,O0025239,C003106,3,3
RV0033429,O0033444,C001961,3,4
RV0043823,O0043847,C000091,5,3
RV0049474,O0049504,C004714,5,5
RV0018216,O0018226,C004414,4,4
RV0025047,O0025057,C003819,4,5
RV0026590,O0026601,C004681,3,4
RV0035564,O0035580,C003796,5,4
RV0031838,O0031852,C000141,5,5
RV0039697,O0039718,C003943,4,5
RV0041600,O0041622,C001855,3,4
RV0029461,O0029474,C000082,3,3
RV0049798,O0049828,C001328,3,4
RV0036574,O0036592,C002464,4,5
RV0038049,O0038067,C004991,3,3
RV0011987,O0011994,C001146,3,5
RV0006340,O0006342,C000890,4,4
RV0015170,O0015178,C000502,4,5
RV0040457,O0040479,C003960,3,3
RV0026307,O0026317,C000141,4,3
RV0008023,O0008028,C004459,4,4
RV0045224,O0045249,C003607,3,4
RV0040249,O0040270,C000383,3,3
RV0024993,O0025003,C001304,4,5
RV0034490,O0034506,C004922,4,4
RV0020628,O0020638,C004834,3,3
RV0001534,O0001535,C004993,4,3
RV0008370,O0008375,C001853,5,3
RV0023518,O0023528,C003525,3,5
RV0030713,O0030726,C002793,3,5
RV0013511,O0013518,C004885,5,5
RV0009452,O0009457,C000394,5,3
RV0009625,O0009630,C004394,5,4
RV0041332,O0041354,C002587,4,4
RV0024735,O0024745,C002054,3,3
RV0026187,O0026197,C001871,3,5
RV0029611,O0029624,C002561,4,4
RV0035389,O0035405,C003262,5,4
RV0036999,O0037017,C001626,3,4
RV0001139,O0001140,C003736,4,5
RV0006065,O0006067,C001560,4,5
RV0045644,O0045669,C002596,5,5
RV0007029,O0007032,C003922,4,3
RV0034882,O0034898,C002079,4,4
RV0045029,O0045054,C002316,5,3
RV0003618,O0003619,C004438,3,4
RV0022323,O0022333,C002353,3,4
RV0020305,O0020315,C003855,5,3
RV0012423,O0012430,C002070,4,3
RV0030557,O0030570,C003165,4,4
RV0000962,O0000963,C001375,4,5
RV0013995,O0014003,C001994,5,4
RV0044841,O0044866,C003488,3,5
RV0041847,O0041869,C002243,5,4
RV0036305,O0036323,C004890,5,4
RV0001975,O0001976,C002257,5,3
RV0025193,O0025203,C004259,3,5
RV0027308,O0027321,C004284,4,4
RV0010099,O0010104,C004815,5,5
RV0042943,O0042966,C002201,5,5
RV0019709,O0019719,C004439,4,4
RV0047404,O0047432,C002610,4,3
RV0011948,O0011955,C001303,5,5
RV0022270,O0022280,C004003,5,3
RV0036186,O0036204,C001606,4,3
RV0036830,O0036848,C003072,4,4
RV0009998,O0010003,C002176,5,5
RV0023651,O0023661,C002072,4,5
RV0005055,O0005057,C002097,5,4
RV0025902,O0025912,C002415,3,3
RV0002678,O0002679,C001087,5,4
RV0036958,O0036976,C001116,4,5
RV0048366,O0048394,C001811,3,3
RV0018729,O0018739,C004900,3,5
RV0045950,O0045976,C000261,5,5
RV0012790,O0012797,C001260,3,3
RV0002762,O0002763,C002777,3,5
RV0013214,O0013221,C003411,5,5
RV0016599,O0016607,C000019,4,5
RV0009731,O0009736,C003055,4,4
RV0008331,O0008336,C002763,4,5
RV0009073,O0009078,C001050,5,5
RV0016613,O0016621,C003168,4,3
RV0048217,O0048245,C001531,3,4
RV0035803,O0035819,C004358,3,5
RV0029434,O0029447,C001434,5,4
RV0029526,O0029539,C000301,5,4
RV0038838,O0038857,C004400,4,5
RV0043813,O0043837,C000498,3,5
RV0008059,O0008064,C000147,3,4
RV0036396,O0036414,C000030,4,5
RV0012589,O0012596,C000625,4,5
RV0030010,O0030023,C001075,4,3
RV0032012,O0032027,C001915,5,4
RV0028168,O0028181,C002584,5,4
RV0033631,O0033646,C003757,4,4
RV0001417,O0001418,C000445,4,4
RV0047522,O0047550,C004384,5,5
RV0008385,O0008390,C004826,3,5
RV0010284,O0010289,C003208,4,4
RV0019721,O0019731,C000937,5,3
RV0035049,O0035065,C001321,3,4
RV0047848,O0047876,C003661,5,3
RV0032465,O0032480,C003276,3,5
RV0029422,O0029435,C000987,4,5
RV0039302,O0039322,C001753,3,3
RV0046757,O0046784,C001710,4,5
RV0022909,O0022919,C002511,4,5
RV0017641,O0017650,C003210,5,3
RV0001486,O0001487,C001144,4,4
RV0017990,O0018000,C003612,5,3
RV0030047,O0030060,C003582,5,4
RV0002111,O0002112,C000727,5,3
RV0031329,O0031343,C001140,3,5
RV0012805,O0012812,C001135,3,5
RV0016123,O0016131,C004796,4,3
RV0029912,O0029925,C000079,4,4
RV0044548,O0044573,C001591,3,3
RV0003131,O0003132,C001290,4,3
RV0015159,O0015167,C003053,5,4
RV0000913,O0000914,C003379,5,5
RV0010421,O0010426,C002343,3,3
RV0010506,O0010511,C000847,3,4
RV0020216,O0020226,C002616,3,5
RV0032106,O0032121,C002799,3,4
RV0047372,O0047400,C002752,5,4
RV0042947,O0042970,C000812,3,3
RV0032650,O0032665,C001171,5,4
RV0043203,O0043227,C003373,4,5
RV0042683,O0042706,C003292,4,4
RV0020915,O0020925,C001558,3,3
RV0038463,O0038482,C001780,3,3
RV0038349,O0038367,C002618,3,4
RV0028733,O0028746,C001255,5,5
RV0004082,O0004083,C004182,3,3
RV0001331,O0001332,C003463,4,4
RV0039074,O0039094,C003122,4,3
RV0048229,O0048257,C003451,5,5
RV0015239,O0015247,C000680,4,3
RV0010996,O0011002,C003860,4,4
RV0024043,O0024053,C001380,4,4
RV0034234,O0034249,C001745,3,4
RV0023614,O0023624,C001353,3,4
RV0015650,O0015658,C000919,3,5
RV0012074,O0012081,C001441,5,5
RV0043064,O0043088,C003462,4,5
RV0020071,O0020081,C004702,3,4
RV0042916,O0042939,C004848,3,3
RV0013342,O0013349,C002759,5,3
RV0009908,O0009913,C002733,5,5
RV0015864,O0015872,C000647,3,5
RV0032248,O0032263,C002920,4,3
RV0044847,O0044872,C001602,5,5
RV0039073,O0039092,C001004,4,3
RV0011402,O0011408,C000730,4,5
RV0013745,O0013752,C003666,4,5
RV0004199,O0004200,C001526,3,5
RV0024646,O0024656,C001800,4,3
RV0038386,O0038404,C000431,5,5
RV0037427,O0037445,C003281,4,4
RV0010045,O0010050,C000578,4,4
RV0008344,O0008349,C004259,5,4
RV0032212,O0032227,C003980,4,3
RV0024166,O0024176,C000979,3,3
RV0008639,O0008644,C003639,3,3
RV0021163,O0021173,C003750,3,3
RV0037546,O0037564,C002042,4,5
RV0049151,O0049180,C002871,4,5
RV0021798,O0021808,C004127,5,4
RV0033577,O0033592,C004067,5,3
RV0021712,O0021722,C000395,5,5
RV0041721,O0041743,C000758,3,5
RV0031797,O0031811,C003655,5,3
RV0024897,O0024907,C002129,3,5
RV0026813,O0026824,C001577,4,4
RV0029028,O0029041,C001623,4,3
RV0046661,O0046688,C001849,4,3
RV0006676,O0006679,C003963,4,4
RV0021843,O0021853,C001201,3,3
RV0014109,O0014117,C000549,4,4
RV0007441,O0007445,C002870,4,5
RV0000630,O0000631,C004428,5,4
RV0027622,O0027635,C004012,5,3
RV0002276,O0002277,C002025,4,5
RV0030369,O0030382,C000936,5,3
RV0028519,O0028532,C000744,3,4
RV0044116,O0044140,C001328,3,4
RV0018200,O0018210,C000219,5,5
RV0000006,O0000007,C004517,4,4
RV0002145,O0002146,C003404,5,3
RV0029519,O0029532,C002661,5,3
RV0044203,O0044227,C001185,5,4
RV0024135,O0024145,C004405,5,3
RV0001699,O0001700,C000377,3,3
RV0043653,O0043677,C002100,4,4
RV0006904,O0006907,C004871,4,4
RV0039398,O0039418,C004900,4,4
RV0031442,O0031456,C003038,4,4
RV0030800,O0030814,C001279,4,3
RV0028563,O0028576,C004585,3,3
RV0013649,O0013656,C001609,3,3
RV0035043,O0035059,C000040,5,3
RV0015631,O0015639,C000381,4,4
RV0036013,O0036031,C002579,5,4
RV0020475,O0020485,C003132,5,4
RV0024269,O0024279,C000244,3,4
RV0011550,O0011556,C001580,4,4
RV0007456,O0007460,C000059,3,3
RV0003455,O0003456,C001977,3,3
RV0029448,O0029461,C002758,3,5
RV0002735,O0002736,C001772,5,5
RV0016935,O0016943,C003972,4,3
RV0015294,O0015302,C002767,5,5
RV0039160,O0039180,C003897,5,3
RV0003214,O0003215,C003618,4,3
RV0044807,O0044832,C000007,4,4
RV0046452,O0046479,C000655,3,3
RV0009282,O0009287,C004097,5,5
RV0017662,O0017671,C003820,3,4
RV0047175,O0047202,C001080,4,5
RV0016635,O0016643,C003402,4,3
RV0001721,O0001722,C001101,4,3
RV0026842,O0026853,C003213,5,5
RV0029920,O0029933,C002178,3,4
RV0042710,O0042733,C002524,5,5
RV0026690,O0026701,C002008,4,5
RV0023231,O0023241,C001821,5,4
RV0021750,O0021760,C004186,4,3
RV0036644,O0036662,C000545,5,4
RV0002094,O0002095,C003781,4,4
RV0020496,O0020506,C004585,4,4
RV0014898,O0014906,C003129,5,3
RV0006029,O0006031,C001620,4,3
RV0001864,O0001865,C001603,5,4
RV0039448,O0039469,C000527,4,5
RV0048961,O0048989,C000178,3,4
RV0006943,O0006946,C001855,3,5
RV0030603,O0030616,C004612,4,3
RV0030128,O0030141,C002590,5,4
RV0041511,O0041533,C000419,5,4
RV0013534,O0013541,C001430,5,3
RV0018080,O0018090,C003016,5,3
RV0006132,O0006134,C004384,4,3
RV0042863,O0042886,C004607,5,3
RV0001402,O0001403,C001589,3,5
RV0000536,O0000537,C004980,5,5
RV0005822,O0005824,C001655,3,3
RV0019415,O0019425,C002828,5,3
RV0048046,O0048074,C002322,5,5
RV0048042,O0048070,C001111,4,4
RV0011396,O0011402,C000136,3,5
RV0031857,O0031872,C003799,3,4
RV0020457,O0020467,C002948,5,4
RV0007515,O0007519,C003030,4,5
RV0001993,O0001994,C004026,3,4
RV0029698,O0029711,C001318,4,4
RV0029586,O0029599,C002795,3,4
RV0017135,O0017143,C000758,3,5
RV0022734,O0022744,C001353,4,4
RV0005377,O0005379,C002859,5,5
RV0002399,O0002400,C000329,3,4
RV0017549,O0017558,C002108,3,3
RV0018537,O0018547,C003031,3,3
RV0043742,O0043766,C004174,4,3
RV0024894,O0024904,C004968,3,5
RV0013723,O0013730,C003713,5,4
RV0036028,O0036046,C002573,3,3
RV0039636,O0039657,C002139,3,3
RV0014851,O0014859,C000302,4,5
RV0037071,O0037089,C000677,5,4
RV0006156,O0006158,C000571,5,3
RV0002298,O0002299,C001316,5,3
RV0025633,O0025643,C003398,5,3
RV0031934,O0031949,C002266,3,3
RV0006046,O0006048,C001356,4,4
RV0029924,O0029937,C003244,5,5
RV0023766,O0023776,C002032,3,4
RV0004265,O0004266,C000763,3,5
RV0046152,O0046178,C004665,4,3
RV0014736,O0014744,C002962,3,4
RV0038777,O0038796,C001045,3,3
RV0004165,O0004166,C002611,3,4
RV0006329,O0006331,C002669,4,5
RV0018239,O0018249,C001931,5,3
RV0044217,O0044241,C004974,4,3
RV0001956,O0001957,C003101,4,5
RV0038875,O0038894,C002112,3,4
RV0019489,O0019499,C000732,5,4
RV0043594,O0043618,C002683,5,3
RV0001731,O0001732,C000836,5,3
RV0021907,O0021917,C003047,3,5
RV0027907,O0027920,C003159,3,5
RV0036391,O0036409,C002303,5,4
RV0011500,O0011506,C004854,4,3
RV0026581,O0026592,C004277,3,4
RV0027983,O0027996,C004966,3,5
RV0045983,O0046009,C003081,3,4
RV0020919,O0020929,C004363,3,3
RV0038907,O0038926,C002655,3,5
RV0008230,O0008235,C000421,5,5
RV0025624,O0025634,C004751,5,5
RV0025450,O0025460,C004829,3,4
RV0049074,O0049102,C002405,5,3
RV0046134,O0046160,C001482,5,5
RV0046663,O0046690,C001628,5,4
RV0049214,O0049243,C004576,5,3
RV0010074,O0010079,C003094,4,3
RV0009134,O0009139,C001893,5,4
RV0018253,O0018263,C000782,5,3
RV0013966,O0013974,C001585,3,5
RV0027682,O0027695,C004634,3,3
RV0022610,O0022620,C004880,4,3
RV0033392,O0033407,C003695,4,3
RV0032231,O0032246,C004947,5,5
RV0041765,O0041787,C002464,4,5
RV0041350,O0041372,C000102,3,3
RV0006392,O0006395,C004703,3,3
RV0013717,O0013724,C004017,4,5
RV0009848,O0009853,C001948,3,5
RV0001166,O0001167,C004714,5,4
RV0049805,O0049835,C003967,3,4
RV0046624,O0046651,C001235,4,5
RV0037329,O0037347,C004954,3,5
RV0013167,O0013174,C000236,3,5
RV0012710,O0012717,C004831,3,3
RV0044099,O0044123,C003255,4,3
RV0032236,O0032251,C004779,4,4
RV0049048,O0049076,C004499,3,3
RV0034823,O0034839,C004754,3,3
RV0048150,O0048178,C001233,5,5
RV0031265,O0031279,C002054,5,4
RV0034138,O0034153,C001431,3,3
RV0026079,O0026089,C003470,3,4
RV0002269,O0002270,C002816,4,4
RV0032629,O0032644,C004927,5,3
RV0037385,O0037403,C004828,3,3
RV0002445,O0002446,C002298,3,3
RV0025278,O0025288,C000209,5,3
RV0047331,O0047359,C004634,5,3
RV0028462,O0028475,C003662,5,3
RV0040203,O0040224,C003246,3,3
RV0036944,O0036962,C000295,3,3
RV0033792,O0033807,C003250,4,5
RV0006434,O0006437,C003722,3,5
RV0005407,O0005409,C003892,3,4
RV0002348,O0002349,C001920,3,5
RV0048687,O0048715,C002086,5,5
RV0023945,O0023955,C003705,3,4
RV0035998,O0036015,C002421,4,5
RV0024069,O0024079,C000704,4,3
RV0014563,O0014571,C000792,5,5
RV0046978,O0047005,C001988,3,5
RV0049330,O0049359,C001738,4,5
RV0030656,O0030669,C000095,4,5
RV0036528,O0036546,C003222,3,3
RV0039115,O0039135,C000382,4,4
RV0030036,O0030049,C004744,4,3
RV0031228,O0031242,C003660,5,4
RV0024569,O0024579,C000181,4,4
RV0040320,O0040341,C002833,4,3
RV0044257,O0044281,C001573,3,4
RV0024989,O0024999,C000355,3,3
RV0033244,O0033259,C000353,3,4
RV0034939,O0034955,C004088,5,3
RV0023014,O0023024,C001225,5,4
RV0001788,O0001789,C003953,4,3
RV0007134,O0007137,C000636,4,5
RV0022034,O0022044,C002237,3,5
RV0000892,O0000893,C000191,3,5
RV0028735,O0028748,C002277,3,3
RV0022672,O0022682,C000400,5,5
RV0034734,O0034750,C001742,4,3
RV0025796,O0025806,C002189,5,5
RV0045922,O0045948,C000024,4,4
RV0000430,O0000431,C001908,3,5
RV0012510,O0012517,C002085,3,4
RV0029598,O0029611,C000193,5,3
RV0043296,O0043320,C003656,3,3
RV0036112,O0036130,C000765,5,5
RV0015230,O0015238,C001526,5,3
RV0036269,O0036287,C002016,4,3
RV0026595,O0026606,C000203,3,5
RV0021402,O0021412,C002410,5,4
RV0001616,O0001617,C001067,5,3
RV0002864,O0002865,C004426,5,5
RV0000252,O0000253,C000127,5,4
RV0021998,O0022008,C003410,4,4
RV0027778,O0027791,C000445,3,5
RV0000676,O0000677,C003522,3,3
RV0024348,O0024358,C002820,3,3
RV0048622,O0048650,C002018,5,3
RV0023730,O0023740,C002047,4,5
RV0007180,O0007183,C000542,5,4
RV0048355,O0048383,C001829,5,5
RV0023873,O0023883,C002394,3,5
RV0001670,O0001671,C002261,3,5
RV0037250,O0037268,C000434,3,3
RV0014237,O0014245,C000020,3,5
RV0010583,O0010588,C003659,3,5
RV0002644,O0002645,C001002,3,5
RV0025024,O0025034,C001837,4,5
RV0008812,O0008817,C004029,3,4
RV0045807,O0045833,C003592,4,5
RV0010849,O0010855,C000752,3,4
RV0032228,O0032243,C002665,5,3
RV0024114,O0024124,C002062,5,4
RV0028856,O0028869,C001395,4,3
RV0034995,O0035011,C001272,3,3
RV0025576,O0025586,C004294,5,4
RV0035501,O0035517,C002093,4,3
RV0033918,O0033933,C002131,4,4
RV0041227,O0041249,C000083,3,5
RV0036752,O0036770,C000468,4,4
RV0047459,O0047487,C003362,4,5
RV0031812,O0031826,C000979,5,3
RV0027477,O0027490,C000068,5,4
RV0033747,O0033762,C002218,5,4
RV0045942,O0045968,C004469,3,5
RV0036573,O0036591,C000269,3,4
RV0039920,O0039941,C002299,5,5
RV0014709,O0014717,C000335,5,4
RV0012004,O0012011,C003626,5,3
RV0021235,O0021245,C003149,4,4
RV0046370,O0046397,C003700,4,3
RV0035363,O0035379,C000937,3,5
RV0028407,O0028420,C000168,3,5
RV0025764,O0025774,C004652,3,3
RV0028248,O0028261,C000440,3,4
RV0037724,O0037742,C001755,4,5
RV0017113,O0017121,C002025,5,3
RV0030777,O0030791,C004521,5,4
RV0011980,O0011987,C004176,5,3
RV0044260,O0044284,C000096,4,3
RV0047944,O0047972,C002991,5,3
RV0029243,O0029256,C000685,5,3
RV0001053,O0001054,C000670,4,3
RV0006496,O0006499,C004823,4,3
RV0000866,O0000867,C000386,4,3
RV0001974,O0001975,C003267,5,4
RV0045814,O0045840,C000490,3,4
RV0004071,O0004072,C001040,4,3
RV0011024,O0011030,C003576,4,5
RV0023876,O0023886,C000844,4,3
RV0021963,O0021973,C003352,5,3
RV0012151,O0012158,C001287,3,5
RV0045209,O0045234,C000214,5,4
RV0008692,O0008697,C001379,3,5
RV0018035,O0018045,C003620,3,4
RV0005734,O0005736,C003242,3,3
RV0008745,O0008750,C003313,4,5
RV0010422,O0010427,C000144,5,5
RV0018388,O0018398,C000074,5,5
RV0010262,O0010267,C000162,4,4
RV0012261,O0012268,C002730,5,3
RV0035879,O0035895,C004220,4,4
RV0032365,O0032380,C001606,3,5
RV0037336,O0037354,C003576,4,5
RV0041687,O0041709,C000129,5,4
RV0029701,O0029714,C003604,4,3
RV0025327,O0025337,C000521,3,3
RV0029761,O0029774,C004031,4,5
RV0031882,O0031897,C001301,3,4
RV0021317,O0021327,C004425,4,5
RV0017210,O0017219,C001992,4,4
RV0036879,O0036897,C001018,3,5
RV0044907,O0044932,C003844,3,5
RV0034402,O0034418,C003670,5,5
RV0047576,O0047604,C000955,5,4
RV0033334,O0033349,C003393,3,3
RV0000532,O0000533,C002303,3,5
RV0027416,O0027429,C004066,4,3
RV0000686,O0000687,C001205,4,5
RV0035000,O0035016,C000410,3,3
RV0010134,O0010139,C004923,3,3
RV0021234,O0021244,C004697,3,5
RV0022826,O0022836,C004755,5,3
RV0034776,O0034792,C004411,5,3
RV0029417,O0029430,C003280,5,3
RV0004699,O0004700,C004540,3,3
RV0025754,O0025764,C000969,3,3
RV0024780,O0024790,C002422,5,3
RV0012233,O0012240,C001404,4,3
RV0000624,O0000625,C001729,4,4
RV0049072,O0049100,C000610,3,3
RV0048895,O0048923,C004785,5,3
RV0009920,O0009925,C004264,4,4
RV0045233,O0045258,C002104,4,4
RV0037995,O0038013,C002503,4,3
RV0032064,O0032079,C002300,3,4
RV0024871,O0024881,C003019,5,5
RV0000928,O0000929,C002823,5,3
RV0047649,O0047677,C002062,3,3
RV0003673,O0003674,C004391,4,5
RV0026388,O0026398,C004886,3,3
RV0024927,O0024937,C003230,5,5
RV0034676,O0034692,C004790,4,5
RV0008466,O0008471,C002251,3,4
RV0041558,O0041580,C003320,5,4
RV0034252,O0034267,C001025,3,4
RV0000499,O0000500,C001616,3,3
RV0025243,O0025253,C002169,5,5
RV0027403,O0027416,C004368,4,3
RV0035515,O0035531,C001729,5,5
RV0016969,O0016977,C003635,3,5
RV0038694,O0038713,C004424,4,5
RV0005954,O0005956,C003017,5,5
RV0006231,O0006233,C002182,4,4
RV0016063,O0016071,C003520,4,3
RV0046263,O0046290,C002387,3,4
RV0017595,O0017604,C004313,4,5
RV0020361,O0020371,C000515,4,3
RV0021211,O0021221,C000453,4,4
RV0046174,O0046200,C004716,4,5
RV0045317,O0045342,C002103,4,5
RV0018083,O0018093,C003120,4,3
RV0019473,O0019483,C001910,3,5
RV0041744,O0041766,C000198,5,3
RV0030389,O0030402,C000122,3,4
RV0048986,O0049014,C004530,4,4
RV0043114,O0043138,C000789,3,5
RV0007251,O0007254,C002854,5,3
RV0031438,O0031452,C001240,4,4
RV0027719,O0027732,C004356,5,3
RV0026810,O0026821,C004022,4,5
RV0013674,O0013681,C002802,3,5
RV0030130,O0030143,C000333,3,4
RV0020813,O0020823,C001919,3,5
RV0047409,O0047437,C001323,5,4
RV0042269,O0042291,C002528,3,4
RV0046076,O0046102,C004543,4,3
RV0022466,O0022476,C002725,5,5
RV0024202,O0024212,C004015,5,5
RV0028845,O0028858,C000004,5,3
RV0020956,O0020966,C001625,4,4
RV0022969,O0022979,C001273,4,5
RV0027317,O0027330,C002064,3,5
RV0012788,O0012795,C000346,3,5
RV0046539,O0046566,C004795,5,5
RV0048196,O0048224,C002591,5,5
RV0040014,O0040035,C004750,5,5
RV0011306,O0011312,C003916,5,5
RV0043356,O0043380,C000393,5,5
RV0008899,O0008904,C003695,5,5
RV0019719,O0019729,C003965,4,3
RV0010901,O0010907,C004568,5,5
RV0024901,O0024911,C002743,4,5
RV0012235,O0012242,C002589,4,4
RV0002467,O0002468,C004159,5,4
RV0031772,O0031786,C003508,3,5
RV0000261,O0000262,C000182,4,4
RV0017768,O0017777,C003669,4,4
RV0047163,O0047190,C004727,5,3
RV0030759,O0030773,C000046,5,3
RV0031295,O0031309,C003891,4,5
RV0047974,O0048002,C001737,4,4
RV0015712,O0015720,C000092,3,3
RV0028838,O0028851,C002592,4,4
RV0013238,O0013245,C002951,5,4
RV0011070,O0011076,C002932,4,3
RV0047808,O0047836,C002206,3,5
RV0031287,O0031301,C003756,4,4
RV0022810,O0022820,C001534,4,5
RV0029391,O0029404,C000201,3,4
RV0045744,O0045770,C002244,5,3
RV0008663,O0008668,C004473,3,3
RV0043487,O0043511,C001229,4,4
RV0025472,O0025482,C001129,3,3
RV0022169,O0022179,C002558,3,3
RV0040724,O0040746,C002087,4,5
RV0029626,O0029639,C001641,5,4
RV0025086,O0025096,C002755,3,5
RV0039948,O0039969,C004429,3,4
RV0035973,O0035990,C001921,4,3
RV0018063,O0018073,C002208,3,4
RV0045619,O0045644,C004030,4,4
RV0021214,O0021224,C002777,4,5
RV0029500,O0029513,C000776,3,3
RV0005854,O0005856,C001654,5,5
RV0019111,O0019121,C001597,5,5
RV0030827,O0030841,C003096,5,5
RV0018152,O0018162,C002680,5,3
RV0027870,O0027883,C004311,3,4
RV0032146,O0032161,C000908,4,3
RV0032679,O0032694,C000643,3,5
RV0047128,O0047155,C002749,4,5
RV0031204,O0031218,C002143,4,4
RV0010347,O0010352,C001146,5,3
RV0027845,O0027858,C001548,3,5
RV0031491,O0031505,C000206,5,3
RV0038366,O0038384,C003756,5,5
RV0011483,O0011489,C001424,4,3
RV0029985,O0029998,C002702,5,4
RV0009057,O0009062,C001106,4,5
RV0000593,O0000594,C000805,5,5
RV0035971,O0035988,C000043,4,3
RV0037070,O0037088,C000943,3,4
RV0009654,O0009659,C004652,5,4
RV0038536,O0038555,C003029,5,3
RV0047687,O0047715,C000640,5,5
RV0043331,O0043355,C002859,3,5
RV0013048,O0013055,C003196,3,4
RV0038526,O0038545,C001467,3,5
RV0012469,O0012476,C003537,3,3
RV0038079,O0038097,C000042,4,4
RV0022710,O0022720,C002061,5,3
RV0040919,O0040941,C003924,4,4
RV0021216,O0021226,C004518,5,4
RV0040948,O0040970,C002941,4,4
RV0047262,O0047290,C000069,4,3
RV0017756,O0017765,C001846,4,5
RV0026684,O0026695,C003844,3,3
RV0002916,O0002917,C001578,4,3
RV0005604,O0005606,C001689,4,3
RV0024015,O0024025,C002940,4,5
RV0001291,O0001292,C004173,5,5
RV0004766,O0004768,C003608,5,4
RV0041496,O0041518,C000298,3,3
RV0036061,O0036079,C003996,3,5
RV0000873,O0000874,C000695,5,5
RV0008394,O0008399,C004465,4,4
RV0014295,O0014303,C000456,4,5
RV0004537,O0004538,C003646,4,5
RV0009444,O0009449,C004331,3,4
RV0001819,O0001820,C001978,3,3
RV0044473,O0044497,C002241,5,5
RV0014976,O0014984,C002388,5,3
RV0039614,O0039635,C004871,4,3
RV0027807,O0027820,C004984,3,4
RV0002022,O0002023,C000766,3,3
RV0042059,O0042081,C004753,4,3
RV0014459,O0014467,C002072,3,5
RV0043158,O0043182,C004955,4,4
RV0024744,O0024754,C002201,4,3
RV0016404,O0016412,C001007,4,4
RV0034090,O0034105,C002513,5,3
RV0017023,O0017031,C001189,3,5
RV0024339,O0024349,C002131,4,4
RV0015633,O0015641,C001442,3,4
RV0037785,O0037803,C002005,3,4
RV0029930,O0029943,C000555,5,3
RV0049673,O0049703,C003555,5,5
RV0013259,O0013266,C001932,4,5
RV0001928,O0001929,C001470,5,5
RV0024764,O0024774,C001597,4,4
RV0037063,O0037081,C002356,3,5
RV0040639,O0040661,C001702,3,5
RV0028839,O0028852,C004967,3,3
RV0033807,O0033822,C003492,5,4
RV0049266,O0049295,C004928,5,5
RV0019413,O0019423,C004696,5,3
RV0048834,O0048862,C000643,5,5
RV0009026,O0009031,C003860,5,4
RV0041254,O0041276,C004606,3,4
RV0039889,O0039910,C001727,3,5
RV0034078,O0034093,C004458,4,4
RV0024384,O0024394,C003399,3,5
RV0031733,O0031747,C001735,4,3
RV0001661,O0001662,C003082,5,4
RV0028494,O0028507,C003533,5,3
RV0031437,O0031451,C001811,3,5
RV0003734,O0003735,C002174,3,3
RV0012347,O0012354,C001313,5,3
RV0036837,O0036855,C000714,5,4
RV0034035,O0034050,C004238,4,5
RV0002549,O0002550,C003333,4,3
RV0012573,O0012580,C004415,3,3
RV0036399,O0036417,C001646,4,3
RV0004104,O0004105,C001754,5,5
RV0005068,O0005070,C003118,3,3
RV0013655,O0013662,C004053,5,5
RV0013702,O0013709,C001790,3,3
RV0016344,O0016352,C002473,5,3
RV0009146,O0009151,C003233,3,4
RV0014763,O0014771,C002029,3,4
RV0036425,O0036443,C001170,4,4
RV0025170,O0025180,C000564,4,3
RV0021724,O0021734,C004096,4,5
RV0012364,O0012371,C004170,4,3
RV0034205,O0034220,C004263,4,3
RV0004981,O0004983,C004471,3,5
RV0041182,O0041204,C001025,5,5
RV0027064,O0027076,C000662,3,4
RV0047948,O0047976,C001157,5,5
RV0029080,O0029093,C002661,3,5
RV0040138,O0040159,C004617,5,3
RV0014474,O0014482,C004305,4,4
RV0049007,O0049035,C003534,5,4
RV0002305,O0002306,C004292,4,3
RV0044397,O0044421,C001337,4,3
RV0015246,O0015254,C003482,5,4
RV0026830,O0026841,C002149,5,3
RV0015845,O0015853,C003410,5,3
RV0033046,O0033061,C002326,4,4
RV0006994,O0006997,C004905,3,4
RV0004785,O0004787,C004638,3,5
RV0033606,O0033621,C003646,3,3
RV0027087,O0027099,C001004,4,5
RV0018339,O0018349,C003948,5,4
RV0022012,O0022022,C004722,5,4
RV0036987,O0037005,C001625,4,4
RV0016266,O0016274,C004493,5,4
RV0009192,O0009197,C003570,4,3
RV0041262,O0041284,C001692,5,5
RV0008224,O0008229,C001487,4,4
RV0006573,O0006576,C003730,3,4
RV0034471,O0034487,C003811,4,3
RV0006178,O0006180,C003363,5,5
RV0000584,O0000585,C001418,4,3
RV0023598,O0023608,C001699,4,4
RV0005326,O0005328,C000371,3,4
RV0012440,O0012447,C003263,4,3
RV0033419,O0033434,C000308,5,4
RV0047338,O0047366,C000924,5,4
RV0011450,O0011456,C003943,5,3
RV0026980,O0026991,C003312,4,4
RV0030525,O0030538,C003074,5,4
RV0037600,O0037618,C001836,5,3
RV0023628,O0023638,C001797,4,3
RV0000423,O0000424,C003650,5,3
RV0027642,O0027655,C004767,5,3
RV0026302,O0026312,C000880,5,5
RV0040539,O0040561,C001614,3,4
RV0026603,O0026614,C002319,4,5
RV0008570,O0008575,C002470,4,3
RV0012524,O0012531,C000680,5,4
RV0042945,O0042968,C003864,4,4
RV0042159,O0042181,C004972,5,3
RV0041338,O0041360,C003249,5,3
RV0005747,O0005749,C002913,5,4
RV0004741,O0004743,C000281,3,4
RV0034718,O0034734,C002420,3,5
RV0018955,O0018965,C004847,5,4
RV0021802,O0021812,C001874,5,5
RV0013179,O0013186,C003224,4,4
RV0000250,O0000251,C002434,3,4
RV0044722,O0044747,C001091,3,3
RV0046888,O0046915,C003293,4,5
RV0006418,O0006421,C003741,4,4
RV0015597,O0015605,C004696,4,4
RV0028888,O0028901,C002607,4,4
RV0019293,O0019303,C001961,4,4
RV0018865,O0018875,C003615,4,4
RV0028860,O0028873,C002649,3,4
RV0039204,O0039224,C003239,3,3
RV0000038,O0000039,C003967,4,3
RV0030321,O0030334,C002355,4,4
RV0002692,O0002693,C003970,4,4
RV0018191,O0018201,C004201,4,4
RV0035957,O0035974,C002460,4,5
RV0002255,O0002256,C002675,4,3
RV0025545,O0025555,C002281,4,5
RV0039432,O0039453,C004269,3,5
RV0021257,O0021267,C004816,5,3
RV0011535,O0011541,C004333,4,5
RV0031306,O0031320,C002029,3,3
RV0038806,O0038825,C001998,3,5
RV0049552,O0049582,C000109,4,4
RV0020321,O0020331,C000869,5,3
RV0024751,O0024761,C001687,4,4
RV0020790,O0020800,C003305,4,3
RV0041041,O0041063,C004266,3,3
RV0049591,O0049621,C002073,5,4
RV0042349,O0042371,C003577,4,4
RV0028279,O0028292,C002756,3,4
RV0048085,O0048113,C004517,5,5
RV0040366,O0040387,C001248,4,5
RV0000505,O0000506,C003505,5,3
RV0027319,O0027332,C001308,3,5
RV0036652,O0036670,C004814,4,4
RV0001100,O0001101,C004351,3,3
RV0008492,O0008497,C004431,4,5
RV0048774,O0048802,C002785,3,5
RV0008895,O0008900,C004761,3,4
RV0014504,O0014512,C001182,5,4
RV0017817,O0017826,C002057,4,3
RV0030375,O0030388,C000343,3,5
RV0020768,O0020778,C004474,4,5
RV0033847,O0033862,C003502,3,3
RV0001608,O0001609,C002503,4,5
RV0039559,O0039580,C002263,4,5
RV0032350,O0032365,C002774,5,5
RV0026889,O0026900,C003782,4,3
RV0019265,O0019275,C002323,3,5
RV0020839,O0020849,C000934,5,3
RV0048225,O0048253,C001364,3,3
RV0005382,O0005384,C001236,5,4
RV0046432,O0046459,C004029,5,3
RV0013069,O0013076,C001469,4,4
RV0033569,O0033584,C000172,5,3
RV0044058,O0044082,C000013,3,4
RV0010945,O0010951,C004728,4,3
RV0049373,O0049403,C004839,4,4
RV0006995,O0006998,C003826,3,4
RV0024913,O0024923,C002733,3,5
RV0043862,O0043886,C002224,4,4
RV0014006,O0014014,C002018,4,3
RV0006431,O0006434,C000817,3,4
RV0014092,O0014100,C003514,5,4
RV0028908,O0028921,C003888,5,5
RV0005925,O0005927,C000631,3,5
RV0016817,O0016825,C002947,4,4
RV0023719,O0023729,C002461,3,5
RV0034945,O0034961,C001180,5,5
RV0014831,O0014839,C001452,4,4
RV0001430,O0001431,C001078,3,5
RV0041070,O0041092,C001585,3,5
RV0008200,O0008205,C001641,4,4
RV0025922,O0025932,C004905,4,5
RV0030360,O0030373,C001198,5,5
RV0047968,O0047996,C003711,3,3
RV0000621,O0000622,C004104,3,3
RV0025404,O0025414,C004746,4,5
RV0016718,O0016726,C003403,4,3
RV0033259,O0033274,C003990,5,4
RV0030521,O0030534,C001436,5,3
RV0045390,O0045415,C003486,4,5
RV0038924,O0038943,C001591,3,4
RV0029628,O0029641,C002909,5,4
RV0007237,O0007240,C000504,4,5
RV0015079,O0015087,C001978,3,5
RV0025419,O0025429,C000479,5,3
RV0044270,O0044294,C004619,3,4
RV0023677,O0023687,C004229,4,5
RV0018272,O0018282,C001370,5,4
RV0023812,O0023822,C002596,4,3
RV0000748,O0000749,C001418,4,3
RV0042653,O0042676,C001744,4,5
RV0000217,O0000218,C003234,3,4
RV0019236,O0019246,C003876,3,3
RV0026752,O0026763,C003187,4,3
RV0045285,O0045310,C002651,5,4
RV0036434,O0036452,C003469,3,4
RV0024784,O0024794,C000532,5,4
RV0014554,O0014562,C003177,3,4
RV0026729,O0026740,C002391,5,4
RV0015800,O0015808,C002347,3,5
RV0028252,O0028265,C000763,5,4
RV0033647,O0033662,C000885,4,4
RV0032918,O0032933,C001787,4,4
RV0022201,O0022211,C001538,4,4
RV0046929,O0046956,C001001,3,4
RV0037604,O0037622,C001586,4,5
RV0011224,O0011230,C001472,4,4
RV0025487,O0025497,C003043,3,3
RV0035299,O0035315,C000188,3,5
RV0019486,O0019496,C000553,3,3
RV0012472,O0012479,C002893,4,4
RV0038618,O0038637,C002569,5,4
RV0015382,O0015390,C002274,5,4
RV0009381,O0009386,C004220,4,5
RV0002943,O0002944,C003802,4,4
RV0015381,O0015389,C001975,5,5
RV0002616,O0002617,C001039,3,5
RV0034107,O0034122,C004853,3,3
RV0037042,O0037060,C004522,5,4
RV0014478,O0014486,C000415,3,4
RV0027373,O0027386,C002913,5,4
RV0049065,O0049093,C003136,4,5
RV0048973,O0049001,C004722,5,5
RV0040393,O0040414,C000891,4,3
RV0045334,O0045359,C004074,5,4
RV0044751,O0044776,C001832,4,3
RV0005923,O0005925,C002655,3,5
RV0001859,O0001860,C000221,3,3
RV0045502,O0045527,C003902,3,5
RV0013352,O0013359,C000320,5,3
RV0012144,O0012151,C000850,4,5
RV0045417,O0045442,C001884,3,5
RV0023436,O0023446,C004024,3,5
RV0038058,O0038076,C002483,5,5
RV0006536,O0006539,C002559,4,4
RV0041745,O0041767,C002247,5,3
RV0012457,O0012464,C002284,5,3
RV0046312,O0046339,C004262,4,5
RV0048752,O0048780,C003260,4,4
RV0020399,O0020409,C001217,4,4
RV0005697,O0005699,C000118,4,4
RV0039975,O0039996,C004133,4,5
RV0009312,O0009317,C001768,3,5
RV0021165,O0021175,C002437,5,3
RV0030574,O0030587,C000041,3,4
RV0043099,O0043123,C003009,3,4
RV0004152,O0004153,C001640,5,3
RV0025286,O0025296,C000193,3,3
RV0019979,O0019989,C000298,4,5
RV0022261,O0022271,C003454,4,3
RV0014350,O0014358,C001022,4,5
RV0027736,O0027749,C001720,4,4
RV0002603,O0002604,C002296,3,5
RV0029169,O0029182,C000740,4,4
RV0014858,O0014866,C003517,5,3
RV0009084,O0009089,C003764,4,3
RV0021893,O0021903,C001936,5,4
RV0030718,O0030731,C003168,5,4
RV0035034,O0035050,C000776,4,5
RV0033376,O0033391,C002563,5,3
RV0022872,O0022882,C000534,4,5
RV0025265,O0025275,C002230,4,3
RV0042327,O0042349,C003504,5,3
RV0021647,O0021657,C001409,3,3
RV0038307,O0038325,C000022,5,5
RV0049659,O0049689,C003712,3,5
RV0026678,O0026689,C003107,5,3
RV0032203,O0032218,C004367,3,4
RV0001850,O0001851,C001226,5,3
RV0003799,O0003800,C001704,4,5
RV0022624,O0022634,C000870,4,4
RV0017324,O0017333,C000523,4,3
RV0035308,O0035324,C002048,4,3
RV0037580,O0037598,C001676,4,3
RV0047984,O0048012,C004596,3,3
RV0015724,O0015732,C004743,5,5
RV0049520,O0049550,C000903,3,4
RV0028744,O0028757,C003953,4,3
RV0039872,O0039893,C002406,3,5
RV0027300,O0027313,C003242,3,3
RV0007401,O0007405,C000482,3,3
RV0039227,O0039247,C004186,5,4
RV0039647,O0039668,C002070,5,5
RV0017915,O0017925,C004796,5,4
RV0023210,O0023220,C002884,3,4
RV0040514,O0040536,C000216,5,3
RV0031049,O0031063,C004025,5,4
RV0046840,O0046867,C003349,4,4
RV0028762,O0028775,C002689,4,4
RV0046248,O0046275,C004718,3,3
RV0048757,O0048785,C002961,4,3
RV0015486,O0015494,C004347,4,4
RV0021212,O0021222,C000328,4,3
RV0021744,O0021754,C003220,4,4
RV0025127,O0025137,C002661,4,4
RV0034616,O0034632,C001509,4,3
RV0009911,O0009916,C004247,5,4
RV0029941,O0029954,C003179,3,5
RV0010734,O0010739,C004993,3,4
RV0025384,O0025394,C001137,4,3
RV0023257,O0023267,C001673,4,3
RV0015334,O0015342,C003346,5,4
RV0026192,O0026202,C004362,3,4
RV0010016,O0010021,C001862,3,4
RV0021926,O0021936,C001834,3,3
RV0019334,O0019344,C002070,4,4
RV0034978,O0034994,C002622,3,3
RV0029676,O0029689,C000918,5,4
RV0046221,O0046247,C003741,4,5
RV0027062,O0027074,C001706,3,5
RV0031215,O0031229,C003519,5,5
RV0010263,O0010268,C001797,5,4
RV0021920,O0021930,C004072,5,3
RV0048625,O0048653,C004750,4,5
RV0029859,O0029872,C002743,4,5
RV0008473,O0008478,C004684,5,4
RV0021549,O0021559,C002318,4,3
RV0011499,O0011505,C004061,5,5
RV0034483,O0034499,C002235,4,4
RV0017721,O0017730,C004943,3,4
RV0040318,O0040339,C001550,5,4
RV0043329,O0043353,C000474,5,4
RV0006196,O0006198,C004334,3,3
RV0036476,O0036494,C004740,4,5
RV0008451,O0008456,C003452,3,3
RV0026896,O0026907,C000567,5,3
RV0030748,O0030762,C003758,3,3
RV0035700,O0035716,C004522,4,4
RV0019429,O0019439,C003330,4,5
RV0007340,O0007343,C002023,4,3
RV0048082,O0048110,C000802,5,5
RV0030012,O0030025,C002939,4,5
RV0029675,O0029688,C003731,4,3
RV0001227,O0001228,C004374,3,5
RV0042187,O0042209,C003875,5,4
RV0047092,O0047119,C001833,4,3
RV0048898,O0048926,C001134,5,5
RV0026428,O0026438,C003989,3,3
RV0032420,O0032435,C003261,3,3
RV0038047,O0038065,C003357,4,5
RV0044671,O0044696,C001384,5,3
RV0005080,O0005082,C001279,5,4
RV0001183,O0001184,C004076,3,4
RV0010365,O0010370,C004012,4,5
RV0000279,O0000280,C004910,3,5
RV0019530,O0019540,C002033,5,3
RV0017581,O0017590,C003565,3,4
RV0016752,O0016760,C000411,5,3
RV0021564,O0021574,C001874,5,3
RV0038964,O0038983,C003216,5,3
RV0036271,O0036289,C003156,4,3
RV0041163,O0041185,C004969,3,3
RV0043763,O0043787,C004165,4,3
RV0028532,O0028545,C000118,3,5
RV0002830,O0002831,C002842,3,3
RV0016357,O0016365,C001435,3,3
RV0002034,O0002035,C001840,5,3
RV0035254,O0035270,C003825,4,5
RV0044536,O0044561,C004058,5,4
RV0031963,O0031978,C000109,4,4
RV0002326,O0002327,C004875,4,4
RV0046211,O0046237,C003965,4,3
RV0003693,O0003694,C001963,3,4
RV0001400,O0001401,C001998,3,3
RV0026288,O0026298,C000418,5,3
RV0017012,O0017020,C002984,3,5
RV0042217,O0042239,C004662,4,4
RV0003916,O0003917,C004915,4,5
RV0007258,O0007261,C001008,3,3
RV0010689,O0010694,C002014,4,5
RV0016739,O0016747,C002298,4,5
RV0034733,O0034749,C003691,4,4
RV0041772,O0041794,C004637,3,5
RV0002730,O0002731,C002765,5,5
RV0044457,O0044481,C000341,3,3
RV0005411,O0005413,C003568,4,5
RV0003640,O0003641,C001016,5,3
RV0037096,O0037114,C001801,4,3
RV0049601,O0049631,C001070,5,4
RV0009889,O0009894,C000694,5,3
RV0016437,O0016445,C000278,4,4
RV0004277,O0004278,C004076,3,4
RV0041630,O0041652,C002512,3,4
RV0041263,O0041285,C000431,3,3
RV0041929,O0041951,C004852,4,4
RV0031263,O0031277,C004028,5,3
RV0006311,O0006313,C002487,4,4
RV0026794,O0026805,C004076,3,4
RV0049100,O0049129,C000239,3,4
RV0028720,O0028733,C004075,5,5
RV0041506,O0041528,C002587,5,5
RV0011178,O0011184,C003728,4,5
RV0041661,O0041683,C001333,5,5
RV0019217,O0019227,C001334,3,5
RV0002181,O0002182,C001554,5,5
RV0024635,O0024645,C004280,4,3
RV0043829,O0043853,C000588,3,3
RV0031519,O0031533,C003738,4,4
RV0017624,O0017633,C000776,3,4
RV0007667,O0007671,C004182,5,3
RV0031573,O0031587,C000840,3,4
RV0013172,O0013179,C004577,4,4
RV0025303,O0025313,C003892,5,3
RV0036849,O0036867,C001636,4,3
RV0001165,O0001166,C002477,5,5
RV0038681,O0038700,C002951,3,5
RV0031646,O0031660,C003541,3,5
RV0004157,O0004158,C000573,3,5
RV0018714,O0018724,C004423,3,3
RV0020392,O0020402,C003729,3,5
RV0041524,O0041546,C000735,4,4
RV0034745,O0034761,C003255,5,5
RV0001952,O0001953,C003511,4,5
RV0028033,O0028046,C003146,5,4
RV0043455,O0043479,C001128,3,5
RV0017887,O0017897,C002981,5,5
RV0043213,O0043237,C001208,3,4
RV0024420,O0024430,C002863,4,4
RV0028187,O0028200,C004290,4,4
RV0039681,O0039702,C001950,4,3
RV0006631,O0006634,C001195,3,5
RV0006390,O0006393,C002280,4,3
RV0006650,O0006653,C002614,5,5
RV0012528,O0012535,C003863,3,3
RV0034182,O0034197,C000627,3,4
RV0029999,O0030012,C003519,3,3
RV0008478,O0008483,C001109,5,5
RV0031542,O0031556,C003592,4,5
RV0010565,O0010570,C003219,5,3
RV0036031,O0036049,C003451,5,5
RV0030590,O0030603,C002520,3,4
RV0021419,O0021429,C001686,4,4
RV0048652,O0048680,C000786,3,5
RV0026625,O0026636,C004419,3,3
RV0019618,O0019628,C004617,5,5
RV0021532,O0021542,C001315,4,4
RV0027145,O0027157,C001283,4,3
RV0026244,O0026254,C002554,3,5
RV0022288,O0022298,C004015,5,4
RV0043477,O0043501,C001930,4,5
RV0033871,O0033886,C000027,3,4
RV0016171,O0016179,C002457,4,3
RV0014673,O0014681,C003721,5,4
RV0036692,O0036710,C001120,3,5
RV0036190,O0036208,C001771,5,5
RV0029278,O0029291,C004600,4,3
RV0042549,O0042572,C000070,3,4
RV0042190,O0042212,C001402,3,4
RV0043168,O0043192,C003382,3,5
RV0003105,O0003106,C002623,5,4
RV0008322,O0008327,C001291,5,3
RV0030947,O0030961,C001202,5,5
RV0017987,O0017997,C004368,4,3
RV0046921,O0046948,C002724,5,4
RV0036247,O0036265,C004790,4,3
RV0049034,O0049062,C000780,4,5
RV0019006,O0019016,C000197,5,3
RV0030801,O0030815,C003673,5,4
RV0002331,O0002332,C001157,4,5
RV0016732,O0016740,C000418,4,5
RV0024501,O0024511,C000679,4,4
RV0046420,O0046447,C004474,5,4
RV0000579,O0000580,C000346,4,3
RV0012971,O0012978,C002788,3,5
RV0013747,O0013754,C000540,5,5
RV0023146,O0023156,C002823,5,5
RV0036477,O0036495,C002677,3,4
RV0010311,O0010316,C001558,5,5
RV0037428,O0037446,C001802,5,3
RV0034857,O0034873,C004761,4,3
RV0027722,O0027735,C000178,3,5
RV0021674,O0021684,C004706,5,5
RV0036274,O0036292,C004244,4,5
RV0027152,O0027164,C002923,4,5
RV0024065,O0024075,C002170,5,4
RV0011597,O0011603,C002087,5,3
RV0005994,O0005996,C004425,5,3
RV0021035,O0021045,C000921,4,3
RV0022312,O0022322,C003114,5,3
RV0031900,O0031915,C001376,3,3
RV0001317,O0001318,C001137,5,5
RV0006809,O0006812,C004715,3,3
RV0013653,O0013660,C000683,5,4
RV0044205,O0044229,C000865,4,5
RV0026662,O0026673,C003081,4,4
RV0044657,O0044682,C004528,4,3
RV0048393,O0048421,C002570,4,4
RV0045131,O0045156,C004856,3,5
RV0034908,O0034924,C001066,5,3
RV0023030,O0023040,C003446,5,5
RV0029322,O0029335,C002807,4,4
RV0044462,O0044486,C001568,5,4
RV0018747,O0018757,C002933,3,3
RV0016696,O0016704,C002758,3,4
RV0026374,O0026384,C001097,5,4
RV0010530,O0010535,C002885,4,4
RV0012030,O0012037,C004551,3,4
RV0038182,O0038200,C002396,4,5
RV0047496,O0047524,C003424,3,5
RV0034043,O0034058,C002523,5,3
RV0017819,O0017828,C004120,5,4
RV0004180,O0004181,C002781,4,5
RV0025847,O0025857,C003987,4,3
RV0031234,O0031248,C000288,3,4
RV0048322,O0048350,C002463,3,5
RV0046392,O0046419,C002663,3,4
RV0021166,O0021176,C003386,5,4
RV0037538,O0037556,C004627,3,4
RV0045301,O0045326,C004168,4,5
RV0017802,O0017811,C002596,3,3
RV0026137,O0026147,C000443,5,3
RV0017149,O0017157,C004752,4,5
RV0004422,O0004423,C004649,4,3
RV0049627,O0049657,C001415,5,3
RV0011436,O0011442,C000443,4,4
RV0025840,O0025850,C000654,3,3
RV0049351,O0049381,C002298,5,3
RV0011660,O0011666,C002224,3,5
RV0011487,O0011493,C000287,3,4
RV0036898,O0036916,C000799,4,4
RV0043583,O0043607,C002949,4,5
RV0037518,O0037536,C004067,3,4
RV0032446,O0032461,C004528,4,3
RV0002150,O0002151,C003255,4,3
RV0048695,O0048723,C004816,5,3
RV0034739,O0034755,C004411,3,5
RV0009592,O0009597,C002538,5,3
RV0023006,O0023016,C000588,5,5
RV0021835,O0021845,C000061,3,5
RV0042626,O0042649,C003033,3,3
RV0003843,O0003844,C002494,3,4
RV0012680,O0012687,C003313,4,5
RV0032027,O0032042,C001589,3,5
RV0001271,O0001272,C002627,5,5
RV0026185,O0026195,C003576,5,5
RV0020283,O0020293,C002728,3,5
RV0013396,O0013403,C000656,4,4
RV0002069,O0002070,C001094,3,5
RV0040079,O0040100,C002541,5,5
RV0032932,O0032947,C004561,5,4
RV0027363,O0027376,C002630,4,3
RV0005875,O0005877,C001284,3,3
RV0029755,O0029768,C002730,3,3
RV0045995,O0046021,C001110,4,5
RV0015971,O0015979,C000189,5,3
RV0014658,O0014666,C000318,4,3
RV0038371,O0038389,C002013,5,5
RV0040449,O0040471,C001626,4,5
RV0005115,O0005117,C000772,4,4
RV0029864,O0029877,C000488,4,5
RV0033995,O0034010,C003823,5,3
RV0010817,O0010823,C001295,3,3
RV0002731,O0002732,C000400,4,3
RV0008546,O0008551,C004357,5,5
RV0005541,O0005543,C003311,5,5
RV0031083,O0031097,C000132,4,5
RV0013847,O0013854,C000677,3,4
RV0047267,O0047295,C000381,4,4
RV0042113,O0042135,C004798,5,4
RV0024324,O0024334,C002848,4,3
RV0036628,O0036646,C002053,4,5
RV0031363,O0031377,C001088,3,4
RV0012498,O0012505,C002222,5,3
RV0028118,O0028131,C003983,4,3
RV0037024,O0037042,C003889,4,3
RV0025330,O0025340,C003764,3,5
RV0031801,O0031815,C000858,5,3
RV0001503,O0001504,C004693,5,4
RV0015158,O0015166,C002950,4,5
RV0037205,O0037223,C001622,5,3
RV0000902,O0000903,C004933,3,5
RV0037495,O0037513,C002659,5,5
RV0021824,O0021834,C003148,3,3
RV0037434,O0037452,C003206,3,5
RV0024823,O0024833,C000868,5,3
RV0035706,O0035722,C000229,3,3
RV0026893,O0026904,C002953,3,4
RV0000647,O0000648,C002160,5,5
RV0012000,O0012007,C004658,5,4
RV0025927,O0025937,C001560,5,5
RV0009506,O0009511,C003548,4,4
RV0020442,O0020452,C000408,4,5
RV0040628,O0040650,C002983,4,4
RV0047413,O0047441,C000931,4,3
RV0043492,O0043516,C001328,5,3
RV0028636,O0028649,C000869,3,3
RV0048541,O0048569,C001262,5,5
RV0048470,O0048498,C000142,3,3
RV0016780,O0016788,C002139,4,3
RV0032518,O0032533,C000750,4,4
RV0045981,O0046007,C003995,4,4
RV0009118,O0009123,C002709,3,3
RV0030817,O0030831,C000950,4,5
RV0048352,O0048380,C001698,4,3
RV0025015,O0025025,C002910,5,3
RV0030339,O0030352,C004878,3,5
RV0002544,O0002545,C002494,3,3
RV0006839,O0006842,C001681,3,3
RV0005855,O0005857,C004223,4,5
RV0047919,O0047947,C001924,3,5
RV0028813,O0028826,C001941,5,3
RV0045514,O0045539,C002799,5,3
RV0043686,O0043710,C000196,3,4
RV0046537,O0046564,C002880,4,3
RV0013656,O0013663,C001000,3,4
RV0039046,O0039065,C002574,5,5
RV0011619,O0011625,C001146,3,5
RV0014449,O0014457,C001006,5,3
RV0026585,O0026596,C004494,3,5
RV0010587,O0010592,C001192,4,3
RV0006415,O0006418,C000742,5,5
RV0048105,O0048133,C000396,5,5
RV0016948,O0016956,C004136,5,3
RV0010907,O0010913,C002793,4,5
RV0000171,O0000172,C001690,5,3
RV0023181,O0023191,C000147,3,5
RV0007284,O0007287,C004683,3,3
RV0014701,O0014709,C001817,5,5
RV0048525,O0048553,C000738,3,3
RV0021496,O0021506,C001428,3,5
RV0026552,O0026563,C000049,5,4
RV0009798,O0009803,C004538,4,3
RV0044390,O0044414,C004985,4,5
RV0045477,O0045502,C003865,5,3
RV0026772,O0026783,C003320,5,3
RV0009194,O0009199,C004026,5,5
RV0032623,O0032638,C002805,4,3
RV0035566,O0035582,C004807,3,3
RV0013084,O0013091,C001378,3,3
RV0039270,O0039290,C000389,3,3
RV0048864,O0048892,C001307,3,5
RV0012796,O0012803,C002609,3,3
RV0042949,O0042972,C004889,5,3
RV0043659,O0043683,C003967,3,5
RV0015747,O0015755,C002169,5,5
RV0008368,O0008373,C002201,5,4
RV0002680,O0002681,C003619,3,4
RV0024347,O0024357,C003748,5,5
RV0032271,O0032286,C004878,4,5
RV0042554,O0042577,C004147,3,4
RV0044264,O0044288,C000262,5,4
RV0019066,O0019076,C002204,4,5
RV0025067,O0025077,C004975,3,4
RV0042272,O0042294,C003092,3,5
RV0038710,O0038729,C002488,5,3
RV0000317,O0000318,C004957,4,4
RV0020212,O0020222,C001938,5,5
RV0037974,O0037992,C000788,3,5
RV0022924,O0022934,C003973,4,4
RV0048741,O0048769,C004251,4,5
RV0023208,O0023218,C002133,5,3
RV0004896,O0004898,C000723,3,5
RV0004564,O0004565,C004884,5,5
RV0041654,O0041676,C004771,3,5
RV0018894,O0018904,C003475,5,4
RV0041030,O0041052,C003512,3,5
RV0012395,O0012402,C002064,4,4
RV0035410,O0035426,C002197,3,3
RV0005718,O0005720,C002535,4,4
RV0036149,O0036167,C003124,3,4
RV0035339,O0035355,C000455,4,3
RV0049145,O0049174,C001854,5,4
RV0049445,O0049475,C003632,3,3
RV0001912,O0001913,C000317,5,4
RV0037911,O0037929,C004638,3,5
RV0020540,O0020550,C003455,4,4
RV0016250,O0016258,C000937,3,5
RV0033415,O0033430,C004384,5,5
RV0023893,O0023903,C003330,4,4
RV0005205,O0005207,C002187,5,3
RV0045628,O0045653,C003788,3,4
RV0012640,O0012647,C003212,4,3
RV0040922,O0040944,C000036,3,5
RV0015431,O0015439,C001118,3,4
RV0025949,O0025959,C000673,5,4
RV0044697,O0044722,C000794,5,4
RV0014384,O0014392,C002082,4,5
RV0030689,O0030702,C004377,4,5
RV0039505,O0039526,C001916,3,4
RV0027074,O0027086,C002640,4,5
RV0045531,O0045556,C001814,4,3
RV0036201,O0036219,C000481,3,4
RV0013267,O0013274,C003454,5,3
RV0040346,O0040367,C000489,3,3
RV0048183,O0048211,C001578,5,5
RV0040903,O0040925,C001559,5,3
RV0034544,O0034560,C003714,5,4
RV0026242,O0026252,C004088,4,5
RV0001681,O0001682,C004420,3,5
RV0035951,O0035968,C001329,4,5
RV0034817,O0034833,C000613,4,5
RV0035462,O0035478,C001655,4,4
RV0041224,O0041246,C001935,4,4
RV0016904,O0016912,C002544,3,4
RV0012123,O0012130,C002834,4,3
RV0012037,O0012044,C002815,3,5
RV0033326,O0033341,C003965,4,4
RV0046519,O0046546,C002302,3,3
RV0009656,O0009661,C001857,3,3
RV0044831,O0044856,C002791,4,5
RV0044484,O0044508,C003617,5,5
RV0039582,O0039603,C000311,3,5
RV0009064,O0009069,C004706,5,4
RV0000521,O0000522,C000249,5,3
RV0026314,O0026324,C003617,3,5
RV0019819,O0019829,C003737,3,4
RV0044709,O0044734,C000428,5,4
RV0005657,O0005659,C003046,4,3
RV0030136,O0030149,C002476,3,5
RV0046125,O0046151,C004501,5,5
RV0013151,O0013158,C001063,4,5
RV0000734,O0000735,C004940,5,5
RV0004241,O0004242,C001146,3,3
RV0016451,O0016459,C004814,3,4
RV0026030,O0026040,C003278,3,5
RV0026174,O0026184,C003818,3,5
RV0015006,O0015014,C001745,3,5
RV0012005,O0012012,C000592,5,4
RV0023597,O0023607,C000157,3,4
RV0008358,O0008363,C001910,3,3
RV0046635,O0046662,C004277,4,3
RV0013420,O0013427,C001716,4,3
RV0015981,O0015989,C004686,5,4
RV0032186,O0032201,C004253,5,4
RV0016930,O0016938,C001514,3,5
RV0033603,O0033618,C000022,5,4
RV0020949,O0020959,C004428,3,4
RV0038512,O0038531,C000965,4,5
RV0042588,O0042611,C001762,3,4
RV0018663,O0018673,C001604,3,3
RV0029957,O0029970,C004907,3,4
RV0033341,O0033356,C000407,5,5
RV0000040,O0000041,C001182,3,4
RV0003029,O0003030,C003600,4,4
RV0017486,O0017495,C002789,4,4
RV0020065,O0020075,C003202,3,5
RV0042925,O0042948,C000263,5,4
RV0048336,O0048364,C001581,5,5
RV0042283,O0042305,C001393,4,3
RV0029585,O0029598,C004015,5,3
RV0026852,O0026863,C003758,5,4
RV0007895,O0007900,C004238,4,3
RV0044133,O0044157,C002148,5,3
RV0021362,O0021372,C000539,5,4
RV0020082,O0020092,C001036,5,5
RV0030662,O0030675,C003034,5,3
RV0043622,O0043646,C004788,3,3
RV0022438,O0022448,C004285,5,4
RV0040181,O0040202,C004361,4,3
RV0015516,O0015524,C004416,5,5
RV0003946,O0003947,C000968,5,3
RV0015618,O0015626,C003197,4,3
RV0009273,O0009278,C002894,3,3
RV0014165,O0014173,C001986,5,4
RV0014528,O0014536,C001777,5,3
RV0029614,O0029627,C000630,5,3
RV0014061,O0014069,C003102,4,4
RV0037771,O0037789,C003616,3,4
RV0035091,O0035107,C001568,4,3
RV0018622,O0018632,C003731,3,3
RV0030704,O0030717,C004346,3,3
RV0010075,O0010080,C004720,4,4
RV0045251,O0045276,C001373,4,5
RV0018444,O0018454,C002949,4,3
RV0024988,O0024998,C002065,3,4
RV0001045,O0001046,C002678,4,4
RV0034796,O0034812,C004678,5,4
RV0048304,O0048332,C002606,5,5
RV0049262,O0049291,C000357,5,5
RV0006202,O0006204,C002376,3,4
RV0012371,O0012378,C001522,3,3
RV0039984,O0040005,C002852,4,5
RV0039831,O0039852,C000710,4,4
RV0032541,O0032556,C000152,3,3
RV0010465,O0010470,C000171,3,4
RV0041548,O0041570,C004338,4,3
RV0026263,O0026273,C001360,3,5
RV0006184,O0006186,C000674,5,3
RV0005360,O0005362,C003407,3,3
RV0037302,O0037320,C004662,5,5
RV0010557,O0010562,C004499,4,5
RV0038732,O0038751,C001555,3,4
RV0004503,O0004504,C001589,3,4
RV0002362,O0002363,C002577,5,4
RV0049299,O0049328,C004007,4,4
RV0008537,O0008542,C003330,3,4
RV0042305,O0042327,C001751,5,3
RV0029821,O0029834,C004151,3,4
RV0013124,O0013131,C003149,5,5
RV0011416,O0011422,C003786,3,5
RV0043932,O0043956,C004292,4,4
RV0013154,O0013161,C002562,5,5
RV0018988,O0018998,C003226,5,5
RV0018750,O0018760,C003989,5,4
RV0031247,O0031261,C000459,5,5
RV0040767,O0040789,C000058,5,4
RV0043728,O0043752,C004439,4,5
RV0002817,O0002818,C000756,4,4
RV0015423,O0015431,C001935,4,3
RV0012946,O0012953,C000392,3,4
RV0046832,O0046859,C002510,5,3
RV0014856,O0014864,C001827,4,4
RV0022781,O0022791,C002505,4,5
RV0020084,O0020094,C000796,5,3
RV0003900,O0003901,C000163,5,4
RV0033739,O0033754,C001141,3,5
RV0015970,O0015978,C000400,3,3
RV0043767,O0043791,C001415,5,4
RV0025716,O0025726,C001431,3,4
RV0020062,O0020072,C001046,4,3
RV0018044,O0018054,C005000,5,3
RV0006927,O0006930,C001420,3,4
RV0028773,O0028786,C002995,4,4
RV0027054,O0027066,C004332,3,3
RV0000070,O0000071,C004880,3,5
RV0002965,O0002966,C000911,5,5
RV0009055,O0009060,C001752,3,3
RV0012435,O0012442,C002374,3,4
RV0009287,O0009292,C002769,4,5
RV0042942,O0042965,C004970,4,4
RV0005139,O0005141,C003520,4,3
RV0040570,O0040592,C003713,3,3
RV0031944,O0031959,C003486,3,4
RV0005342,O0005344,C002469,3,3
RV0019495,O0019505,C004703,5,5
RV0016887,O0016895,C002166,4,5
RV0007155,O0007158,C001182,3,3
RV0012547,O0012554,C001594,3,4
RV0031967,O0031982,C003763,3,5
RV0000409,O0000410,C001551,4,4
RV0029155,O0029168,C002856,3,5
RV0001680,O0001681,C001578,5,5
RV0026768,O0026779,C002635,5,3
RV0001490,O0001491,C004807,5,4
RV0034286,O0034301,C000001,4,5
RV0049667,O0049697,C001788,3,5
RV0022389,O0022399,C004476,4,5
RV0038461,O0038480,C002248,5,4
RV0019461,O0019471,C000524,4,5
RV0042985,O0043009,C003724,5,5
RV0012512,O0012519,C000901,5,5
RV0029239,O0029252,C000751,3,4
RV0036551,O0036569,C003737,4,5
RV0047821,O0047849,C002917,5,5
RV0030514,O0030527,C003348,3,3
RV0026659,O0026670,C003344,3,3
RV0008960,O0008965,C001206,4,5
RV0021073,O0021083,C000738,3,5
RV0024242,O0024252,C002618,3,4
RV0010289,O0010294,C004093,4,3
RV0004518,O0004519,C002164,4,3
RV0004730,O0004732,C000153,5,5
RV0000214,O0000215,C004667,4,5
RV0048374,O0048402,C004611,3,4
RV0039275,O0039295,C002568,4,4
RV0038427,O0038445,C004416,3,3
RV0008270,O0008275,C001875,5,3
RV0006166,O0006168,C000855,3,3
RV0036722,O0036740,C001022,3,3
RV0022786,O0022796,C004776,4,5
RV0013608,O0013615,C004350,4,4
RV0042522,O0042545,C004515,4,4
RV0015017,O0015025,C000060,4,4
RV0033036,O0033051,C002876,4,4
RV0047879,O0047907,C002533,5,3
RV0048500,O0048528,C002307,5,4
RV0024577,O0024587,C001887,4,5
RV0022249,O0022259,C001414,3,4
RV0023969,O0023979,C002328,3,3
RV0037721,O0037739,C004720,4,4
RV0045140,O0045165,C001131,5,3
RV0005199,O0005201,C000699,4,3
RV0017965,O0017975,C002610,3,3
RV0049879,O0049909,C001696,3,4
RV0003933,O0003934,C004600,4,4
RV0006978,O0006981,C004487,4,5
RV0000989,O0000990,C003007,3,5
RV0045179,O0045204,C002257,3,4
RV0024651,O0024661,C004872,3,4
RV0006267,O0006269,C000412,3,3
RV0035800,O0035816,C000717,4,3
RV0040717,O0040739,C000037,5,4
RV0008239,O0008244,C002086,5,4
RV0009293,O0009298,C000405,5,5
RV0048359,O0048387,C002561,5,4
RV0012496,O0012503,C003362,4,3
RV0041573,O0041595,C002304,3,5
RV0017227,O0017236,C001801,3,5
RV0035958,O0035975,C000155,3,5
RV0012781,O0012788,C002341,5,3
RV0009634,O0009639,C000083,4,5
RV0035429,O0035445,C004093,5,4
RV0008615,O0008620,C001262,3,5
RV0021193,O0021203,C003350,3,3
RV0019316,O0019326,C000234,5,3
RV0026176,O0026186,C004440,5,5
RV0024650,O0024660,C000956,4,4
RV0049183,O0049212,C002190,5,5
RV0020767,O0020777,C000505,4,3
RV0023085,O0023095,C002771,3,4
RV0033563,O0033578,C003422,3,3
RV0004207,O0004208,C001460,5,3
RV0035456,O0035472,C000349,5,5
RV0018173,O0018183,C004710,5,4
RV0048554,O0048582,C004901,5,5
RV0046269,O0046296,C002439,5,3
RV0004419,O0004420,C003656,4,4
RV0033070,O0033085,C000733,5,3
RV0001829,O0001830,C004214,4,3
RV0011753,O0011760,C003177,5,4
RV0009400,O0009405,C004347,5,3
RV0004630,O0004631,C003705,5,5
RV0017141,O0017149,C002211,3,3
RV0022280,O0022290,C002614,5,5
RV0028111,O0028124,C001155,3,4
RV0003818,O0003819,C003414,3,3
RV0016745,O0016753,C000579,5,5
RV0015617,O0015625,C004031,3,3
RV0036883,O0036901,C003696,4,4
RV0026268,O0026278,C004925,5,5
RV0018048,O0018058,C003728,3,4
RV0049056,O0049084,C000370,4,3
RV0049744,O0049774,C004041,3,4
RV0025209,O0025219,C001455,4,3
RV0012505,O0012512,C001129,4,4
RV0047567,O0047595,C003793,5,4
RV0031125,O0031139,C002080,4,3
RV0030305,O0030318,C002045,4,3
RV0042094,O0042116,C001313,5,4
RV0039259,O0039279,C001700,5,3
RV0003462,O0003463,C004966,5,4
RV0048175,O0048203,C001032,5,4
RV0010115,O0010120,C003460,4,3
RV0007217,O0007220,C002460,3,4
RV0026473,O0026484,C004120,5,5
RV0010476,O0010481,C002042,4,4
RV0014982,O0014990,C003452,4,3
RV0005478,O0005480,C001923,3,4
RV0035809,O0035825,C003254,4,4
RV0044753,O0044778,C004267,3,5
RV0020063,O0020073,C000622,5,5
RV0032814,O0032829,C002730,4,4
RV0023558,O0023568,C000328,4,5
RV0008875,O0008880,C002896,5,3
RV0027259,O0027272,C001204,4,4
RV0037325,O0037343,C000248,3,5
RV0024607,O0024617,C001532,4,3
RV0007033,O0007036,C001171,4,3
RV0019174,O0019184,C003568,4,4
RV0022500,O0022510,C000617,5,3
RV0007267,O0007270,C003131,4,5
RV0016106,O0016114,C001032,3,5
RV0025075,O0025085,C004661,4,4
RV0035244,O0035260,C004485,4,3
RV0030310,O0030323,C000423,4,4
RV0031995,O0032010,C000282,5,5
RV0029664,O0029677,C001306,4,3
RV0038148,O0038166,C004696,5,5
RV0043076,O0043100,C002802,4,4
RV0018980,O0018990,C000474,3,3
RV0002907,O0002908,C000712,5,5
RV0022529,O0022539,C001746,4,5
RV0013047,O0013054,C004373,3,5
RV0003482,O0003483,C000861,5,5
RV0005677,O0005679,C001372,5,5
RV0023822,O0023832,C003242,5,5
RV0025506,O0025516,C000164,5,4
RV0009008,O0009013,C004680,3,3
RV0011497,O0011503,C002559,4,3
RV0039361,O0039381,C002555,3,3
RV0045240,O0045265,C000793,3,3
RV0013902,O0013909,C004690,5,5
RV0016421,O0016429,C002376,3,5
RV0035747,O0035763,C004031,5,4
RV0027651,O0027664,C004011,4,3
RV0008919,O0008924,C004912,3,3
RV0019548,O0019558,C000853,5,3
RV0010098,O0010103,C004895,4,4
RV0039622,O0039643,C004026,5,5
RV0027149,O0027161,C002762,3,3
RV0034677,O0034693,C000601,4,5
RV0035819,O0035835,C001539,5,4
RV0002104,O0002105,C000184,3,3
RV0024452,O0024462,C002074,4,4
RV0030331,O0030344,C002188,4,3
RV0027887,O0027900,C002206,3,5
RV0002007,O0002008,C001346,4,5
RV0026652,O0026663,C002317,4,5
RV0023364,O0023374,C003701,5,3
RV0045511,O0045536,C004232,3,5
RV0014700,O0014708,C000186,3,3
RV0007262,O0007265,C004786,5,4
RV0010064,O0010069,C004564,4,5
RV0015277,O0015285,C004372,3,3
RV0026609,O0026620,C003437,3,3
RV0003923,O0003924,C004114,4,3
RV0002344,O0002345,C001046,3,3
RV0010259,O0010264,C001682,5,3
RV0047197,O0047224,C002622,3,3
RV0012724,O0012731,C003542,3,5
RV0025111,O0025121,C003293,5,3
RV0022140,O0022150,C003703,3,5
RV0041179,O0041201,C004693,5,3
RV0040979,O0041001,C004309,4,4
RV0035013,O0035029,C004778,5,4
RV0038269,O0038287,C000229,3,5
RV0035940,O0035957,C002936,4,3
RV0046621,O0046648,C003868,3,5
RV0036590,O0036608,C002170,3,3
RV0038177,O0038195,C003613,4,3
RV0019497,O0019507,C002051,5,4
RV0007064,O0007067,C000137,5,4
RV0006541,O0006544,C000487,4,4
RV0035597,O0035613,C001908,3,5
RV0022685,O0022695,C000118,4,3
RV0038345,O0038363,C002156,4,4
RV0021220,O0021230,C003385,4,4
RV0003861,O0003862,C003184,3,5
RV0030127,O0030140,C003743,5,3
RV0028339,O0028352,C002238,5,5
RV0030039,O0030052,C004201,4,4
RV0006699,O0006702,C003031,4,5
RV0004647,O0004648,C001284,4,3
RV0021581,O0021591,C001761,5,5
RV0009324,O0009329,C004074,4,5
RV0002457,O0002458,C004490,5,4
RV0027927,O0027940,C000472,4,3
RV0032169,O0032184,C000450,3,4
RV0003125,O0003126,C004183,3,3
RV0028870,O0028883,C001472,5,5
RV0020818,O0020828,C004275,4,5
RV0011661,O0011667,C002697,5,4
RV0015982,O0015990,C000416,3,5
RV0049066,O0049094,C000591,4,5
RV0022040,O0022050,C000485,4,3
RV0028244,O0028257,C004313,3,5
RV0002571,O0002572,C002252,3,5
RV0048778,O0048806,C000594,5,4
RV0002286,O0002287,C000511,3,4
RV0031586,O0031600,C004473,4,5
RV0018109,O0018119,C004665,5,5
RV0003609,O0003610,C000895,5,4
RV0004193,O0004194,C000970,4,3
RV0046708,O0046735,C001239,4,4
RV0025565,O0025575,C004191,3,3
RV0016430,O0016438,C001487,3,3
RV0013791,O0013798,C004491,5,5
RV0013290,O0013297,C001997,3,3
RV0007687,O0007691,C003143,3,5
RV0046849,O0046876,C001239,5,3
RV0019347,O0019357,C002326,5,3
RV0000673,O0000674,C002551,3,5
RV0009420,O0009425,C001895,3,4
RV0028601,O0028614,C004644,3,5
RV0034221,O0034236,C003505,5,3
RV0048836,O0048864,C000801,5,5
RV0043140,O0043164,C003463,3,4
RV0049876,O0049906,C001410,5,4
RV0032034,O0032049,C002847,4,5
RV0039916,O0039937,C001583,3,4
RV0048916,O0048944,C003693,4,4
RV0024975,O0024985,C004876,3,4
RV0042015,O0042037,C003924,4,3
RV0016157,O0016165,C004934,4,5
RV0013620,O0013627,C002375,4,5
RV0012986,O0012993,C003311,3,5
RV0028620,O0028633,C001630,3,4
RV0040266,O0040287,C003298,5,5
RV0032644,O0032659,C000180,5,5
RV0044236,O0044260,C002740,5,4
RV0007680,O0007684,C000523,5,4
RV0040795,O0040817,C001473,5,5
RV0035037,O0035053,C000181,5,5
RV0029907,O0029920,C001844,3,3
RV0012285,O0012292,C003662,3,5
RV0012010,O0012017,C004523,5,5
RV0030038,O0030051,C004727,5,3
RV0042160,O0042182,C004022,4,5
RV0003611,O0003612,C000714,5,5
RV0007800,O0007805,C002288,4,5
RV0022204,O0022214,C003777,3,4
RV0002946,O0002947,C000099,4,4
RV0021541,O0021551,C004198,3,3
RV0041911,O0041933,C001481,3,5
RV0029357,O0029370,C004262,3,5
RV0040132,O0040153,C003349,3,5
RV0034002,O0034017,C003971,3,5
RV0020433,O0020443,C003395,5,3
RV0036242,O0036260,C002699,5,5
RV0042407,O0042429,C000345,3,5
RV0040173,O0040194,C003383,5,4
RV0027700,O0027713,C003602,5,3
RV0000007,O0000008,C001364,4,5
RV0026769,O0026780,C004836,4,3
RV0004095,O0004096,C004762,5,4
RV0048668,O0048696,C003093,4,4
RV0028177,O0028190,C000480,3,3
RV0048629,O0048657,C001995,5,3
RV0023658,O0023668,C001247,4,3
RV0008578,O0008583,C002717,4,5
RV0006969,O0006972,C002074,3,4
RV0032820,O0032835,C000282,4,4
RV0022341,O0022351,C002126,3,4
RV0037149,O0037167,C000931,4,4
RV0023540,O0023550,C003337,4,5
RV0013964,O0013972,C003721,4,5
RV0041345,O0041367,C004738,3,3
RV0011489,O0011495,C003652,4,5
RV0013367,O0013374,C002846,5,3
RV0001962,O0001963,C002601,4,3
RV0038592,O0038611,C000320,5,4
RV0035795,O0035811,C004570,5,4
RV0012753,O0012760,C002849,5,5
RV0017964,O0017974,C000042,4,3
RV0001483,O0001484,C003799,4,4
RV0043157,O0043181,C000853,3,4
RV0039888,O0039909,C001446,4,5
RV0016111,O0016119,C002437,4,4
RV0041358,O0041380,C002619,3,5
RV0012630,O0012637,C000314,5,3
RV0035143,O0035159,C000455,4,3
RV0007364,O0007368,C000690,4,5
RV0048807,O0048835,C001437,4,4
RV0005100,O0005102,C000592,5,5
RV0011478,O0011484,C001248,5,3
RV0013254,O0013261,C002782,3,3
RV0012465,O0012472,C000406,4,3
RV0025177,O0025187,C003398,4,4
RV0008786,O0008791,C002475,3,5
RV0020784,O0020794,C002281,3,3
RV0000655,O0000656,C002481,4,3
RV0003118,O0003119,C002039,3,3
RV0032995,O0033010,C003422,3,5
RV0026528,O0026539,C003150,5,4
RV0037601,O0037619,C002709,3,3
RV0003382,O0003383,C002314,3,3
RV0005457,O0005459,C001807,4,4
RV0049403,O0049433,C003597,5,5
RV0002908,O0002909,C004987,5,3
RV0001895,O0001896,C002861,5,4
RV0003488,O0003489,C004017,4,3
RV0011601,O0011607,C001059,3,5
RV0017704,O0017713,C000517,4,3
RV0006747,O0006750,C000353,5,5
RV0022095,O0022105,C003826,5,5
RV0023336,O0023346,C000338,5,5
RV0032079,O0032094,C000409,3,4
RV0047931,O0047959,C002966,5,3
RV0039119,O0039139,C004159,4,4
RV0045320,O0045345,C004117,3,3
RV0022637,O0022647,C004090,4,4
RV0041545,O0041567,C004542,3,5
RV0011594,O0011600,C004257,4,3
RV0033983,O0033998,C004540,3,3
RV0045484,O0045509,C003075,3,5
RV0041982,O0042004,C004338,4,4
RV0049460,O0049490,C004083,3,4
RV0041990,O0042012,C002408,5,5
RV0019545,O0019555,C003779,4,5
RV0002755,O0002756,C003859,3,3
RV0009351,O0009356,C000693,4,3
RV0031526,O0031540,C004213,5,3
RV0047148,O0047175,C000990,5,4
RV0000182,O0000183,C003383,5,5
RV0013486,O0013493,C004194,5,3
RV0024863,O0024873,C000421,4,5
RV0001370,O0001371,C003720,4,5
RV0047742,O0047770,C001849,3,5
RV0045724,O0045749,C003954,3,5
RV0035095,O0035111,C002326,4,4
RV0013160,O0013167,C003560,4,5
RV0047604,O0047632,C004607,3,3
RV0019499,O0019509,C004832,3,5
RV0021126,O0021136,C002399,5,4
RV0027888,O0027901,C001395,3,3
RV0035080,O0035096,C000786,5,4
RV0005688,O0005690,C003899,5,5
RV0009313,O0009318,C003236,4,4
RV0009985,O0009990,C002832,3,3
RV0036254,O0036272,C001604,4,4
RV0000128,O0000129,C002798,5,3
RV0017567,O0017576,C002172,4,5
RV0011834,O0011841,C003747,5,5
RV0005354,O0005356,C002467,3,4
RV0034547,O0034563,C001000,3,4
RV0043628,O0043652,C002696,4,4
RV0022858,O0022868,C003037,3,3
RV0029726,O0029739,C001653,5,3
RV0014710,O0014718,C000216,4,5
RV0020322,O0020332,C004462,5,3
RV0043311,O0043335,C000031,5,3
RV0036934,O0036952,C004902,3,3
RV0038876,O0038895,C001141,4,3
RV0019645,O0019655,C000389,5,3
RV0023751,O0023761,C001257,5,5
RV0016922,O0016930,C002009,5,4
RV0033433,O0033448,C001137,4,4
RV0020737,O0020747,C002987,3,4
RV0012604,O0012611,C000492,3,5
RV0002836,O0002837,C000382,3,5
RV0008592,O0008597,C003022,5,3
RV0017252,O0017261,C004963,4,4
RV0001557,O0001558,C002157,5,4
RV0025374,O0025384,C002505,4,3
RV0016460,O0016468,C004985,5,3
RV0047557,O0047585,C001857,4,3
RV0014579,O0014587,C003319,4,5
RV0000109,O0000110,C000652,3,5
RV0028388,O0028401,C001976,4,5
RV0009936,O0009941,C004341,3,5
RV0023101,O0023111,C003201,5,5
RV0032072,O0032087,C001139,5,4
RV0047840,O0047868,C003994,5,4
RV0000843,O0000844,C001657,4,4
RV0038625,O0038644,C001138,4,5
RV0002601,O0002602,C001190,5,5
RV0025290,O0025300,C002266,4,3
RV0026102,O0026112,C003821,5,3
RV0009520,O0009525,C001632,5,5
RV0049037,O0049065,C003215,5,3
RV0012348,O0012355,C001987,5,3
RV0008383,O0008388,C003651,5,5
RV0022798,O0022808,C002096,4,3
RV0047588,O0047616,C002404,4,5
RV0012024,O0012031,C002156,3,5
RV0013192,O0013199,C002276,5,4
RV0047102,O0047129,C004634,3,5
RV0035142,O0035158,C000831,5,5
RV0023947,O0023957,C001158,3,4
RV0038894,O0038913,C004994,4,4
RV0045027,O0045052,C004235,3,5
RV0041522,O0041544,C003384,3,5
RV0011072,O0011078,C003744,4,4
RV0021861,O0021871,C004433,4,5
RV0010240,O0010245,C003217,4,3
RV0021407,O0021417,C000430,5,5
RV0002495,O0002496,C003273,5,3
RV0009986,O0009991,C001722,5,5
RV0006428,O0006431,C004905,4,5
RV0030374,O0030387,C003037,5,3
RV0017874,O0017884,C001099,5,3
RV0034599,O0034615,C004077,3,3
RV0047261,O0047289,C004180,5,3
RV0042016,O0042038,C003860,5,4
RV0021461,O0021471,C003864,5,5
RV0035779,O0035795,C001330,5,5
RV0003836,O0003837,C002806,4,4
RV0007616,O0007620,C002120,4,4
RV0014803,O0014811,C004251,3,3
RV0001826,O0001827,C000531,5,3
RV0013958,O0013966,C000446,5,4
RV0040078,O0040099,C003261,4,4
RV0030059,O0030072,C004206,4,3
RV0003910,O0003911,C003133,4,5
RV0042102,O0042124,C002302,5,4
RV0010660,O0010665,C000680,3,3
RV0011373,O0011379,C004580,4,3
RV0021477,O0021487,C000383,4,4
RV0036108,O0036126,C004666,3,3
RV0031091,O0031105,C003604,5,3
RV0014203,O0014211,C000792,3,5
RV0023978,O0023988,C003026,3,4
RV0002012,O0002013,C003397,3,5
RV0031005,O0031019,C001074,5,3
RV0023162,O0023172,C000422,4,3
RV0007225,O0007228,C000433,3,4
RV0000742,O0000743,C004269,4,5
RV0001671,O0001672,C001644,4,4
RV0047749,O0047777,C002033,3,4
RV0040671,O0040693,C003840,4,5
RV0038030,O0038048,C001681,5,3
RV0043281,O0043305,C003036,5,4
RV0047475,O0047503,C004896,5,5
RV0018215,O0018225,C003210,5,5
RV0021888,O0021898,C000751,5,3
RV0040706,O0040728,C000056,5,5
RV0012422,O0012429,C001343,3,5
RV0033200,O0033215,C004542,3,4
RV0015922,O0015930,C000565,4,3
RV0031951,O0031966,C001100,5,3
RV0042858,O0042881,C002132,5,4
RV0031537,O0031551,C000613,3,3
RV0006407,O0006410,C003064,4,5
RV0010171,O0010176,C000018,4,5
RV0000219,O0000220,C001809,4,5
RV0008474,O0008479,C001802,5,3
RV0003702,O0003703,C003302,5,5
RV0006810,O0006813,C002630,4,3
RV0040668,O0040690,C004384,4,5
RV0048399,O0048427,C001147,5,5
RV0024372,O0024382,C002066,4,5
RV0042314,O0042336,C003584,3,3
RV0002289,O0002290,C001691,4,3
RV0017723,O0017732,C000913,3,4
RV0015666,O0015674,C001394,5,4
RV0018347,O0018357,C004509,3,4
RV0018115,O0018125,C003690,4,5
RV0005563,O0005565,C000779,3,4
RV0009186,O0009191,C002056,4,4
RV0041002,O0041024,C004339,4,3
RV0025724,O0025734,C004254,4,5
RV0002342,O0002343,C002082,3,5
RV0022342,O0022352,C003407,5,4
RV0036410,O0036428,C001590,5,5
RV0030117,O0030130,C004121,4,3
RV0015226,O0015234,C002814,5,4
RV0031207,O0031221,C000302,5,3
RV0001786,O0001787,C002817,3,3
RV0009141,O0009146,C002818,4,3
RV0029347,O0029360,C001650,4,4
RV0029929,O0029942,C002567,4,4
RV0023568,O0023578,C003276,4,3
RV0014233,O0014241,C001688,5,5
RV0029184,O0029197,C003960,5,3
RV0031465,O0031479,C001707,3,4
RV0040004,O0040025,C002566,4,5
RV0033251,O0033266,C000107,4,4
RV0037813,O0037831,C002722,4,3
RV0009410,O0009415,C000692,3,5
RV0046956,O0046983,C004365,5,5
RV0006383,O0006386,C001584,4,3
RV0041052,O0041074,C000641,3,4
RV0022029,O0022039,C000027,5,4
RV0040151,O0040172,C004854,4,5
RV0020083,O0020093,C004694,3,4
RV0007184,O0007187,C001944,4,4
RV0027226,O0027239,C001024,4,3
RV0008850,O0008855,C002950,3,5
RV0040338,O0040359,C003986,5,3
RV0005881,O0005883,C002501,5,3
RV0022051,O0022061,C003539,5,3
RV0003305,O0003306,C004675,4,5
RV0042539,O0042562,C002477,4,4
RV0038254,O0038272,C004806,3,4
RV0029490,O0029503,C000509,3,3
RV0008040,O0008045,C004198,5,5
RV0003064,O0003065,C002079,3,5
RV0017491,O0017500,C002406,3,3
RV0016889,O0016897,C003192,4,4
RV0037751,O0037769,C003443,5,3
RV0049702,O0049732,C001124,3,4
RV0006181,O0006183,C001764,3,4
RV0013542,O0013549,C004177,5,3
RV0046591,O0046618,C003567,5,3
RV0026052,O0026062,C004135,5,3
RV0014969,O0014977,C001172,3,5
RV0017090,O0017098,C003088,5,3
RV0035808,O0035824,C003870,3,5
RV0015102,O0015110,C002019,4,5
RV0027560,O0027573,C001563,5,3
RV0027492,O0027505,C000498,4,5
RV0000324,O0000325,C000048,5,5
RV0017596,O0017605,C000439,3,4
RV0044524,O0044548,C001298,5,5
RV0019857,O0019867,C001982,5,3
RV0025529,O0025539,C003291,4,3
RV0039049,O0039068,C001700,5,4
RV0039027,O0039046,C002955,3,5
RV0002541,O0002542,C003358,3,5
RV0047973,O0048001,C004836,4,4
RV0031079,O0031093,C002428,3,5
RV0010202,O0010207,C003904,5,5
RV0038683,O0038702,C000014,3,5
RV0022328,O0022338,C003337,3,5
RV0000080,O0000081,C001837,4,3
RV0020021,O0020031,C004260,4,5
RV0001803,O0001804,C002868,5,5
RV0035783,O0035799,C003861,5,5
RV0030065,O0030078,C004620,3,5
RV0009040,O0009045,C002299,3,4
RV0001106,O0001107,C004502,5,4
RV0022126,O0022136,C001735,3,4
RV0022848,O0022858,C003639,4,5
RV0041887,O0041909,C000980,4,4
RV0023784,O0023794,C002140,3,4
RV0045884,O0045910,C002709,5,4
RV0033464,O0033479,C003392,4,3
RV0026071,O0026081,C000879,4,5
RV0046055,O0046081,C003079,4,5
RV0025853,O0025863,C004318,4,4
RV0030648,O0030661,C002443,3,3
RV0025856,O0025866,C004189,4,3
RV0002992,O0002993,C001362,5,5
RV0005181,O0005183,C003834,4,4
RV0032329,O0032344,C002422,3,4
RV0000323,O0000324,C002869,5,3
RV0038628,O0038647,C001938,3,5
RV0048543,O0048571,C001119,3,3
RV0034385,O0034401,C001558,5,5
RV0021749,O0021759,C001950,4,4
RV0015662,O0015670,C002816,3,4
RV0036749,O0036767,C000784,5,5
RV0008317,O0008322,C003801,4,3
RV0009555,O0009560,C002946,3,3
RV0024131,O0024141,C004026,3,3
RV0021454,O0021464,C003009,4,4
RV0010827,O0010833,C004657,3,4
RV0041613,O0041635,C000527,4,5
RV0048189,O0048217,C000896,4,4
RV0046763,O0046790,C003402,4,5
RV0038481,O0038500,C002386,5,3
RV0041193,O0041215,C002039,4,5
RV0026239,O0026249,C002156,4,4
RV0028650,O0028663,C003247,5,4
RV0015815,O0015823,C004269,4,4
RV0009679,O0009684,C004078,5,3
RV0025590,O0025600,C002896,5,5
RV0012950,O0012957,C000900,3,3
RV0042024,O0042046,C001479,4,4
RV0024017,O0024027,C002631,5,4
RV0039079,O0039099,C002105,3,4
RV0025907,O0025917,C003434,4,3
RV0042794,O0042817,C002485,5,3
RV0038397,O0038415,C001372,5,5
RV0001684,O0001685,C003318,4,5
RV0045239,O0045264,C003860,4,5
RV0024639,O0024649,C004186,3,5
RV0000120,O0000121,C001249,5,5
RV0018861,O0018871,C002850,3,5
RV0029593,O0029606,C002073,5,5
RV0002744,O0002745,C004414,4,5
RV0025720,O0025730,C002672,4,5
RV0000950,O0000951,C002670,4,3
RV0004062,O0004063,C000214,3,3
RV0026223,O0026233,C002514,5,3
RV0003510,O0003511,C002370,5,5
RV0024046,O0024056,C000212,3,4
RV0015004,O0015012,C003172,5,3
RV0049211,O0049240,C001578,4,5
RV0006425,O0006428,C003465,4,3
RV0039336,O0039356,C002442,4,4
RV0002325,O0002326,C004991,5,3
RV0025442,O0025452,C003340,3,4
RV0016429,O0016437,C001040,5,3
RV0030296,O0030309,C001528,5,4
RV0029137,O0029150,C003586,3,3
RV0046222,O0046248,C003378,5,3
RV0036415,O0036433,C001477,3,4
RV0037093,O0037111,C001129,5,3
RV0020170,O0020180,C000026,5,3
RV0001068,O0001069,C000704,3,3
RV0027576,O0027589,C003819,4,4
RV0038906,O0038925,C003944,3,5
RV0010460,O0010465,C000358,5,3
RV0006524,O0006527,C002206,4,4
RV0037681,O0037699,C003110,5,3
RV0029093,O0029106,C001250,4,4
RV0023388,O0023398,C001612,5,5
RV0049113,O0049142,C001143,4,4
RV0024758,O0024768,C002918,4,4
RV0016261,O0016269,C002106,5,3
RV0022896,O0022906,C003006,3,4
RV0029034,O0029047,C004166,5,4
RV0002778,O0002779,C003213,4,5
RV0039240,O0039260,C001772,5,4
RV0014475,O0014483,C004404,3,4
RV0036989,O0037007,C004361,4,4
RV0039042,O0039061,C000380,4,5
RV0020410,O0020420,C000092,4,5
RV0026308,O0026318,C002692,3,4
RV0036869,O0036887,C002701,3,4
RV0039722,O0039743,C000993,3,5
RV0027763,O0027776,C002405,3,3
RV0009349,O0009354,C001990,5,4
RV0037060,O0037078,C002553,5,3
RV0024047,O0024057,C002071,4,4
RV0028147,O0028160,C003700,5,5
RV0049126,O0049155,C001145,5,3
RV0031640,O0031654,C003542,3,5
RV0003581,O0003582,C000452,3,4
RV0026647,O0026658,C001030,5,3
RV0026126,O0026136,C004864,5,5
RV0016563,O0016571,C000726,3,3
RV0043270,O0043294,C004889,4,3
RV0035844,O0035860,C004072,4,5
RV0016231,O0016239,C004022,5,4
RV0016403,O0016411,C001687,3,5
RV0030583,O0030596,C004684,3,4
RV0013650,O0013657,C001601,4,4
RV0046917,O0046944,C004773,5,4
RV0020825,O0020835,C003953,5,5
RV0001635,O0001636,C003096,3,4
RV0011839,O0011846,C002805,4,4
RV0039320,O0039340,C001548,5,4
RV0022021,O0022031,C002141,4,4
RV0044552,O0044577,C001431,3,3
RV0021497,O0021507,C001586,3,4
RV0013762,O0013769,C003091,3,3
RV0011209,O0011215,C004935,5,5
RV0013956,O0013964,C002643,4,5
RV0008586,O0008591,C003649,3,4
RV0026968,O0026979,C004234,4,3
RV0021413,O0021423,C004283,3,5
RV0037193,O0037211,C004297,4,5
RV0011591,O0011597,C003067,4,5
RV0003798,O0003799,C000927,4,5
RV0019044,O0019054,C003181,4,5
RV0011574,O0011580,C002161,5,3
RV0014761,O0014769,C001130,5,4
RV0042740,O0042763,C000464,3,5
RV0046509,O0046536,C000423,4,3
RV0000802,O0000803,C001583,5,4
RV0017054,O0017062,C000079,3,4
RV0046280,O0046307,C003342,3,5
RV0026003,O0026013,C002793,5,5
RV0032005,O0032020,C002576,4,3
RV0016140,O0016148,C003417,4,3
RV0003905,O0003906,C002299,5,3
RV0014840,O0014848,C003496,5,4
RV0010477,O0010482,C004976,5,3
RV0034354,O0034370,C002721,4,4
RV0018117,O0018127,C002095,3,3
RV0048498,O0048526,C001341,4,4
RV0023335,O0023345,C000202,3,3
RV0010151,O0010156,C002383,5,3
RV0000772,O0000773,C002270,5,5
RV0017983,O0017993,C003711,5,5
RV0039935,O0039956,C002213,5,5
RV0036167,O0036185,C000574,5,3
RV0021641,O0021651,C000881,4,3
RV0020727,O0020737,C001159,5,5
RV0028316,O0028329,C003046,5,5
RV0030849,O0030863,C004861,4,4
RV0017930,O0017940,C002996,3,5
RV0025085,O0025095,C000003,4,3
RV0048269,O0048297,C001184,4,3
RV0044339,O0044363,C004182,4,5
RV0008659,O0008664,C001291,4,4
RV0005345,O0005347,C002787,4,4
RV0038074,O0038092,C000259,5,3
RV0005040,O0005042,C004596,3,4
RV0027872,O0027885,C004536,3,5
RV0037800,O0037818,C003976,4,5
RV0029173,O0029186,C004327,3,4
RV0031833,O0031847,C004699,3,5
RV0005959,O0005961,C003503,3,3
RV0030414,O0030427,C002447,4,4
RV0003461,O0003462,C000926,3,3
RV0020348,O0020358,C002187,5,5
RV0031773,O0031787,C000312,5,5
RV0037977,O0037995,C004442,3,4
RV0049740,O0049770,C000568,5,4
RV0022458,O0022468,C002341,5,4
RV0009647,O0009652,C002991,4,3
RV0046093,O0046119,C004184,4,5
RV0035172,O0035188,C003829,5,3
RV0023622,O0023632,C002544,4,4
RV0007402,O0007406,C004150,3,4
RV0039296,O0039316,C001469,3,5
RV0046640,O0046667,C004085,4,4
RV0035745,O0035761,C000276,4,3
RV0020295,O0020305,C002932,4,5
RV0003944,O0003945,C001341,3,5
RV0044995,O0045020,C001065,4,3
RV0007305,O0007308,C000067,4,4
RV0042152,O0042174,C001277,5,3
RV0031409,O0031423,C002882,4,3
RV0041226,O0041248,C000273,3,4
RV0007563,O0007567,C003814,3,3
RV0025984,O0025994,C000852,5,3
RV0047145,O0047172,C003048,5,5
RV0019625,O0019635,C004588,3,4
RV0041036,O0041058,C000294,4,3
RV0041622,O0041644,C000879,3,4
RV0030578,O0030591,C001090,4,5
RV0003231,O0003232,C001342,4,5
RV0036799,O0036817,C001414,3,3
RV0041372,O0041394,C002168,5,4
RV0024267,O0024277,C004341,3,5
RV0037520,O0037538,C001841,3,4
RV0043458,O0043482,C003589,3,4
RV0000200,O0000201,C003311,3,4
RV0037774,O0037792,C000363,4,5
RV0031277,O0031291,C001367,5,4
RV0019869,O0019879,C001680,5,3
RV0016976,O0016984,C000475,5,3
RV0008445,O0008450,C004093,3,5
RV0048907,O0048935,C002427,3,3
RV0033641,O0033656,C001900,4,4
RV0024375,O0024385,C002375,3,3
RV0017782,O0017791,C000814,3,3
RV0035625,O0035641,C003735,5,5
RV0003755,O0003756,C000376,3,4
RV0009531,O0009536,C003834,3,3
RV0012555,O0012562,C000159,4,3
RV0023689,O0023699,C000930,5,5
RV0029198,O0029211,C004037,4,5
RV0041751,O0041773,C000316,3,4
RV0029691,O0029704,C000684,3,5
RV0004296,O0004297,C002589,3,3
RV0036141,O0036159,C000744,4,3
RV0045986,O0046012,C001838,3,5
RV0004750,O0004752,C001943,3,4
RV0029599,O0029612,C000456,3,4
RV0038068,O0038086,C004394,5,4
RV0045674,O0045699,C000223,3,5
RV0046629,O0046656,C002758,3,4
RV0023514,O0023524,C004809,3,3
RV0047098,O0047125,C002742,3,4
RV0035293,O0035309,C004098,4,3
RV0039196,O0039216,C000286,3,3
RV0048688,O0048716,C000957,4,3
RV0004556,O0004557,C000945,5,3
RV0010612,O0010617,C000067,4,3
RV0038385,O0038403,C003857,5,3
RV0022216,O0022226,C004646,4,3
RV0038408,O0038426,C002791,4,3
RV0024572,O0024582,C000291,5,5
RV0000857,O0000858,C000105,4,4
RV0037943,O0037961,C002954,4,4
RV0025079,O0025089,C004079,5,5
RV0049272,O0049301,C002048,4,5
RV0031407,O0031421,C003734,5,5
RV0046012,O0046038,C001366,3,5
RV0005533,O0005535,C001785,5,4
RV0039455,O0039476,C000809,4,3
RV0037190,O0037208,C002718,3,3
RV0034730,O0034746,C000641,4,4
RV0001877,O0001878,C003797,5,5
RV0038233,O0038251,C000712,4,5
RV0028436,O0028449,C004212,4,5
RV0033286,O0033301,C004460,5,5
RV0010993,O0010999,C002549,4,5
RV0016345,O0016353,C004692,5,5
RV0006605,O0006608,C001742,4,3
RV0031756,O0031770,C000083,5,3
RV0033829,O0033844,C002016,4,3
RV0029579,O0029592,C000982,3,5
RV0000967,O0000968,C004118,4,3
RV0000747,O0000748,C002826,5,3
RV0017483,O0017492,C004517,4,5
RV0001032,O0001033,C004074,3,4
RV0044872,O0044897,C004753,5,3
RV0021046,O0021056,C000108,4,5
RV0048013,O0048041,C001715,3,5
RV0046137,O0046163,C004323,5,3
RV0030845,O0030859,C001484,5,3
RV0005270,O0005272,C000607,4,4
RV0004283,O0004284,C000139,4,4
RV0028905,O0028918,C004339,5,4
RV0010324,O0010329,C002108,3,5
RV0026247,O0026257,C002914,3,5
RV0039036,O0039055,C001420,5,3
RV0041105,O0041127,C003154,3,3
RV0006758,O0006761,C002604,5,5
RV0040655,O0040677,C003990,3,5
RV0004903,O0004905,C001327,3,3
RV0006693,O0006696,C004639,3,5
RV0010632,O0010637,C003550,5,5
RV0020479,O0020489,C001720,5,5
RV0037281,O0037299,C003238,4,5
RV0006935,O0006938,C003594,5,3
RV0016688,O0016696,C003730,4,3
RV0023837,O0023847,C001470,4,3
RV0018612,O0018622,C004971,4,3
RV0029008,O0029021,C002321,5,3
RV0042188,O0042210,C000625,3,5
RV0030538,O0030551,C002294,4,5
RV0032197,O0032212,C004099,3,3
RV0032982,O0032997,C000124,5,4
RV0010608,O0010613,C000940,3,3
RV0003075,O0003076,C003902,4,3
RV0037558,O0037576,C001938,3,3
RV0037720,O0037738,C002051,5,3
RV0038433,O0038451,C003042,4,4
RV0032677,O0032692,C000684,4,3
RV0038792,O0038811,C001940,5,3
RV0041019,O0041041,C003513,5,3
RV0003563,O0003564,C003960,4,3
RV0033590,O0033605,C003840,5,3
RV0018829,O0018839,C002546,4,5
RV0003766,O0003767,C000864,4,5
RV0044263,O0044287,C001145,3,4
RV0002029,O0002030,C004535,5,5
RV0044328,O0044352,C001732,3,5
RV0049880,O0049910,C001343,4,5
RV0044416,O0044440,C003366,5,3
RV0007193,O0007196,C001585,4,3
RV0021270,O0021280,C001769,3,5
RV0013926,O0013933,C003057,4,5
RV0035608,O0035624,C002797,3,4
RV0030479,O0030492,C001638,5,5
RV0011331,O0011337,C000960,4,3
RV0039479,O0039500,C000123,3,4
RV0012725,O0012732,C004096,5,5
RV0002627,O0002628,C001839,3,5
RV0011575,O0011581,C002927,4,4
RV0029413,O0029426,C003577,3,5
RV0002499,O0002500,C004848,3,5
RV0044213,O0044237,C003146,5,5
RV0000724,O0000725,C001035,3,3
RV0044621,O0044646,C003741,3,5
RV0003855,O0003856,C003974,3,3
RV0013577,O0013584,C000828,5,4
RV0031180,O0031194,C001272,5,3
RV0028796,O0028809,C000200,3,5
RV0043623,O0043647,C003348,4,5
RV0013299,O0013306,C002997,3,4
RV0047895,O0047923,C001810,4,4
RV0012936,O0012943,C000012,5,4
RV0028691,O0028704,C002698,4,3
RV0008220,O0008225,C001631,5,5
RV0048845,O0048873,C003793,3,4
RV0037689,O0037707,C001424,4,3
RV0017863,O0017873,C001414,4,3
RV0039091,O0039111,C001067,4,5
RV0017815,O0017824,C002336,5,5
RV0047545,O0047573,C000276,4,5
RV0013505,O0013512,C002587,5,4
RV0019896,O0019906,C001644,5,4
RV0038750,O0038769,C000924,5,3
RV0044075,O0044099,C004843,3,5
RV0027178,O0027191,C002168,4,4
RV0015214,O0015222,C000550,4,3
RV0040092,O0040113,C003380,4,5
RV0010822,O0010828,C003087,4,5
RV0049193,O0049222,C004751,5,3
RV0004237,O0004238,C004817,4,4
RV0046118,O0046144,C002673,4,4
RV0019321,O0019331,C000610,4,5
RV0003356,O0003357,C002019,3,5
RV0039580,O0039601,C001597,3,3
RV0022964,O0022974,C002713,3,4
RV0037453,O0037471,C002178,5,4
RV0008479,O0008484,C002072,4,3
RV0002662,O0002663,C000705,5,4
RV0024508,O0024518,C001607,3,3
RV0005102,O0005104,C002397,4,5
RV0005548,O0005550,C000471,3,3
RV0014865,O0014873,C000560,5,5
RV0002789,O0002790,C001315,4,4
RV0037760,O0037778,C003863,5,3
RV0034992,O0035008,C003118,4,4
RV0023159,O0023169,C002663,4,4
RV0024433,O0024443,C000842,4,3
RV0019166,O0019176,C003112,3,3
RV0003548,O0003549,C000748,5,4
RV0006082,O0006084,C002067,3,5
RV0039186,O0039206,C000218,3,4
RV0035624,O0035640,C002156,4,3
RV0013920,O0013927,C003842,3,4
RV0018304,O0018314,C003001,4,4
RV0040360,O0040381,C000658,5,5
RV0041790,O0041812,C000150,5,5
RV0020623,O0020633,C001543,5,4
RV0038253,O0038271,C003363,5,5
RV0018695,O0018705,C003805,5,4
RV0029329,O0029342,C004385,5,4
RV0031607,O0031621,C003506,3,3
RV0044670,O0044695,C000669,3,5
RV0010126,O0010131,C004615,4,4
RV0042548,O0042571,C001121,5,5
RV0029260,O0029273,C000434,4,5
RV0003452,O0003453,C002536,4,4
RV0035698,O0035714,C002355,4,4
RV0019809,O0019819,C004845,4,3
RV0021145,O0021155,C001817,3,5
RV0032901,O0032916,C000343,3,3
RV0042189,O0042211,C004107,3,4
RV0008853,O0008858,C003253,4,5
RV0010675,O0010680,C004031,4,3
RV0004337,O0004338,C003917,5,3
RV0016822,O0016830,C002827,4,3
RV0002245,O0002246,C001402,4,5
RV0048885,O0048913,C004553,3,4
RV0043999,O0044023,C000860,5,3
RV0015780,O0015788,C003125,4,5
RV0020832,O0020842,C001176,3,5
RV0012843,O0012850,C001106,4,4
RV0018209,O0018219,C004816,4,5
RV0016511,O0016519,C000072,4,5
RV0044429,O0044453,C001023,4,5
RV0030053,O0030066,C003912,5,5
RV0014606,O0014614,C003441,3,3
RV0025403,O0025413,C000036,5,3
RV0013943,O0013951,C001625,3,4
RV0016152,O0016160,C002434,5,5
RV0038939,O0038958,C003602,3,4
RV0018194,O0018204,C001857,5,5
RV0034154,O0034169,C002486,4,4
RV0047932,O0047960,C002833,3,5
RV0006920,O0006923,C000961,3,5
RV0002304,O0002305,C004186,4,3
RV0007974,O0007979,C001920,5,3
RV0036560,O0036578,C002523,5,3
RV0001653,O0001654,C000708,3,3
RV0008976,O0008981,C002603,5,4
RV0039545,O0039566,C004890,4,5
RV0007117,O0007120,C002559,4,3
RV0001243,O0001244,C004279,5,4
RV0017180,O0017188,C001069,3,3
RV0007679,O0007683,C003711,3,3
RV0049251,O0049280,C002060,5,5
RV0005031,O0005033,C001608,3,3
RV0030293,O0030306,C001122,3,3
RV0047603,O0047631,C003301,4,3
RV0039108,O0039128,C004925,5,3
RV0020987,O0020997,C002307,4,4
RV0047463,O0047491,C004966,3,3
RV0014146,O0014154,C002687,3,5
RV0012483,O0012490,C003324,5,4
RV0042658,O0042681,C001351,5,5
RV0042610,O0042633,C003995,5,5
RV0035309,O0035325,C003728,5,4
RV0038048,O0038066,C003292,3,4
RV0038928,O0038947,C000745,3,3
RV0009266,O0009271,C004130,3,4
RV0022081,O0022091,C002842,4,5
RV0016028,O0016036,C004062,5,3
RV0042722,O0042745,C000832,4,4
RV0041044,O0041066,C001453,4,3
RV0017652,O0017661,C001774,4,3
RV0034000,O0034015,C002690,4,3
RV0032344,O0032359,C003820,5,5
RV0044699,O0044724,C002083,4,3
RV0029522,O0029535,C002991,3,4
RV0012248,O0012255,C004580,3,4
RV0047422,O0047450,C003291,3,4
RV0036672,O0036690,C000030,4,3
RV0039633,O0039654,C002196,4,5
RV0016342,O0016350,C004502,4,4
RV0020036,O0020046,C004511,3,4
RV0038315,O0038333,C001053,3,3
RV0007385,O0007389,C000269,5,4
RV0007956,O0007961,C002688,5,5
RV0016372,O0016380,C003595,3,5
RV0045048,O0045073,C000860,5,3
RV0016723,O0016731,C004073,3,4
RV0008206,O0008211,C001374,5,3
RV0003568,O0003569,C003105,5,5
RV0012701,O0012708,C001418,5,4
RV0037560,O0037578,C002116,5,4
RV0026730,O0026741,C003551,4,4
RV0048164,O0048192,C002194,5,3
RV0013871,O0013878,C002148,3,5
RV0037317,O0037335,C002757,5,5
RV0017967,O0017977,C000753,3,3
RV0043197,O0043221,C002149,3,4
RV0009234,O0009239,C004686,4,4
RV0007947,O0007952,C002349,4,3
RV0016135,O0016143,C002842,4,5
RV0018091,O0018101,C002407,4,3
RV0009060,O0009065,C003324,3,5
RV0013466,O0013473,C002180,5,5
RV0021420,O0021430,C002531,5,4
RV0001544,O0001545,C002988,3,3
RV0012407,O0012414,C001927,4,4
RV0018956,O0018966,C004599,4,5
RV0044475,O0044499,C001867,3,5
RV0042158,O0042180,C002261,3,4
RV0001395,O0001396,C003465,3,3
RV0032200,O0032215,C002936,4,3
RV0044580,O0044605,C003633,3,3
RV0029570,O0029583,C004562,3,5
RV0004644,O0004645,C004254,5,3
RV0009743,O0009748,C001984,3,5
RV0021422,O0021432,C003944,4,3
RV0012858,O0012865,C001394,4,3
RV0024979,O0024989,C000692,4,3
RV0049928,O0049958,C004180,4,3
RV0032378,O0032393,C002730,3,5
RV0033992,O0034007,C001069,5,4
RV0021055,O0021065,C001484,4,3
RV0015744,O0015752,C000150,5,3
RV0040800,O0040822,C002457,4,3
RV0044693,O0044718,C001741,3,4
RV0037992,O0038010,C000357,3,5
RV0049228,O0049257,C000809,5,5
RV0003507,O0003508,C000802,4,4
RV0016656,O0016664,C004532,5,5
RV0009604,O0009609,C001762,3,3
RV0035924,O0035941,C002673,5,4
RV0046169,O0046195,C000209,5,5
RV0029408,O0029421,C001763,5,5
RV0031864,O0031879,C002802,3,3
RV0017079,O0017087,C004185,3,3
RV0030287,O0030300,C000088,3,5
RV0013458,O0013465,C004036,5,3
RV0034727,O0034743,C003226,4,5
RV0005323,O0005325,C000087,3,4
RV0004009,O0004010,C001869,3,5
RV0023454,O0023464,C000436,3,5
RV0038270,O0038288,C002580,4,3
RV0024598,O0024608,C001020,3,3
RV0023417,O0023427,C000339,3,3
RV0004543,O0004544,C001932,5,5
RV0009237,O0009242,C001828,4,4
RV0040723,O0040745,C002942,3,4
RV0019027,O0019037,C002833,3,5
RV0023967,O0023977,C000631,4,3
RV0017036,O0017044,C003801,5,4
RV0013588,O0013595,C001244,5,4
RV0037293,O0037311,C003923,5,4
RV0010733,O0010738,C001155,5,4
RV0007449,O0007453,C000549,3,3
RV0020179,O0020189,C002747,4,5
RV0015499,O0015507,C001803,3,5
RV0039316,O0039336,C001120,4,4
RV0026822,O0026833,C004476,4,5
RV0040408,O0040429,C004506,3,5
RV0047081,O0047108,C004496,4,4
RV0017516,O0017525,C000813,3,5
RV0027224,O0027237,C002440,3,5
RV0030730,O0030744,C003387,5,5
RV0025915,O0025925,C001307,4,4
RV0038941,O0038960,C003227,4,5
RV0023728,O0023738,C004886,4,5
RV0036505,O0036523,C001448,5,4
RV0048231,O0048259,C004545,3,4
RV0036443,O0036461,C000211,3,3
RV0006600,O0006603,C004661,5,5
RV0029298,O0029311,C003815,5,5
RV0007861,O0007866,C004780,3,5
RV0034821,O0034837,C001351,4,5
RV0011897,O0011904,C001120,5,3
RV0006552,O0006555,C001831,4,3
RV0022883,O0022893,C002215,4,3
RV0045656,O0045681,C003193,5,4
RV0019922,O0019932,C001185,4,5
RV0016852,O0016860,C001668,3,3
RV0040710,O0040732,C000731,4,5
RV0002300,O0002301,C001005,4,3
RV0035264,O0035280,C002570,3,3
RV0007173,O0007176,C004458,3,5
RV0006708,O0006711,C000223,3,5
RV0044253,O0044277,C003533,5,5
RV0020634,O0020644,C001212,5,5
RV0046100,O0046126,C001587,3,3
RV0004589,O0004590,C001438,5,4
RV0045410,O0045435,C003874,3,3
RV0041317,O0041339,C001080,4,5
RV0016033,O0016041,C000028,3,4
RV0017724,O0017733,C001941,3,4
RV0035956,O0035973,C002720,3,4
RV0018494,O0018504,C001501,4,4
RV0034495,O0034511,C001642,3,3
RV0030091,O0030104,C002335,3,3
RV0022947,O0022957,C000167,4,4
RV0022701,O0022711,C004945,3,3
RV0034104,O0034119,C002018,4,5
RV0034344,O0034360,C003462,4,3
RV0019371,O0019381,C004590,4,5
RV0037168,O0037186,C003821,3,5
RV0008781,O0008786,C001666,3,5
RV0002824,O0002825,C003308,3,4
RV0001647,O0001648,C003288,3,4
RV0006206,O0006208,C001592,3,5
RV0013922,O0013929,C004612,4,4
RV0049396,O0049426,C001451,3,3
RV0049296,O0049325,C001646,4,3
RV0022374,O0022384,C001340,3,4
RV0048207,O0048235,C004109,5,3
RV0048733,O0048761,C003862,3,4
RV0000740,O0000741,C001711,5,5
RV0008931,O0008936,C001146,4,4
RV0009093,O0009098,C000025,3,5
RV0032023,O0032038,C000820,3,4
RV0038704,O0038723,C004528,4,4
RV0038947,O0038966,C001716,3,3
RV0018572,O0018582,C003670,5,3
RV0032622,O0032637,C004148,5,5
RV0023962,O0023972,C001000,3,3
RV0029012,O0029025,C000684,3,4
RV0033068,O0033083,C003482,5,4
RV0047558,O0047586,C000478,5,4
RV0034256,O0034271,C002556,4,3
RV0033877,O0033892,C003249,3,3
RV0041642,O0041664,C001868,4,4
RV0005766,O0005768,C000579,5,4
RV0038503,O0038522,C003144,5,3
RV0036712,O0036730,C001835,3,3
RV0047139,O0047166,C000547,3,5
RV0008869,O0008874,C004050,4,5
RV0009736,O0009741,C004588,4,4
RV0008305,O0008310,C001900,5,3
RV0002848,O0002849,C004168,4,4
RV0014653,O0014661,C000296,4,5
RV0018415,O0018425,C003759,5,3
RV0039556,O0039577,C002539,5,3
RV0015825,O0015833,C001686,4,4
RV0006863,O0006866,C003593,5,5
RV0024093,O0024103,C000661,5,3
RV0008920,O0008925,C004752,3,4
RV0012290,O0012297,C001888,4,3
RV0028722,O0028735,C003701,4,4
RV0011636,O0011642,C002852,5,4
RV0011605,O0011611,C002102,3,5
RV0020196,O0020206,C000045,3,4
RV0013857,O0013864,C001575,5,4
RV0033659,O0033674,C000779,3,5
RV0041173,O0041195,C003615,5,4
RV0046023,O0046049,C004704,5,3
RV0024540,O0024550,C001601,3,4
RV0010552,O0010557,C001988,3,3
RV0026422,O0026432,C003571,4,5
RV0021115,O0021125,C003159,4,5
RV0030271,O0030284,C001525,5,4
RV0021600,O0021610,C002059,3,4
RV0001977,O0001978,C003290,3,4
RV0011933,O0011940,C000586,4,4
RV0048232,O0048260,C002636,4,5
RV0048897,O0048925,C002836,3,3
RV0033486,O0033501,C001323,5,4
RV0008278,O0008283,C002710,5,4
RV0042562,O0042585,C003568,4,3
RV0044762,O0044787,C001151,5,4
RV0019231,O0019241,C003269,5,5
RV0033520,O0033535,C003970,4,5
RV0006592,O0006595,C003960,5,4
RV0019182,O0019192,C003138,3,3
RV0005303,O0005305,C004833,4,5
RV0045832,O0045858,C000686,5,3
RV0041925,O0041947,C004256,3,4
RV0009830,O0009835,C002721,3,5
RV0034373,O0034389,C004857,3,4
RV0023738,O0023748,C002835,4,4
RV0043222,O0043246,C001317,3,4
RV0038925,O0038944,C003332,3,3
RV0041675,O0041697,C002782,5,3
RV0011812,O0011819,C003361,4,3
RV0044113,O0044137,C002862,4,3
RV0001052,O0001053,C002630,3,4
RV0001984,O0001985,C002696,3,4
RV0010823,O0010829,C000362,4,5
RV0034145,O0034160,C003424,5,5
RV0013909,O0013916,C001147,3,5
RV0009128,O0009133,C002673,3,5
RV0018335,O0018345,C002366,4,5
RV0034971,O0034987,C000213,3,4
RV0016243,O0016251,C002205,4,4
RV0019114,O0019124,C000292,4,3
RV0040436,O0040458,C002236,4,3
RV0038189,O0038207,C000704,4,4
RV0019949,O0019959,C001351,5,5
RV0003945,O0003946,C004257,4,5
RV0031745,O0031759,C002141,5,4
RV0000940,O0000941,C004449,5,3
RV0011427,O0011433,C001440,5,3
RV0009976,O0009981,C000103,3,4
RV0010026,O0010031,C002638,4,3
RV0022707,O0022717,C002750,4,4
RV0023909,O0023919,C003704,3,5
RV0048781,O0048809,C002293,5,5
RV0015404,O0015412,C002737,5,5
RV0030757,O0030771,C001630,5,4
RV0029884,O0029897,C002691,5,3
RV0042053,O0042075,C002363,3,5
RV0019591,O0019601,C001081,5,3
RV0006675,O0006678,C001771,5,3
RV0041564,O0041586,C000696,4,3
RV0020759,O0020769,C001077,5,3
RV0014427,O0014435,C002937,5,4
RV0023619,O0023629,C004639,4,5
RV0020548,O0020558,C004212,3,3
RV0039720,O0039741,C000818,4,3
RV0007745,O0007750,C004320,4,5
RV0041022,O0041044,C001598,3,4
RV0012678,O0012685,C002353,4,4
RV0037630,O0037648,C004681,3,3
RV0024922,O0024932,C000587,3,5
RV0016423,O0016431,C004267,4,4
RV0007705,O0007710,C004277,5,4
RV0034522,O0034538,C001230,3,3
RV0037951,O0037969,C004288,4,3
RV0042303,O0042325,C002482,5,4
RV0030551,O0030564,C001283,5,3
RV0022461,O0022471,C001704,5,5
RV0022471,O0022481,C003774,3,5
RV0026994,O0027005,C003395,5,5
RV0003391,O0003392,C000054,3,4
RV0028334,O0028347,C001249,3,5
RV0041392,O0041414,C002921,3,3
RV0001521,O0001522,C001643,4,4
RV0003076,O0003077,C001796,4,4
RV0037399,O0037417,C000035,3,5
RV0023679,O0023689,C001978,4,3
RV0047525,O0047553,C002920,4,4
RV0004047,O0004048,C002505,3,4
RV0001554,O0001555,C003553,4,5
RV0034719,O0034735,C002283,5,4
RV0040323,O0040344,C000793,3,3
RV0004915,O0004917,C001921,4,4
RV0008582,O0008587,C002811,3,4
RV0040065,O0040086,C003649,4,3
RV0020616,O0020626,C004114,4,4
RV0006312,O0006314,C003095,4,3
RV0023918,O0023928,C000385,3,5
RV0030592,O0030605,C000328,4,5
RV0037618,O0037636,C002125,3,4
RV0032595,O0032610,C004637,3,4
RV0032302,O0032317,C002561,5,5
RV0013315,O0013322,C000884,3,3
RV0037978,O0037996,C001411,4,3
RV0010613,O0010618,C003532,5,5
RV0003416,O0003417,C003252,5,5
RV0011098,O0011104,C004870,5,4
RV0000516,O0000517,C000475,4,5
RV0034337,O0034352,C001510,5,5
RV0026860,O0026871,C002851,5,5
RV0047618,O0047646,C004834,5,4
RV0012627,O0012634,C002897,5,3
RV0024106,O0024116,C000891,4,4
RV0024653,O0024663,C004225,5,3
RV0042502,O0042525,C004577,3,4
RV0030125,O0030138,C004839,4,4
RV0005991,O0005993,C002060,3,5
RV0036237,O0036255,C000466,4,5
RV0013858,O0013865,C001413,4,3
RV0029226,O0029239,C001988,5,5
RV0017498,O0017507,C004459,3,4
RV0032937,O0032952,C002360,3,5
RV0049523,O0049553,C003116,4,3
RV0008379,O0008384,C001927,3,3
RV0035815,O0035831,C002561,5,5
RV0016993,O0017001,C001922,3,3
RV0026716,O0026727,C000806,5,5
RV0042518,O0042541,C001994,3,4
RV0034598,O0034614,C003058,3,3
RV0000098,O0000099,C002540,3,3
RV0045117,O0045142,C000241,3,5
RV0031468,O0031482,C002294,4,5
RV0035485,O0035501,C000594,4,3
RV0021594,O0021604,C003941,4,3
RV0010657,O0010662,C000071,5,4
RV0028392,O0028405,C001227,4,5
RV0009242,O0009247,C003324,3,4
RV0020066,O0020076,C004718,4,3
RV0024249,O0024259,C002495,3,4
RV0002388,O0002389,C000957,5,3
RV0035603,O0035619,C004780,5,3
RV0034071,O0034086,C000063,5,5
RV0005426,O0005428,C003253,3,4
RV0034569,O0034585,C001941,3,5
RV0008276,O0008281,C004854,4,5
RV0007911,O0007916,C003717,4,5
RV0027756,O0027769,C001943,4,5
RV0024523,O0024533,C002574,5,4
RV0019386,O0019396,C000864,5,3
RV0036454,O0036472,C001175,4,5
RV0030253,O0030266,C000580,5,5
RV0003753,O0003754,C001515,4,5
RV0040939,O0040961,C000248,3,3
RV0030705,O0030718,C003646,4,5
RV0021418,O0021428,C004720,5,3
RV0009846,O0009851,C002378,5,4
RV0008904,O0008909,C000474,4,3
RV0015204,O0015212,C000678,3,3
RV0002020,O0002021,C004697,4,3
RV0045616,O0045641,C000496,5,5
RV0043257,O0043281,C004771,4,4
RV0029835,O0029848,C004732,3,5
RV0013033,O0013040,C001120,3,4
RV0008504,O0008509,C003678,3,5
RV0030275,O0030288,C002243,3,3
RV0019718,O0019728,C000257,3,4
RV0031150,O0031164,C000945,4,3
RV0013862,O0013869,C004067,3,5
RV0012169,O0012176,C002636,4,3
RV0039713,O0039734,C004078,3,3
RV0005893,O0005895,C003242,5,4
RV0036865,O0036883,C001169,3,5
RV0030642,O0030655,C004374,3,4
RV0006350,O0006352,C004662,5,3
RV0002507,O0002508,C002265,3,5
RV0018182,O0018192,C002299,4,5
RV0012789,O0012796,C000420,5,5
RV0035838,O0035854,C004415,5,5
RV0004253,O0004254,C000338,3,3
RV0005742,O0005744,C002610,3,5
RV0034697,O0034713,C003287,5,5
RV0029987,O0030000,C003819,5,5
RV0020154,O0020164,C003690,3,5
RV0000953,O0000954,C001573,5,3
RV0027119,O0027131,C004321,3,3
RV0046133,O0046159,C002980,4,5
RV0046902,O0046929,C003023,3,5
RV0033221,O0033236,C002033,5,5
RV0033191,O0033206,C004269,4,3
RV0026133,O0026143,C002908,4,3
RV0004012,O0004013,C001157,5,3
RV0036078,O0036096,C003506,4,5
RV0033546,O0033561,C001927,4,5
RV0017612,O0017621,C001874,4,4
RV0002658,O0002659,C003471,3,5
RV0012689,O0012696,C003116,5,4
RV0019730,O0019740,C001166,4,4
RV0030686,O0030699,C004547,5,4
RV0038200,O0038218,C002281,3,5
RV0021522,O0021532,C000696,3,4
RV0026124,O0026134,C002745,4,5
RV0046415,O0046442,C002124,5,3
RV0004361,O0004362,C000233,5,5
RV0002666,O0002667,C002091,5,3
RV0016528,O0016536,C000886,4,5
RV0049157,O0049186,C001327,5,3
RV0019025,O0019035,C001330,4,5
RV0040315,O0040336,C000320,3,3
RV0017179,O0017187,C002854,4,3
RV0040396,O0040417,C001328,4,5
RV0035708,O0035724,C003115,4,3
RV0042667,O0042690,C000110,5,3
RV0003893,O0003894,C003850,3,3
RV0031538,O0031552,C003254,5,4
RV0023968,O0023978,C003470,5,3
RV0029935,O0029948,C004901,4,3
RV0000847,O0000848,C001969,5,3
RV0010820,O0010826,C000575,3,5
RV0041607,O0041629,C001453,5,5
RV0019380,O0019390,C003070,5,5
RV0021992,O0022002,C004589,4,4
RV0032585,O0032600,C002228,5,5
RV0042357,O0042379,C004068,4,5
RV0029089,O0029102,C002030,5,5
RV0031790,O0031804,C001188,5,3
RV0042779,O0042802,C001683,3,3
RV0027633,O0027646,C002071,5,4
RV0006757,O0006760,C002081,5,4
RV0038805,O0038824,C002586,3,5
RV0045716,O0045741,C000921,4,3
RV0020665,O0020675,C000903,3,5
RV0022071,O0022081,C004349,3,3
RV0012909,O0012916,C004562,4,5
RV0030667,O0030680,C000153,5,4
RV0009553,O0009558,C004370,4,3
RV0043383,O0043407,C003527,3,5
RV0030892,O0030906,C001725,5,4
RV0043231,O0043255,C003931,3,4
RV0039397,O0039417,C000593,4,3
RV0046048,O0046074,C001242,3,3
RV0040807,O0040829,C003762,3,5
RV0008140,O0008145,C004022,3,5
RV0041727,O0041749,C001452,3,5
RV0022430,O0022440,C002870,4,4
RV0028219,O0028232,C003536,5,5
RV0035926,O0035943,C004269,3,5
RV0022819,O0022829,C001781,4,3
RV0041957,O0041979,C001677,4,4
RV0002290,O0002291,C001051,5,5
RV0026599,O0026610,C002969,5,4
RV0030770,O0030784,C002370,5,4
RV0021176,O0021186,C004541,4,3
RV0027911,O0027924,C000334,3,5
RV0008132,O0008137,C002586,5,3
RV0024128,O0024138,C000408,5,3
RV0026397,O0026407,C002461,3,3
RV0006981,O0006984,C000127,4,5
RV0020000,O0020010,C001610,4,4
RV0022795,O0022805,C002231,4,5
RV0044081,O0044105,C004370,3,5
RV0006119,O0006121,C004109,4,3
RV0047402,O0047430,C000201,4,3
RV0035669,O0035685,C003613,5,4
RV0023900,O0023910,C002247,5,5
RV0030655,O0030668,C004616,5,5
RV0010936,O0010942,C000107,3,3
RV0040519,O0040541,C003926,3,4
RV0042447,O0042470,C003909,5,3
RV0015135,O0015143,C004628,5,4
RV0015274,O0015282,C000686,5,4
RV0023657,O0023667,C003374,3,5
RV0022336,O0022346,C004897,5,3
RV0012313,O0012320,C000243,3,4
RV0001453,O0001454,C004284,3,5
RV0021080,O0021090,C001509,4,5
RV0011107,O0011113,C004085,4,5
RV0013497,O0013504,C003222,5,4
RV0015181,O0015189,C001475,5,3
RV0039317,O0039337,C003008,4,4
RV0049693,O0049723,C001468,4,3
RV0006404,O0006407,C002652,4,4
RV0025341,O0025351,C001896,5,3
RV0039733,O0039754,C000935,3,5
RV0046351,O0046378,C002066,5,4
RV0042497,O0042520,C004293,5,5
RV0028445,O0028458,C001083,4,4
RV0046428,O0046455,C003525,5,3
RV0004615,O0004616,C004959,4,3
RV0009427,O0009432,C002443,3,5
RV0023182,O0023192,C002235,5,5
RV0008538,O0008543,C003675,5,4
RV0034340,O0034355,C002611,4,3
RV0016305,O0016313,C002352,4,4
RV0032050,O0032065,C002485,5,5
RV0043191,O0043215,C003658,5,3
RV0027217,O0027230,C001432,4,4
RV0047031,O0047058,C001336,5,4
RV0002194,O0002195,C000766,3,3
RV0024588,O0024598,C000867,3,4
RV0043800,O0043824,C000537,4,4
RV0011401,O0011407,C002404,4,3
RV0013571,O0013578,C000455,3,4
RV0013205,O0013212,C004787,5,3
RV0036014,O0036032,C004291,5,4
RV0035311,O0035327,C002694,3,4
RV0043133,O0043157,C002326,3,5
RV0038851,O0038870,C003917,4,3
RV0006730,O0006733,C000591,4,4
RV0047337,O0047365,C000386,5,4
RV0019235,O0019245,C003447,3,3
RV0046229,O0046255,C000354,4,4
RV0010342,O0010347,C002778,3,4
RV0022935,O0022945,C000980,3,5
RV0005787,O0005789,C002956,4,5
RV0045988,O0046014,C004811,4,5
RV0045927,O0045953,C001255,3,5
RV0032074,O0032089,C004568,4,4
RV0003277,O0003278,C000907,3,3
RV0010755,O0010760,C004112,4,4
RV0032491,O0032506,C001816,3,3
RV0033034,O0033049,C001896,3,3
RV0031547,O0031561,C003122,5,3
RV0049571,O0049601,C003754,5,4
RV0012639,O0012646,C003508,3,4
RV0009598,O0009603,C004192,5,4
RV0033633,O0033648,C004566,5,3
RV0036670,O0036688,C004698,4,4
RV0019227,O0019237,C001134,4,4
RV0037284,O0037302,C000453,5,3
RV0019821,O0019831,C003801,5,5
RV0048937,O0048965,C000636,4,5
RV0046497,O0046524,C001877,4,3
RV0011836,O0011843,C003187,5,4
RV0032163,O0032178,C000619,5,4
RV0000304,O0000305,C000386,3,5
RV0042635,O0042658,C001463,4,4
RV0038071,O0038089,C000816,3,4
RV0000152,O0000153,C001157,3,3
RV0005862,O0005864,C004758,5,3
RV0032836,O0032851,C001240,4,5
RV0003445,O0003446,C004814,5,4
RV0018647,O0018657,C000693,3,5
RV0016397,O0016405,C004853,5,5
RV0043722,O0043746,C004248,4,3
RV0001418,O0001419,C002778,4,4
RV0004702,O0004703,C004876,5,4
RV0015443,O0015451,C002963,4,4
RV0033865,O0033880,C004556,3,3
RV0031518,O0031532,C004775,3,3
RV0007374,O0007378,C003207,4,5
RV0048497,O0048525,C002612,3,5
RV0022171,O0022181,C001220,5,4
RV0029043,O0029056,C002601,3,5
RV0015189,O0015197,C001857,3,4
RV0037139,O0037157,C003933,5,5
RV0011477,O0011483,C003803,5,5
RV0014885,O0014893,C000866,3,5
RV0011632,O0011638,C000703,5,3
RV0020385,O0020395,C000725,5,5
RV0032178,O0032193,C004007,4,4
RV0030231,O0030244,C000346,4,3
RV0007815,O0007820,C001931,3,3
RV0041084,O0041106,C001192,5,3
RV0009195,O0009200,C003507,4,5
RV0015298,O0015306,C001636,3,5
RV0042496,O0042519,C003793,4,5
RV0010389,O0010394,C002098,5,3
RV0010992,O0010998,C001118,4,5
RV0008256,O0008261,C000545,3,4
RV0021490,O0021500,C003015,3,4
RV0008694,O0008699,C003551,4,4
RV0006851,O0006854,C002240,3,4
RV0004726,O0004728,C003983,3,4
RV0003257,O0003258,C002532,3,4
RV0045449,O0045474,C001566,3,5
RV0011335,O0011341,C003892,3,3
RV0013058,O0013065,C002527,5,4
RV0049896,O0049926,C004922,4,3
RV0046302,O0046329,C002341,4,4
RV0038541,O0038560,C001754,3,5
RV0048049,O0048077,C002416,3,3
RV0004832,O0004834,C002808,4,5
RV0020864,O0020874,C001820,3,4
RV0006133,O0006135,C001773,5,3
RV0019219,O0019229,C002321,5,3
RV0004500,O0004501,C004285,4,5
RV0021745,O0021755,C003578,3,5
RV0042145,O0042167,C004301,5,5
RV0029512,O0029525,C000758,3,3
RV0006872,O0006875,C000838,5,4
RV0026733,O0026744,C004286,5,3
RV0015046,O0015054,C002494,5,3
RV0034987,O0035003,C001685,4,5
RV0020182,O0020192,C002327,5,3
RV0009845,O0009850,C003600,3,3
RV0037345,O0037363,C003904,5,4
RV0042332,O0042354,C002973,3,5
RV0013701,O0013708,C001466,5,4
RV0005020,O0005022,C003691,3,4
RV0009801,O0009806,C003939,4,3
RV0030721,O0030734,C004294,5,5
RV0030863,O0030877,C000068,3,3
RV0010020,O0010025,C003598,4,5
RV0035327,O0035343,C003698,5,5
RV0035377,O0035393,C001387,4,5
RV0039193,O0039213,C001747,4,3
RV0019327,O0019337,C003776,5,3
RV0014095,O0014103,C004366,5,4
RV0041307,O0041329,C002696,3,3
RV0002901,O0002902,C004312,4,3
RV0005352,O0005354,C001545,4,3
RV0048236,O0048264,C003928,5,4
RV0003628,O0003629,C002987,5,3
RV0035472,O0035488,C003387,3,4
RV0025913,O0025923,C004486,4,4
RV0032304,O0032319,C002122,4,5
RV0017280,O0017289,C003157,3,5
RV0044302,O0044326,C003062,5,3
RV0004201,O0004202,C003575,5,4
RV0022090,O0022100,C003009,3,3
RV0015217,O0015225,C000864,3,3
RV0020038,O0020048,C001502,4,4
RV0024141,O0024151,C002406,3,5
RV0039971,O0039992,C001625,4,5
RV0042175,O0042197,C004485,4,3
RV0044448,O0044472,C003458,4,3
RV0006535,O0006538,C000966,5,3
RV0041967,O0041989,C001795,5,4
RV0032877,O0032892,C003030,3,4
RV0030388,O0030401,C001009,5,5
RV0048865,O0048893,C003088,4,4
RV0002240,O0002241,C004293,3,3
RV0045418,O0045443,C000517,4,4
RV0046422,O0046449,C000698,3,5
RV0036852,O0036870,C004378,4,5
RV0030545,O0030558,C000452,5,5
RV0021361,O0021371,C002030,5,5
RV0022512,O0022522,C004487,3,4
RV0018338,O0018348,C000754,4,5
RV0046923,O0046950,C000745,5,4
RV0002237,O0002238,C000337,3,3
RV0025219,O0025229,C002034,4,3
RV0021714,O0021724,C000319,5,5
RV0006902,O0006905,C002527,3,5
RV0045673,O0045698,C004456,3,5
RV0020129,O0020139,C002723,4,5
RV0024258,O0024268,C000513,3,3
RV0035261,O0035277,C003956,4,4
RV0006274,O0006276,C002236,5,4
RV0033232,O0033247,C002961,4,5
RV0043684,O0043708,C002309,4,3
RV0011532,O0011538,C001569,4,3
RV0004203,O0004204,C001898,4,4
RV0018310,O0018320,C002506,3,5
RV0009459,O0009464,C003821,3,4
RV0048938,O0048966,C000410,5,4
RV0028025,O0028038,C003529,5,5
RV0046040,O0046066,C004255,3,4
RV0015127,O0015135,C003472,4,5
RV0049062,O0049090,C001921,5,4
RV0032273,O0032288,C000600,3,5
RV0045024,O0045049,C002726,4,3
RV0030840,O0030854,C002271,5,3
RV0049891,O0049921,C004009,4,4
RV0028542,O0028555,C002838,4,4
RV0013307,O0013314,C003460,5,5
RV0016840,O0016848,C004105,3,5
RV0040159,O0040180,C000418,5,3
RV0041646,O0041668,C003715,3,5
RV0000491,O0000492,C003859,3,5
RV0048933,O0048961,C004243,4,4
RV0025386,O0025396,C004496,4,5
RV0049746,O0049776,C004810,4,5
RV0028076,O0028089,C002394,3,5
RV0026362,O0026372,C001338,3,5
RV0039655,O0039676,C004860,4,5
RV0041694,O0041716,C003330,4,4
RV0027999,O0028012,C002344,5,3
RV0029479,O0029492,C003383,4,5
RV0009284,O0009289,C003765,4,3
RV0031642,O0031656,C003176,4,4
RV0012702,O0012709,C002051,4,4
RV0035467,O0035483,C001190,3,4
RV0041924,O0041946,C002321,4,5
RV0045632,O0045657,C000856,4,5
RV0018590,O0018600,C002693,4,5
RV0020050,O0020060,C000861,5,3
RV0012732,O0012739,C003188,3,3
RV0023347,O0023357,C003714,5,3
RV0040848,O0040870,C003215,3,5
RV0019026,O0019036,C001004,3,3
RV0002718,O0002719,C002155,4,4
RV0025533,O0025543,C002285,4,3
RV0007557,O0007561,C000812,3,3
RV0005726,O0005728,C003578,4,3
RV0048749,O0048777,C001119,4,3
RV0033752,O0033767,C001261,4,3
RV0035567,O0035583,C002675,4,3
RV0007870,O0007875,C001544,5,4
RV0049164,O0049193,C003873,3,3
RV0028851,O0028864,C000027,5,3
RV0004364,O0004365,C000137,4,4
RV0020861,O0020871,C001744,4,4
RV0023493,O0023503,C004384,4,4
RV0033015,O0033030,C000386,5,5
RV0015500,O0015508,C004772,3,3
RV0016051,O0016059,C001068,3,4
RV0035127,O0035143,C004007,4,5
RV0044782,O0044807,C002144,5,5
RV0005170,O0005172,C001821,5,3
RV0010855,O0010861,C000891,3,5
RV0000791,O0000792,C000247,3,3
RV0030952,O0030966,C003615,4,3
RV0040630,O0040652,C000626,4,3
RV0041268,O0041290,C002115,5,4
RV0047416,O0047444,C001801,5,4
RV0020896,O0020906,C003388,5,4
RV0046779,O0046806,C001989,3,4
RV0038235,O0038253,C000900,3,4
RV0022358,O0022368,C002990,5,3
RV0001285,O0001286,C003955,3,3
RV0016750,O0016758,C003094,4,4
RV0019535,O0019545,C002069,5,5
RV0028209,O0028222,C000501,5,5
RV0041088,O0041110,C004488,4,3
RV0048903,O0048931,C000737,3,4
RV0001043,O0001044,C002333,4,4
RV0047316,O0047344,C004588,3,4
RV0039050,O0039069,C000026,3,4
RV0040518,O0040540,C003186,4,3
RV0017707,O0017716,C004604,4,4
RV0041725,O0041747,C004383,4,4
RV0022968,O0022978,C004761,3,3
RV0003169,O0003170,C003299,5,4
RV0018863,O0018873,C000416,3,4
RV0044665,O0044690,C000441,3,5
RV0000426,O0000427,C002007,3,5
RV0032578,O0032593,C002120,5,4
RV0042545,O0042568,C000547,5,3
RV0019603,O0019613,C002841,3,3
RV0036213,O0036231,C000261,5,3
RV0038686,O0038705,C004817,4,5
RV0029205,O0029218,C000741,4,3
RV0025548,O0025558,C001152,4,4
RV0001190,O0001191,C002459,4,5
RV0003229,O0003230,C001048,5,3
RV0038899,O0038918,C002097,4,3
RV0030207,O0030220,C001945,5,3
RV0026233,O0026243,C004482,5,5
RV0000932,O0000933,C001308,4,5
RV0031064,O0031078,C002505,5,5
RV0005356,O0005358,C001480,3,5
RV0014532,O0014540,C003075,4,4
RV0028709,O0028722,C002068,3,4
RV0016188,O0016196,C001708,3,5
RV0026262,O0026272,C000190,3,5
RV0047195,O0047222,C003183,4,4
RV0022477,O0022487,C003836,3,4
RV0004530,O0004531,C002682,3,5
RV0002141,O0002142,C001296,4,4
RV0023951,O0023961,C004342,3,4
RV0036805,O0036823,C000186,5,4
RV0024713,O0024723,C003157,4,5
RV0029136,O0029149,C000654,3,3
RV0046150,O0046176,C003106,5,4
RV0040605,O0040627,C001010,5,4
RV0031305,O0031319,C003756,3,3
RV0038365,O0038383,C000653,3,4
RV0046895,O0046922,C000377,3,5
RV0025678,O0025688,C004079,4,5
RV0045755,O0045781,C002174,5,4
RV0037156,O0037174,C000366,5,5
RV0002558,O0002559,C002331,3,3
RV0044196,O0044220,C004603,4,4
RV0039442,O0039463,C003780,4,5
RV0022096,O0022106,C002814,5,3
RV0032261,O0032276,C003953,5,5
RV0046654,O0046681,C004894,3,3
RV0048279,O0048307,C000752,4,3
RV0023018,O0023028,C004628,3,3
RV0017473,O0017482,C002160,3,4
RV0026330,O0026340,C000068,4,5
RV0006885,O0006888,C000201,4,4
RV0031240,O0031254,C002868,4,5
RV0046876,O0046903,C001688,5,5
RV0040424,O0040445,C003032,4,5
RV0009002,O0009007,C004674,4,4
RV0000957,O0000958,C001435,3,5
RV0002760,O0002761,C000687,4,5
RV0048890,O0048918,C003979,3,5
RV0006314,O0006316,C000585,5,3
RV0030398,O0030411,C004830,3,4
RV0017354,O0017363,C004222,4,4
RV0000369,O0000370,C001020,5,3
RV0024663,O0024673,C000623,5,5
RV0012659,O0012666,C001087,3,3
RV0025797,O0025807,C004233,5,5
RV0034194,O0034209,C004489,4,5
RV0014495,O0014503,C004005,4,3
RV0031168,O0031182,C004131,4,5
RV0008871,O0008876,C000712,5,3
RV0049321,O0049350,C002203,4,3
RV0036500,O0036518,C001079,3,5
RV0046605,O0046632,C000181,3,3
RV0021588,O0021598,C001487,5,4
RV0019032,O0019042,C003045,4,5
RV0007886,O0007891,C003892,3,3
RV0038997,O0039016,C004141,3,3
RV0031142,O0031156,C001445,4,4
RV0042730,O0042753,C000768,5,3
RV0009384,O0009389,C004419,5,3
RV0028852,O0028865,C000951,3,4
RV0005661,O0005663,C001610,4,4
RV0003309,O0003310,C003195,4,4
RV0043924,O0043948,C004968,4,4
RV0003056,O0003057,C004521,3,5
RV0001905,O0001906,C004115,4,3
RV0021882,O0021892,C000187,4,5
RV0004156,O0004157,C002140,4,5
RV0000943,O0000944,C004529,5,3
RV0030536,O0030549,C002043,3,5
RV0038837,O0038856,C002786,4,3
RV0018853,O0018863,C000314,5,4
RV0029704,O0029717,C001460,4,5
RV0002294,O0002295,C001639,3,3
RV0006803,O0006806,C002705,5,3
RV0013623,O0013630,C000752,5,3
RV0009354,O0009359,C003262,4,4
RV0045594,O0045619,C004792,3,5
RV0039436,O0039457,C003224,3,3
RV0016918,O0016926,C001024,4,4
RV0043629,O0043653,C001423,3,3
RV0012090,O0012097,C002824,3,5
RV0032187,O0032202,C002787,5,3
RV0000289,O0000290,C002909,5,5
RV0030787,O0030801,C001166,3,5
RV0022162,O0022172,C000498,5,4
RV0022049,O0022059,C004486,3,3
RV0008822,O0008827,C000401,5,5
RV0034936,O0034952,C001630,4,4
RV0045158,O0045183,C002997,5,4
RV0017681,O0017690,C003790,3,5
RV0005116,O0005118,C001228,5,5
RV0028659,O0028672,C003245,5,5
RV0037113,O0037131,C002718,3,3
RV0034860,O0034876,C003487,4,5
RV0031524,O0031538,C004751,3,3
RV0025113,O0025123,C000234,5,3
RV0026921,O0026932,C004732,4,4
RV0016201,O0016209,C000669,4,4
RV0029108,O0029121,C001419,5,4
RV0022937,O0022947,C004319,3,5
RV0036697,O0036715,C004926,3,3
RV0031829,O0031843,C003725,3,3
RV0024516,O0024526,C003178,4,3
RV0034720,O0034736,C001309,3,3
RV0024092,O0024102,C004680,4,3
RV0024909,O0024919,C002922,4,4
RV0013478,O0013485,C004539,5,4
RV0046719,O0046746,C002954,3,3
RV0029070,O0029083,C001988,4,4
RV0033811,O0033826,C001408,5,3
RV0017072,O0017080,C003029,5,5
RV0026773,O0026784,C001766,4,5
RV0039731,O0039752,C003392,3,3
RV0018673,O0018683,C000076,5,4
RV0006081,O0006083,C001770,4,5
RV0023414,O0023424,C002660,3,3
RV0021718,O0021728,C004317,3,4
RV0001127,O0001128,C003986,3,3
RV0036067,O0036085,C003505,4,3
RV0027683,O0027696,C003933,4,3
RV0026051,O0026061,C003135,3,3
RV0032914,O0032929,C002555,4,3
RV0029910,O0029923,C003405,4,3
RV0014443,O0014451,C000979,4,4
RV0014500,O0014508,C003189,5,5
RV0009235,O0009240,C000423,3,5
RV0019714,O0019724,C001024,3,5
RV0010999,O0011005,C003621,3,3
RV0004851,O0004853,C001001,5,3
RV0044248,O0044272,C003552,4,3
RV0004093,O0004094,C000091,5,3
RV0042970,O0042993,C002503,5,3
RV0015738,O0015746,C001885,3,4
RV0037175,O0037193,C002612,3,3
RV0006245,O0006247,C001137,3,4
RV0032181,O0032196,C001623,5,5
RV0015020,O0015028,C000329,3,3
RV0001464,O0001465,C004926,3,3
RV0047310,O0047338,C002665,4,4
RV0016432,O0016440,C002179,3,3
RV0024096,O0024106,C001877,4,5
RV0032359,O0032374,C003358,3,5
RV0041882,O0041904,C000244,5,3
RV0033138,O0033153,C003451,5,5
RV0020251,O0020261,C001537,4,5
RV0005286,O0005288,C000019,4,3
RV0045595,O0045620,C002279,5,5
RV0041164,O0041186,C003595,4,3
RV0023381,O0023391,C001884,4,3
RV0035356,O0035372,C003306,5,3
RV0041892,O0041914,C001643,3,3
RV0031494,O0031508,C002897,5,4
RV0042471,O0042494,C003804,4,3
RV0038950,O0038969,C000613,3,5
RV0037076,O0037094,C004434,5,5
RV0049405,O0049435,C001824,4,3
RV0014825,O0014833,C002375,4,3
RV0008879,O0008884,C001438,4,3
RV0036499,O0036517,C004350,5,4
RV0027717,O0027730,C004518,4,4
RV0048281,O0048309,C003889,3,3
RV0013477,O0013484,C000144,5,5
RV0046829,O0046856,C002252,5,5
RV0033484,O0033499,C001177,4,3
RV0041186,O0041208,C004461,4,4
RV0047275,O0047303,C001751,5,4
RV0014611,O0014619,C002129,3,5
RV0029065,O0029078,C000844,3,3
RV0024145,O0024155,C004848,5,5
RV0032002,O0032017,C001395,3,4
RV0008326,O0008331,C001933,5,5
RV0043017,O0043041,C004578,4,4
RV0037033,O0037051,C003392,4,4
RV0037898,O0037916,C004746,5,3
RV0031652,O0031666,C000043,3,3
RV0032090,O0032105,C001263,4,5
RV0036249,O0036267,C001335,5,3
RV0047161,O0047188,C003729,4,5
RV0041012,O0041034,C000278,4,3
RV0012370,O0012377,C003283,3,4
RV0002299,O0002300,C001205,4,3
RV0045184,O0045209,C000774,5,3
RV0044184,O0044208,C000828,5,3
RV0002186,O0002187,C004306,4,4
RV0015550,O0015558,C004675,5,4
RV0037886,O0037904,C004895,3,4
RV0030421,O0030434,C001117,5,3
RV0025055,O0025065,C003598,4,4
RV0033153,O0033168,C001236,4,5
RV0013941,O0013949,C002861,4,3
RV0042889,O0042912,C004556,4,3
RV0036233,O0036251,C003048,3,3
RV0012800,O0012807,C002848,4,5
RV0004660,O0004661,C002102,3,4
RV0006394,O0006397,C003708,4,5
RV0000648,O0000649,C000608,4,5
RV0022230,O0022240,C000648,4,4
RV0033485,O0033500,C001766,3,3
RV0001392,O0001393,C004850,5,4
RV0006014,O0006016,C004771,5,4
RV0045623,O0045648,C001041,4,3
RV0047796,O0047824,C001183,3,3
RV0004548,O0004549,C001536,4,3
RV0021979,O0021989,C000991,3,4
RV0013263,O0013270,C004263,3,3
RV0006882,O0006885,C003129,5,5
RV0024411,O0024421,C002496,4,3
RV0013118,O0013125,C001056,3,4
RV0032133,O0032148,C001367,5,5
RV0026763,O0026774,C000925,3,3
RV0025526,O0025536,C003253,4,4
RV0006988,O0006991,C004816,4,3
RV0009123,O0009128,C003154,3,4
RV0006205,O0006207,C004520,4,5
RV0004402,O0004403,C003858,4,5
RV0016773,O0016781,C004519,3,5
RV0006233,O0006235,C002873,5,5
RV0006253,O0006255,C004098,4,3
RV0018278,O0018288,C002238,5,3
RV0002990,O0002991,C001684,5,3
RV0028194,O0028207,C003373,5,5
RV0024184,O0024194,C001876,3,4
RV0006739,O0006742,C001562,4,4
RV0031691,O0031705,C001576,4,4
RV0035593,O0035609,C001248,3,4
RV0023972,O0023982,C004478,5,5
RV0005262,O0005264,C000578,4,4
RV0044062,O0044086,C004876,5,4
RV0047573,O0047601,C004904,5,5
RV0031865,O0031880,C000169,5,4
RV0009264,O0009269,C002933,5,4
RV0046102,O0046128,C003264,4,4
RV0026360,O0026370,C004001,5,3
RV0048765,O0048793,C001519,5,4
RV0010536,O0010541,C004641,3,5
RV0017620,O0017629,C000794,5,5
RV0025539,O0025549,C002803,4,5
RV0019842,O0019852,C002320,4,5
RV0043944,O0043968,C002297,5,4
RV0010604,O0010609,C004797,5,3
RV0033574,O0033589,C003260,4,4
RV0018430,O0018440,C001694,4,4
RV0038153,O0038171,C004465,5,4
RV0001442,O0001443,C002399,5,5
RV0045150,O0045175,C002573,4,4
RV0014747,O0014755,C001374,5,4
RV0021495,O0021505,C000646,4,3
RV0023986,O0023996,C001327,5,4
RV0041896,O0041918,C003411,3,4
RV0022632,O0022642,C001673,4,5
RV0011048,O0011054,C003321,5,4
RV0021095,O0021105,C002505,4,3
RV0013687,O0013694,C001185,4,5
RV0027917,O0027930,C000583,5,5
RV0027497,O0027510,C004691,5,4
RV0037184,O0037202,C004210,3,4
RV0032319,O0032334,C004042,4,5
RV0008761,O0008766,C000029,3,5
RV0044994,O0045019,C000087,5,5
RV0005438,O0005440,C004675,3,4
RV0023153,O0023163,C004382,4,5
RV0047907,O0047935,C001519,4,4
RV0007462,O0007466,C002915,5,3
RV0045967,O0045993,C003020,3,3
RV0019964,O0019974,C003947,4,4
RV0032771,O0032786,C001328,5,3
RV0000911,O0000912,C002344,5,4
RV0002772,O0002773,C000949,5,5
RV0031292,O0031306,C004836,4,3
RV0002351,O0002352,C000252,4,4
RV0020205,O0020215,C003072,5,4
RV0044663,O0044688,C002192,3,5
RV0018603,O0018613,C003145,3,4
RV0049899,O0049929,C001075,3,5
RV0011347,O0011353,C003426,3,4
RV0003942,O0003943,C002744,4,4
RV0028002,O0028015,C001409,4,3
RV0047350,O0047378,C000144,5,4
RV0012007,O0012014,C002841,5,3
RV0002595,O0002596,C004941,4,5
RV0048417,O0048445,C003553,3,4
RV0002442,O0002443,C003563,5,3
RV0001295,O0001296,C000035,3,3
RV0011789,O0011796,C003890,5,4
RV0002649,O0002650,C000087,4,4
RV0001807,O0001808,C003335,3,4
RV0035828,O0035844,C004681,5,3
RV0002861,O0002862,C004892,5,4
RV0019962,O0019972,C004841,5,4
RV0028420,O0028433,C001414,3,4
RV0008897,O0008902,C001883,5,3
RV0009311,O0009316,C002974,3,5
RV0049320,O0049349,C000450,4,5
RV0026121,O0026131,C000847,5,3
RV0032084,O0032099,C002323,5,5
RV0001748,O0001749,C000719,5,4
RV0033234,O0033249,C001859,5,3
RV0018954,O0018964,C004539,4,4
RV0018911,O0018921,C004751,3,4
RV0011756,O0011763,C001657,5,3
RV0045063,O0045088,C003374,4,5
RV0018834,O0018844,C001907,4,3
RV0004563,O0004564,C002849,4,3
RV0020073,O0020083,C004354,4,4
RV0004619,O0004620,C002849,3,4
RV0008153,O0008158,C002258,3,3
RV0007811,O0007816,C000240,5,4
RV0009270,O0009275,C002465,3,3
RV0002158,O0002159,C001668,4,4
RV0023111,O0023121,C004000,3,4
RV0020506,O0020516,C004664,4,3
RV0041861,O0041883,C004975,3,5
RV0032199,O0032214,C003896,3,5
RV0024877,O0024887,C001064,3,5
RV0024571,O0024581,C001685,3,3
RV0034643,O0034659,C001818,5,5
RV0031395,O0031409,C003866,4,5
RV0023251,O0023261,C002290,5,3
RV0015561,O0015569,C004538,4,5
RV0007062,O0007065,C004633,5,4
RV0036426,O0036444,C000366,4,3
RV0011890,O0011897,C004411,5,5
RV0008568,O0008573,C002785,4,3
RV0003269,O0003270,C001537,5,5
RV0030135,O0030148,C002863,3,3
RV0018718,O0018728,C003372,4,3
RV0008402,O0008407,C001694,3,4
RV0044160,O0044184,C004878,5,4
RV0034475,O0034491,C000427,5,3
RV0005861,O0005863,C004456,5,4
RV0037178,O0037196,C003111,3,3
RV0034774,O0034790,C000483,5,5
RV0007936,O0007941,C004767,4,5
RV0041939,O0041961,C002902,5,3
RV0047978,O0048006,C003153,3,5
RV0037794,O0037812,C003295,3,3
RV0034506,O0034522,C003306,3,5
RV0024806,O0024816,C003291,4,3
RV0014836,O0014844,C003746,4,3
RV0030252,O0030265,C001285,3,5
RV0015429,O0015437,C002959,5,5
RV0011275,O0011281,C001224,5,3
RV0040499,O0040521,C004110,4,3
RV0042507,O0042530,C000550,4,5
RV0041114,O0041136,C004933,5,5
RV0035878,O0035894,C002490,5,5
RV0005904,O0005906,C002000,3,5
RV0030245,O0030258,C003120,3,3
RV0035132,O0035148,C002476,3,5
RV0026416,O0026426,C003502,4,5
RV0038898,O0038917,C000880,5,3
RV0023607,O0023617,C002207,4,5
RV0048578,O0048606,C002642,4,3
RV0037013,O0037031,C000676,3,4
RV0008932,O0008937,C001431,3,5
RV0006463,O0006466,C000272,4,4
RV0009685,O0009690,C002950,4,3
RV0011751,O0011758,C002532,3,4
RV0039533,O0039554,C003558,5,5
RV0016912,O0016920,C001693,3,3
RV0017024,O0017032,C003903,4,4
RV0030938,O0030952,C000306,5,4
RV0047866,O0047894,C001423,4,4
RV0036589,O0036607,C002874,3,4
RV0034685,O0034701,C004281,5,5
RV0045597,O0045622,C001699,5,5
RV0010741,O0010746,C002156,4,3
RV0044786,O0044811,C002069,4,5
RV0010656,O0010661,C002242,4,4
RV0014363,O0014371,C000218,5,4
RV0010036,O0010041,C002647,3,5
RV0015480,O0015488,C001915,4,5
RV0028090,O0028103,C002517,5,4
RV0003126,O0003127,C001729,4,3
RV0045476,O0045501,C004102,3,3
RV0021433,O0021443,C004107,5,4
RV0048069,O0048097,C001833,3,4
RV0041389,O0041411,C003438,4,4
RV0027828,O0027841,C003932,3,5
RV0019676,O0019686,C002886,4,3
RV0023261,O0023271,C002108,3,5
RV0044351,O0044375,C001473,5,4
RV0015532,O0015540,C001233,5,3
RV0045329,O0045354,C004653,4,3
RV0044490,O0044514,C002559,5,4
RV0008842,O0008847,C004927,5,5
RV0043843,O0043867,C002986,4,3
RV0037307,O0037325,C004554,5,5
RV0004520,O0004521,C003148,5,3
RV0013585,O0013592,C003057,4,4
RV0044844,O0044869,C000577,4,4
RV0028216,O0028229,C003651,5,5
RV0036642,O0036660,C001813,4,3
RV0020696,O0020706,C000786,3,4
RV0001289,O0001290,C003731,4,5
RV0045051,O0045076,C000164,4,4
RV0043692,O0043716,C002466,5,3
RV0003935,O0003936,C002989,4,3
RV0016812,O0016820,C001968,3,4
RV0049111,O0049140,C003451,5,4
RV0016617,O0016625,C004194,5,5
RV0021043,O0021053,C001776,5,4
RV0038530,O0038549,C004550,3,4
RV0001451,O0001452,C004986,5,4
RV0001501,O0001502,C001761,3,3
RV0036566,O0036584,C003882,4,4
RV0035508,O0035524,C004604,3,3
RV0014299,O0014307,C001299,4,3
RV0002635,O0002636,C000994,5,4
RV0031069,O0031083,C002949,3,5
RV0026683,O0026694,C004045,4,5
RV0038791,O0038810,C004443,5,5
RV0044276,O0044300,C002844,4,4
RV0030494,O0030507,C000991,5,4
RV0034423,O0034439,C004075,5,5
RV0045642,O0045667,C003670,5,4
RV0015814,O0015822,C004333,5,5
RV0048124,O0048152,C003978,3,4
RV0019550,O0019560,C000051,4,5
RV0035827,O0035843,C003100,5,4
RV0044587,O0044612,C003706,4,3
RV0013206,O0013213,C003765,5,3
RV0013670,O0013677,C001946,4,3
RV0041639,O0041661,C003036,4,3
RV0020657,O0020667,C004246,3,4
RV0024800,O0024810,C002355,3,3
RV0036480,O0036498,C002105,4,3
RV0011901,O0011908,C003198,5,3
RV0032976,O0032991,C000624,3,5
RV0036417,O0036435,C001148,5,5
RV0046867,O0046894,C004788,5,4
RV0015219,O0015227,C002796,3,5
RV0005175,O0005177,C004795,4,4
RV0003315,O0003316,C002928,4,4
RV0020290,O0020300,C002898,5,3
RV0008413,O0008418,C004182,5,4
RV0043330,O0043354,C004141,5,4
RV0033553,O0033568,C004289,4,3
RV0035225,O0035241,C002530,5,3
RV0002231,O0002232,C002854,3,4
RV0004466,O0004467,C001310,3,4
RV0017190,O0017198,C004601,5,3
RV0034211,O0034226,C000079,4,4
RV0030145,O0030158,C002761,5,4
RV0019621,O0019631,C004859,3,3
RV0034781,O0034797,C003992,5,3
RV0023413,O0023423,C002500,4,4
RV0046478,O0046505,C001051,3,4
RV0016591,O0016599,C004328,5,4
RV0001884,O0001885,C001977,4,5
RV0000457,O0000458,C002273,3,4
RV0046209,O0046235,C002934,4,3
RV0041209,O0041231,C000170,4,5
RV0019020,O0019030,C000035,4,5
RV0000588,O0000589,C000719,4,3
RV0044052,O0044076,C003243,3,3
RV0012913,O0012920,C004280,5,5
RV0022845,O0022855,C002573,3,3
RV0039807,O0039828,C003782,4,3
RV0038261,O0038279,C001347,3,3
RV0001344,O0001345,C003228,5,5
RV0047739,O0047767,C000416,4,3
RV0047095,O0047122,C003357,5,5
RV0013631,O0013638,C000596,5,5
RV0043674,O0043698,C003616,4,3
RV0037240,O0037258,C001182,3,5
RV0040438,O0040460,C004645,4,5
RV0029904,O0029917,C002918,4,4
RV0011076,O0011082,C002502,3,5
RV0015177,O0015185,C000010,3,3
RV0003289,O0003290,C000289,4,4
RV0019916,O0019926,C003044,3,4
RV0004401,O0004402,C000132,4,3
RV0034150,O0034165,C004822,4,5
RV0034302,O0034317,C001235,5,3
RV0023222,O0023232,C002713,3,3
RV0035411,O0035427,C000358,5,3
RV0043560,O0043584,C004398,5,3
RV0019373,O0019383,C001714,5,5
RV0016224,O0016232,C000120,5,4
RV0002826,O0002827,C002020,4,3
RV0014085,O0014093,C003500,5,4
RV0008374,O0008379,C003289,3,5
RV0029740,O0029753,C004561,4,4
RV0040554,O0040576,C000953,3,5
RV0030617,O0030630,C002869,3,4
RV0016281,O0016289,C001075,4,4
RV0018331,O0018341,C003977,5,5
RV0037511,O0037529,C004969,5,3
RV0002993,O0002994,C003852,3,3
RV0039239,O0039259,C001858,3,5
RV0023443,O0023453,C001828,5,5
RV0002088,O0002089,C000161,4,5
RV0011852,O0011859,C001661,4,5
RV0031293,O0031307,C001336,4,5
RV0029618,O0029631,C003651,5,4
RV0015465,O0015473,C002546,5,4
RV0034907,O0034923,C004715,5,3
RV0035403,O0035419,C001435,5,3
RV0036647,O0036665,C003718,4,3
RV0020693,O0020703,C002860,5,3
RV0043179,O0043203,C000867,4,5
RV0009113,O0009118,C003214,4,3
RV0019682,O0019692,C003239,5,4
RV0033981,O0033996,C001026,5,4
RV0047873,O0047901,C001362,3,3
RV0028556,O0028569,C004871,3,5
RV0037028,O0037046,C001260,5,3
RV0049608,O0049638,C003984,5,4
RV0015558,O0015566,C004230,3,5
RV0019986,O0019996,C004193,4,5
RV0003547,O0003548,C003273,3,3
RV0041222,O0041244,C003984,4,3
RV0032864,O0032879,C000517,4,3
RV0021489,O0021499,C003036,5,3
RV0045536,O0045561,C001931,4,4
RV0047740,O0047768,C002093,5,4
RV0014430,O0014438,C000818,3,5
RV0013504,O0013511,C004104,5,3
RV0024066,O0024076,C002618,4,5
RV0040279,O0040300,C002540,3,3
RV0037936,O0037954,C000441,5,4
RV0034526,O0034542,C001849,5,4
RV0039363,O0039383,C002992,3,5
RV0043339,O0043363,C004495,4,3
RV0048644,O0048672,C004636,3,3
RV0036180,O0036198,C003906,3,4
RV0016927,O0016935,C000850,4,5
RV0015526,O0015534,C000422,3,4
RV0012141,O0012148,C003042,5,5
RV0022153,O0022163,C000158,5,4
RV0031307,O0031321,C004212,3,5
RV0045617,O0045642,C000001,3,3
RV0032639,O0032654,C000203,3,5
RV0013462,O0013469,C000635,4,3
RV0004010,O0004011,C000138,4,4
RV0011165,O0011171,C004984,4,4
RV0007496,O0007500,C004578,5,5
RV0018295,O0018305,C002626,3,3
RV0001992,O0001993,C000799,3,5
RV0039117,O0039137,C004436,4,3
RV0009097,O0009102,C000665,4,4
RV0049013,O0049041,C001783,4,5
RV0029922,O0029935,C000456,5,4
RV0019655,O0019665,C001342,4,5
RV0048216,O0048244,C001426,5,5
RV0018495,O0018505,C001045,3,5
RV0005579,O0005581,C003376,3,5
RV0020834,O0020844,C000485,4,4
RV0008891,O0008896,C003954,4,4
RV0014067,O0014075,C000088,4,3
RV0008249,O0008254,C004617,4,5
RV0028764,O0028777,C000859,5,5
RV0037983,O0038001,C002971,3,5
RV0001423,O0001424,C000461,3,4
RV0000436,O0000437,C002189,3,3
RV0030790,O0030804,C001137,5,3
RV0013793,O0013800,C003252,5,3
RV0040478,O0040500,C004603,4,4
RV0047731,O0047759,C002579,4,4
RV0031479,O0031493,C004418,5,5
RV0014302,O0014310,C004529,4,3
RV0048228,O0048256,C003163,3,3
RV0007238,O0007241,C004528,3,5
RV0026517,O0026528,C002329,5,4
RV0048954,O0048982,C001041,3,4
RV0039587,O0039608,C002602,3,5
RV0029459,O0029472,C004501,4,3
RV0043141,O0043165,C001323,3,5
RV0033448,O0033463,C001560,5,5
RV0046731,O0046758,C003139,3,5
RV0005642,O0005644,C001066,5,5
RV0002743,O0002744,C000309,4,5
RV0007247,O0007250,C003062,5,5
RV0026338,O0026348,C002632,4,5
RV0015851,O0015859,C002102,5,3
RV0048716,O0048744,C002242,4,5
RV0032506,O0032521,C003675,5,3
RV0030867,O0030881,C000615,3,5
RV0016751,O0016759,C000878,4,4
RV0010591,O0010596,C000083,4,3
RV0001565,O0001566,C002299,5,5
RV0044364,O0044388,C003844,4,5
RV0038612,O0038631,C004727,3,5
RV0028784,O0028797,C004981,5,3
RV0038800,O0038819,C004598,3,4
RV0026225,O0026235,C002479,5,4
RV0003772,O0003773,C001217,3,3
RV0005853,O0005855,C000700,5,3
RV0041749,O0041771,C001647,5,4
RV0035675,O0035691,C003612,3,5
RV0046454,O0046481,C003880,3,5
RV0010339,O0010344,C002882,4,4
RV0027665,O0027678,C003340,4,5
RV0015952,O0015960,C002565,5,5
RV0007725,O0007730,C004701,3,5
RV0046219,O0046245,C004843,5,3
RV0031617,O0031631,C004460,5,3
RV0020438,O0020448,C003816,4,5
RV0018377,O0018387,C000706,5,4
RV0017003,O0017011,C001903,5,4
RV0048273,O0048301,C004913,4,5
RV0015477,O0015485,C002311,4,5
RV0036090,O0036108,C001412,5,4
RV0010388,O0010393,C003130,4,4
RV0034543,O0034559,C001138,4,3
RV0012848,O0012855,C000287,4,4
RV0016381,O0016389,C001977,4,3
RV0043782,O0043806,C004765,3,3
RV0032553,O0032568,C001402,5,3
RV0023120,O0023130,C001951,5,4
RV0005129,O0005131,C004147,3,3
RV0033409,O0033424,C001338,3,3
RV0032301,O0032316,C002780,3,4
RV0038036,O0038054,C003564,3,5
RV0044027,O0044051,C001394,5,3
RV0003242,O0003243,C000186,3,3
RV0037513,O0037531,C000232,3,4
RV0029641,O0029654,C001494,3,4
RV0049840,O0049870,C004573,3,5
RV0043869,O0043893,C004747,3,5
RV0005144,O0005146,C001355,4,5
RV0049549,O0049579,C000163,4,5
RV0015073,O0015081,C002351,5,5
RV0000979,O0000980,C001653,5,3
RV0033198,O0033213,C002719,4,5
RV0025200,O0025210,C001223,4,5
RV0049285,O0049314,C000030,5,5
RV0046531,O0046558,C004709,4,3
RV0013906,O0013913,C002826,4,5
RV0006282,O0006284,C000504,4,3
RV0019453,O0019463,C002616,5,5
RV0029760,O0029773,C003470,3,3
RV0018427,O0018437,C002698,3,4
RV0005672,O0005674,C004965,3,4
RV0009951,O0009956,C000404,3,3
RV0036267,O0036285,C003215,5,5
RV0036319,O0036337,C003285,5,3
RV0007586,O0007590,C002393,5,4
RV0020318,O0020328,C003409,3,3
RV0031582,O0031596,C004985,5,4
RV0019185,O0019195,C000582,3,5
RV0016982,O0016990,C004780,4,3
RV0041596,O0041618,C001404,4,5
RV0042081,O0042103,C001461,4,4
RV0029502,O0029515,C000531,5,4
RV0011466,O0011472,C004057,3,4
RV0042605,O0042628,C003846,4,5
RV0036983,O0037001,C002601,3,5
RV0037104,O0037122,C003967,3,3
RV0046887,O0046914,C001274,3,4
RV0031964,O0031979,C003897,5,4
RV0003074,O0003075,C000613,3,3
RV0001078,O0001079,C001315,5,5
RV0047660,O0047688,C000583,5,5
RV0013301,O0013308,C003352,4,4
RV0035026,O0035042,C002294,3,5
RV0005665,O0005667,C002965,4,4
RV0002989,O0002990,C001368,5,3
RV0013471,O0013478,C000810,4,4
RV0045527,O0045552,C000719,3,3
RV0010012,O0010017,C002595,3,4
RV0002814,O0002815,C003073,4,3
RV0041295,O0041317,C003546,3,5
RV0017928,O0017938,C004626,3,3
RV0000961,O0000962,C001139,5,5
RV0001791,O0001792,C004656,3,3
RV0041871,O0041893,C003359,4,4
RV0004393,O0004394,C001359,4,4
RV0022792,O0022802,C000821,5,4
RV0032772,O0032787,C001554,3,4
RV0023981,O0023991,C002408,5,4
RV0025769,O0025779,C000271,3,5
RV0005749,O0005751,C001200,4,5
RV0025886,O0025896,C003246,5,3
RV0037235,O0037253,C004576,5,5
RV0037274,O0037292,C002280,4,3
RV0030909,O0030923,C004371,5,4
RV0030775,O0030789,C001184,4,5
RV0033850,O0033865,C004877,3,5
RV0032809,O0032824,C000334,4,5
RV0004262,O0004263,C003364,4,3
RV0046728,O0046755,C004606,4,3
RV0001800,O0001801,C003544,5,5
RV0030769,O0030783,C003104,3,5
RV0019387,O0019397,C004584,5,4
RV0040125,O0040146,C000828,5,4
RV0023521,O0023531,C004473,5,4
RV0045382,O0045407,C001832,4,5
RV0020402,O0020412,C002109,4,5
RV0010079,O0010084,C002879,4,3
RV0027090,O0027102,C001396,3,3
RV0009233,O0009238,C002072,5,3
RV0043796,O0043820,C002402,4,5
RV0049242,O0049271,C001469,5,4
RV0035114,O0035130,C001288,3,4
RV0025021,O0025031,C002023,4,4
RV0015798,O0015806,C000387,5,5
RV0034093,O0034108,C004870,3,3
RV0048454,O0048482,C001357,3,4
RV0038828,O0038847,C003993,4,5
RV0006942,O0006945,C002681,3,3
RV0035023,O0035039,C002239,3,4
RV0033321,O0033336,C003771,4,4
RV0033961,O0033976,C001930,5,5
RV0047705,O0047733,C001331,4,3
RV0005325,O0005327,C001277,3,4
RV0034849,O0034865,C003109,3,5
RV0043488,O0043512,C002490,5,4
RV0013251,O0013258,C003652,4,4
RV0026823,O0026834,C003733,3,5
RV0012124,O0012131,C004231,3,3
RV0035444,O0035460,C004292,5,5
RV0026334,O0026344,C002762,3,5
RV0005857,O0005859,C004563,3,3
RV0039061,O0039080,C001299,5,4
RV0043498,O0043522,C000827,5,3
RV0013373,O0013380,C000026,5,3
RV0049452,O0049482,C000716,5,5
RV0046407,O0046434,C004701,3,4
RV0014409,O0014417,C003008,4,5
RV0027098,O0027110,C003400,4,5
RV0044111,O0044135,C004320,4,4
RV0018104,O0018114,C004171,4,3
RV0049045,O0049073,C001315,5,3
RV0024645,O0024655,C002175,3,5
RV0035839,O0035855,C003670,5,4
RV0048010,O0048038,C004643,5,5
RV0013475,O0013482,C001891,3,5
RV0030198,O0030211,C004007,4,5
RV0007195,O0007198,C004528,4,5
RV0003579,O0003580,C001203,3,3
RV0017295,O0017304,C003376,4,4
RV0010890,O0010896,C003060,3,4
RV0046115,O0046141,C002151,3,5
RV0004204,O0004205,C004084,4,4
RV0009163,O0009168,C003633,5,5
RV0045432,O0045457,C002945,4,5
RV0037272,O0037290,C002119,3,3
RV0015541,O0015549,C000687,5,4
RV0029568,O0029581,C002874,4,3
RV0033025,O0033040,C002147,4,5
RV0000001,O0000002,C002025,5,5
RV0015719,O0015727,C000881,3,3
RV0030861,O0030875,C000369,3,3
RV0007648,O0007652,C001197,4,4
RV0004217,O0004218,C003257,3,5
RV0010445,O0010450,C001324,5,4
RV0001185,O0001186,C000328,5,4
RV0046060,O0046086,C003626,5,5
RV0012958,O0012965,C001362,3,4
RV0036411,O0036429,C000261,3,5
RV0005386,O0005388,C003068,3,3
RV0028042,O0028055,C000379,4,3
RV0012492,O0012499,C002334,5,5
RV0036826,O0036844,C003092,3,3
RV0043025,O0043049,C004723,4,4
RV0011028,O0011034,C004834,5,4
RV0042775,O0042798,C002274,5,5
RV0003979,O0003980,C003489,4,3
RV0007090,O0007093,C001935,5,4
RV0045088,O0045113,C003344,3,4
RV0034240,O0034255,C000260,3,3
RV0031614,O0031628,C000229,5,4
RV0041931,O0041953,C002854,3,3
RV0014513,O0014521,C001772,3,5
RV0019045,O0019055,C001078,3,3
RV0016539,O0016547,C001992,4,3
RV0033277,O0033292,C001529,4,5
RV0045902,O0045928,C001207,3,5
RV0032540,O0032555,C001910,3,5
RV0018502,O0018512,C001035,4,5
RV0024808,O0024818,C002200,3,4
RV0007104,O0007107,C002128,4,3
RV0031618,O0031632,C002236,3,3
RV0016030,O0016038,C001464,5,4
RV0004056,O0004057,C003219,4,4
RV0043663,O0043687,C001962,4,5
RV0034867,O0034883,C001983,5,3
RV0007191,O0007194,C002173,3,3
RV0048350,O0048378,C000191,5,4
RV0000938,O0000939,C001666,4,3
RV0044652,O0044677,C002615,3,3
RV0033094,O0033109,C004730,5,3
RV0031613,O0031627,C000074,3,3
RV0001072,O0001073,C004741,3,3
RV0047905,O0047933,C000998,3,3
RV0041104,O0041126,C002797,3,5
RV0044944,O0044969,C000858,3,5
RV0017555,O0017564,C001908,4,3
RV0023982,O0023992,C004340,4,5
RV0016062,O0016070,C000930,5,5
RV0019976,O0019986,C000612,4,4
RV0040547,O0040569,C002863,5,4
RV0045223,O0045248,C003628,5,3
RV0045940,O0045966,C004004,5,3
RV0037354,O0037372,C003086,4,4
RV0029632,O0029645,C000039,5,3
RV0017663,O0017672,C003985,5,4
RV0000090,O0000091,C004503,5,3
RV0044170,O0044194,C000339,4,4
RV0027669,O0027682,C004314,5,4
RV0012358,O0012365,C001196,3,5
RV0046545,O0046572,C004761,4,4
RV0046541,O0046568,C004572,3,3
RV0035964,O0035981,C000951,3,5
RV0000498,O0000499,C002475,5,4
RV0042997,O0043021,C000324,3,4
RV0031425,O0031439,C001022,4,5
RV0043845,O0043869,C002811,4,3
RV0016933,O0016941,C003855,5,3
RV0020821,O0020831,C004203,5,3
RV0024985,O0024995,C003896,5,4
RV0022503,O0022513,C003149,5,4
RV0005145,O0005147,C002762,3,5
RV0041341,O0041363,C001996,4,5
RV0025777,O0025787,C000716,5,5
RV0007487,O0007491,C003827,5,4
RV0033900,O0033915,C004049,5,3
RV0017462,O0017471,C004964,3,4
RV0048169,O0048197,C004426,3,5
RV0027706,O0027719,C002077,4,3
RV0018237,O0018247,C001549,4,4
RV0021434,O0021444,C002317,5,4
RV0006493,O0006496,C001145,3,4
RV0039966,O0039987,C001079,3,3
RV0026560,O0026571,C004897,4,3
RV0049749,O0049779,C001250,5,3
RV0030664,O0030677,C004940,4,5
RV0041175,O0041197,C001456,5,5
RV0004645,O0004646,C000563,3,4
RV0031830,O0031844,C002845,3,3
RV0031201,O0031215,C004608,3,5
RV0015242,O0015250,C000472,5,5
RV0005757,O0005759,C004646,5,4
RV0041409,O0041431,C002029,5,4
RV0038877,O0038896,C000067,4,5
RV0006140,O0006142,C000548,5,4
RV0006912,O0006915,C000662,4,4
RV0010491,O0010496,C004610,5,3
RV0030803,O0030817,C003587,4,5
RV0030681,O0030694,C002146,4,4
RV0047979,O0048007,C000668,5,4
RV0044720,O0044745,C002712,3,5
RV0038820,O0038839,C003364,5,5
RV0007361,O0007365,C002016,4,4
RV0042245,O0042267,C003658,3,3
RV0001457,O0001458,C002738,5,5
RV0005201,O0005203,C002251,3,5
RV0047570,O0047598,C004943,4,5
RV0049180,O0049209,C001918,3,5
RV0033060,O0033075,C003094,5,5
RV0025162,O0025172,C003519,4,4
RV0045021,O0045046,C000159,3,5
RV0028978,O0028991,C000494,3,3
RV0001796,O0001797,C004381,3,4
RV0040229,O0040250,C003866,3,3
RV0016954,O0016962,C003423,4,5
RV0003018,O0003019,C001888,3,3
RV0032342,O0032357,C004825,5,4
RV0044728,O0044753,C003809,4,5
RV0015607,O0015615,C000116,3,4
RV0019232,O0019242,C003290,3,4
RV0017406,O0017415,C001212,4,5
RV0036467,O0036485,C004566,5,4
RV0023868,O0023878,C002788,3,5
RV0012181,O0012188,C000589,5,4
RV0006703,O0006706,C001263,4,5
RV0047315,O0047343,C002988,4,3
RV0048146,O0048174,C003392,3,3
RV0035478,O0035494,C003601,3,3
RV0002645,O0002646,C003274,4,4
RV0021764,O0021774,C003706,5,5
RV0026218,O0026228,C001264,4,4
RV0000186,O0000187,C004855,5,3
RV0039698,O0039719,C003886,4,3
RV0008106,O0008111,C003844,3,5
RV0002166,O0002167,C001312,4,5
RV0006316,O0006318,C002215,4,5
RV0029172,O0029185,C004161,5,4
RV0046320,O0046347,C001684,4,4
RV0012883,O0012890,C000075,4,5
RV0049355,O0049385,C002628,3,3
RV0035002,O0035018,C003128,4,3
RV0012044,O0012051,C001787,5,5
RV0045601,O0045626,C004859,5,3
RV0020279,O0020289,C000420,3,5
RV0027520,O0027533,C002580,3,5
RV0004932,O0004934,C001959,4,4
RV0000280,O0000281,C004574,3,3
RV0019437,O0019447,C001518,3,4
RV0024590,O0024600,C003803,4,3
RV0030247,O0030260,C000722,5,3
RV0048263,O0048291,C004927,5,5
RV0021363,O0021373,C001660,4,5
RV0042527,O0042550,C004199,5,4
RV0036831,O0036849,C000169,3,4
RV0019443,O0019453,C004597,5,5
RV0003723,O0003724,C004887,5,5
RV0046730,O0046757,C002067,4,3
RV0044561,O0044586,C002137,4,5
RV0003281,O0003282,C001513,4,3
RV0019783,O0019793,C002456,3,5
RV0016869,O0016877,C002158,3,4
RV0045844,O0045870,C004217,5,3
RV0007732,O0007737,C004320,4,4
RV0014285,O0014293,C002554,5,5
RV0022198,O0022208,C002576,4,5
RV0009701,O0009706,C002892,4,5
RV0017856,O0017866,C000460,5,4
RV0013321,O0013328,C002022,5,5
RV0006319,O0006321,C004816,4,3
RV0010118,O0010123,C002529,5,5
RV0020053,O0020063,C002879,4,5
RV0002845,O0002846,C001612,5,5
RV0020841,O0020851,C000596,5,3
RV0011921,O0011928,C002476,3,3
RV0022271,O0022281,C004997,4,3
RV0003578,O0003579,C002259,4,3
RV0019058,O0019068,C001031,5,3
RV0043462,O0043486,C004387,4,4
RV0027662,O0027675,C004639,3,4
RV0023577,O0023587,C000544,4,3
RV0029839,O0029852,C001581,5,5
RV0000682,O0000683,C003416,4,4
RV0026257,O0026267,C004642,5,4
RV0004230,O0004231,C000476,3,3
RV0005935,O0005937,C001815,3,5
RV0031078,O0031092,C002323,5,4
RV0044558,O0044583,C001797,4,3
RV0005001,O0005003,C003238,5,4
RV0002923,O0002924,C001137,5,4
RV0015703,O0015711,C000479,5,4
RV0018068,O0018078,C004277,5,4
RV0037786,O0037804,C003708,4,3
RV0002691,O0002692,C003560,4,3
RV0007827,O0007832,C002168,5,4
RV0004811,O0004813,C003211,3,4
RV0035532,O0035548,C002185,4,4
RV0003446,O0003447,C002439,4,5
RV0036012,O0036030,C002191,4,3
RV0023818,O0023828,C002761,5,4
RV0008156,O0008161,C003909,3,4
RV0018739,O0018749,C004992,4,5
RV0010527,O0010532,C000203,5,4
RV0027146,O0027158,C002445,5,4
RV0042972,O0042995,C000478,4,4
RV0039005,O0039024,C001285,3,3
RV0021429,O0021439,C001924,4,3
RV0011037,O0011043,C002203,4,5
RV0044412,O0044436,C002854,5,4
RV0043142,O0043166,C000587,4,4
RV0031342,O0031356,C000079,3,3
RV0001231,O0001232,C004619,4,5
RV0007751,O0007756,C004591,4,3
RV0000108,O0000109,C004879,5,4
RV0040304,O0040325,C003106,5,3
RV0024279,O0024289,C002481,3,5
RV0047694,O0047722,C002275,4,5
RV0018586,O0018596,C003271,5,4
RV0048962,O0048990,C001340,3,4
RV0003529,O0003530,C001058,4,4
RV0003110,O0003111,C001351,3,4
RV0021457,O0021467,C001347,5,3
RV0049524,O0049554,C001550,4,5
RV0036414,O0036432,C001008,5,5
RV0045188,O0045213,C000707,4,4
RV0017102,O0017110,C000684,4,3
RV0017474,O0017483,C002971,3,3
RV0044534,O0044558,C001335,3,3
RV0034740,O0034756,C003831,4,5
RV0019901,O0019911,C004842,4,5
RV0044321,O0044345,C001466,5,5
RV0016413,O0016421,C002303,4,3
RV0013253,O0013260,C004420,4,3
RV0001396,O0001397,C000954,3,5
RV0016742,O0016750,C004380,5,5
RV0019574,O0019584,C002332,3,3
RV0026922,O0026933,C002712,5,4
RV0048223,O0048251,C004876,5,4
RV0014501,O0014509,C004436,5,3
RV0003141,O0003142,C000703,4,3
RV0039907,O0039928,C003429,4,5
RV0049752,O0049782,C004203,5,4
RV0034673,O0034689,C000995,3,4
RV0024350,O0024360,C003805,5,5
RV0007336,O0007339,C003979,4,4
RV0039007,O0039026,C003820,3,5
RV0011265,O0011271,C004624,5,4
RV0004289,O0004290,C002490,3,3
RV0038040,O0038058,C004609,5,4
RV0006663,O0006666,C003932,3,5
RV0015397,O0015405,C003070,3,3
RV0043054,O0043078,C001652,5,4
RV0016323,O0016331,C002289,4,3
RV0003202,O0003203,C002108,5,4
RV0045820,O0045846,C003551,4,4
RV0029688,O0029701,C002370,4,4
RV0019970,O0019980,C003955,3,3
RV0030334,O0030347,C003000,3,3
RV0008288,O0008293,C003821,5,3
RV0044387,O0044411,C003555,4,4
RV0017808,O0017817,C004351,5,3
RV0026065,O0026075,C001185,5,5
RV0002323,O0002324,C004059,3,4
RV0014148,O0014156,C001323,3,4
RV0024732,O0024742,C001927,5,5
RV0038282,O0038300,C002847,3,4
RV0044659,O0044684,C002644,5,3
RV0039009,O0039028,C000167,3,4
RV0020913,O0020923,C003648,3,3
RV0015232,O0015240,C001148,5,5
RV0006753,O0006756,C004861,4,5
RV0008480,O0008485,C001211,5,4
RV0010393,O0010398,C002207,5,3
RV0039407,O0039428,C002311,3,3
RV0042397,O0042419,C003172,5,4
RV0036637,O0036655,C000351,4,4
RV0027791,O0027804,C003972,3,4
RV0024349,O0024359,C000336,5,5
RV0045348,O0045373,C004631,3,3
RV0035516,O0035532,C004512,3,3
RV0032865,O0032880,C003630,5,5
RV0034103,O0034118,C000697,4,3
RV0004546,O0004547,C002259,5,5
RV0016179,O0016187,C002055,3,3
RV0033261,O0033276,C003143,5,4
RV0045974,O0046000,C003962,4,5
RV0006149,O0006151,C000366,3,3
RV0021660,O0021670,C001985,5,4
RV0044438,O0044462,C004101,3,3
RV0037006,O0037024,C002654,3,5
RV0008632,O0008637,C000615,5,3
RV0047811,O0047839,C001252,3,3
RV0017714,O0017723,C004075,5,3
RV0022267,O0022277,C004734,3,5
RV0022047,O0022057,C002749,5,3
RV0019492,O0019502,C003764,5,4
RV0035519,O0035535,C003606,4,3
RV0047623,O0047651,C004594,3,3
RV0035120,O0035136,C002109,5,5
RV0042556,O0042579,C003192,3,5
RV0038359,O0038377,C000441,4,4
RV0001323,O0001324,C002570,4,3
RV0040389,O0040410,C000742,5,3
RV0015594,O0015602,C004290,3,3
RV0044644,O0044669,C003898,3,5
RV0024493,O0024503,C004971,4,5
RV0024560,O0024570,C004972,4,4
RV0025810,O0025820,C003006,3,5
RV0000608,O0000609,C003012,4,4
RV0017039,O0017047,C004219,3,3
RV0036750,O0036768,C001262,4,5
RV0030558,O0030571,C001563,3,4
RV0041735,O0041757,C003149,4,4
RV0011210,O0011216,C000559,5,5
RV0013059,O0013066,C002443,3,5
RV0037404,O0037422,C000992,5,3
RV0017893,O0017903,C001689,3,3
RV0035945,O0035962,C003899,3,5
RV0000383,O0000384,C001806,3,3
RV0015291,O0015299,C002307,3,4
RV0036563,O0036581,C001219,4,4
RV0014115,O0014123,C000646,3,5
RV0015224,O0015232,C001379,3,4
RV0014487,O0014495,C002756,4,5
RV0027908,O0027921,C003359,3,4
RV0033991,O0034006,C000702,4,5
RV0042372,O0042394,C003807,5,4
RV0000475,O0000476,C004019,5,3
RV0037671,O0037689,C000584,5,5
RV0018346,O0018356,C001255,5,5
RV0013609,O0013616,C003912,3,5
RV0041531,O0041553,C004927,5,3
RV0001467,O0001468,C003166,4,4
RV0039651,O0039672,C002072,5,5
RV0006724,O0006727,C002798,4,3
RV0033248,O0033263,C003504,5,5
RV0036475,O0036493,C001475,4,4
RV0015178,O0015186,C001321,5,5
RV0017436,O0017445,C004473,4,5
RV0014273,O0014281,C000747,5,5
RV0008122,O0008127,C002393,4,4
RV0022702,O0022712,C003994,4,3
RV0007600,O0007604,C000888,5,3
RV0036873,O0036891,C002235,3,5
RV0044402,O0044426,C000137,4,3
RV0039786,O0039807,C003303,4,3
RV0003303,O0003304,C002053,5,5
RV0006342,O0006344,C001789,3,3
RV0010595,O0010600,C004067,4,3
RV0016313,O0016321,C001516,5,3
RV0000923,O0000924,C000416,3,4
RV0049621,O0049651,C003634,4,5
RV0003601,O0003602,C004756,3,5
RV0027348,O0027361,C004532,5,3
RV0003875,O0003876,C002642,4,4
RV0006868,O0006871,C003630,4,5
RV0007028,O0007031,C004770,4,3
RV0041812,O0041834,C004826,3,5
RV0004346,O0004347,C000455,4,4
RV0025495,O0025505,C003928,4,4
RV0042558,O0042581,C004553,5,5
RV0041845,O0041867,C004697,4,5
RV0008541,O0008546,C001778,4,4
RV0006006,O0006008,C004208,4,4
RV0035635,O0035651,C000235,3,5
RV0020898,O0020908,C002573,4,5
RV0048920,O0048948,C000510,4,4
RV0048579,O0048607,C004878,3,5
RV0034974,O0034990,C002198,4,5
RV0030533,O0030546,C002221,3,4
RV0002625,O0002626,C001646,5,4
RV0012351,O0012358,C002605,3,4
RV0016695,O0016703,C003399,3,5
RV0041811,O0041833,C000626,5,4
RV0031977,O0031992,C000940,4,4
RV0014940,O0014948,C000945,4,5
RV0045859,O0045885,C000082,4,5
RV0035605,O0035621,C002380,4,5
RV0048547,O0048575,C002840,3,4
RV0021112,O0021122,C000771,3,5
RV0026146,O0026156,C003633,4,5
RV0035550,O0035566,C002865,5,5
RV0014806,O0014814,C004039,5,5
RV0029367,O0029380,C004184,4,5
RV0044404,O0044428,C004460,5,4
RV0032565,O0032580,C000282,5,5
RV0037358,O0037376,C002867,4,4
RV0005784,O0005786,C002863,5,5
RV0047733,O0047761,C000344,3,3
RV0043447,O0043471,C004810,4,3
RV0031251,O0031265,C000021,3,4
RV0007989,O0007994,C001035,4,4
RV0024012,O0024022,C004982,5,5
RV0010927,O0010933,C001414,3,3
RV0002357,O0002358,C002124,5,5
RV0041828,O0041850,C001215,4,5
RV0017311,O0017320,C000828,5,5
RV0001398,O0001399,C001197,3,4
RV0037224,O0037242,C001245,5,3
RV0023276,O0023286,C001712,4,5
RV0023080,O0023090,C001659,5,5
RV0030838,O0030852,C001432,5,5
RV0009279,O0009284,C003478,4,3
RV0033609,O0033624,C001302,4,5
RV0020397,O0020407,C001634,3,5
RV0041281,O0041303,C003270,5,4
RV0047105,O0047132,C001723,4,4
RV0042309,O0042331,C004332,3,4
RV0037442,O0037460,C000730,4,4
RV0027550,O0027563,C004871,4,3
RV0016027,O0016035,C002236,5,5
RV0022944,O0022954,C002954,3,5
RV0000470,O0000471,C004138,4,4
RV0046948,O0046975,C000781,3,4
RV0024026,O0024036,C003890,5,3
RV0009038,O0009043,C001879,3,3
RV0026166,O0026176,C002700,5,5
RV0012791,O0012798,C004320,4,5
RV0029074,O0029087,C004103,5,3
RV0030244,O0030257,C004461,5,5
RV0026453,O0026463,C003959,4,4
RV0007969,O0007974,C003568,4,5
RV0039231,O0039251,C002523,3,4
RV0022756,O0022766,C001915,3,4
RV0018341,O0018351,C003958,3,4
RV0033646,O0033661,C000972,4,5
RV0019432,O0019442,C001768,3,4
RV0037814,O0037832,C001770,4,5
RV0014348,O0014356,C004151,4,4
RV0016690,O0016698,C000854,5,5
RV0016953,O0016961,C004442,5,5
RV0003643,O0003644,C004101,5,5
RV0009724,O0009729,C001927,5,3
RV0033592,O0033607,C002487,5,5
RV0030163,O0030176,C003403,4,4
RV0034058,O0034073,C004621,4,5
RV0008501,O0008506,C003119,3,3
RV0009392,O0009397,C002535,3,5
RV0003248,O0003249,C002695,3,4
RV0008913,O0008918,C002350,4,4
RV0010427,O0010432,C004374,5,5
RV0045397,O0045422,C003758,3,3
RV0025202,O0025212,C003219,5,4
RV0040976,O0040998,C001496,5,5
RV0045207,O0045232,C003786,5,4
RV0020015,O0020025,C001110,4,3
RV0010072,O0010077,C001277,3,5
RV0032100,O0032115,C004050,5,3
RV0033116,O0033131,C002857,5,5
RV0028917,O0028930,C003314,4,3
RV0040269,O0040290,C001825,5,3
RV0022385,O0022395,C004462,5,4
RV0000181,O0000182,C003879,5,4
RV0009206,O0009211,C004824,3,5
RV0040498,O0040520,C004544,5,4
RV0048100,O0048128,C000466,4,5
RV0042197,O0042219,C004630,4,4
RV0019452,O0019462,C000622,4,4
RV0001143,O0001144,C002513,3,3
RV0016085,O0016093,C000628,3,3
RV0019458,O0019468,C001050,3,3
RV0037933,O0037951,C002774,5,3
RV0014084,O0014092,C004071,3,4
RV0038194,O0038212,C002240,3,3
RV0021669,O0021679,C000561,4,3
RV0045191,O0045216,C003215,5,5
RV0011749,O0011756,C004681,3,3
RV0032973,O0032988,C001595,5,5
RV0040616,O0040638,C003695,3,3
RV0030347,O0030360,C003953,5,5
RV0001008,O0001009,C004847,5,3
RV0033430,O0033445,C004843,3,4
RV0037151,O0037169,C002342,4,3
RV0025655,O0025665,C001102,3,4
RV0028153,O0028166,C000445,3,4
RV0008147,O0008152,C002309,5,4
RV0041881,O0041903,C003085,3,4
RV0018795,O0018805,C000940,5,3
RV0011398,O0011404,C004944,5,3
RV0033394,O0033409,C000186,5,3
RV0010308,O0010313,C004507,5,3
RV0024947,O0024957,C002464,5,3
RV0023357,O0023367,C004282,4,3
RV0047020,O0047047,C004205,3,4
RV0014129,O0014137,C000226,5,3
RV0032868,O0032883,C002481,5,3
RV0041653,O0041675,C002291,4,3
RV0027129,O0027141,C002022,5,4
RV0035086,O0035102,C001205,3,5
RV0033482,O0033497,C001092,5,5
RV0026938,O0026949,C002298,3,5
RV0048826,O0048854,C002460,4,4
RV0030500,O0030513,C001099,3,3
RV0038181,O0038199,C001004,5,5
RV0004285,O0004286,C001370,3,3
RV0025239,O0025249,C003022,4,4
RV0039359,O0039379,C000896,4,4
RV0040932,O0040954,C004442,4,3
RV0035716,O0035732,C004303,5,4
RV0001623,O0001624,C001641,3,4
RV0035337,O0035353,C003683,5,3
RV0043751,O0043775,C002942,4,3
RV0008134,O0008139,C001796,5,3
RV0029498,O0029511,C003249,3,3
RV0009737,O0009742,C002095,4,4
RV0017185,O0017193,C004231,4,5
RV0007609,O0007613,C000347,3,4
RV0019771,O0019781,C003171,3,5
RV0031303,O0031317,C002765,4,4
RV0031666,O0031680,C002364,4,3
RV0025071,O0025081,C002875,3,3
RV0045678,O0045703,C002321,4,5
RV0002877,O0002878,C002964,4,5
RV0012487,O0012494,C000294,4,5
RV0020089,O0020099,C003094,3,4
RV0034551,O0034567,C001229,3,4
RV0022011,O0022021,C000933,5,5
RV0006110,O0006112,C000401,3,4
RV0029787,O0029800,C003490,3,3
RV0004919,O0004921,C000857,3,5
RV0014564,O0014572,C000186,4,5
RV0035284,O0035300,C001929,4,3
RV0042989,O0043013,C003579,5,5
RV0048522,O0048550,C002402,3,4
RV0010178,O0010183,C004777,4,3
RV0039026,O0039045,C000663,3,5
RV0003704,O0003705,C002773,4,4
RV0026812,O0026823,C002819,4,5
RV0034390,O0034406,C001430,5,3
RV0044392,O0044416,C001601,5,5
RV0011665,O0011671,C004779,3,5
RV0031297,O0031311,C004565,4,5
RV0024197,O0024207,C001357,3,3
RV0031184,O0031198,C002373,4,3
RV0002259,O0002260,C002395,3,4
RV0001335,O0001336,C002287,5,5
RV0044063,O0044087,C003116,3,5
RV0032485,O0032500,C001560,5,4
RV0009232,O0009237,C004573,3,4
RV0026888,O0026899,C003605,5,5
RV0046580,O0046607,C001328,4,3
RV0021562,O0021572,C001094,5,4
RV0011081,O0011087,C004676,4,5
RV0002453,O0002454,C003463,4,4
RV0013963,O0013971,C000133,4,3
RV0033229,O0033244,C001729,4,4
RV0034047,O0034062,C002111,5,3
RV0012815,O0012822,C003895,5,5
RV0037108,O0037126,C003158,5,5
RV0036022,O0036040,C000028,3,4
RV0035541,O0035557,C001815,4,3
RV0038017,O0038035,C003126,4,4
RV0043942,O0043966,C004661,3,4
RV0028814,O0028827,C004587,5,4
RV0005038,O0005040,C002864,3,4
RV0030189,O0030202,C004111,5,5
RV0010665,O0010670,C003715,5,4
RV0047580,O0047608,C001956,4,3
RV0039967,O0039988,C004146,4,4
RV0014757,O0014765,C002581,4,3
RV0019382,O0019392,C003136,5,3
RV0025119,O0025129,C000155,3,4
RV0014505,O0014513,C000436,4,4
RV0020775,O0020785,C001660,5,3
RV0004400,O0004401,C000059,3,5
RV0018397,O0018407,C002930,3,3
RV0018558,O0018568,C002184,4,3
RV0015956,O0015964,C003094,5,3
RV0010842,O0010848,C003406,5,3
RV0039960,O0039981,C001057,5,3
RV0008672,O0008677,C004627,5,3
RV0031296,O0031310,C003289,4,3
RV0046139,O0046165,C001879,3,4
RV0043528,O0043552,C002646,5,4
RV0046155,O0046181,C001358,5,5
RV0003833,O0003834,C002763,5,3
RV0035107,O0035123,C001476,4,5
RV0049398,O0049428,C004421,4,4
RV0010059,O0010064,C002861,4,4
RV0014424,O0014432,C002330,4,5
RV0047050,O0047077,C004760,4,4
RV0016144,O0016152,C001351,5,4
RV0038720,O0038739,C003116,5,5
RV0017284,O0017293,C003236,5,3
RV0049822,O0049852,C002118,4,5
RV0025759,O0025769,C001593,5,4
RV0011062,O0011068,C002137,3,4
RV0001284,O0001285,C000077,3,5
RV0032953,O0032968,C002106,4,4
RV0046256,O0046283,C001826,4,4
RV0028227,O0028240,C000533,4,4
RV0047468,O0047496,C002626,5,3
RV0043972,O0043996,C000026,3,4
RV0001023,O0001024,C004409,5,4
RV0017515,O0017524,C004785,4,3
RV0030093,O0030106,C003156,5,3
RV0034350,O0034366,C001553,5,5
RV0028965,O0028978,C004136,3,5
RV0007275,O0007278,C000264,4,3
RV0023948,O0023958,C004326,5,5
RV0035858,O0035874,C002697,4,3
RV0030568,O0030581,C003883,3,3
RV0033476,O0033491,C000371,3,4
RV0029662,O0029675,C003085,5,5
RV0032331,O0032346,C001781,3,4
RV0042040,O0042062,C003407,3,3
RV0006197,O0006199,C001661,5,3
RV0037555,O0037573,C002834,5,3
RV0029115,O0029128,C001726,5,3
RV0041799,O0041821,C000643,5,5
RV0020292,O0020302,C002172,4,5
RV0004160,O0004161,C002113,3,5
RV0028662,O0028675,C001173,3,5
RV0033818,O0033833,C001039,5,4
RV0024814,O0024824,C001971,3,3
RV0040962,O0040984,C002941,3,5
RV0046019,O0046045,C003473,4,5
RV0047301,O0047329,C002947,5,4
RV0002633,O0002634,C003016,3,5
RV0032165,O0032180,C003277,4,5
RV0046594,O0046621,C002571,5,5
RV0009137,O0009142,C002694,5,4
RV0031328,O0031342,C001030,5,5
RV0017837,O0017846,C001225,5,4
RV0004178,O0004179,C001454,3,4
RV0044031,O0044055,C001160,4,3
RV0039018,O0039037,C001165,5,5
RV0030903,O0030917,C002237,4,3
RV0000550,O0000551,C003355,3,4
RV0015656,O0015664,C004844,4,4
RV0031372,O0031386,C001298,3,3
RV0036702,O0036720,C002032,4,5
RV0021439,O0021449,C000343,3,3
RV0032550,O0032565,C001586,5,3
RV0011433,O0011439,C000895,3,3
RV0025160,O0025170,C001908,3,5
RV0020268,O0020278,C000213,4,3
RV0044527,O0044551,C001130,5,4
RV0032621,O0032636,C002853,3,4
RV0010783,O0010789,C000488,4,4
RV0013389,O0013396,C001939,5,5
RV0004949,O0004951,C000154,3,3
RV0029005,O0029018,C000994,5,3
RV0031327,O0031341,C003160,5,5
RV0032856,O0032871,C003594,3,4
RV0046806,O0046833,C000391,3,3
RV0022979,O0022989,C000542,5,5
RV0015387,O0015395,C003823,5,5
RV0048473,O0048501,C003650,5,4
RV0043196,O0043220,C004777,5,5
RV0032753,O0032768,C004841,3,3
RV0010904,O0010910,C002727,4,5
RV0006237,O0006239,C002302,5,4
RV0031735,O0031749,C001752,3,3
RV0034687,O0034703,C001801,3,3
RV0003524,O0003525,C002812,3,5
RV0018496,O0018506,C003816,3,3
RV0011124,O0011130,C002681,4,3
RV0012662,O0012669,C003378,5,5
RV0037802,O0037820,C001405,4,5
RV0024553,O0024563,C003652,3,3
RV0014682,O0014690,C002672,4,3
RV0015813,O0015821,C002144,5,4
RV0029916,O0029929,C002488,4,4
RV0041192,O0041214,C000728,4,3
RV0010343,O0010348,C002701,4,3
RV0041766,O0041788,C002122,4,4
RV0041736,O0041758,C000927,4,4
RV0019532,O0019542,C001494,3,5
RV0030420,O0030433,C003714,4,4
RV0003719,O0003720,C000079,4,5
RV0006355,O0006357,C002952,4,4
RV0006521,O0006524,C001388,3,3
RV0014707,O0014715,C002868,3,5
RV0047675,O0047703,C003916,5,4
RV0018372,O0018382,C003337,3,4
RV0002284,O0002285,C004810,3,4
RV0040316,O0040337,C004319,5,5
RV0042953,O0042976,C004626,3,3
RV0026546,O0026557,C003295,4,5
RV0003503,O0003504,C003992,3,5
RV0042729,O0042752,C002749,4,3
RV0012301,O0012308,C000824,3,3
RV0023026,O0023036,C002733,3,3
RV0031563,O0031577,C002253,4,4
RV0021215,O0021225,C002087,4,3
RV0019811,O0019821,C003535,5,3
RV0024029,O0024039,C004514,4,5
RV0045964,O0045990,C004053,4,4
RV0010252,O0010257,C002535,5,5
RV0044381,O0044405,C000383,3,3
RV0015681,O0015689,C004883,3,5
RV0045802,O0045828,C000543,4,5
RV0018785,O0018795,C000581,3,3
RV0003287,O0003288,C000951,4,5
RV0008661,O0008666,C002844,4,3
RV0005394,O0005396,C004966,5,3
RV0049241,O0049270,C001165,5,4
RV0046945,O0046972,C003635,5,3
RV0004159,O0004160,C003784,4,3
RV0001240,O0001241,C003142,4,4
RV0022651,O0022661,C000230,5,4
RV0000267,O0000268,C000787,3,4
RV0028417,O0028430,C003988,4,3
RV0040330,O0040351,C001085,5,5
RV0042315,O0042337,C000656,4,5
RV0023072,O0023082,C000925,3,3
RV0008091,O0008096,C001284,4,3
RV0036106,O0036124,C003560,4,5
RV0040682,O0040704,C002955,5,3
RV0039965,O0039986,C001301,3,3
RV0029580,O0029593,C000209,4,4
RV0007611,O0007615,C001571,5,3
RV0030889,O0030903,C001787,3,3
RV0013480,O0013487,C001232,4,5
RV0006543,O0006546,C002941,4,5
RV0041740,O0041762,C002674,5,3
RV0042743,O0042766,C001903,5,4
RV0006860,O0006863,C002698,5,4
RV0044908,O0044933,C001353,5,4
RV0036605,O0036623,C000502,4,3
RV0026620,O0026631,C000881,4,4
RV0018885,O0018895,C004743,3,4
RV0015951,O0015959,C003061,5,5
RV0022683,O0022693,C001755,5,4
RV0010250,O0010255,C000419,5,5
RV0021761,O0021771,C004502,3,3
RV0042380,O0042402,C003740,3,5
RV0048009,O0048037,C004508,3,3
RV0017588,O0017597,C004757,5,5
RV0038917,O0038936,C000230,4,3
RV0014029,O0014037,C000428,3,3
RV0038026,O0038044,C004533,3,3
RV0013153,O0013160,C004840,5,5
RV0011014,O0011020,C002265,3,3
RV0024060,O0024070,C001094,3,4
RV0009398,O0009403,C001687,4,4
RV0041477,O0041499,C001447,5,4
RV0038747,O0038766,C001532,5,5
RV0037741,O0037759,C003563,5,3
RV0037195,O0037213,C000368,3,5
RV0014400,O0014408,C002238,5,4
RV0046322,O0046349,C004714,4,4
RV0042211,O0042233,C000617,5,5
RV0036887,O0036905,C003694,3,4
RV0009562,O0009567,C003528,4,4
RV0041693,O0041715,C003340,4,3
RV0007080,O0007083,C004507,4,3
RV0042066,O0042088,C001108,4,3
RV0034596,O0034612,C004849,5,3
RV0043420,O0043444,C002440,5,3
RV0036085,O0036103,C004133,4,3
RV0026574,O0026585,C004307,4,4
RV0027320,O0027333,C004753,5,4
RV0020636,O0020646,C003692,4,5
RV0011196,O0011202,C002942,3,4
RV0004029,O0004030,C000179,3,3
RV0016227,O0016235,C002233,5,4
RV0027827,O0027840,C004564,3,4
RV0017697,O0017706,C004923,4,3
RV0037124,O0037142,C001696,5,4
RV0010970,O0010976,C002741,5,3
RV0017846,O0017856,C002047,3,4
RV0042028,O0042050,C000177,5,4
RV0012229,O0012236,C004724,3,5
RV0028240,O0028253,C001696,3,4
RV0036328,O0036346,C001240,3,5
RV0033648,O0033663,C001671,5,5
RV0013999,O0014007,C001669,3,4
RV0021450,O0021460,C004081,4,3
RV0026332,O0026342,C000078,3,3
RV0019433,O0019443,C002927,4,5
RV0030081,O0030094,C004676,4,3
RV0047479,O0047507,C001154,4,5
RV0044951,O0044976,C004840,3,4
RV0033658,O0033673,C004695,5,5
RV0046774,O0046801,C000680,4,3
RV0016380,O0016388,C000625,4,3
RV0023966,O0023976,C001363,3,4
RV0024978,O0024988,C004521,4,5
RV0002149,O0002150,C001198,5,4
RV0033184,O0033199,C003454,5,4
RV0033543,O0033558,C001424,3,3
RV0035134,O0035150,C002690,4,3
RV0028201,O0028214,C000682,5,3
RV0019306,O0019316,C002924,5,5
RV0002374,O0002375,C000162,5,4
RV0019698,O0019708,C000209,4,4
RV0040899,O0040921,C000765,4,5
RV0017700,O0017709,C003469,3,3
RV0002097,O0002098,C004501,4,3
RV0034411,O0034427,C003076,3,3
RV0018391,O0018401,C004257,5,4
RV0041287,O0041309,C002298,5,3
RV0037181,O0037199,C000889,4,5
RV0010037,O0010042,C001584,3,5
RV0004764,O0004766,C001659,3,3
RV0001410,O0001411,C001425,3,3
RV0011900,O0011907,C001743,3,4
RV0045200,O0045225,C002526,5,5
RV0047891,O0047919,C001347,5,5
RV0010007,O0010012,C000062,5,4
RV0030553,O0030566,C002237,3,3
RV0038195,O0038213,C001937,4,5
RV0010802,O0010808,C000827,5,5
RV0045225,O0045250,C004390,3,4
RV0000226,O0000227,C003992,3,3
RV0032611,O0032626,C003589,5,5
RV0036280,O0036298,C002927,3,4
RV0021096,O0021106,C003272,3,5
RV0010337,O0010342,C004755,3,4
RV0012691,O0012698,C000640,5,3
RV0022243,O0022253,C003035,5,3
RV0045721,O0045746,C001832,4,4
RV0008628,O0008633,C002125,3,3
RV0043007,O0043031,C000375,3,5
RV0002949,O0002950,C002184,5,3
RV0001174,O0001175,C001107,3,5
RV0007901,O0007906,C000471,5,3
RV0011680,O0011686,C000238,5,5
RV0026448,O0026458,C003903,4,3
RV0017583,O0017592,C003345,4,5
RV0047867,O0047895,C004580,5,3
RV0002891,O0002892,C004379,4,4
RV0017577,O0017586,C000277,3,3
RV0045824,O0045850,C002301,3,3
RV0014960,O0014968,C001998,3,5
RV0025753,O0025763,C002321,5,4
RV0025273,O0025283,C001066,5,4
RV0034448,O0034464,C002799,5,5
RV0046812,O0046839,C001483,3,3
RV0022188,O0022198,C002587,4,3
RV0014356,O0014364,C004747,3,4
RV0012033,O0012040,C004245,5,4
RV0040146,O0040167,C004526,5,3
RV0013095,O0013102,C001426,3,4
RV0028137,O0028150,C004315,3,5
RV0030637,O0030650,C003045,5,5
RV0018400,O0018410,C004677,3,3
RV0043933,O0043957,C000498,3,5
RV0044234,O0044258,C001341,5,5
RV0032478,O0032493,C000212,3,5
RV0006551,O0006554,C002544,5,4
RV0030148,O0030161,C004374,3,5
RV0039558,O0039579,C003779,5,4
RV0001698,O0001699,C003273,5,4
RV0016295,O0016303,C000435,5,5
RV0016379,O0016387,C004288,4,3
RV0005549,O0005551,C000296,3,4
RV0044574,O0044599,C004960,3,3
RV0007656,O0007660,C003345,5,3
RV0031744,O0031758,C004841,3,4
RV0040236,O0040257,C003994,5,4
RV0011457,O0011463,C004754,3,5
RV0019442,O0019452,C001013,5,3
RV0028073,O0028086,C001914,3,4
RV0034126,O0034141,C002181,5,3
RV0042128,O0042150,C004522,4,3
RV0035138,O0035154,C004957,4,4
RV0029225,O0029238,C002954,4,5
RV0022349,O0022359,C004817,3,5
RV0045182,O0045207,C001324,5,4
RV0034255,O0034270,C003834,4,4
RV0038878,O0038897,C003112,3,5
RV0017235,O0017244,C000718,5,5
RV0031592,O0031606,C001657,3,3
RV0026800,O0026811,C003594,5,4
RV0036381,O0036399,C004739,5,4
RV0006036,O0006038,C003418,3,4
RV0033423,O0033438,C001999,3,3
RV0001497,O0001498,C002342,3,5
RV0011212,O0011218,C000293,5,5
RV0012283,O0012290,C002850,4,5
RV0016114,O0016122,C001929,5,5
RV0032827,O0032842,C004676,3,3
RV0044668,O0044693,C001895,4,4
RV0003282,O0003283,C004632,3,3
RV0040199,O0040220,C002702,3,4
RV0025399,O0025409,C000910,5,5
RV0045890,O0045916,C000731,5,4
RV0015119,O0015127,C000129,3,3
RV0019482,O0019492,C004855,5,5
RV0017532,O0017541,C003120,4,4
RV0028010,O0028023,C001015,3,5
RV0044796,O0044821,C000043,3,4
RV0000750,O0000751,C000245,3,3
RV0044755,O0044780,C002464,5,5
RV0014192,O0014200,C004963,5,3
RV0020490,O0020500,C001852,3,3
RV0040667,O0040689,C002012,5,3
RV0039768,O0039789,C001536,5,5
RV0031609,O0031623,C001800,5,4
RV0018598,O0018608,C001793,3,3
RV0000311,O0000312,C000295,5,3
RV0023815,O0023825,C004248,4,3
RV0032659,O0032674,C004195,4,4
RV0021428,O0021438,C001381,4,5
RV0004665,O0004666,C002247,3,3
RV0035726,O0035742,C002340,4,5
RV0049414,O0049444,C003621,5,5
RV0011607,O0011613,C002236,4,4
RV0001696,O0001697,C003483,3,5
RV0007416,O0007420,C004124,3,3
RV0041660,O0041682,C004950,5,3
RV0006865,O0006868,C002873,5,5
RV0028348,O0028361,C000653,3,4
RV0047579,O0047607,C004859,4,3
RV0005053,O0005055,C004184,4,3
RV0029854,O0029867,C000568,4,5
RV0042602,O0042625,C002327,4,4
RV0022492,O0022502,C004038,5,3
RV0007599,O0007603,C000875,5,5
RV0045750,O0045776,C001388,3,3
RV0020613,O0020623,C002999,4,4
RV0037382,O0037400,C003461,3,5
RV0032996,O0033011,C002005,3,3
RV0038647,O0038666,C004973,3,5
RV0048235,O0048263,C004858,4,4
RV0033373,O0033388,C000224,5,3
RV0030467,O0030480,C001713,4,3
RV0032502,O0032517,C003551,4,5
RV0008304,O0008309,C003943,4,3
RV0016467,O0016475,C002127,4,5
RV0034055,O0034070,C000578,3,5
RV0002489,O0002490,C002014,4,3
RV0038205,O0038223,C003930,4,5
RV0039599,O0039620,C001381,5,3
RV0027506,O0027519,C002018,4,3
RV0004593,O0004594,C004020,5,5
RV0047797,O0047825,C003985,5,4
RV0014362,O0014370,C002346,5,3
RV0032749,O0032764,C000958,4,4
RV0001326,O0001327,C004774,3,3
RV0011872,O0011879,C001532,5,3
RV0005756,O0005758,C001525,3,4
RV0034181,O0034196,C002871,5,4
RV0047069,O0047096,C004161,5,5
RV0013657,O0013664,C004188,5,5
RV0024774,O0024784,C003934,5,5
RV0003350,O0003351,C002428,3,5
RV0040847,O0040869,C003045,5,5
RV0041696,O0041718,C001612,4,5
RV0048574,O0048602,C004484,4,4
RV0000438,O0000439,C003130,4,3
RV0024841,O0024851,C001269,4,4
RV0006740,O0006743,C001424,4,3
RV0026995,O0027006,C000981,3,5
RV0029060,O0029073,C004589,4,5
RV0005684,O0005686,C004199,4,5
RV0042411,O0042433,C000669,5,4
RV0032910,O0032925,C002658,4,4
RV0001188,O0001189,C003830,5,5
RV0009994,O0009999,C004387,4,5
RV0044343,O0044367,C003497,5,3
RV0031188,O0031202,C000845,5,4
RV0025953,O0025963,C003069,3,5
RV0040066,O0040087,C000332,5,3
RV0033041,O0033056,C003956,4,4
RV0020771,O0020781,C003336,4,5
RV0006649,O0006652,C003121,5,4
RV0046899,O0046926,C004471,5,3
RV0025897,O0025907,C000991,5,4
RV0014355,O0014363,C001176,5,4
RV0021539,O0021549,C003979,3,4
RV0033843,O0033858,C001351,4,3
RV0007981,O0007986,C000623,4,3
RV0009595,O0009600,C003054,4,4
RV0039508,O0039529,C000948,3,3
RV0049125,O0049154,C004323,5,5
RV0027836,O0027849,C003023,3,5
RV0000773,O0000774,C004998,5,5
RV0037369,O0037387,C002527,4,3
RV0003394,O0003395,C004521,5,4
RV0025834,O0025844,C000185,5,5
RV0022581,O0022591,C001632,5,3
RV0012038,O0012045,C002835,3,3
RV0032068,O0032083,C002000,3,4
RV0038344,O0038362,C000071,5,3
RV0013618,O0013625,C003632,5,3
RV0032515,O0032530,C002694,4,4
RV0010709,O0010714,C004460,5,3
RV0032897,O0032912,C004415,4,4
RV0025880,O0025890,C002032,4,4
RV0011562,O0011568,C000883,5,5
RV0049030,O0049058,C003593,3,3
RV0022038,O0022048,C002103,5,4
RV0017518,O0017527,C002270,5,3
RV0005809,O0005811,C004133,3,5
RV0022761,O0022771,C000072,3,4
RV0024178,O0024188,C001707,5,4
RV0043746,O0043770,C001851,5,3
RV0011281,O0011287,C000885,3,5
RV0023073,O0023083,C002899,3,5
RV0047212,O0047239,C003185,4,5
RV0029667,O0029680,C004205,4,3
RV0006222,O0006224,C004770,4,5
RV0041559,O0041581,C001218,5,5
RV0020867,O0020877,C000608,5,3
RV0032270,O0032285,C004581,4,4
RV0001426,O0001427,C003391,3,3
RV0008101,O0008106,C004927,5,3
RV0041450,O0041472,C002855,5,3
RV0002754,O0002755,C001017,5,3
RV0002617,O0002618,C001778,4,4
RV0010880,O0010886,C003618,4,3
RV0012783,O0012790,C004552,5,3
RV0022569,O0022579,C004913,4,4
RV0023532,O0023542,C000739,5,5
RV0049724,O0049754,C000408,4,4
RV0046854,O0046881,C001391,3,3
RV0037594,O0037612,C002852,4,4
RV0001763,O0001764,C000153,4,4
RV0047394,O0047422,C001489,5,4
RV0028607,O0028620,C004523,4,4
RV0001656,O0001657,C004321,3,3
RV0008202,O0008207,C000867,3,5
RV0002277,O0002278,C002460,3,5
RV0020877,O0020887,C002958,3,4
RV0037101,O0037119,C003579,4,4
RV0048855,O0048883,C004627,4,4
RV0012103,O0012110,C000416,5,3
RV0018921,O0018931,C002583,4,4
RV0007747,O0007752,C002324,3,5
RV0004559,O0004560,C003140,5,4
RV0023344,O0023354,C004258,4,4
RV0047967,O0047995,C003608,5,3
RV0000896,O0000897,C000747,4,4
RV0032065,O0032080,C000614,4,5
RV0016507,O0016515,C003381,4,3
RV0002927,O0002928,C004286,5,3
RV0023441,O0023451,C003830,3,4
RV0036230,O0036248,C004208,5,5
RV0046371,O0046398,C004399,3,4
RV0006561,O0006564,C001264,4,5
RV0022548,O0022558,C003541,4,3
RV0010243,O0010248,C004713,5,3
RV0023879,O0023889,C004763,3,5
RV0043975,O0043999,C003195,3,3
RV0015686,O0015694,C004427,3,4
RV0040327,O0040348,C004994,4,4
RV0030044,O0030057,C001908,5,4
RV0006401,O0006404,C001345,5,5
RV0013375,O0013382,C002091,4,5
RV0048613,O0048641,C001005,4,4
RV0033118,O0033133,C003343,3,3
RV0044142,O0044166,C001298,4,3
RV0025497,O0025507,C001428,5,3
RV0037087,O0037105,C004022,3,3
RV0044957,O0044982,C002003,5,3
RV0034429,O0034445,C000434,3,4
RV0048411,O0048439,C002148,3,3
RV0047550,O0047578,C001312,5,5
RV0011734,O0011741,C001408,3,4
RV0036004,O0036021,C002864,3,4
RV0045690,O0045715,C004564,3,5
RV0004679,O0004680,C003876,5,5
RV0022878,O0022888,C000375,3,3
RV0027143,O0027155,C003479,3,5
RV0027110,O0027122,C004776,3,4
RV0032898,O0032913,C000966,5,5
RV0000180,O0000181,C000313,4,5
RV0015320,O0015328,C002468,4,5
RV0020507,O0020517,C001246,4,3
RV0039494,O0039515,C001674,4,4
RV0043317,O0043341,C000374,4,5
RV0010035,O0010040,C001157,3,4
RV0010423,O0010428,C000248,4,5
RV0046423,O0046450,C000964,3,4
RV0008090,O0008095,C000954,3,5
RV0022874,O0022884,C004258,3,3
RV0035076,O0035092,C001899,4,4
RV0049848,O0049878,C003664,4,5
RV0039209,O0039229,C004029,4,4
RV0015572,O0015580,C000191,5,4
RV0000013,O0000014,C002361,3,3
RV0004251,O0004252,C003757,4,4
RV0008494,O0008499,C004642,4,4
RV0003674,O0003675,C001016,4,3
RV0008721,O0008726,C004537,3,5
RV0046891,O0046918,C004117,4,5
RV0020052,O0020062,C002220,3,4
RV0007671,O0007675,C002046,4,3
RV0029314,O0029327,C002336,5,5
RV0011823,O0011830,C003077,5,4
RV0047232,O0047260,C004068,4,3
RV0042817,O0042840,C003154,4,4
RV0021738,O0021748,C004970,5,3
RV0035178,O0035194,C004299,4,5
RV0017838,O0017847,C000252,4,4
RV0004496,O0004497,C001391,3,4
RV0047442,O0047470,C003776,4,4
RV0005460,O0005462,C000430,4,3
RV0027743,O0027756,C002419,4,4
RV0030082,O0030095,C001262,4,3
RV0027368,O0027381,C002493,4,3
RV0032912,O0032927,C001664,4,4
RV0046230,O0046257,C004683,3,5
RV0011521,O0011527,C002634,3,3
RV0022053,O0022063,C002100,4,4
RV0013371,O0013378,C004460,5,5
RV0046815,O0046842,C001790,5,3
RV0010077,O0010082,C000892,3,4
RV0012403,O0012410,C000709,4,3
RV0030596,O0030609,C003070,4,4
RV0023983,O0023993,C001766,5,3
RV0017979,O0017989,C001635,4,3
RV0013802,O0013809,C003405,3,4
RV0001213,O0001214,C001160,3,5
RV0019107,O0019117,C002475,5,4
RV0010329,O0010334,C004144,5,3
RV0012758,O0012765,C003561,3,5
RV0044604,O0044629,C002945,4,5
RV0018671,O0018681,C000129,3,3
RV0003683,O0003684,C000325,3,5
RV0013556,O0013563,C000883,4,4
RV0010237,O0010242,C002820,5,5
RV0031906,O0031921,C003799,3,3
RV0040099,O0040120,C002200,5,4
RV0014575,O0014583,C004178,3,4
RV0030634,O0030647,C000442,5,4
RV0010287,O0010292,C003161,3,3
RV0046067,O0046093,C003880,4,3
RV0039389,O0039409,C002375,5,5
RV0043563,O0043587,C001727,5,4
RV0003914,O0003915,C001527,4,3
RV0026575,O0026586,C000431,5,4
RV0015757,O0015765,C000337,3,4
RV0012712,O0012719,C003905,5,3
RV0015838,O0015846,C000515,3,3
RV0036884,O0036902,C002928,3,4
RV0014009,O0014017,C002239,3,5
RV0041521,O0041543,C004793,4,4
RV0048286,O0048314,C004792,4,5
RV0014050,O0014058,C000069,5,5
RV0020419,O0020429,C002689,4,5
RV0023326,O0023336,C002819,4,4
RV0014486,O0014494,C004335,3,3
RV0046031,O0046057,C003006,5,5
RV0044970,O0044995,C003739,3,5
RV0043400,O0043424,C002510,4,5
RV0012966,O0012973,C004679,5,4
RV0023263,O0023273,C004359,5,3
RV0022558,O0022568,C004081,5,3
RV0034807,O0034823,C003118,5,3
RV0038330,O0038348,C001938,3,5
RV0044117,O0044141,C001524,5,5
RV0032474,O0032489,C001530,3,3
RV0007020,O0007023,C000507,4,3
RV0040045,O0040066,C001567,3,5
RV0000631,O0000632,C003464,4,5
RV0033090,O0033105,C002843,4,3
RV0049869,O0049899,C001599,5,4
RV0037223,O0037241,C001488,4,5
RV0011868,O0011875,C004945,5,3
RV0027531,O0027544,C000696,4,4
RV0000600,O0000601,C004324,4,5
RV0048054,O0048082,C003687,5,4
RV0047856,O0047884,C000368,3,5
RV0009545,O0009550,C004253,5,3
RV0030459,O0030472,C002520,3,4
RV0017208,O0017217,C004485,5,5
RV0019649,O0019659,C004842,5,5
RV0040698,O0040720,C002411,3,4
RV0007945,O0007950,C000123,3,4
RV0041217,O0041239,C004511,4,4
RV0017912,O0017922,C003660,4,5
RV0018554,O0018564,C004536,4,4
RV0045777,O0045803,C000306,3,5
RV0017686,O0017695,C000380,4,3
RV0041959,O0041981,C001912,3,4
RV0046207,O0046233,C003962,4,5
RV0004219,O0004220,C002381,4,4
RV0026954,O0026965,C000930,3,5
RV0000919,O0000920,C000275,3,3
RV0011313,O0011319,C002861,4,3
RV0035449,O0035465,C002122,5,5
RV0008854,O0008859,C001897,4,4
RV0018972,O0018982,C004992,4,3
RV0009426,O0009431,C003328,4,5
RV0008943,O0008948,C001220,5,5
RV0020579,O0020589,C004416,5,4
RV0035557,O0035573,C003334,3,4
RV0030387,O0030400,C004988,5,4
RV0041994,O0042016,C000557,5,4
RV0027391,O0027404,C004385,3,3
RV0000904,O0000905,C000812,3,4
RV0017385,O0017394,C004682,3,4
RV0021535,O0021545,C000318,3,3
RV0015121,O0015129,C003660,4,4
RV0019660,O0019670,C000602,3,3
RV0008957,O0008962,C001645,3,3
RV0017895,O0017905,C003857,5,5
RV0019534,O0019544,C004745,3,3
RV0010538,O0010543,C004753,3,4
RV0019884,O0019894,C004665,5,3
RV0003318,O0003319,C000866,3,4
RV0013758,O0013765,C000715,4,4
RV0000157,O0000158,C001471,4,5
RV0025314,O0025324,C002420,3,4
RV0004325,O0004326,C001599,4,4
RV0018597,O0018607,C001463,5,4
RV0026915,O0026926,C000969,5,3
RV0000596,O0000597,C002280,5,4
RV0040812,O0040834,C003032,3,4
RV0008339,O0008344,C003209,3,5
RV0025182,O0025192,C001985,4,3
RV0048762,O0048790,C004137,5,3
RV0005434,O0005436,C004093,5,3
RV0021956,O0021966,C001914,3,5
RV0043641,O0043665,C001462,4,5
RV0035581,O0035597,C004364,4,5
RV0025154,O0025164,C000597,3,4
RV0046958,O0046985,C004411,5,4
RV0010544,O0010549,C001220,5,4
RV0001478,O0001479,C001695,4,5
RV0044742,O0044767,C004044,5,5
RV0035799,O0035815,C005000,3,3
RV0042622,O0042645,C002442,3,5
RV0010113,O0010118,C000127,3,3
RV0037508,O0037526,C002125,4,5
RV0007707,O0007712,C001522,4,3
RV0019746,O0019756,C001482,3,3
RV0022167,O0022177,C001369,5,4
RV0000308,O0000309,C000166,4,4
RV0023309,O0023319,C000198,4,3
RV0000471,O0000472,C004964,4,4
RV0041655,O0041677,C002398,3,3
RV0041083,O0041105,C002016,5,4
RV0049738,O0049768,C000966,3,5
RV0047980,O0048008,C001735,4,5
RV0022489,O0022499,C002986,3,5
RV0045171,O0045196,C001537,5,3
RV0033165,O0033180,C001248,3,5
RV0009240,O0009245,C002538,4,4
RV0048871,O0048899,C004100,5,4
RV0038501,O0038520,C004379,4,3
RV0026722,O0026733,C002391,5,4
RV0049644,O0049674,C001528,4,4
RV0018124,O0018134,C002458,5,5
RV0005082,O0005084,C001309,5,3
RV0032904,O0032919,C002452,4,4
RV0036518,O0036536,C002793,5,4
RV0038391,O0038409,C001280,3,4
RV0009565,O0009570,C001052,5,4
RV0009687,O0009692,C003654,4,4
RV0033148,O0033163,C003503,4,5
RV0023460,O0023470,C001618,5,4
RV0028499,O0028512,C002734,3,3
RV0001270,O0001271,C000255,4,3
RV0020094,O0020104,C003247,4,4
RV0044268,O0044292,C001544,3,5
RV0040240,O0040261,C003811,3,5
RV0046592,O0046619,C002790,3,3
RV0028297,O0028310,C002922,3,3
RV0009806,O0009811,C002064,3,5
RV0026359,O0026369,C000707,5,3
RV0042284,O0042306,C000073,5,5
RV0001339,O0001340,C003787,3,3
RV0042664,O0042687,C001644,5,3
RV0046649,O0046676,C001364,3,3
RV0029876,O0029889,C003030,4,5
RV0039035,O0039054,C003672,3,4
RV0024898,O0024908,C000089,5,3
RV0025807,O0025817,C003710,5,3
RV0014750,O0014758,C001533,5,5
RV0019357,O0019367,C003097,3,4
RV0008620,O0008625,C004366,4,5
RV0035162,O0035178,C004751,4,5
RV0012425,O0012432,C002506,4,5
RV0014311,O0014319,C000489,5,3
RV0028306,O0028319,C001580,4,5
RV0028156,O0028169,C001055,4,5
RV0005401,O0005403,C003474,3,4
RV0031610,O0031624,C004248,4,3
RV0000096,O0000097,C002949,3,5
RV0013039,O0013046,C001045,4,5
RV0034118,O0034133,C000799,5,3
RV0025787,O0025797,C001031,3,4
RV0004913,O0004915,C003439,3,4
RV0005628,O0005630,C000518,5,3
RV0032891,O0032906,C004171,4,3
RV0011463,O0011469,C000049,3,4
RV0047250,O0047278,C003245,4,5
RV0022517,O0022527,C001334,4,3
RV0040699,O0040721,C002330,4,3
RV0036371,O0036389,C000105,5,5
RV0001771,O0001772,C000314,3,4
RV0034572,O0034588,C004264,3,5
RV0024412,O0024422,C002779,4,5
RV0047406,O0047434,C001923,3,3
RV0033977,O0033992,C000437,5,3
RV0013363,O0013370,C004329,4,3
RV0003349,O0003350,C001504,5,4
RV0046298,O0046325,C004314,5,3
RV0015943,O0015951,C004440,3,3
RV0014014,O0014022,C000482,5,4
RV0020255,O0020265,C000578,3,4
RV0033088,O0033103,C000116,5,4
RV0048618,O0048646,C003431,4,4
RV0024847,O0024857,C001152,4,3
RV0024447,O0024457,C002542,5,5
RV0029111,O0029124,C000269,5,4
RV0001491,O0001492,C003352,3,4
RV0044634,O0044659,C003703,4,5
RV0044073,O0044097,C003882,3,4
RV0003113,O0003114,C001430,5,5
RV0017432,O0017441,C003649,4,4
RV0049488,O0049518,C001196,5,5
RV0049083,O0049112,C002497,3,5
RV0031343,O0031357,C000822,3,4
RV0013602,O0013609,C001786,3,5
RV0015726,O0015734,C002912,4,4
RV0012892,O0012899,C002451,5,3
RV0006666,O0006669,C000015,4,3
RV0042824,O0042847,C000361,4,3
RV0015557,O0015565,C003237,5,5
RV0035054,O0035070,C004773,5,4
RV0049597,O0049627,C004536,3,3
RV0044930,O0044955,C002641,4,5
RV0012146,O0012153,C001168,5,4
RV0003835,O0003836,C004825,3,4
RV0033145,O0033160,C004975,5,3
RV0014880,O0014888,C004462,4,5
RV0000285,O0000286,C000985,4,3
RV0027954,O0027967,C001897,5,5
RV0047075,O0047102,C000023,5,3
RV0041955,O0041977,C004282,5,3
RV0042148,O0042170,C003250,5,4
RV0019633,O0019643,C004159,3,3
RV0016981,O0016989,C001865,5,3
RV0000447,O0000448,C004026,4,5
RV0004291,O0004292,C000380,3,4
RV0025361,O0025371,C003961,3,5
RV0028353,O0028366,C000057,4,4
RV0019175,O0019185,C002713,5,5
RV0044530,O0044554,C002853,5,5
RV0008246,O0008251,C004849,3,5
RV0018222,O0018232,C000799,4,3
RV0016071,O0016079,C003822,4,4
RV0044470,O0044494,C002868,5,3
RV0027636,O0027649,C004317,4,3
RV0010398,O0010403,C003016,3,4
RV0040217,O0040238,C000117,5,5
RV0044635,O0044660,C000238,3,3
RV0032457,O0032472,C001500,4,5
RV0046460,O0046487,C001501,3,3
RV0042395,O0042417,C002225,4,4
RV0047209,O0047236,C003883,5,3
RV0030530,O0030543,C003449,4,5
RV0022960,O0022970,C001071,5,4
RV0004737,O0004739,C004632,3,5
RV0033956,O0033971,C004777,3,3
RV0012899,O0012906,C004976,5,5
RV0007049,O0007052,C001712,4,5
RV0042071,O0042093,C000742,3,3
RV0013082,O0013089,C003748,3,5
RV0000204,O0000205,C004965,3,3
RV0043216,O0043240,C000280,3,3
RV0026527,O0026538,C003861,3,5
RV0031924,O0031939,C003347,4,5
RV0009981,O0009986,C003907,3,4
RV0010277,O0010282,C002145,5,3
RV0001562,O0001563,C004981,4,4
RV0041822,O0041844,C003867,3,5
RV0020509,O0020519,C004139,5,4
RV0032038,O0032053,C004094,4,5
RV0040512,O0040534,C002177,4,3
RV0021671,O0021681,C000779,5,3
RV0025758,O0025768,C002892,5,4
RV0001968,O0001969,C004031,5,5
RV0016147,O0016155,C004875,5,5
RV0007350,O0007353,C001616,5,4
RV0024733,O0024743,C003967,4,4
RV0008410,O0008415,C001499,5,4
RV0026669,O0026680,C004075,5,3
RV0011187,O0011193,C003710,3,5
RV0011711,O0011718,C003936,5,5
RV0031013,O0031027,C001492,4,4
RV0033406,O0033421,C000643,4,4
RV0030675,O0030688,C003843,3,3
RV0036387,O0036405,C004582,3,3
RV0025002,O0025012,C001287,5,5
RV0014164,O0014172,C001867,4,3
RV0006042,O0006044,C003747,4,4
RV0042296,O0042318,C003781,3,4
RV0018552,O0018562,C001594,5,4
RV0048369,O0048397,C001677,4,5
RV0025845,O0025855,C004829,5,3
RV0022306,O0022316,C003350,4,4
RV0011827,O0011834,C003863,3,3
RV0017161,O0017169,C003640,4,4
RV0026992,O0027003,C001065,5,4
RV0004149,O0004150,C002501,4,3
RV0041351,O0041373,C000070,4,3
RV0039352,O0039372,C001190,5,3
RV0000086,O0000087,C000152,3,3
RV0042687,O0042710,C001748,5,4
RV0041276,O0041298,C002774,5,3
RV0005273,O0005275,C002479,3,5
RV0009633,O0009638,C004903,5,3
RV0025648,O0025658,C003959,3,5
RV0023319,O0023329,C002837,4,4
RV0048314,O0048342,C002001,5,3
RV0033052,O0033067,C000019,4,3
RV0038974,O0038993,C004883,5,3
RV0038717,O0038736,C000409,4,5
RV0034874,O0034890,C003773,4,4
RV0041447,O0041469,C001062,5,3
RV0045819,O0045845,C000180,5,3
RV0045439,O0045464,C000654,5,3
RV0031045,O0031059,C004945,3,3
RV0043150,O0043174,C002954,3,5
RV0006690,O0006693,C001108,3,5
RV0027174,O0027187,C000099,4,4
RV0033702,O0033717,C001712,4,3
RV0002715,O0002716,C004161,4,5
RV0011309,O0011315,C001981,4,5
RV0025435,O0025445,C001747,4,5
RV0013732,O0013739,C001461,3,4
RV0044208,O0044232,C002198,5,4
RV0046784,O0046811,C004333,4,5
RV0023899,O0023909,C001889,4,4
RV0044267,O0044291,C001431,4,5
RV0026941,O0026952,C004416,3,3
RV0019284,O0019294,C003780,3,4
RV0036063,O0036081,C000205,4,4
RV0043496,O0043520,C003021,4,5
RV0033819,O0033834,C002365,4,5
RV0038848,O0038867,C000466,4,4
RV0029728,O0029741,C004564,5,3
RV0015444,O0015452,C002428,4,5
RV0041443,O0041465,C000916,4,3
RV0034556,O0034572,C000503,3,3
RV0048457,O0048485,C001483,5,5
RV0000464,O0000465,C002074,5,4
RV0009087,O0009092,C002157,5,5
RV0003622,O0003623,C002083,4,4
RV0040407,O0040428,C001518,3,5
RV0015364,O0015372,C000190,4,4
RV0031548,O0031562,C000602,4,4
RV0047540,O0047568,C004749,4,5
RV0043911,O0043935,C000506,5,4
RV0020499,O0020509,C001411,5,4
RV0009572,O0009577,C003190,4,3
RV0024699,O0024709,C002536,5,4
RV0023964,O0023974,C001106,5,3
RV0008765,O0008770,C004191,4,5
RV0044827,O0044852,C001704,4,5
RV0003200,O0003201,C002315,4,5
RV0020679,O0020689,C002869,5,5
RV0037433,O0037451,C001134,3,5
RV0005014,O0005016,C001393,3,5
RV0021425,O0021435,C000439,4,3
RV0030547,O0030560,C002156,4,4
RV0039604,O0039625,C001070,4,4
RV0030126,O0030139,C004043,5,5
RV0032903,O0032918,C000806,5,4
RV0023882,O0023892,C002549,4,5
RV0023491,O0023501,C004118,5,3
RV0033558,O0033573,C000761,5,3
RV0038534,O0038553,C001926,3,3
RV0030071,O0030084,C002415,5,3
RV0049536,O0049566,C002765,4,3
RV0034583,O0034599,C003317,5,5
RV0029733,O0029746,C003573,4,5
RV0028674,O0028687,C002353,5,4
RV0017792,O0017801,C002315,3,5
RV0025536,O0025546,C004180,5,4
RV0031803,O0031817,C002919,4,5
RV0017702,O0017711,C003037,3,4
RV0031313,O0031327,C004677,5,3
RV0044368,O0044392,C003550,5,3
RV0024407,O0024417,C004737,5,5
RV0006118,O0006120,C000558,5,3
RV0021517,O0021527,C003459,5,4
RV0021897,O0021907,C004012,3,4
RV0046847,O0046874,C000035,3,4
RV0003876,O0003877,C002033,5,4
RV0046672,O0046699,C004220,4,3
RV0028150,O0028163,C000732,4,4
RV0001303,O0001304,C001323,3,5
RV0041760,O0041782,C004340,4,5
RV0031158,O0031172,C000632,5,5
RV0016701,O0016709,C003645,4,3
RV0002650,O0002651,C004540,4,4
RV0021092,O0021102,C000697,3,4
RV0031242,O0031256,C000233,5,4
RV0006686,O0006689,C000426,5,3
RV0040599,O0040621,C004741,5,5
RV0006346,O0006348,C001151,3,5
RV0023310,O0023320,C001809,3,3
RV0047111,O0047138,C003466,5,4
RV0043086,O0043110,C001086,4,4
RV0003441,O0003442,C002344,4,4
RV0040053,O0040074,C004220,4,4
RV0040290,O0040311,C002587,4,5
RV0018392,O0018402,C000097,4,5
RV0023302,O0023312,C004682,3,3
RV0044774,O0044799,C002945,4,3
RV0030165,O0030178,C004651,3,4
RV0034826,O0034842,C003891,3,4
RV0025887,O0025897,C000100,3,3
RV0037398,O0037416,C002692,3,4
RV0002133,O0002134,C003117,5,4
RV0019498,O0019508,C002104,4,4
RV0010333,O0010338,C003256,5,5
RV0037395,O0037413,C004042,5,4
RV0005117,O0005119,C000970,5,4
RV0041410,O0041432,C003635,3,3
RV0036260,O0036278,C004826,5,4
RV0018127,O0018137,C001370,4,5
RV0004990,O0004992,C005000,5,4
RV0006146,O0006148,C002745,4,3
RV0031081,O0031095,C001216,5,5
RV0043349,O0043373,C003197,5,5
RV0028877,O0028890,C000646,5,4
RV0026311,O0026321,C003689,3,4
RV0025981,O0025991,C002900,3,5
RV0012451,O0012458,C003656,5,4
RV0024810,O0024820,C004083,5,5
RV0032348,O0032363,C001135,3,3
RV0032251,O0032266,C000345,5,4
RV0002258,O0002259,C002678,5,4
RV0015085,O0015093,C004594,3,5
RV0017173,O0017181,C003538,4,5
RV0048526,O0048554,C002817,4,4
RV0004420,O0004421,C003682,5,5
RV0040140,O0040161,C001902,5,4
RV0020676,O0020686,C001784,3,4
RV0028198,O0028211,C000389,4,5
RV0031654,O0031668,C004781,5,5
RV0043818,O0043842,C001519,3,5
RV0045130,O0045155,C004526,5,5
RV0020087,O0020097,C000780,3,3
RV0002052,O0002053,C004118,4,5
RV0045294,O0045319,C004615,5,5
RV0034842,O0034858,C000658,4,3
RV0000263,O0000264,C001147,5,5
RV0018275,O0018285,C002358,4,3
RV0029199,O0029212,C001917,3,5
RV0042536,O0042559,C004452,3,4
RV0028628,O0028641,C000842,3,5
RV0045990,O0046016,C001390,3,5
RV0039909,O0039930,C004602,5,3
RV0001194,O0001195,C001435,5,5
RV0019998,O0020008,C001226,4,3
RV0029707,O0029720,C001903,5,4
RV0003177,O0003178,C004737,4,4
RV0018471,O0018481,C000959,4,3
RV0012969,O0012976,C001240,3,5
RV0001817,O0001818,C002671,3,3
RV0034500,O0034516,C003584,4,5
RV0038916,O0038935,C003366,3,3
RV0036895,O0036913,C001248,3,5
RV0013061,O0013068,C001124,5,4
RV0008902,O0008907,C001322,4,3
RV0033968,O0033983,C002696,5,4
RV0013591,O0013598,C001380,4,4
RV0048122,O0048150,C001596,5,5
RV0015125,O0015133,C004595,4,3
RV0031504,O0031518,C004791,4,5
RV0028858,O0028871,C005000,5,5
RV0045341,O0045366,C001864,3,4
RV0024223,O0024233,C002986,3,5
RV0045569,O0045594,C000851,5,5
RV0041572,O0041594,C002205,3,3
RV0012903,O0012910,C004166,4,4
RV0040988,O0041010,C002074,4,4
RV0003886,O0003887,C003348,5,5
RV0037866,O0037884,C001396,5,5
RV0000494,O0000495,C001984,4,3
RV0020958,O0020968,C004307,4,4
RV0026075,O0026085,C003788,4,4
RV0044719,O0044744,C000673,4,3
RV0033488,O0033503,C001617,5,5
RV0012617,O0012624,C000687,5,4
RV0017722,O0017731,C002164,3,5
RV0016048,O0016056,C004253,4,5
RV0001274,O0001275,C002618,4,5
RV0020403,O0020413,C003238,5,3
RV0022001,O0022011,C000681,4,3
RV0032107,O0032122,C002578,3,5
RV0019890,O0019900,C004715,5,3
RV0042209,O0042231,C003582,3,4
RV0021244,O0021254,C004596,3,5
RV0030550,O0030563,C002595,4,4
RV0044565,O0044590,C002427,4,3
RV0035402,O0035418,C000339,5,4
RV0037257,O0037275,C003971,4,5
RV0004439,O0004440,C000542,4,4
RV0007908,O0007913,C002448,5,4
RV0032415,O0032430,C004219,5,5
RV0008268,O0008273,C002133,5,3
RV0000810,O0000811,C003495,5,5
RV0041517,O0041539,C001774,3,5
RV0009294,O0009299,C000264,3,3
RV0002308,O0002309,C004345,5,5
RV0015249,O0015257,C001232,4,5
RV0010781,O0010787,C001128,5,5
RV0047999,O0048027,C000992,3,3
RV0019247,O0019257,C003285,5,5
RV0010646,O0010651,C004545,3,4
RV0000517,O0000518,C002749,3,5
RV0005795,O0005797,C002336,4,5
RV0040675,O0040697,C004640,4,4
RV0027844,O0027857,C002482,3,5
RV0006482,O0006485,C000030,3,3
RV0011118,O0011124,C002654,3,4
RV0044407,O0044431,C003001,4,4
RV0024018,O0024028,C002589,3,3
RV0013032,O0013039,C000450,4,5
RV0014054,O0014062,C000152,4,4
RV0025454,O0025464,C002974,3,5
RV0028698,O0028711,C002785,5,5
RV0005388,O0005390,C002045,3,3
RV0046737,O0046764,C003956,4,5
RV0036569,O0036587,C002814,4,3
RV0027038,O0027050,C000410,5,3
RV0002898,O0002899,C004961,3,4
RV0010610,O0010615,C000908,4,3
RV0038404,O0038422,C001054,3,5
RV0030895,O0030909,C001312,4,5
RV0042608,O0042631,C001202,4,3
RV0014832,O0014840,C001298,5,3
RV0027309,O0027322,C001349,5,4
RV0037456,O0037474,C003981,5,5
RV0028752,O0028765,C002230,5,4
RV0041857,O0041879,C003777,4,4
RV0003615,O0003616,C003579,5,4
RV0023665,O0023675,C004603,5,4
RV0014509,O0014517,C001631,5,5
RV0035647,O0035663,C001446,5,3
RV0034066,O0034081,C000221,5,3
RV0028376,O0028389,C003750,3,5
RV0004185,O0004186,C004693,4,4
RV0009037,O0009042,C003018,3,4
RV0012147,O0012154,C002985,5,3
RV0005489,O0005491,C003078,4,4
RV0014768,O0014776,C000060,4,3
RV0008124,O0008129,C004040,5,3
RV0045871,O0045897,C001555,3,5
RV0029933,O0029946,C000725,5,3
RV0049715,O0049745,C003332,5,5
RV0043347,O0043371,C004859,5,3
RV0046729,O0046756,C002687,5,4
RV0029967,O0029980,C004630,3,4
RV0027984,O0027997,C004264,5,4
RV0023768,O0023778,C000727,3,5
RV0004540,O0004541,C002932,4,5
RV0011583,O0011589,C004299,5,3
RV0042166,O0042188,C000876,5,4
RV0036523,O0036541,C002555,4,5
RV0049010,O0049038,C000111,4,4
RV0018092,O0018102,C004666,5,4
RV0032136,O0032151,C002721,5,3
RV0022930,O0022940,C003058,3,4
RV0035887,O0035903,C002332,4,3
RV0015296,O0015304,C001727,4,5
RV0016424,O0016432,C001200,5,3
RV0004939,O0004941,C001846,3,3
RV0005189,O0005191,C001046,4,4
RV0033079,O0033094,C001730,5,4
RV0019858,O0019868,C004059,5,3
RV0005989,O0005991,C003172,5,5
RV0034074,O0034089,C001102,3,4
RV0031284,O0031298,C002624,3,3
RV0028291,O0028304,C002083,4,4
RV0008341,O0008346,C001278,5,4
RV0033399,O0033414,C000839,4,5
RV0045206,O0045231,C001644,4,5
RV0029666,O0029679,C004597,3,5
RV0031591,O0031605,C003351,4,4
RV0006070,O0006072,C000749,3,3
RV0032282,O0032297,C001370,5,5
RV0031020,O0031034,C000909,4,3
RV0003500,O0003501,C003695,4,5
RV0007164,O0007167,C003870,4,3
RV0026306,O0026316,C002532,3,5
RV0032155,O0032170,C002108,5,4
RV0043040,O0043064,C000585,4,5
RV0011713,O0011720,C002425,4,3
RV0046721,O0046748,C003693,4,5
RV0047633,O0047661,C000433,3,4
RV0026413,O0026423,C003326,5,5
RV0045804,O0045830,C000679,4,5
RV0049243,O0049272,C000343,3,3
RV0000509,O0000510,C000183,4,3
RV0004416,O0004417,C004653,5,3
RV0016228,O0016236,C002798,5,4
RV0040657,O0040679,C004421,4,5
RV0016248,O0016256,C000044,5,3
RV0000107,O0000108,C001793,5,5
RV0018473,O0018483,C002894,5,4
RV0013822,O0013829,C001236,3,5
RV0042448,O0042471,C004449,4,3
RV0000966,O0000967,C001893,4,3
RV0016064,O0016072,C001691,3,3
RV0033899,O0033914,C000052,5,3
RV0028868,O0028881,C001860,3,3
RV0022128,O0022138,C002572,3,5
RV0039676,O0039697,C000005,4,4
RV0029663,O0029676,C003648,3,5
RV0017248,O0017257,C004902,4,3
RV0016298,O0016306,C004452,4,4
RV0004608,O0004609,C000205,5,3
RV0042509,O0042532,C002339,3,5
RV0002548,O0002549,C000397,5,5
RV0045851,O0045877,C004126,4,5
RV0020574,O0020584,C003564,5,4
RV0017319,O0017328,C000219,4,4
RV0025312,O0025322,C003496,5,4
RV0033213,O0033228,C002901,5,4
RV0044001,O0044025,C002375,3,3
RV0041714,O0041736,C004275,5,3
RV0011242,O0011248,C003919,4,5
RV0001516,O0001517,C003248,3,5
RV0028533,O0028546,C002452,3,4
RV0001463,O0001464,C004952,5,5
RV0030439,O0030452,C004709,3,4
RV0011031,O0011037,C003520,3,3
RV0029066,O0029079,C004054,5,4
RV0039299,O0039319,C001029,5,4
RV0042962,O0042985,C000795,3,3
RV0043761,O0043785,C003001,5,4
RV0005941,O0005943,C003583,3,5
RV0040134,O0040155,C000562,5,4
RV0034982,O0034998,C002081,4,4
RV0041419,O0041441,C004448,5,3
RV0036537,O0036555,C004664,3,4
RV0000377,O0000378,C003971,3,5
RV0005652,O0005654,C001540,5,5
RV0005298,O0005300,C001297,4,5
RV0021499,O0021509,C001520,4,5
RV0042459,O0042482,C003301,5,4
RV0020406,O0020416,C000209,4,4
RV0024397,O0024407,C003148,5,5
RV0043113,O0043137,C003888,3,4
RV0025768,O0025778,C002831,3,3
RV0047272,O0047300,C001399,4,4
RV0002867,O0002868,C000792,3,4
RV0039075,O0039095,C002329,3,4
RV0035484,O0035500,C003137,3,4
RV0035156,O0035172,C000069,5,3
RV0032411,O0032426,C001141,3,3
RV0010385,O0010390,C002048,5,3
RV0049248,O0049277,C001137,5,5
RV0018326,O0018336,C003391,3,4
RV0012593,O0012600,C003856,3,3
RV0040094,O0040115,C000165,4,5
RV0026861,O0026872,C000019,3,5
RV0015731,O0015739,C003785,4,3
RV0036796,O0036814,C000933,4,3
RV0040536,O0040558,C000011,4,3
RV0021421,O0021431,C003945,3,4
RV0027456,O0027469,C003886,3,3
RV0014539,O0014547,C001677,4,5
RV0046189,O0046215,C000334,5,4
RV0009298,O0009303,C000482,3,5
RV0006112,O0006114,C003161,3,4
RV0028077,O0028090,C001458,5,4
RV0008372,O0008377,C002312,3,4
RV0047297,O0047325,C001410,5,4
RV0029208,O0029221,C001979,4,5
RV0033771,O0033786,C001203,4,5
RV0023832,O0023842,C004669,4,5
RV0043035,O0043059,C004103,5,3
RV0010930,O0010936,C000242,5,5
RV0032315,O0032330,C001770,4,3
RV0027372,O0027385,C002596,4,3
RV0016655,O0016663,C003083,3,3
RV0042042,O0042064,C002673,4,5
RV0008357,O0008362,C002226,4,5
RV0001179,O0001180,C002033,5,4
RV0030458,O0030471,C004023,4,3
RV0042781,O0042804,C003595,4,4
RV0001801,O0001802,C002079,4,5
RV0020458,O0020468,C001199,5,3
RV0033501,O0033516,C003080,4,5
RV0029702,O0029715,C003332,3,4
RV0031190,O0031204,C002705,3,4
RV0018775,O0018785,C001687,4,5
RV0033347,O0033362,C003289,4,3
RV0044218,O0044242,C002700,3,4
RV0024891,O0024901,C001266,4,4
RV0018576,O0018586,C001318,4,4
RV0031525,O0031539,C003693,3,4
RV0020565,O0020575,C002817,5,3
RV0038442,O0038460,C004990,5,3
RV0044103,O0044127,C002727,4,5
RV0002043,O0002044,C003747,4,5
RV0042896,O0042919,C003584,5,4
RV0033265,O0033280,C000955,4,5
RV0037738,O0037756,C001363,3,3
RV0016675,O0016683,C000378,5,4
RV0020201,O0020211,C000348,4,4
RV0048463,O0048491,C001210,5,3
RV0037566,O0037584,C004118,5,3
RV0030834,O0030848,C003395,3,5
RV0013041,O0013048,C001987,3,5
RV0021523,O0021533,C004616,3,3
RV0002858,O0002859,C002789,4,3
RV0030419,O0030432,C002804,4,4
RV0009739,O0009744,C001144,5,3
RV0015182,O0015190,C001739,5,3
RV0045630,O0045655,C000505,5,3
RV0018842,O0018852,C001275,4,3
RV0015537,O0015545,C003876,4,3
RV0001346,O0001347,C003389,4,3
RV0040041,O0040062,C001713,5,3
RV0018709,O0018719,C001530,5,3
RV0009377,O0009382,C001257,4,4
RV0003102,O0003103,C002007,5,5
RV0005613,O0005615,C000995,5,3
RV0001427,O0001428,C000337,4,3
RV0040154,O0040175,C001377,4,4
RV0036809,O0036827,C003669,5,4
RV0016418,O0016426,C003250,3,4
RV0019658,O0019668,C001968,3,5
RV0022224,O0022234,C004477,5,5
RV0014521,O0014529,C001233,3,4
RV0024328,O0024338,C003091,3,3
RV0015165,O0015173,C004198,3,5
RV0017759,O0017768,C001053,4,3
RV0012802,O0012809,C001419,4,4
RV0009842,O0009847,C001223,4,5
RV0047213,O0047240,C001068,4,5
RV0031945,O0031960,C004137,3,5
RV0037815,O0037833,C000601,5,3
RV0041006,O0041028,C004388,4,5
RV0018110,O0018120,C002903,5,3
RV0006136,O0006138,C002880,4,4
RV0048187,O0048215,C004794,3,4
RV0032609,O0032624,C000069,5,5
RV0027406,O0027419,C004464,4,3
RV0019891,O0019901,C000370,3,3
RV0044456,O0044480,C004606,4,4
RV0048902,O0048930,C003381,3,4
RV0007653,O0007657,C001789,5,3
RV0037550,O0037568,C004362,4,4
RV0010772,O0010778,C003864,5,5
RV0026969,O0026980,C003960,3,4
RV0028057,O0028070,C004178,5,4
RV0007900,O0007905,C000747,3,4
RV0045074,O0045099,C000987,4,4
RV0040834,O0040856,C000539,4,3
RV0022879,O0022889,C000872,3,3
RV0015080,O0015088,C002864,5,4
RV0046181,O0046207,C002256,3,3
RV0025031,O0025041,C004969,5,3
RV0017183,O0017191,C000423,5,3
RV0018627,O0018637,C002875,4,5
RV0002935,O0002936,C002583,3,4
RV0032547,O0032562,C002741,3,3
RV0002232,O0002233,C002719,3,3
RV0003592,O0003593,C001833,3,3
RV0042958,O0042981,C003012,3,5
RV0012597,O0012604,C003072,3,3
RV0021829,O0021839,C003385,4,5
RV0030396,O0030409,C000646,5,5
RV0046610,O0046637,C000894,3,4
RV0013459,O0013466,C001922,5,3
RV0004216,O0004217,C001140,5,4
RV0030756,O0030770,C001550,4,4
RV0008508,O0008513,C003025,4,3
RV0044767,O0044792,C003567,3,3
RV0007279,O0007282,C002776,5,3
RV0015255,O0015263,C002898,4,4
RV0046335,O0046362,C003018,4,3
RV0039906,O0039927,C002175,4,3
RV0043386,O0043410,C001556,3,3
RV0046464,O0046491,C000567,3,4
RV0044868,O0044893,C002059,5,3
RV0014617,O0014625,C004335,4,5
RV0021298,O0021308,C002832,4,4
RV0001332,O0001333,C000282,3,3
RV0016764,O0016772,C002608,5,4
RV0028826,O0028839,C001404,5,5
RV0038818,O0038837,C004385,4,4
RV0000278,O0000279,C004104,3,4
RV0006646,O0006649,C003967,3,4
RV0026377,O0026387,C002383,4,3
RV0047793,O0047821,C002251,5,5
RV0006352,O0006354,C000605,5,5
RV0041636,O0041658,C003393,4,5
RV0049508,O0049538,C002847,3,3
RV0037799,O0037817,C001011,3,5
RV0006275,O0006277,C001674,3,5
RV0025870,O0025880,C002557,5,5
RV0014589,O0014597,C002443,4,4
RV0000374,O0000375,C001563,3,3
RV0043467,O0043491,C003840,4,4
RV0002087,O0002088,C004752,4,5
RV0023343,O0023353,C004171,4,4
RV0009440,O0009445,C002788,5,4
RV0044450,O0044474,C002120,4,5
RV0024573,O0024583,C000615,5,5
RV0021916,O0021926,C000271,4,5
RV0017193,O0017201,C001072,5,3
RV0048065,O0048093,C000092,3,5
RV0030714,O0030727,C003279,3,5
RV0004900,O0004902,C001288,3,5
RV0006514,O0006517,C000692,5,4
RV0013579,O0013586,C001743,3,4
RV0048081,O0048109,C001944,3,4
RV0001146,O0001147,C004120,5,3
RV0019466,O0019476,C002959,4,3
RV0026738,O0026749,C002771,5,5
RV0014632,O0014640,C003540,3,4
RV0012955,O0012962,C000837,5,4
RV0019527,O0019537,C003662,5,3
RV0024499,O0024509,C002387,5,3
RV0033169,O0033184,C003372,4,3
RV0046148,O0046174,C002333,3,5
RV0017683,O0017692,C004647,4,4
RV0037142,O0037160,C002381,3,5
RV0045009,O0045034,C004713,4,3
RV0047833,O0047861,C002949,3,3
RV0038808,O0038827,C003734,3,4
RV0010368,O0010373,C002624,3,5
RV0036172,O0036190,C004330,4,3
RV0010700,O0010705,C001177,4,5
RV0039388,O0039408,C004640,4,3
RV0034023,O0034038,C002893,4,3
RV0013557,O0013564,C001010,3,3
RV0007281,O0007284,C002140,4,5
RV0046567,O0046594,C003599,3,5
RV0005137,O0005139,C001058,5,4
RV0000396,O0000397,C004183,3,4
RV0038593,O0038612,C003497,3,4
RV0026725,O0026736,C003381,5,5
RV0020367,O0020377,C004172,5,5
RV0022648,O0022658,C001984,4,3
RV0018937,O0018947,C002703,4,3
RV0028565,O0028578,C000566,3,3
RV0049791,O0049821,C002999,3,3
RV0012613,O0012620,C001103,5,5
RV0004148,O0004149,C003925,3,4
RV0032661,O0032676,C004708,4,3
RV0041005,O0041027,C002227,4,3
RV0023692,O0023702,C003257,4,4
RV0047266,O0047294,C004956,4,3
RV0037964,O0037982,C004282,5,5
RV0041619,O0041641,C002430,4,4
RV0043097,O0043121,C000266,5,5
RV0048856,O0048884,C000004,3,4
RV0017954,O0017964,C001671,5,5
RV0044852,O0044877,C003680,3,4
RV0033284,O0033299,C000100,4,5
RV0040995,O0041017,C003158,4,3
RV0014804,O0014812,C001468,4,5
RV0011778,O0011785,C003827,4,4
RV0033420,O0033435,C000202,4,3
RV0000398,O0000399,C003276,4,5
RV0007567,O0007571,C002321,3,3
RV0026434,O0026444,C003116,4,3
RV0042387,O0042409,C002800,3,3
RV0044578,O0044603,C004467,4,5
RV0034902,O0034918,C003024,4,4
RV0048220,O0048248,C002463,5,4
RV0030288,O0030301,C000330,5,4
RV0046818,O0046845,C003211,3,5
RV0004214,O0004215,C003908,5,4
RV0005183,O0005185,C004072,4,3
RV0044068,O0044092,C003139,5,3
RV0044749,O0044774,C004012,3,5
RV0029428,O0029441,C002150,5,4
RV0021758,O0021768,C001382,5,3
RV0020206,O0020216,C004720,3,5
RV0048965,O0048993,C000645,5,5
RV0039833,O0039854,C003490,3,3
RV0039348,O0039368,C000352,5,3
RV0006987,O0006990,C002477,4,4
RV0022667,O0022677,C000708,5,4
RV0005500,O0005502,C002572,4,4
RV0004815,O0004817,C002556,4,4
RV0040552,O0040574,C002967,4,3
RV0043015,O0043039,C000069,4,3
RV0004571,O0004572,C000445,4,3
RV0023842,O0023852,C000429,4,4
RV0024595,O0024605,C003990,4,5
RV0004183,O0004184,C000033,4,4
RV0042802,O0042825,C001602,5,3
RV0003602,O0003603,C004323,4,4
RV0000566,O0000567,C000607,4,4
RV0010962,O0010968,C001307,5,3
RV0027118,O0027130,C001697,3,5
RV0048949,O0048977,C000784,5,5
RV0034382,O0034398,C002577,3,5
RV0045267,O0045292,C000923,5,4
RV0010575,O0010580,C004579,4,5
RV0006247,O0006249,C000507,5,5
RV0038480,O0038499,C002633,3,5
RV0024547,O0024557,C004618,4,4
RV0028233,O0028246,C003767,5,4
RV0049548,O0049578,C003796,5,5
RV0045128,O0045153,C003828,4,4
RV0027783,O0027796,C004081,3,3
RV0007605,O0007609,C003788,5,5
RV0006024,O0006026,C000937,3,3
RV0028622,O0028635,C002851,5,5
RV0013236,O0013243,C001408,3,3
RV0036853,O0036871,C003405,5,5
RV0038902,O0038921,C003883,4,5
RV0001638,O0001639,C002729,5,5
RV0017546,O0017555,C000807,5,3
RV0013814,O0013821,C000050,4,3
RV0033381,O0033396,C000716,5,4
RV0017291,O0017300,C001337,3,5
RV0008993,O0008998,C001072,5,4
RV0035006,O0035022,C002911,3,4
RV0039412,O0039433,C001761,5,5
RV0003388,O0003389,C003847,5,3
RV0048402,O0048430,C001668,3,3
RV0047855,O0047883,C004309,4,5
RV0018517,O0018527,C004243,3,3
RV0009548,O0009553,C002280,5,5
RV0039418,O0039439,C004219,5,5
RV0014366,O0014374,C003919,4,4
RV0008686,O0008691,C000687,5,3
RV0029971,O0029984,C003097,3,4
RV0045401,O0045426,C001571,3,5
RV0032712,O0032727,C002560,3,5
RV0024342,O0024352,C001642,5,5
RV0034400,O0034416,C003513,5,4
RV0044177,O0044201,C001089,5,3
RV0024696,O0024706,C002416,5,4
RV0020525,O0020535,C003387,3,3
RV0008768,O0008773,C002354,3,5
RV0018798,O0018808,C004899,3,3
RV0045684,O0045709,C002887,3,4
RV0018519,O0018529,C002769,3,4
RV0028985,O0028998,C003295,5,5
RV0004048,O0004049,C003680,3,4
RV0022583,O0022593,C001415,5,3
RV0027023,O0027034,C001690,5,3
RV0031818,O0031832,C003281,5,4
RV0025642,O0025652,C003349,3,3
RV0013506,O0013513,C003170,4,4
RV0031762,O0031776,C001226,5,4
RV0005764,O0005766,C001994,4,3
RV0005815,O0005817,C004573,5,3
RV0021704,O0021714,C004134,5,4
RV0007236,O0007239,C001273,3,5
RV0047162,O0047189,C001467,5,4
RV0025866,O0025876,C001635,4,5
RV0046382,O0046409,C004318,4,4
RV0019888,O0019898,C000968,4,3
RV0024953,O0024963,C000733,3,3
RV0009103,O0009108,C003899,5,5
RV0019304,O0019314,C001989,4,4
RV0043340,O0043364,C004340,4,5
RV0002679,O0002680,C000790,3,5
RV0036938,O0036956,C002950,3,5
RV0037074,O0037092,C004842,3,5
RV0007375,O0007379,C000156,4,5
RV0014001,O0014009,C000340,4,5
RV0002505,O0002506,C003377,5,3
RV0024528,O0024538,C004422,3,4
RV0024389,O0024399,C003799,5,4
RV0014174,O0014182,C000412,5,3
RV0017278,O0017287,C000697,4,5
RV0039802,O0039823,C000174,3,5
RV0049014,O0049042,C001110,3,3
RV0031960,O0031975,C004701,5,5
RV0002714,O0002715,C004810,4,3
RV0015521,O0015529,C003226,3,5
RV0009697,O0009702,C002546,4,4
RV0028951,O0028964,C002003,3,4
RV0004770,O0004772,C002276,3,5
RV0009535,O0009540,C000058,3,5
RV0023512,O0023522,C003248,5,4
RV0044819,O0044844,C002227,3,4
RV0029555,O0029568,C001726,3,5
RV0038809,O0038828,C003526,5,4
RV0029235,O0029248,C002457,3,3
RV0043952,O0043976,C004764,3,4
RV0013819,O0013826,C001077,5,3
RV0016992,O0017000,C003199,5,3
RV0024542,O0024552,C001456,5,5
RV0018264,O0018274,C003258,5,5
RV0006375,O0006378,C003339,3,5
RV0043451,O0043475,C000332,5,3
RV0036861,O0036879,C000608,5,3
RV0037170,O0037188,C003840,3,4
RV0031785,O0031799,C003196,5,5
RV0016831,O0016839,C002861,3,5
RV0014584,O0014592,C002904,3,3
RV0000437,O0000438,C004876,5,5
RV0018163,O0018173,C004889,4,3
RV0007315,O0007318,C002966,5,4
RV0004928,O0004930,C004229,4,3
RV0022739,O0022749,C000458,5,4
RV0041092,O0041114,C002488,3,5
RV0005242,O0005244,C004308,5,5
RV0004471,O0004472,C002541,5,3
RV0019573,O0019583,C000806,5,5
RV0008047,O0008052,C002717,5,5
RV0019138,O0019148,C001560,3,4
RV0035097,O0035113,C004974,3,5
RV0031915,O0031930,C000864,3,4
RV0020554,O0020564,C004537,3,3
RV0032798,O0032813,C001891,4,4
RV0017805,O0017814,C004523,5,4
RV0025900,O0025910,C000850,4,3
RV0026801,O0026812,C004069,3,3
RV0004235,O0004236,C005000,4,3
RV0026895,O0026906,C003866,3,3
RV0038678,O0038697,C001529,4,3
RV0008723,O0008728,C004426,4,3
RV0022543,O0022553,C002418,4,3
RV0027770,O0027783,C004989,4,3
RV0049758,O0049788,C001182,5,3
RV0029727,O0029740,C000899,4,3
RV0025884,O0025894,C002098,4,5
RV0009409,O0009414,C001483,3,4
RV0039003,O0039022,C004266,5,3
RV0032461,O0032476,C001236,4,4
RV0038529,O0038548,C000042,4,3
RV0025083,O0025093,C000915,4,3
RV0045394,O0045419,C003751,3,3
RV0037330,O0037348,C004432,5,5
RV0040493,O0040515,C004619,4,3
RV0030061,O0030074,C001194,4,5
RV0005826,O0005828,C004906,3,4
RV0009619,O0009624,C000800,3,5
RV0037411,O0037429,C002746,5,3
RV0034265,O0034280,C003786,3,3
RV0027865,O0027878,C002778,5,5
RV0017730,O0017739,C004215,4,5
RV0043740,O0043764,C001755,4,4
RV0042573,O0042596,C002474,4,4
RV0014170,O0014178,C002654,4,5
RV0016166,O0016174,C002896,3,3
RV0036693,O0036711,C004265,3,4
RV0032791,O0032806,C004698,5,4
RV0011671,O0011677,C002344,5,3
RV0024702,O0024712,C004423,4,3
RV0024235,O0024245,C001850,5,4
RV0028493,O0028506,C000895,4,3
RV0024055,O0024065,C001743,5,5
RV0009048,O0009053,C004074,3,3
RV0002622,O0002623,C003519,5,4
RV0006334,O0006336,C000136,3,5
RV0025828,O0025838,C002139,4,4
RV0044029,O0044053,C001334,4,4
RV0016079,O0016087,C002422,4,4
RV0037816,O0037834,C001920,4,4
RV0032851,O0032866,C000437,4,5
RV0034011,O0034026,C002881,3,3
RV0007573,O0007577,C002687,3,3
RV0047263,O0047291,C004732,5,5
RV0020632,O0020642,C003404,4,5
RV0046814,O0046841,C001947,3,5
RV0026706,O0026717,C003520,4,3
RV0007829,O0007834,C003754,4,4
RV0039109,O0039129,C003229,3,3
RV0008708,O0008713,C001265,3,4
RV0003108,O0003109,C000046,5,4
RV0001416,O0001417,C001142,3,3
RV0033614,O0033629,C001194,3,3
RV0039011,O0039030,C000330,5,5
RV0012338,O0012345,C003086,4,4
RV0049281,O0049310,C002045,4,3
RV0003495,O0003496,C004731,3,3
RV0017446,O0017455,C000560,3,3
RV0036024,O0036042,C002543,4,5
RV0030772,O0030786,C004285,3,5
RV0028406,O0028419,C004121,3,4
RV0013561,O0013568,C003593,3,5
RV0042367,O0042389,C001522,3,5
RV0040359,O0040380,C003963,3,4
RV0044362,O0044386,C004232,3,4
RV0042578,O0042601,C004902,5,3
RV0031461,O0031475,C003961,4,5
RV0031553,O0031567,C001196,5,5
RV0037631,O0037649,C000724,5,4
RV0037270,O0037288,C000663,4,3
RV0047005,O0047032,C000446,3,3
RV0034082,O0034097,C001532,5,4
RV0033285,O0033300,C004087,3,5
RV0022674,O0022684,C002477,3,4
RV0012564,O0012571,C000741,5,5
RV0043536,O0043560,C000286,5,5
RV0013278,O0013285,C000734,3,4
RV0046614,O0046641,C000854,4,5
RV0028041,O0028054,C000331,3,4
RV0025149,O0025159,C003432,3,5
RV0029897,O0029910,C000425,4,3
RV0027514,O0027527,C001956,5,5
RV0002496,O0002497,C000940,5,4
RV0043237,O0043261,C001990,3,3
RV0033814,O0033829,C004074,5,4
RV0021925,O0021935,C003780,4,3
RV0011115,O0011121,C000715,5,4
RV0044498,O0044522,C003390,3,4
RV0010484,O0010489,C004289,3,4
RV0034809,O0034825,C001691,3,5
RV0038470,O0038489,C002683,3,5
RV0031849,O0031864,C003917,3,5
RV0035159,O0035175,C003307,3,5
RV0005775,O0005777,C001912,3,5
RV0041673,O0041695,C000680,5,5
RV0046615,O0046642,C000652,5,4
RV0039014,O0039033,C000324,5,5
RV0023421,O0023431,C004665,5,4
RV0035252,O0035268,C001077,4,5
RV0045929,O0045955,C001764,3,3
RV0005148,O0005150,C000067,3,3
RV0025238,O0025248,C004075,3,5
RV0018810,O0018820,C002714,4,4
RV0006549,O0006552,C003309,3,5
RV0015109,O0015117,C004864,4,4
RV0047036,O0047063,C004229,4,5
RV0020468,O0020478,C004457,3,4
RV0009658,O0009663,C001100,4,5
RV0010994,O0011000,C000602,3,5
RV0046304,O0046331,C000180,3,3
RV0033499,O0033514,C004291,4,5
RV0012307,O0012314,C000092,3,5
RV0041488,O0041510,C003508,4,4
RV0045316,O0045341,C004387,3,4
RV0044125,O0044149,C003126,4,4
RV0036663,O0036681,C004181,3,5
RV0001109,O0001110,C000710,4,5
RV0035662,O0035678,C001225,5,5
RV0027802,O0027815,C004580,3,4
RV0006010,O0006012,C002997,3,3
RV0025873,O0025883,C002802,5,3
RV0007555,O0007559,C004787,5,4
RV0047928,O0047956,C000985,5,3
RV0020370,O0020380,C002971,3,4
RV0009299,O0009304,C003178,5,4
RV0000353,O0000354,C003074,5,5
RV0001133,O0001134,C001297,4,3
RV0013606,O0013613,C004734,3,5
RV0017016,O0017024,C000467,4,5
RV0034210,O0034225,C000079,5,3
RV0044030,O0044054,C003426,5,5
RV0041039,O0041061,C003538,4,4
RV0003011,O0003012,C002251,3,3
RV0022221,O0022231,C002642,3,3
RV0042852,O0042875,C001800,3,4
RV0009229,O0009234,C000175,4,4
RV0018434,O0018444,C001377,5,4
RV0018004,O0018014,C000893,4,4
RV0049376,O0049406,C002033,3,3
RV0048077,O0048105,C003458,5,5
RV0019910,O0019920,C001051,3,5
RV0044479,O0044503,C004620,4,3
RV0045818,O0045844,C003230,4,5
RV0012267,O0012274,C003744,4,3
RV0014359,O0014367,C004715,4,4
RV0018698,O0018708,C002654,5,3
RV0038332,O0038350,C000146,5,5
RV0019681,O0019691,C000420,5,3
RV0002825,O0002826,C000094,5,3
RV0046316,O0046343,C004339,5,3
RV0022946,O0022956,C003275,3,3
RV0004032,O0004033,C004685,3,4
RV0039326,O0039346,C004293,3,5
RV0047985,O0048013,C001234,5,4
RV0002713,O0002714,C002885,3,3
RV0040666,O0040688,C002458,4,5
RV0040906,O0040928,C001549,5,4
RV0028596,O0028609,C000451,3,3
RV0014729,O0014737,C000570,5,3
RV0047006,O0047033,C002755,4,5
RV0017112,O0017120,C002780,4,4
RV0024597,O0024607,C000189,3,3
RV0025383,O0025393,C001494,5,5
RV0045577,O0045602,C002858,5,4
RV0002856,O0002857,C002145,4,5
RV0010085,O0010090,C004622,3,5
RV0005536,O0005538,C000456,3,5
RV0035979,O0035996,C004577,3,5
RV0038073,O0038091,C002250,5,5
RV0004077,O0004078,C002769,4,4
RV0016714,O0016722,C000914,5,5
RV0005981,O0005983,C003207,3,4
RV0030299,O0030312,C003415,4,4
RV0030210,O0030223,C002881,4,5
RV0009035,O0009040,C003496,3,5
RV0022762,O0022772,C004343,3,4
RV0019068,O0019078,C004586,5,5
RV0028697,O0028710,C002452,4,4
RV0011272,O0011278,C000711,5,4
RV0025516,O0025526,C003482,5,5
RV0039623,O0039644,C004147,5,3
RV0000479,O0000480,C004884,3,3
RV0016172,O0016180,C003386,3,5
RV0048628,O0048656,C002416,5,5
RV0031794,O0031808,C003178,4,3
RV0030146,O0030159,C003701,5,4
RV0000266,O0000267,C002484,5,5
RV0046751,O0046778,C000562,3,5
RV0028630,O0028643,C001262,3,3
RV0001090,O0001091,C000909,3,3
RV0016674,O0016682,C004247,4,3
RV0022272,O0022282,C000425,3,3
RV0042069,O0042091,C000224,3,3
RV0022089,O0022099,C002841,3,4
RV0045172,O0045197,C004210,4,4
RV0044329,O0044353,C001890,3,4
RV0003193,O0003194,C001488,4,3
RV0035939,O0035956,C003186,5,3
RV0045533,O0045558,C000866,3,5
RV0034434,O0034450,C003997,5,3
RV0002337,O0002338,C004031,3,3
RV0001197,O0001198,C002659,3,3
RV0021879,O0021889,C001906,5,5
RV0007778,O0007783,C003778,5,5
RV0009871,O0009876,C000891,5,4
RV0029556,O0029569,C004044,4,4
RV0014198,O0014206,C001993,5,4
RV0005134,O0005136,C001154,5,4
RV0044740,O0044765,C000813,5,3
RV0029719,O0029732,C000021,4,3
RV0039416,O0039437,C001182,4,4
RV0003007,O0003008,C004829,3,3
RV0043095,O0043119,C000786,4,4
RV0009568,O0009573,C002664,5,5
RV0010029,O0010034,C001270,5,5
RV0049406,O0049436,C000771,4,5
RV0040664,O0040686,C003287,5,4
RV0020993,O0021003,C004091,5,3
RV0037762,O0037780,C000122,4,4
RV0008934,O0008939,C002881,3,3
RV0027673,O0027686,C004078,3,3
RV0041293,O0041315,C002499,4,4
RV0012668,O0012675,C003510,4,5
RV0010568,O0010573,C004370,3,4
RV0026303,O0026313,C002906,3,4
RV0025299,O0025309,C004534,5,3
RV0040064,O0040085,C000616,5,5
RV0005510,O0005512,C002846,3,3
RV0034845,O0034861,C002486,4,5
RV0006339,O0006341,C004749,5,4
RV0027225,O0027238,C002695,4,3
RV0013800,O0013807,C002977,4,5
RV0048075,O0048103,C000212,3,5
RV0015247,O0015255,C000244,4,4
RV0006246,O0006248,C001554,3,3
RV0036748,O0036766,C000173,5,5
RV0002220,O0002221,C003984,5,4
RV0048271,O0048299,C003756,4,3
RV0020692,O0020702,C003018,4,4
RV0003930,O0003931,C002383,3,4
RV0014131,O0014139,C000636,3,5
RV0032288,O0032303,C002809,3,3
RV0007030,O0007033,C004941,5,4
RV0024517,O0024527,C000881,3,4
RV0000774,O0000775,C004922,3,3
RV0000573,O0000574,C001395,3,5
RV0016671,O0016679,C002943,4,5
RV0028918,O0028931,C001809,4,3
RV0001465,O0001466,C000932,4,4
RV0006167,O0006169,C002596,3,5
RV0003367,O0003368,C003392,3,4
RV0015267,O0015275,C003785,3,3
RV0007492,O0007496,C002387,4,5
RV0034193,O0034208,C001236,3,5
RV0019705,O0019715,C000980,5,5
RV0015215,O0015223,C000964,5,3
RV0023115,O0023125,C004917,4,5
RV0010221,O0010226,C001945,3,4
RV0023553,O0023563,C000446,5,3
RV0033459,O0033474,C004204,4,4
RV0014143,O0014151,C000182,4,5
RV0048886,O0048914,C000898,3,4
RV0037693,O0037711,C003009,5,5
RV0016621,O0016629,C003450,4,5
RV0024787,O0024797,C002802,3,3
RV0034713,O0034729,C000071,3,5
RV0030349,O0030362,C003544,5,5
RV0006797,O0006800,C004882,5,3
RV0032129,O0032144,C004036,4,3
RV0042830,O0042853,C004349,5,5
RV0013365,O0013372,C000747,3,5
RV0000883,O0000884,C004907,4,4
RV0007303,O0007306,C001642,5,4
RV0045097,O0045122,C001858,4,5
RV0000874,O0000875,C003748,5,5
RV0017456,O0017465,C003739,5,3
RV0011458,O0011464,C001775,4,5
RV0034380,O0034396,C001643,4,3
RV0000011,O0000012,C001210,5,3
RV0021707,O0021717,C000352,4,3
RV0010713,O0010718,C001280,4,5
RV0047156,O0047183,C000593,3,4
RV0003645,O0003646,C004006,3,3
RV0010448,O0010453,C003073,4,4
RV0041941,O0041963,C001595,4,4
RV0003813,O0003814,C004095,4,5
RV0004523,O0004524,C000086,5,3
RV0024614,O0024624,C000986,5,3
RV0046620,O0046647,C004525,3,3
RV0022892,O0022902,C000191,5,4
RV0010917,O0010923,C003889,5,5
RV0023668,O0023678,C001242,5,4
RV0027902,O0027915,C001016,4,5
RV0024693,O0024703,C003060,4,4
RV0020003,O0020013,C003331,4,3
RV0038057,O0038075,C002858,3,4
RV0022348,O0022358,C001071,3,4
RV0007528,O0007532,C004051,3,5
RV0028771,O0028784,C000405,5,5
RV0004756,O0004758,C002889,5,4
RV0044969,O0044994,C002065,4,4
RV0001108,O0001109,C001448,4,3
RV0011090,O0011096,C000749,5,3
RV0047231,O0047259,C000359,3,5
RV0046112,O0046138,C003740,3,3
RV0013177,O0013184,C002547,3,4
RV0008054,O0008059,C004389,4,4
RV0005886,O0005888,C003565,3,4
RV0024551,O0024561,C001179,3,5
RV0003542,O0003543,C003849,3,3
RV0008359,O0008364,C004958,4,3
RV0029477,O0029490,C003737,4,4
RV0044777,O0044802,C004636,5,4
RV0026942,O0026953,C001593,3,4
RV0002333,O0002334,C001547,3,3
RV0039173,O0039193,C000958,3,5
RV0047040,O0047067,C003267,4,4
RV0033951,O0033966,C001640,5,3
RV0011790,O0011797,C001283,5,5
RV0043601,O0043625,C000388,4,5
RV0046822,O0046849,C002632,5,5
RV0028577,O0028590,C002197,4,3
RV0046491,O0046518,C004954,5,5
RV0022397,O0022407,C001348,4,5
RV0032512,O0032527,C001885,4,4
RV0041428,O0041450,C002413,3,5
RV0020194,O0020204,C002457,3,4
RV0007002,O0007005,C000490,3,4
RV0008801,O0008806,C000351,5,4
RV0019969,O0019979,C002246,4,3
RV0044961,O0044986,C000803,3,3
RV0045133,O0045158,C000559,5,5
RV0036131,O0036149,C001148,5,3
RV0000268,O0000269,C000739,3,3
RV0003142,O0003143,C002752,3,5
RV0004800,O0004802,C001142,3,5
RV0028431,O0028444,C004400,5,5
RV0007422,O0007426,C000697,4,5
RV0021247,O0021257,C001795,5,3
RV0004396,O0004397,C002894,4,5
RV0002156,O0002157,C001881,3,3
RV0038199,O0038217,C001406,4,3
RV0049477,O0049507,C002038,4,5
RV0001441,O0001442,C002248,3,4
RV0024980,O0024990,C000321,5,4
RV0045829,O0045855,C003246,4,5
RV0018169,O0018179,C001932,5,4
RV0048005,O0048033,C004556,4,3
RV0013295,O0013302,C003163,5,4
RV0035869,O0035885,C003294,3,3
RV0018352,O0018362,C001717,4,4
RV0032927,O0032942,C004233,4,5
RV0015518,O0015526,C000908,4,3
RV0006527,O0006530,C001506,3,5
RV0031570,O0031584,C003251,5,3
RV0029942,O0029955,C004401,3,3
RV0015806,O0015814,C004385,3,4
RV0041604,O0041626,C002717,3,5
RV0023920,O0023930,C002572,4,3
RV0048416,O0048444,C003005,5,5
RV0011146,O0011152,C002338,5,3
RV0040626,O0040648,C000007,3,3
RV0001496,O0001497,C002892,5,4
RV0000733,O0000734,C000407,5,3
RV0020261,O0020271,C002161,4,5
RV0011903,O0011910,C003045,3,4
RV0011129,O0011135,C000290,5,3
RV0039297,O0039317,C004697,3,3
RV0029333,O0029346,C004487,4,4
RV0021565,O0021575,C000958,4,4
RV0002330,O0002331,C004293,4,4
RV0006328,O0006330,C004824,4,5
RV0031855,O0031870,C003523,5,3
RV0019341,O0019351,C000056,4,5
RV0002072,O0002073,C002740,4,5
RV0043271,O0043295,C004794,5,5
RV0042200,O0042222,C003037,5,4
RV0040765,O0040787,C002422,4,5
RV0015311,O0015319,C000350,5,4
RV0003219,O0003220,C000789,4,5
RV0021582,O0021592,C002558,4,5
RV0040886,O0040908,C000240,5,3
RV0041062,O0041084,C000309,5,3
RV0020646,O0020656,C000496,3,3
RV0004040,O0004041,C003994,4,3
RV0015509,O0015517,C002713,4,3
RV0026209,O0026219,C001103,5,4
RV0010410,O0010415,C002690,4,5
RV0041251,O0041273,C003440,4,4
RV0014206,O0014214,C004263,3,5
RV0032564,O0032579,C001772,5,5
RV0011250,O0011256,C003708,5,4
RV0020280,O0020290,C002782,4,5
RV0043927,O0043951,C002020,4,3
RV0013538,O0013545,C002757,5,4
RV0026779,O0026790,C001263,4,3
RV0037105,O0037123,C004599,5,5
RV0001336,O0001337,C001630,4,3
RV0006564,O0006567,C004186,4,3
RV0004957,O0004959,C001367,4,3
RV0034225,O0034240,C001099,5,5
RV0003973,O0003974,C004363,3,4
RV0022362,O0022372,C000160,5,4
RV0045701,O0045726,C004130,3,3
RV0005964,O0005966,C001426,5,5
RV0030456,O0030469,C001573,3,5
RV0034320,O0034335,C001591,4,3
RV0030937,O0030951,C002365,4,4
RV0028575,O0028588,C001754,4,4
RV0048520,O0048548,C001250,3,4
RV0006991,O0006994,C003529,5,3
RV0032667,O0032682,C001665,4,3
RV0043677,O0043701,C003190,3,5
RV0001474,O0001475,C002788,4,5
RV0018719,O0018729,C000997,3,5
RV0024610,O0024620,C000840,5,3
RV0008857,O0008862,C001178,3,4
RV0001553,O0001554,C003159,3,5
RV0049229,O0049258,C003907,5,3
RV0022974,O0022984,C004026,3,3
RV0022245,O0022255,C000791,3,5
RV0016890,O0016898,C004194,3,5
RV0031089,O0031103,C002623,3,5
RV0035180,O0035196,C000079,5,3
RV0006043,O0006045,C003539,3,4
RV0043520,O0043544,C001179,5,4
RV0026533,O0026544,C004690,4,4
RV0020222,O0020232,C002687,5,5
RV0000052,O0000053,C002785,5,4
RV0029468,O0029481,C003937,3,5
RV0000274,O0000275,C000814,4,5
RV0012231,O0012238,C000958,3,4
RV0013685,O0013692,C002099,4,5
RV0047312,O0047340,C000642,4,5
RV0008490,O0008495,C000994,4,5
RV0049736,O0049766,C003996,4,3
RV0042495,O0042518,C003640,4,3
RV0035126,O0035142,C003155,4,3
RV0002119,O0002120,C003930,4,3
RV0047199,O0047226,C001260,4,4
RV0016275,O0016283,C001122,4,3
RV0046315,O0046342,C002330,5,3
RV0036259,O0036277,C004832,4,4
RV0040921,O0040943,C004853,4,5
RV0021871,O0021881,C004757,4,4
RV0013256,O0013263,C002351,3,4
RV0010454,O0010459,C001728,3,5
RV0015433,O0015441,C000095,4,4
RV0044666,O0044691,C002405,3,5
RV0017961,O0017971,C001635,4,5
RV0024562,O0024572,C002867,4,3
RV0039652,O0039673,C003926,5,4
RV0039357,O0039377,C002733,4,3
RV0006363,O0006365,C004838,5,4
RV0015946,O0015954,C002894,5,5
RV0028665,O0028678,C002697,4,3
RV0039088,O0039108,C001436,5,5
RV0021160,O0021170,C004481,4,3
RV0022109,O0022119,C003625,4,5
RV0047376,O0047404,C003335,5,4
RV0028197,O0028210,C003229,5,5
RV0028170,O0028183,C002210,5,5
RV0027163,O0027175,C000002,5,3
RV0023637,O0023647,C004690,4,5
RV0035683,O0035699,C003344,3,5
RV0040152,O0040173,C004912,3,3
RV0025836,O0025846,C003024,4,5
RV0045945,O0045971,C001366,4,3
RV0000452,O0000453,C004134,3,4
RV0016026,O0016034,C000649,5,3
RV0044704,O0044729,C001752,5,3
RV0032367,O0032382,C004564,5,4
RV0011269,O0011275,C004729,3,4
RV0042854,O0042877,C004962,5,3
RV0011690,O0011697,C000538,5,5
RV0028319,O0028332,C004084,3,3
RV0012428,O0012435,C004232,4,5
RV0040246,O0040267,C001187,4,4
RV0012154,O0012161,C002322,3,4
RV0040779,O0040801,C002565,4,3
RV0022978,O0022988,C003832,5,3
RV0001878,O0001879,C002048,5,3
RV0049790,O0049820,C001017,4,4
RV0012956,O0012963,C002918,5,3
RV0023856,O0023866,C002144,3,5
RV0030442,O0030455,C000792,3,4
RV0008476,O0008481,C003748,4,4
RV0032739,O0032754,C002225,4,4
RV0015093,O0015101,C000982,5,3
RV0022718,O0022728,C004567,4,4
RV0021416,O0021426,C003833,5,3
RV0006465,O0006468,C002590,4,5
RV0017599,O0017608,C003715,5,4
RV0047697,O0047725,C002125,4,4
RV0040683,O0040705,C000372,4,3
RV0039059,O0039078,C002042,3,4
RV0002532,O0002533,C000189,3,4
RV0024695,O0024705,C002725,5,3
RV0028661,O0028674,C001723,5,5
RV0030157,O0030170,C003921,5,5
RV0024367,O0024377,C000074,4,4
RV0029291,O0029304,C002001,4,4
RV0043344,O0043368,C004693,4,5
RV0017009,O0017017,C000908,3,3
RV0033781,O0033796,C003543,5,5
RV0029706,O0029719,C001729,5,3
RV0012096,O0012103,C004557,5,5
RV0016159,O0016167,C004100,4,5
RV0039380,O0039400,C003902,5,5
RV0009588,O0009593,C004016,3,4
RV0029494,O0029507,C004669,4,4
RV0026484,O0026495,C001221,4,4
RV0047353,O0047381,C000957,4,4
RV0000023,O0000024,C001992,5,4
RV0023575,O0023585,C003633,3,4
RV0026642,O0026653,C000550,4,4
RV0025863,O0025873,C000374,5,3
RV0019176,O0019186,C001086,3,4
RV0009132,O0009137,C002313,3,4
RV0036904,O0036922,C003557,4,3
RV0002807,O0002808,C004540,4,5
RV0014933,O0014941,C004702,5,4
RV0007328,O0007331,C002326,3,5
RV0013905,O0013912,C002246,3,5
RV0042574,O0042597,C004563,4,3
RV0023848,O0023858,C000965,5,3
RV0019395,O0019405,C000188,5,3
RV0006875,O0006878,C004676,3,4
RV0005944,O0005946,C000344,5,3
RV0009527,O0009532,C004951,3,3
RV0037636,O0037654,C003190,3,4
RV0021111,O0021121,C003496,3,5
RV0018826,O0018836,C004210,5,4
RV0027732,O0027745,C004784,4,4
RV0006216,O0006218,C001673,4,3
RV0027462,O0027475,C004663,5,5
RV0007654,O0007658,C002081,4,4
RV0006442,O0006445,C000821,4,5
RV0004508,O0004509,C004972,4,4
RV0047431,O0047459,C002448,3,5
RV0003600,O0003601,C001866,5,3
RV0014936,O0014944,C002353,4,5
RV0040684,O0040706,C004672,5,5
RV0044954,O0044979,C000318,5,4
RV0006176,O0006178,C004430,4,4
RV0027754,O0027767,C001855,4,3
RV0027434,O0027447,C000404,5,4
RV0004738,O0004740,C000370,5,5
RV0001512,O0001513,C003085,5,4
RV0026281,O0026291,C003449,4,4
RV0009810,O0009815,C002912,4,3
RV0049294,O0049323,C001816,3,4
RV0009761,O0009766,C000076,4,5
RV0042609,O0042632,C001979,5,5
RV0048088,O0048116,C001608,3,5
RV0019269,O0019279,C002820,5,3
RV0041110,O0041132,C004643,5,3
RV0000960,O0000961,C000046,3,3
RV0034641,O0034657,C000794,3,5
RV0036032,O0036050,C000292,3,5
RV0041577,O0041599,C003184,4,5
RV0005140,O0005142,C000007,5,5
RV0027072,O0027084,C003914,3,5
RV0041784,O0041806,C000485,5,4
RV0002306,O0002307,C000429,4,3
RV0030057,O0030070,C000278,3,3
RV0034233,O0034248,C001681,3,3
RV0017396,O0017405,C002179,3,3
RV0032077,O0032092,C003379,3,4
RV0001839,O0001840,C003443,5,5
RV0008500,O0008505,C002846,3,3
RV0036582,O0036600,C003593,4,4
RV0018175,O0018185,C003076,4,3
RV0001563,O0001564,C001104,3,4
RV0027968,O0027981,C001118,4,3
RV0031237,O0031251,C000307,5,5
RV0047689,O0047717,C002301,3,3
RV0013713,O0013720,C003740,5,5
RV0037273,O0037291,C001335,5,4
RV0027942,O0027955,C004118,4,5
RV0016629,O0016637,C003095,4,4
RV0045122,O0045147,C004827,3,3
RV0007325,O0007328,C001235,4,3
RV0035582,O0035598,C003121,4,3
RV0047713,O0047741,C001830,3,4
RV0045284,O0045309,C000055,4,3
RV0014238,O0014246,C003367,5,4
RV0019762,O0019772,C004998,5,4
RV0043606,O0043630,C004074,5,4
RV0031136,O0031150,C004010,3,4
RV0027034,O0027046,C004425,5,3
RV0040551,O0040573,C003225,3,3
RV0002138,O0002139,C001372,4,3
RV0034825,O0034841,C003300,5,5
RV0044884,O0044909,C003039,4,4
RV0011511,O0011517,C004603,3,4
RV0023220,O0023230,C002649,5,5
RV0019136,O0019146,C002800,5,3
RV0037163,O0037181,C004975,5,3
RV0005643,O0005645,C001343,5,3
RV0022506,O0022516,C001523,4,3
RV0004020,O0004021,C003440,4,3
RV0015824,O0015832,C001021,4,4
RV0005450,O0005452,C002850,5,3
RV0018466,O0018476,C002193,3,4
RV0047171,O0047198,C003763,5,5
RV0031919,O0031934,C001855,3,5
RV0007580,O0007584,C001489,4,4
RV0034462,O0034478,C001751,4,3
RV0012114,O0012121,C000307,3,5
RV0049762,O0049792,C004812,5,4
RV0033846,O0033861,C003615,5,3
RV0033674,O0033689,C001566,3,4
RV0037003,O0037021,C002625,3,5
RV0002142,O0002143,C002489,5,5
RV0028217,O0028230,C001709,3,5
RV0010264,O0010269,C001728,3,5
RV0038771,O0038790,C000444,4,3
RV0002273,O0002274,C003910,3,3
RV0037654,O0037672,C004286,5,4
RV0020302,O0020312,C000749,5,4
RV0049144,O0049173,C002918,5,5
RV0011086,O0011092,C002976,5,5
RV0028660,O0028673,C000511,5,3
RV0028032,O0028045,C004428,4,4
RV0047836,O0047864,C000134,5,5
RV0000309,O0000310,C000338,4,5
RV0026059,O0026069,C003599,3,5
RV0045738,O0045764,C004024,3,4
RV0001348,O0001349,C004256,4,3
RV0028050,O0028063,C001073,4,3
RV0046706,O0046733,C003708,5,4
RV0034973,O0034989,C004587,5,4
RV0027040,O0027052,C002550,4,4
RV0039134,O0039154,C002762,5,3
RV0012829,O0012836,C003653,3,3
RV0008482,O0008487,C001232,4,5
RV0018486,O0018496,C002893,4,4
RV0004387,O0004388,C000664,4,4
RV0033250,O0033265,C003497,4,3
RV0034180,O0034195,C002192,5,3
RV0017713,O0017722,C001036,4,5
RV0022893,O0022903,C000745,3,3
RV0003639,O0003640,C000205,5,3
RV0049950,O0049980,C004605,5,5
RV0045635,O0045660,C000129,4,4
RV0029994,O0030007,C001297,3,5
RV0010963,O0010969,C001775,4,5
RV0044882,O0044907,C003385,5,3
RV0044987,O0045012,C003228,5,3
RV0018393,O0018403,C002624,5,3
RV0001113,O0001114,C001682,4,3
RV0034791,O0034807,C000828,3,4
RV0041767,O0041789,C003657,5,4
RV0021837,O0021847,C001891,3,3
RV0046623,O0046650,C002203,4,4
RV0004456,O0004457,C001378,4,3
RV0013326,O0013333,C003777,4,3
RV0042638,O0042661,C001158,3,5
RV0011082,O0011088,C004613,5,5
RV0045384,O0045409,C003235,4,3
RV0032042,O0032057,C002405,4,5
RV0038901,O0038920,C004582,4,5
RV0031523,O0031537,C000575,3,5
RV0042105,O0042127,C003301,3,3
RV0007721,O0007726,C004262,5,3
RV0037213,O0037231,C003990,3,3
RV0011126,O0011132,C000422,3,4
RV0036173,O0036191,C002196,5,4
RV0036470,O0036488,C004141,3,3
RV0036419,O0036437,C003721,4,3
RV0010107,O0010112,C000738,4,5
RV0033421,O0033436,C000195,5,4
RV0021640,O0021650,C004429,5,4
RV0043304,O0043328,C003913,4,5
RV0048266,O0048294,C002692,3,4
RV0016419,O0016427,C000861,4,4
RV0031015,O0031029,C000527,3,5
RV0002091,O0002092,C004544,5,3
RV0039783,O0039804,C004053,4,3
RV0047617,O0047645,C000960,4,4
RV0032819,O0032834,C004291,4,5
RV0028189,O0028202,C002416,5,5
RV0047396,O0047424,C003425,4,4
RV0013022,O0013029,C003563,5,3
RV0014354,O0014362,C002858,3,4
RV0016530,O0016538,C004475,3,4
RV0023870,O0023880,C002934,3,3
RV0010065,O0010070,C004018,5,3
RV0035460,O0035476,C004225,5,4
RV0047925,O0047953,C004386,5,5
RV0004824,O0004826,C002065,5,5
RV0046206,O0046232,C004784,4,3
RV0029597,O0029610,C003268,5,4
RV0019536,O0019546,C000117,3,4
RV0038582,O0038601,C004881,5,5
RV0034105,O0034120,C004915,3,3
RV0010307,O0010312,C000251,3,4
RV0047514,O0047542,C001722,3,4
RV0039392,O0039412,C004095,3,5
RV0009010,O0009015,C000822,5,4
RV0006456,O0006459,C003086,3,5
RV0045526,O0045551,C003716,3,4
RV0020185,O0020195,C001434,3,3
RV0007579,O0007583,C003734,4,4
RV0014614,O0014622,C000946,4,3
RV0030688,O0030701,C001680,3,3
RV0014956,O0014964,C004759,3,5
RV0023541,O0023551,C000180,4,3
RV0035535,O0035551,C003216,5,3
RV0004592,O0004593,C002131,4,5
RV0007388,O0007392,C002699,5,5
RV0034861,O0034877,C003526,4,3
RV0006330,O0006332,C001446,5,3
RV0008426,O0008431,C003009,3,3
RV0000768,O0000769,C003616,5,3
RV0020989,O0020999,C001710,5,4
RV0047783,O0047811,C002839,3,4
RV0014972,O0014980,C001104,5,3
RV0041713,O0041735,C002357,5,4
RV0021940,O0021950,C002974,3,3
RV0026073,O0026083,C003334,4,3
RV0015335,O0015343,C002394,5,5
RV0027505,O0027518,C002730,5,3
RV0043434,O0043458,C002212,3,4
RV0028232,O0028245,C001177,5,4
RV0035273,O0035289,C002672,4,5
RV0039143,O0039163,C000673,4,3
RV0049695,O0049725,C002232,5,5
RV0007720,O0007725,C002749,5,5
RV0009330,O0009335,C002644,4,5
RV0017203,O0017212,C004645,3,4
RV0037316,O0037334,C000502,3,4
RV0028235,O0028248,C002823,5,5
RV0014401,O0014409,C002123,4,5
RV0017172,O0017180,C002877,5,5
RV0021201,O0021211,C002093,4,4
RV0043205,O0043229,C003954,5,4
RV0038567,O0038586,C002418,4,5
RV0018737,O0018747,C003428,5,3
RV0032882,O0032897,C002554,4,4
RV0048452,O0048480,C002700,3,4
RV0007755,O0007760,C004790,3,5
RV0044066,O0044090,C004776,4,3
RV0034005,O0034020,C004857,3,4
RV0014697,O0014705,C002686,3,5
RV0043380,O0043404,C000863,5,3
RV0046705,O0046732,C000420,4,3
RV0023734,O0023744,C001769,3,4
RV0009974,O0009979,C001533,5,4
RV0036248,O0036266,C002121,3,3
RV0014335,O0014343,C004288,5,5
RV0024830,O0024840,C002913,5,3
RV0000623,O0000624,C002211,4,3
RV0009281,O0009286,C001800,4,3
RV0013328,O0013335,C003771,5,3
RV0045590,O0045615,C001875,5,4
RV0002408,O0002409,C003324,5,3
RV0038535,O0038554,C002050,5,5
RV0000342,O0000343,C002367,3,3
RV0034711,O0034727,C001127,4,3
RV0029200,O0029213,C003085,3,5
RV0012993,O0013000,C004533,4,3
RV0015603,O0015611,C002125,3,3
RV0041893,O0041915,C004187,5,3
RV0035571,O0035587,C003187,3,5
RV0046606,O0046633,C001687,3,3
RV0007685,O0007689,C002987,4,3
RV0034854,O0034870,C003653,3,3
RV0017366,O0017375,C002608,4,5
RV0044310,O0044334,C004382,5,3
RV0028366,O0028379,C001469,5,3
RV0007665,O0007669,C002173,5,3
RV0027154,O0027166,C000236,5,3
RV0024477,O0024487,C001203,5,4
RV0024445,O0024455,C003200,3,4
RV0042286,O0042308,C000384,4,4
RV0043726,O0043750,C003115,4,3
RV0032909,O0032924,C000992,3,4
RV0036848,O0036866,C003564,3,4
RV0025148,O0025158,C002525,3,4
RV0033109,O0033124,C000938,3,3
RV0038951,O0038970,C004766,5,5
RV0031203,O0031217,C001976,4,4
RV0036810,O0036828,C000146,3,3
RV0002960,O0002961,C004107,5,3
RV0034476,O0034492,C003194,4,5
RV0036555,O0036573,C004097,4,5
RV0047481,O0047509,C001048,4,3
RV0011551,O0011557,C002387,4,5
RV0018491,O0018501,C000414,5,3
RV0027735,O0027748,C003765,5,5
RV0008467,O0008472,C001929,4,3
RV0035911,O0035928,C001117,3,3
RV0023890,O0023900,C001126,4,3
RV0032804,O0032819,C002339,5,4
RV0005860,O0005862,C003942,3,4
RV0011364,O0011370,C000036,5,4
RV0047221,O0047249,C002989,3,3
RV0027558,O0027571,C004610,4,4
RV0001277,O0001278,C001938,5,5
RV0013104,O0013111,C002937,3,3
RV0040693,O0040715,C004195,4,4
RV0010765,O0010770,C004796,3,5
RV0036814,O0036832,C004393,3,3
RV0021768,O0021778,C001513,4,3
RV0008975,O0008980,C002066,4,4
RV0003106,O0003107,C003204,3,3
RV0011128,O0011134,C001482,5,4
RV0038054,O0038072,C002059,3,4
RV0002676,O0002677,C004910,5,5
RV0015368,O0015376,C002777,4,3
RV0022691,O0022701,C003034,5,3
RV0014277,O0014285,C004672,5,5
RV0027619,O0027632,C001326,3,5
RV0043037,O0043061,C002449,3,3
RV0015750,O0015758,C001895,4,3
RV0020840,O0020850,C001101,5,4
RV0022573,O0022583,C003819,4,3
RV0041375,O0041397,C002031,5,5
RV0040182,O0040203,C003286,5,4
RV0036044,O0036062,C000024,3,3
RV0009750,O0009755,C003763,3,5
RV0045155,O0045180,C002854,5,5
RV0013797,O0013804,C002112,4,4
RV0014074,O0014082,C000159,3,3
RV0011963,O0011970,C003388,5,4
RV0047695,O0047723,C001862,3,5
RV0002758,O0002759,C004341,5,4
RV0049411,O0049441,C004839,5,5
RV0046941,O0046968,C001291,3,4
RV0032889,O0032904,C002235,4,3
RV0038768,O0038787,C000186,3,5
RV0007724,O0007729,C004124,5,3
RV0038932,O0038951,C004387,4,4
RV0001411,O0001412,C002893,5,4
RV0040579,O0040601,C003139,3,5
RV0004639,O0004640,C004376,4,3
RV0029842,O0029855,C003995,3,4
RV0028836,O0028849,C003514,4,4
RV0023204,O0023214,C002178,3,3
RV0007606,O0007610,C002460,5,3
RV0043170,O0043194,C000375,4,5
RV0039060,O0039079,C000131,4,5
RV0031916,O0031931,C002028,3,4
RV0032846,O0032861,C001854,5,4
RV0004526,O0004527,C004417,5,5
RV0013573,O0013580,C001295,3,3
RV0011710,O0011717,C003533,5,5
RV0031298,O0031312,C004669,3,3
RV0036065,O0036083,C001750,5,3
RV0047192,O0047219,C003351,5,3
RV0000741,O0000742,C000095,3,5
RV0009052,O0009057,C000665,4,5
RV0024677,O0024687,C002004,4,5
RV0043600,O0043624,C000161,5,5
RV0012574,O0012581,C003944,5,4
RV0009641,O0009646,C003018,4,5
RV0027296,O0027309,C004058,3,4
RV0025369,O0025379,C004954,5,4
RV0008165,O0008170,C001954,5,5
RV0040376,O0040397,C003893,4,4
RV0036758,O0036776,C002922,5,4
RV0016391,O0016399,C000625,5,3
RV0010458,O0010463,C001938,3,5
RV0012918,O0012925,C003107,5,4
RV0015553,O0015561,C003540,5,4
RV0034282,O0034297,C003149,4,3
RV0041294,O0041316,C004965,3,4
RV0021048,O0021058,C003838,4,4
RV0047818,O0047846,C002929,4,4
RV0011509,O0011515,C001042,3,3
RV0037857,O0037875,C004831,4,3
RV0013289,O0013296,C003296,5,5
RV0028966,O0028979,C004719,5,3
RV0020450,O0020460,C003038,5,5
RV0007152,O0007155,C003874,5,4
RV0029082,O0029095,C001372,5,4
RV0029216,O0029229,C001265,3,5
RV0035025,O0035041,C000783,4,4
RV0036504,O0036522,C000859,5,3
RV0044046,O0044070,C004638,5,3
RV0021190,O0021200,C002092,5,3
RV0022603,O0022613,C003800,4,4
RV0016657,O0016665,C004860,4,4
RV0017437,O0017446,C004515,4,4
RV0026981,O0026992,C003426,3,3
RV0049643,O0049673,C000486,4,4
RV0048605,O0048633,C001410,3,4
RV0007873,O0007878,C002742,5,4
RV0004202,O0004203,C004032,3,5
RV0002239,O0002240,C004213,4,3
RV0022572,O0022582,C000434,4,3
RV0001221,O0001222,C004480,3,5
RV0001412,O0001413,C000698,4,3
RV0028568,O0028581,C003744,3,3
RV0023074,O0023084,C000209,5,3
RV0006612,O0006615,C000218,3,3
RV0019451,O0019461,C001547,3,5
RV0005679,O0005681,C000312,3,4
RV0003560,O0003561,C001396,3,3
RV0009836,O0009841,C000549,4,5
RV0044507,O0044531,C001499,3,3
RV0006186,O0006188,C001908,3,3
RV0030390,O0030403,C004583,3,3
RV0040117,O0040138,C003546,3,3
RV0046190,O0046216,C002509,3,3
RV0005878,O0005880,C004338,3,5
RV0015124,O0015132,C001753,4,4
RV0036567,O0036585,C004688,5,5
RV0015673,O0015681,C000489,4,3
RV0031540,O0031554,C004957,5,4
RV0024505,O0024515,C003838,4,4
RV0004097,O0004098,C000345,5,3
RV0024076,O0024086,C003385,4,5
RV0019827,O0019837,C003946,4,3
RV0043139,O0043163,C001087,3,4
RV0015601,O0015609,C001729,3,5
RV0046861,O0046888,C004958,5,4
RV0046736,O0046763,C004992,5,5
RV0006871,O0006874,C004027,3,5
RV0025561,O0025571,C003751,3,3
RV0009959,O0009964,C000604,4,4
RV0008231,O0008236,C000358,5,3
RV0047914,O0047942,C001890,3,3
RV0031019,O0031033,C003583,4,3
RV0017894,O0017904,C003918,4,5
RV0011641,O0011647,C004300,4,5
RV0040625,O0040647,C001193,5,3
RV0003635,O0003636,C002227,5,3
RV0003096,O0003097,C001309,3,4
RV0027792,O0027805,C001304,5,3
RV0034941,O0034957,C002958,5,3
RV0002376,O0002377,C001371,4,3
RV0040520,O0040542,C000315,4,4
RV0013912,O0013919,C002444,4,4
RV0044533,O0044557,C004929,3,4
RV0047018,O0047045,C001953,3,3
RV0047782,O0047810,C001594,4,5
RV0021623,O0021633,C001560,3,5
RV0008450,O0008455,C003458,4,5
RV0004514,O0004515,C001520,3,3
RV0042936,O0042959,C003198,4,3
RV0036151,O0036169,C004571,4,4
RV0006914,O0006917,C000411,3,5
RV0031441,O0031455,C001691,3,5
RV0020691,O0020701,C003515,5,5
RV0027741,O0027754,C003609,4,3
RV0041261,O0041283,C004590,5,3
RV0025747,O0025757,C000031,3,4
RV0035465,O0035481,C000542,5,5
RV0011104,O0011110,C001435,3,5
RV0049768,O0049798,C004230,5,3
RV0018421,O0018431,C004965,4,3
RV0004342,O0004343,C000224,4,5
RV0019632,O0019642,C002114,3,4
RV0036695,O0036713,C001496,4,4
RV0049483,O0049513,C000730,5,3
RV0004998,O0005000,C000232,3,4
RV0042014,O0042036,C004152,4,5
RV0038581,O0038600,C002125,5,4
RV0006898,O0006901,C001148,4,5
RV0030056,O0030069,C003539,5,4
RV0013019,O0013026,C004572,4,4
RV0029000,O0029013,C004303,3,3
RV0027058,O0027070,C001921,5,4
RV0017237,O0017246,C003014,4,3
RV0034466,O0034482,C002491,5,3
RV0025441,O0025451,C003383,4,3
RV0040286,O0040307,C003547,5,3
RV0022220,O0022230,C004598,3,4
RV0048113,O0048141,C001102,5,4
RV0038882,O0038901,C003083,5,5
RV0048051,O0048079,C000062,5,5
RV0040069,O0040090,C001329,4,4
RV0044239,O0044263,C002182,5,3
RV0020230,O0020240,C004884,3,3
RV0007722,O0007727,C004936,5,5
RV0013757,O0013764,C002503,4,5
RV0001357,O0001358,C001227,3,5
RV0014090,O0014098,C000520,5,3
RV0002525,O0002526,C002767,4,4
RV0040001,O0040022,C002037,5,5
RV0009027,O0009032,C004757,5,4
RV0038666,O0038685,C003409,4,5
RV0036096,O0036114,C001986,4,3
RV0029234,O0029247,C000970,5,3
RV0014875,O0014883,C003651,4,4
RV0021609,O0021619,C001370,4,5
RV0022039,O0022049,C001599,4,3
RV0015458,O0015466,C002783,5,4
RV0020346,O0020356,C004060,5,3
RV0023356,O0023366,C002067,5,5
RV0026781,O0026792,C003758,3,4
RV0020417,O0020427,C003289,4,3
RV0039714,O0039735,C004747,4,4
RV0038151,O0038169,C003509,4,3
RV0011847,O0011854,C004719,3,5
RV0046001,O0046027,C002896,3,3
RV0011810,O0011817,C004091,5,4
RV0034511,O0034527,C003349,5,5
RV0028928,O0028941,C004673,5,3
RV0022067,O0022077,C002353,4,5
RV0008133,O0008138,C001632,5,4
RV0005306,O0005308,C003448,3,4
RV0002577,O0002578,C001440,5,4
RV0048934,O0048962,C002707,3,4
RV0015283,O0015291,C000453,3,5
RV0022321,O0022331,C000455,5,5
RV0028294,O0028307,C000144,5,4
RV0016316,O0016324,C002651,4,5
RV0012681,O0012688,C004964,3,4
RV0007978,O0007983,C001831,5,5
RV0038937,O0038956,C001733,5,5
RV0005421,O0005423,C001471,3,5
RV0031316,O0031330,C004579,4,4
RV0048909,O0048937,C003287,3,5
RV0008982,O0008987,C002988,4,3
RV0003998,O0003999,C004202,3,4
RV0028837,O0028850,C002677,5,4
RV0007409,O0007413,C003731,3,5
RV0049152,O0049181,C003450,4,4
RV0000251,O0000252,C000227,4,4
RV0038978,O0038997,C002734,4,4
RV0016849,O0016857,C003445,5,4
RV0040662,O0040684,C002229,3,5
RV0004819,O0004821,C000690,5,5
RV0037750,O0037768,C004116,3,5
RV0039564,O0039585,C003852,3,4
RV0049939,O0049969,C003018,3,3
RV0017832,O0017841,C002268,4,3
RV0007845,O0007850,C002337,3,3
RV0024446,O0024456,C002915,4,4
RV0035806,O0035822,C002872,5,4
RV0029499,O0029512,C000283,3,5
RV0010261,O0010266,C002040,4,4
RV0008860,O0008865,C002169,5,3
RV0031590,O0031604,C002428,4,4
RV0021610,O0021620,C002558,4,4
RV0033973,O0033988,C003490,4,4
RV0030068,O0030081,C000997,3,5
RV0042617,O0042640,C004479,3,5
RV0000542,O0000543,C001867,4,5
RV0049456,O0049486,C004765,3,3
RV0003852,O0003853,C001686,3,3
RV0036246,O0036264,C000021,4,5
RV0016293,O0016301,C002506,5,4
RV0034570,O0034586,C001819,5,4
RV0005198,O0005200,C001926,4,3
RV0019732,O0019742,C002595,3,4
RV0043297,O0043321,C001590,4,4
RV0008354,O0008359,C001057,3,4
RV0027212,O0027225,C000925,4,3
RV0049866,O0049896,C001660,3,4
RV0014597,O0014605,C001449,5,3
RV0014828,O0014836,C004069,4,3
RV0012027,O0012034,C004542,3,4
RV0043656,O0043680,C004975,3,5
RV0030378,O0030391,C004599,4,3
RV0021787,O0021797,C004061,3,4
RV0042811,O0042834,C002213,3,4
RV0014304,O0014312,C004553,4,5
RV0026914,O0026925,C002636,4,5
RV0039241,O0039261,C004785,3,4
RV0046339,O0046366,C004948,5,3
RV0041791,O0041813,C001688,3,5
RV0042968,O0042991,C003599,5,5
RV0042466,O0042489,C004463,3,4
RV0006326,O0006328,C000306,3,5
RV0047952,O0047980,C002224,3,3
RV0028765,O0028778,C003899,5,3
RV0021011,O0021021,C004918,4,5
RV0002917,O0002918,C004349,4,4
RV0002229,O0002230,C004324,5,3
RV0045216,O0045241,C001276,4,4
RV0040836,O0040858,C000199,3,3
RV0007963,O0007968,C002382,4,3
RV0045901,O0045927,C004692,3,4
RV0032166,O0032181,C003038,4,5
RV0007744,O0007749,C002310,3,3
RV0017998,O0018008,C000396,3,3
RV0044086,O0044110,C000661,5,4
RV0026503,O0026514,C000235,4,5
RV0014032,O0014040,C003555,5,4
RV0016234,O0016242,C001413,5,5
RV0005654,O0005656,C000723,4,3
RV0003779,O0003780,C002483,4,5
RV0010522,O0010527,C000930,4,3
RV0025670,O0025680,C002457,5,3
RV0003344,O0003345,C001820,5,4
RV0020430,O0020440,C002427,3,3
RV0040464,O0040486,C001584,3,3
RV0034830,O0034846,C000562,3,3
RV0010480,O0010485,C003093,3,5
RV0046002,O0046028,C004678,3,3
RV0026816,O0026827,C003983,4,4
RV0048295,O0048323,C000457,5,4
RV0037020,O0037038,C000226,3,4
RV0032770,O0032785,C004159,5,3
RV0013660,O0013667,C004615,4,5
RV0017457,O0017466,C001729,4,3
RV0028160,O0028173,C004907,5,3
RV0006633,O0006636,C002692,4,5
RV0033507,O0033522,C003826,4,4
RV0013120,O0013127,C001842,3,5
RV0012048,O0012055,C000659,5,4
RV0048985,O0049013,C003370,3,4
RV0005961,O0005963,C000741,5,4
RV0021492,O0021502,C000413,4,4
RV0015910,O0015918,C000172,5,5
RV0004457,O0004458,C002000,5,5
RV0012172,O0012179,C001668,4,5
RV0029584,O0029597,C001174,3,4
RV0034664,O0034680,C004810,5,5
RV0004194,O0004195,C002841,4,3
RV0026326,O0026336,C001713,4,4
RV0004497,O0004498,C000474,5,3
RV0014784,O0014792,C000300,5,3
RV0002780,O0002781,C003201,4,5
RV0024986,O0024996,C001428,3,5
RV0019409,O0019419,C001962,3,5
RV0014068,O0014076,C001844,3,3
RV0026877,O0026888,C004465,5,4
RV0041998,O0042020,C000679,5,5
RV0027730,O0027743,C004304,5,3
RV0004650,O0004651,C003901,5,4
RV0008223,O0008228,C001942,4,4
RV0036646,O0036664,C004020,4,5
RV0045865,O0045891,C003145,5,5
RV0010183,O0010188,C002884,3,5
RV0013709,O0013716,C004120,4,4
RV0014883,O0014891,C004486,3,5
RV0038995,O0039014,C001141,5,5
RV0030943,O0030957,C000655,4,3
RV0003063,O0003064,C002567,5,3
RV0046668,O0046695,C003390,5,5
RV0002115,O0002116,C002106,3,4
RV0045086,O0045111,C004529,5,3
RV0012650,O0012657,C000665,5,3
RV0007880,O0007885,C003978,3,5
RV0016962,O0016970,C001178,3,5
RV0038403,O0038421,C002174,4,4
RV0046287,O0046314,C003574,3,3
RV0035818,O0035834,C000251,5,3
RV0000248,O0000249,C004603,3,4
RV0046676,O0046703,C002514,3,4
RV0016112,O0016120,C002965,5,5
RV0007627,O0007631,C000937,4,3
RV0039138,O0039158,C003435,5,5
RV0036568,O0036586,C000417,4,4
RV0026068,O0026078,C003099,5,3
RV0038959,O0038978,C000291,4,4
RV0022134,O0022144,C001929,3,4
RV0027814,O0027827,C002275,5,3
RV0015420,O0015428,C003393,5,3
RV0005231,O0005233,C002244,4,3
RV0002668,O0002669,C001170,5,3
RV0030218,O0030231,C003187,3,4
RV0000083,O0000084,C000246,5,3
RV0018707,O0018717,C004056,4,3
RV0017031,O0017039,C004593,4,5
RV0002053,O0002054,C000887,3,4
RV0034436,O0034452,C000483,4,5
RV0021862,O0021872,C002733,3,5
RV0025505,O0025515,C002143,3,3
RV0013398,O0013405,C002270,4,3
RV0032054,O0032069,C003529,4,5
RV0048104,O0048132,C004680,3,4
RV0028085,O0028098,C002201,4,3
RV0020231,O0020241,C000305,3,5
RV0044721,O0044746,C002333,5,3
RV0006272,O0006274,C002809,5,3
RV0018067,O0018077,C001707,4,3
RV0027948,O0027961,C002004,3,3
RV0042251,O0042273,C004157,4,4
RV0028055,O0028068,C002811,3,3
RV0015497,O0015505,C004237,4,3
RV0038760,O0038779,C001845,3,5
RV0042248,O0042270,C000301,4,4
RV0022690,O0022700,C002277,3,4
RV0040238,O0040259,C000816,3,4
RV0040032,O0040053,C004460,5,4
RV0039639,O0039660,C002491,4,5
RV0031725,O0031739,C004661,5,4
RV0039252,O0039272,C001378,5,3
RV0014555,O0014563,C000983,4,4
RV0021210,O0021220,C002548,5,4
RV0020518,O0020528,C003460,5,5
RV0008713,O0008718,C000520,3,4
RV0020831,O0020841,C001652,5,4
RV0025429,O0025439,C004238,4,5
RV0004191,O0004192,C003626,4,3
RV0034327,O0034342,C001770,5,4
RV0037054,O0037072,C002649,5,4
RV0026394,O0026404,C003982,5,3
RV0045913,O0045939,C002583,5,5
RV0029415,O0029428,C001033,3,5
RV0032404,O0032419,C000048,3,5
RV0012286,O0012293,C002554,3,3
RV0041500,O0041522,C000651,4,4
RV0040819,O0040841,C001635,5,5
RV0046800,O0046827,C001665,4,3
RV0029261,O0029274,C001810,3,4
RV0040137,O0040158,C000003,3,3
RV0008343,O0008348,C003958,5,3
RV0005960,O0005962,C003164,4,3
RV0020892,O0020902,C001931,5,3
RV0032861,O0032876,C000247,3,3
RV0003853,O0003854,C000415,3,3
RV0048942,O0048970,C004971,4,4
RV0024629,O0024639,C002025,5,4
RV0008741,O0008746,C003881,4,3
RV0040492,O0040514,C000621,4,3
RV0023063,O0023073,C004939,3,5
RV0017123,O0017131,C004695,4,4
RV0020516,O0020526,C000961,5,3
RV0045778,O0045804,C003271,5,4
RV0045825,O0045851,C001761,4,3
RV0013695,O0013702,C002777,4,4
RV0000723,O0000724,C004986,3,4
RV0012324,O0012331,C003951,4,4
RV0030298,O0030311,C004708,3,4
RV0020153,O0020163,C000144,5,5
RV0005172,O0005174,C003951,3,4
RV0029436,O0029449,C001987,5,4
RV0036005,O0036022,C002783,4,4
RV0002295,O0002296,C000162,5,3
RV0015363,O0015371,C002046,4,5
RV0027853,O0027866,C002947,5,4
RV0004640,O0004641,C004189,3,3
RV0042100,O0042122,C000550,5,4
RV0045730,O0045756,C004254,3,4
RV0047186,O0047213,C001066,4,3
RV0031011,O0031025,C004532,4,5
RV0005570,O0005572,C004215,5,5
RV0031245,O0031259,C004263,5,3
RV0040804,O0040826,C003356,4,5
RV0028212,O0028225,C000544,5,4
RV0041934,O0041956,C003760,3,5
RV0039970,O0039991,C003097,5,4
RV0030887,O0030901,C004657,4,4
RV0013174,O0013181,C001814,5,4
RV0006502,O0006505,C001984,3,3
RV0015307,O0015315,C003287,5,5
RV0005078,O0005080,C000701,4,3
RV0014182,O0014190,C004062,3,3
RV0043057,O0043081,C002131,4,5
RV0023593,O0023603,C002604,4,5
RV0024025,O0024035,C002323,5,5
RV0048658,O0048686,C003908,5,5
RV0035093,O0035109,C002785,5,5
RV0044917,O0044942,C001167,5,5
RV0049657,O0049687,C000975,4,5
RV0049236,O0049265,C001716,3,4
RV0034371,O0034387,C004565,5,3
RV0014064,O0014072,C001072,4,5
RV0003777,O0003778,C002819,3,3
RV0004974,O0004976,C001165,3,3
RV0000431,O0000432,C000152,5,3
RV0021622,O0021632,C002841,4,5
RV0019103,O0019113,C004352,3,3
RV0032986,O0033001,C001311,5,4
RV0029700,O0029713,C002134,5,5
RV0038188,O0038206,C000004,3,3
RV0008313,O0008318,C000324,3,3
RV0040082,O0040103,C003330,4,5
RV0006324,O0006326,C001248,3,3
RV0020959,O0020969,C001722,3,3
RV0027417,O0027430,C001804,3,5
RV0016649,O0016657,C000910,4,4
RV0017109,O0017117,C001948,4,3
RV0017781,O0017790,C002740,4,3
RV0025606,O0025616,C004817,3,3
RV0011195,O0011201,C000295,5,3
RV0028200,O0028213,C004048,4,3
RV0038293,O0038311,C004714,5,3
RV0031191,O0031205,C002337,3,5
RV0011238,O0011244,C004261,3,4
RV0031458,O0031472,C004983,5,3
RV0039309,O0039329,C000185,4,4
RV0041275,O0041297,C004616,5,3
RV0019012,O0019022,C000814,4,3
RV0045380,O0045405,C000866,3,3
RV0044026,O0044050,C001507,4,3
RV0034230,O0034245,C002645,4,5
RV0044122,O0044146,C000900,5,4
RV0019805,O0019815,C004409,4,5
RV0005321,O0005323,C002509,5,4
RV0034963,O0034979,C001989,5,4
RV0048176,O0048204,C000514,3,5
RV0037714,O0037732,C003668,5,3
RV0014695,O0014703,C000523,3,5
RV0000746,O0000747,C002496,5,5
RV0009162,O0009167,C003429,3,5
RV0010628,O0010633,C000751,5,4
RV0017726,O0017735,C002930,4,3
RV0029303,O0029316,C002685,3,5
RV0028019,O0028032,C002244,4,5
RV0039280,O0039300,C002263,3,5
RV0049201,O0049230,C004895,4,3
RV0004705,O0004706,C000736,4,4
RV0008522,O0008527,C002475,3,3
RV0040896,O0040918,C003212,5,3
RV0011764,O0011771,C001068,3,5
RV0014854,O0014862,C002452,5,5
RV0039208,O0039228,C000843,5,4
RV0001555,O0001556,C003159,4,5
RV0025722,O0025732,C000142,4,3
RV0012887,O0012894,C000307,3,3
RV0020465,O0020475,C000833,4,5
RV0045806,O0045832,C000013,5,3
RV0014286,O0014294,C002521,4,5
RV0006513,O0006516,C001500,3,4
RV0011368,O0011374,C001039,5,5
RV0023298,O0023308,C002710,4,4
RV0030115,O0030128,C000211,3,4
RV0020788,O0020798,C003753,3,5
RV0026833,O0026844,C001852,3,3
RV0001997,O0001998,C003469,4,3
RV0027269,O0027282,C001812,3,3
RV0049578,O0049608,C003003,3,5
RV0031621,O0031635,C001984,3,4
RV0039480,O0039501,C001075,4,3
RV0014283,O0014291,C002730,5,4
RV0043327,O0043351,C000855,3,3
RV0019079,O0019089,C001752,5,3
RV0009992,O0009997,C003689,3,4
RV0009056,O0009061,C002317,5,4
RV0036223,O0036241,C001393,5,3
RV0044006,O0044030,C002140,5,5
RV0047544,O0047572,C000432,3,3
RV0019263,O0019273,C000382,5,5
RV0049776,O0049806,C001437,5,3
RV0021488,O0021498,C001365,3,4
RV0001558,O0001559,C002982,3,4
RV0002578,O0002579,C002202,5,3
RV0018380,O0018390,C001204,3,5
RV0005081,O0005083,C004844,5,3
RV0008201,O0008206,C001200,5,3
RV0017267,O0017276,C002374,4,3
RV0033628,O0033643,C001507,5,3
RV0015146,O0015154,C001386,5,5
RV0012322,O0012329,C004521,3,4
RV0044817,O0044842,C000236,3,4
RV0018924,O0018934,C002631,4,4
RV0047366,O0047394,C004006,3,4
RV0000738,O0000739,C001632,5,4
RV0014794,O0014802,C001900,4,3
RV0000709,O0000710,C001673,5,5
RV0009464,O0009469,C002013,5,4
RV0049593,O0049623,C004405,4,5
RV0049206,O0049235,C002779,4,4
RV0013125,O0013132,C002152,5,5
RV0005098,O0005100,C004857,4,3
RV0047585,O0047613,C000833,4,5
RV0028993,O0029006,C002360,4,5
RV0013077,O0013084,C000381,3,4
RV0030034,O0030047,C000259,3,3
RV0011020,O0011026,C001494,5,5
RV0020149,O0020159,C002889,5,5
RV0037948,O0037966,C001938,5,5
RV0016864,O0016872,C001229,4,3
RV0009786,O0009791,C000389,3,5
RV0030370,O0030383,C002770,4,4
RV0025210,O0025220,C002946,4,3
RV0001111,O0001112,C001701,3,4
RV0044040,O0044064,C002663,3,5
RV0031727,O0031741,C001425,4,3
RV0011180,O0011186,C002531,4,4
RV0030069,O0030082,C004267,3,4
RV0011259,O0011265,C002889,5,4
RV0013377,O0013384,C003135,4,5
RV0031659,O0031673,C004235,3,5
RV0019537,O0019547,C002455,4,3
RV0019753,O0019763,C002272,4,3
RV0016670,O0016678,C004250,3,3
RV0030468,O0030481,C000447,3,3
RV0042490,O0042513,C000920,3,3
RV0006824,O0006827,C003457,3,5
RV0046697,O0046724,C002962,4,5
RV0017963,O0017973,C000965,4,5
RV0003116,O0003117,C000737,3,5
RV0047306,O0047334,C000915,4,5
RV0035115,O0035131,C004790,3,4
RV0023330,O0023340,C004036,3,5
RV0043887,O0043911,C000733,4,4
RV0045115,O0045140,C004554,4,5
RV0044371,O0044395,C003432,4,5
RV0029246,O0029259,C000588,3,3
RV0006956,O0006959,C002804,4,3
RV0007105,O0007108,C000888,5,5
RV0041761,O0041783,C000834,3,3
RV0027344,O0027357,C004041,5,3
RV0034289,O0034304,C003322,5,5
RV0044024,O0044048,C003095,3,3
RV0027804,O0027817,C003045,3,3
RV0011000,O0011006,C000528,5,5
RV0031662,O0031676,C003351,4,5
RV0013131,O0013138,C003439,4,5
RV0019761,O0019771,C000829,4,5
RV0018623,O0018633,C000086,5,4
RV0007162,O0007165,C001676,3,3
RV0018197,O0018207,C001829,5,4
RV0032758,O0032773,C001534,3,5
RV0029282,O0029295,C004837,4,5
RV0004461,O0004462,C003921,4,4
RV0017851,O0017861,C004330,4,5
RV0001549,O0001550,C001391,5,4
RV0025970,O0025980,C002178,4,3
RV0016274,O0016282,C001955,5,4
RV0039518,O0039539,C002361,4,4
RV0043561,O0043585,C004128,4,4
RV0037975,O0037993,C002673,3,4
RV0004068,O0004069,C003534,4,4
RV0013325,O0013332,C004563,5,4
RV0023264,O0023274,C000168,5,4
RV0017680,O0017689,C003464,5,4
RV0033473,O0033488,C000193,3,5
RV0040364,O0040385,C002647,3,4
RV0018896,O0018906,C001764,3,3
RV0024321,O0024331,C001158,5,5
RV0036671,O0036689,C003466,4,5
RV0041614,O0041636,C003222,3,4
RV0043539,O0043563,C003974,4,5
RV0033225,O0033240,C001397,4,3
RV0028883,O0028896,C002516,3,5
RV0018521,O0018531,C000193,3,4
RV0014916,O0014924,C001262,3,3
RV0011879,O0011886,C000380,4,5
RV0003803,O0003804,C003950,4,3
RV0003566,O0003567,C003926,4,3
RV0005174,O0005176,C001097,3,3
RV0032389,O0032404,C004351,4,5
RV0039238,O0039258,C001380,5,5
RV0020973,O0020983,C001313,3,3
RV0026791,O0026802,C002129,4,4
RV0025136,O0025146,C004670,5,3
RV0006707,O0006710,C001116,5,5
RV0021006,O0021016,C003699,4,3
RV0000462,O0000463,C000006,5,4
RV0040368,O0040389,C001827,5,3
RV0019700,O0019710,C001564,3,3
RV0010969,O0010975,C001003,5,5
RV0034977,O0034993,C000186,3,4
RV0037218,O0037236,C004846,3,4
RV0006271,O0006273,C003771,5,3
RV0044334,O0044358,C001311,5,3
RV0033128,O0033143,C003800,3,5
RV0010381,O0010386,C002185,4,4
RV0005246,O0005248,C000766,5,5
RV0001429,O0001430,C004151,3,4
RV0011768,O0011775,C002466,5,5
RV0042645,O0042668,C003508,5,5
RV0044824,O0044849,C004667,3,3
RV0025325,O0025335,C004912,3,4
RV0000033,O0000034,C001720,4,4
RV0032902,O0032917,C003183,3,4
RV0049089,O0049118,C002158,3,4
RV0045295,O0045320,C003096,5,4
RV0005233,O0005235,C000151,5,5
RV0046085,O0046111,C003437,5,3
RV0039427,O0039448,C002423,5,4
RV0001550,O0001551,C004232,3,3
RV0046749,O0046776,C001799,4,3
RV0010217,O0010222,C000025,5,3
RV0040750,O0040772,C004253,4,5
RV0016577,O0016585,C003977,3,3
RV0008670,O0008675,C001674,3,5
RV0005221,O0005223,C003759,3,5
RV0009414,O0009419,C004288,4,3
RV0023835,O0023845,C001523,5,4
RV0038696,O0038715,C004125,5,3
RV0043155,O0043179,C003941,3,3
RV0015811,O0015819,C004939,4,4
RV0029600,O0029613,C003481,5,4
RV0027471,O0027484,C004516,3,4
RV0039687,O0039708,C001801,4,5
RV0013226,O0013233,C002909,5,4
RV0045697,O0045722,C003135,5,3
RV0037639,O0037657,C003998,4,3
RV0015984,O0015992,C004511,4,4
RV0031697,O0031711,C003174,4,4
RV0002227,O0002228,C004458,5,4
RV0005471,O0005473,C000738,4,3
RV0048760,O0048788,C004836,4,5
RV0029036,O0029049,C001918,4,3
RV0017471,O0017480,C003138,3,3
RV0022382,O0022392,C004878,4,5
RV0002207,O0002208,C001460,3,5
RV0021743,O0021753,C003153,3,4
RV0020374,O0020384,C003716,5,4
RV0039125,O0039145,C004429,3,4
RV0015520,O0015528,C000025,4,3
RV0009023,O0009028,C001570,5,3
RV0047795,O0047823,C001465,5,4
RV0041255,O0041277,C002286,4,4
RV0045395,O0045420,C000454,4,3
RV0028589,O0028602,C001450,4,3
RV0036991,O0037009,C000936,3,3
RV0006165,O0006167,C001695,4,3
RV0016416,O0016424,C002024,5,4
RV0019780,O0019790,C002113,5,5
RV0046602,O0046629,C001689,5,5
RV0010048,O0010053,C004584,3,5
RV0029948,O0029961,C001188,5,3
RV0020134,O0020144,C000892,4,3
RV0006454,O0006457,C002377,5,3
RV0006052,O0006054,C001384,4,3
RV0000239,O0000240,C003491,5,3
RV0000616,O0000617,C002782,4,5
RV0009831,O0009836,C000195,3,4
RV0013452,O0013459,C000753,3,3
RV0018769,O0018779,C000311,4,5
RV0008362,O0008367,C001988,3,5
RV0036564,O0036582,C001101,5,5
RV0003284,O0003285,C003193,5,5
RV0017168,O0017176,C000228,5,4
RV0042097,O0042119,C000475,4,3
RV0013108,O0013115,C002939,3,4
RV0003638,O0003639,C002660,5,4
RV0025153,O0025163,C003876,5,4
RV0026650,O0026661,C003198,5,5
RV0042923,O0042946,C002407,4,5
RV0045129,O0045154,C000606,5,4
RV0020513,O0020523,C003421,5,5
RV0044747,O0044772,C004435,4,5
RV0015980,O0015988,C000992,4,3
RV0011141,O0011147,C001413,4,4
RV0029624,O0029637,C002179,4,3
RV0025134,O0025144,C004233,3,5
RV0007278,O0007281,C004727,4,5
RV0033582,O0033597,C003973,3,3
RV0038539,O0038558,C002768,5,3
RV0030902,O0030916,C004009,5,4
RV0035121,O0035137,C002105,3,4
RV0000043,O0000044,C001914,3,5
RV0018553,O0018563,C002133,4,3
RV0035220,O0035236,C004555,3,4
RV0020787,O0020797,C002135,4,4
RV0016454,O0016462,C001144,4,5
RV0010137,O0010142,C002272,5,3
RV0020260,O0020270,C001820,3,4
RV0006700,O0006703,C002776,3,3
RV0049603,O0049633,C004861,3,3
RV0028889,O0028902,C000325,3,3
RV0000312,O0000313,C001299,3,5
RV0038859,O0038878,C003480,5,4
RV0026820,O0026831,C002800,3,4
RV0041775,O0041797,C003677,5,4
RV0007876,O0007881,C003506,5,3
RV0033344,O0033359,C002642,5,3
RV0032489,O0032504,C002878,4,3
RV0011642,O0011648,C003645,5,3
RV0011378,O0011384,C002202,3,3
RV0013517,O0013524,C003475,3,5
RV0011131,O0011137,C000519,5,5
RV0047449,O0047477,C002665,5,3
RV0016320,O0016328,C002460,4,3
RV0016749,O0016757,C003238,4,3
RV0005278,O0005280,C002855,4,4
RV0022339,O0022349,C000941,5,5
RV0006062,O0006064,C003274,5,3
RV0005694,O0005696,C003804,4,5
RV0033119,O0033134,C001313,5,3
RV0008910,O0008915,C001593,3,3
RV0006760,O0006763,C001903,5,4
RV0043515,O0043539,C000572,5,5
RV0043418,O0043442,C003332,4,3
RV0039715,O0039736,C004129,5,3
RV0002117,O0002118,C002682,3,3
RV0018370,O0018380,C004198,5,3
RV0046924,O0046951,C000059,5,5
RV0040672,O0040694,C002829,5,5
RV0004968,O0004970,C004107,4,4
RV0000831,O0000832,C003247,4,3
RV0035614,O0035630,C003064,3,3
RV0028996,O0029009,C004698,4,4
RV0027204,O0027217,C003760,4,3
RV0008574,O0008579,C003625,3,4
RV0007986,O0007991,C001252,5,4
RV0021667,O0021677,C000432,5,3
RV0025893,O0025903,C000513,5,5
RV0001456,O0001457,C003505,3,3
RV0049813,O0049843,C000326,4,4
RV0023934,O0023944,C002905,3,3
RV0025082,O0025092,C004266,3,5
RV0033150,O0033165,C002385,4,4
RV0032104,O0032119,C000407,4,4
RV0034046,O0034061,C004038,4,3
RV0027695,O0027708,C001074,4,5
RV0031696,O0031710,C000965,3,4
RV0038368,O0038386,C002896,4,3
RV0019557,O0019567,C003062,5,5
RV0045072,O0045097,C000969,5,3
RV0022859,O0022869,C001970,3,4
RV0007001,O0007004,C002544,3,5
RV0015356,O0015364,C001623,4,3
RV0013970,O0013978,C000494,4,5
RV0005219,O0005221,C002081,4,3
RV0039106,O0039126,C003986,3,3
RV0039078,O0039098,C001559,5,3
RV0033504,O0033519,C003390,3,4
RV0030234,O0030247,C001665,3,5
RV0028528,O0028541,C004468,5,4
RV0004330,O0004331,C000163,5,4
RV0025155,O0025165,C001095,5,3
RV0010671,O0010676,C002857,4,4
RV0031768,O0031782,C002110,3,3
RV0035090,O0035106,C000374,4,3
RV0047282,O0047310,C003626,3,5
RV0030073,O0030086,C004833,4,4
RV0005732,O0005734,C003407,4,3
RV0018872,O0018882,C001371,5,4
RV0002828,O0002829,C002643,4,5
RV0005226,O0005228,C000686,4,5
RV0000196,O0000197,C000369,5,4
RV0013658,O0013665,C002130,4,3
RV0030142,O0030155,C003157,5,4
RV0025270,O0025280,C004662,4,4
RV0033544,O0033559,C001043,4,5
RV0035791,O0035807,C001921,4,5
RV0048889,O0048917,C001861,5,4
RV0002725,O0002726,C000551,5,3
RV0036276,O0036294,C002506,5,3
RV0020730,O0020740,C003265,5,3
RV0022862,O0022872,C000457,4,3
RV0008748,O0008753,C002800,5,4
RV0034301,O0034316,C000807,4,5
RV0021167,O0021177,C002282,3,3
RV0006857,O0006860,C001060,3,3
RV0021287,O0021297,C001448,4,3
RV0025609,O0025619,C002143,3,4
RV0048106,O0048134,C003566,5,4
RV0001781,O0001782,C002523,4,3
RV0031432,O0031446,C002131,3,5
RV0034003,O0034018,C004034,5,5
RV0009143,O0009148,C000666,3,5
RV0023463,O0023473,C001658,3,5
RV0037189,O0037207,C003199,5,4
RV0028712,O0028725,C002177,3,4
RV0020352,O0020362,C004179,3,5
RV0021739,O0021749,C000063,5,4
RV0028800,O0028813,C000479,5,3
RV0030680,O0030693,C004612,4,5
RV0002971,O0002972,C002111,3,5
RV0018332,O0018342,C001613,5,3
RV0029196,O0029209,C004611,5,5
RV0041611,O0041633,C002503,4,3
RV0024955,O0024965,C002121,4,4
RV0045153,O0045178,C004791,4,4
RV0031902,O0031917,C004244,3,5
RV0000827,O0000828,C000764,5,3
RV0002448,O0002449,C004277,4,5
RV0027919,O0027932,C001667,5,4
RV0048117,O0048145,C001789,4,3
RV0049953,O0049983,C001275,3,5
RV0031428,O0031442,C001308,3,4
RV0023389,O0023399,C004113,5,4
RV0045812,O0045838,C002114,5,5
RV0012153,O0012160,C003154,3,5
RV0015019,O0015027,C001401,4,4
RV0022059,O0022069,C001973,5,5
RV0024273,O0024283,C000134,3,4
RV0043322,O0043346,C002961,4,4
RV0027787,O0027800,C001519,3,4
RV0037591,O0037609,C001792,5,5
RV0028501,O0028514,C003933,3,4
RV0048948,O0048976,C001694,3,5
RV0030964,O0030978,C002946,3,3
RV0037462,O0037480,C004117,5,4
RV0034388,O0034404,C000997,5,3
RV0025490,O0025500,C003729,5,3
RV0040715,O0040737,C004278,5,3
RV0044207,O0044231,C004564,4,5
RV0044863,O0044888,C004557,5,3
RV0046554,O0046581,C000199,4,3
RV0011570,O0011576,C001120,4,3
RV0021026,O0021036,C002632,3,5
RV0041739,O0041761,C002710,4,5
RV0007706,O0007711,C002599,3,4
RV0016377,O0016385,C001771,4,5
RV0046276,O0046303,C003145,3,4
RV0004776,O0004778,C003452,3,5
RV0043206,O0043230,C002202,4,4
RV0007174,O0007177,C003547,5,3
RV0042871,O0042894,C000335,3,5
RV0049263,O0049292,C004417,4,5
RV0041762,O0041784,C003069,3,5
RV0038670,O0038689,C001754,4,5
RV0024708,O0024718,C001408,4,4
RV0017239,O0017248,C000163,5,4
RV0015278,O0015286,C001028,5,4
RV0000844,O0000845,C003764,5,3
RV0034996,O0035012,C002230,5,3
RV0029780,O0029793,C000807,4,3
RV0009880,O0009885,C004295,3,3
RV0025340,O0025350,C004272,3,3
RV0037086,O0037104,C000826,4,3
RV0009291,O0009296,C004129,3,3
RV0041451,O0041473,C001393,3,4
RV0030230,O0030243,C004279,3,4
RV0031427,O0031441,C001533,3,5
RV0015639,O0015647,C004544,3,4
RV0012163,O0012170,C004922,3,5
RV0032215,O0032230,C000313,5,5
RV0010081,O0010086,C004156,5,5
RV0037829,O0037847,C000200,3,3
RV0036797,O0036815,C002670,4,3
RV0043348,O0043372,C001559,4,3
RV0003245,O0003246,C000699,5,5
RV0046252,O0046279,C002427,5,3
RV0014576,O0014584,C004759,4,4
RV0010669,O0010674,C001397,3,3
RV0046070,O0046096,C000068,5,4
RV0043019,O0043043,C002718,5,3
RV0008114,O0008119,C000900,5,5
RV0035015,O0035031,C003475,4,5
RV0011470,O0011476,C000164,4,4
RV0000959,O0000960,C003545,3,3
RV0000618,O0000619,C004984,3,5
RV0023468,O0023478,C002431,3,3
RV0004308,O0004309,C003302,3,3
RV0031532,O0031546,C001352,3,3
RV0020057,O0020067,C003914,5,5
RV0030644,O0030657,C002640,3,3
RV0004293,O0004294,C004320,4,4
RV0019434,O0019444,C000890,3,3
RV0037435,O0037453,C003496,5,3
RV0041575,O0041597,C001102,4,4
RV0045374,O0045399,C004727,4,3
RV0014664,O0014672,C004105,4,5
RV0038335,O0038353,C004343,3,3
RV0014399,O0014407,C000531,3,3
RV0038469,O0038488,C000224,3,3
RV0021089,O0021099,C002938,5,4
RV0043351,O0043375,C000800,4,4
RV0012536,O0012543,C001777,5,3
RV0030170,O0030183,C004439,3,3
RV0027327,O0027340,C000926,5,4
RV0033540,O0033555,C002152,3,5
RV0018087,O0018097,C004828,3,5
RV0047233,O0047261,C000162,5,3
RV0018142,O0018152,C004838,5,5
RV0041585,O0041607,C000637,5,5
RV0003337,O0003338,C004871,3,4
RV0027806,O0027819,C004963,3,3
RV0023647,O0023657,C003173,5,4
RV0026195,O0026205,C004501,4,4
RV0004771,O0004773,C001833,4,4
RV0044224,O0044248,C003592,5,5
RV0006399,O0006402,C001494,4,5
RV0042834,O0042857,C002428,3,3
RV0036050,O0036068,C003969,5,5
RV0045385,O0045410,C001558,4,4
RV0049516,O0049546,C002060,4,3
RV0040619,O0040641,C003013,4,3
RV0021229,O0021239,C000831,5,3
RV0008892,O0008897,C004137,3,5
RV0026046,O0026056,C001665,3,3
RV0000754,O0000755,C004645,5,5
RV0009072,O0009077,C001602,4,3
RV0009407,O0009412,C002284,4,4
RV0014657,O0014665,C003945,4,3
RV0048624,O0048652,C000495,5,5
RV0023673,O0023683,C002778,4,4
RV0023361,O0023371,C003916,3,3
RV0012711,O0012718,C002232,4,3
RV0046145,O0046171,C001454,3,5
RV0029081,O0029094,C000372,5,5
RV0039908,O0039929,C000826,5,3
RV0043540,O0043564,C000089,3,5
RV0047767,O0047795,C002612,3,5
RV0035068,O0035084,C003339,4,5
RV0032537,O0032552,C004607,4,4
RV0048368,O0048396,C000458,5,5
RV0023680,O0023690,C000558,4,3
RV0037826,O0037844,C004432,5,5
RV0022818,O0022828,C004427,5,4
RV0007369,O0007373,C004859,4,4
RV0040588,O0040610,C000650,5,3
RV0018862,O0018872,C003997,4,4
RV0014514,O0014522,C000178,5,5
RV0047548,O0047576,C000268,5,4
RV0043069,O0043093,C000479,5,5
RV0007809,O0007814,C002412,5,4
RV0008295,O0008300,C003793,3,5
RV0027377,O0027390,C003839,3,5
RV0026782,O0026793,C003241,5,5
RV0002254,O0002255,C002264,4,5
RV0003403,O0003404,C002564,5,5
RV0029846,O0029859,C002826,3,3
RV0044636,O0044661,C001798,4,3
RV0043346,O0043370,C000991,4,3
RV0000554,O0000555,C003698,4,5
RV0048982,O0049010,C001952,3,3
RV0048234,O0048262,C001597,4,3
RV0022130,O0022140,C001767,3,5
RV0046651,O0046678,C000604,4,5
RV0026383,O0026393,C003751,4,5
RV0037665,O0037683,C000438,5,4
RV0043851,O0043875,C000380,3,4
RV0031700,O0031714,C004297,4,4
RV0032702,O0032717,C000969,3,3
RV0010428,O0010433,C003908,4,3
RV0046755,O0046782,C003650,4,5
RV0007759,O0007764,C002025,4,4
RV0029264,O0029277,C003042,3,4
RV0006870,O0006873,C002917,4,4
RV0037173,O0037191,C003048,4,3
RV0005041,O0005043,C002053,5,3
RV0015725,O0015733,C003623,3,3
RV0040799,O0040821,C002018,5,5
RV0005882,O0005884,C002938,5,3
RV0008735,O0008740,C002116,5,4
RV0012354,O0012361,C002290,5,3
RV0005173,O0005175,C003772,3,5
RV0019354,O0019364,C002910,3,5
RV0043233,O0043257,C001400,4,5
RV0026364,O0026374,C004921,3,3
RV0022417,O0022427,C000943,3,5
RV0043409,O0043433,C004991,4,5
RV0022016,O0022026,C000179,4,5
RV0018618,O0018628,C001311,4,3
RV0029338,O0029351,C000226,5,3
RV0022175,O0022185,C001130,3,3
RV0001732,O0001733,C000766,4,5
RV0012917,O0012924,C002591,4,3
RV0032246,O0032261,C001313,3,4
RV0012474,O0012481,C002820,3,5
RV0049432,O0049462,C002917,3,3
RV0034931,O0034947,C003389,5,4
RV0026827,O0026838,C000511,4,5
RV0024609,O0024619,C001829,5,3
RV0030520,O0030533,C002399,3,4
RV0046250,O0046277,C000841,3,5
RV0017836,O0017845,C001457,3,3
RV0010414,O0010419,C003427,4,4
RV0013024,O0013031,C002437,4,3
RV0019959,O0019969,C003053,4,4
RV0027945,O0027958,C000397,4,5
RV0012101,O0012108,C002794,5,5
RV0033668,O0033683,C002352,4,5
RV0020930,O0020940,C003445,4,4
RV0033852,O0033867,C000012,3,5
RV0024580,O0024590,C002923,5,3
RV0009149,O0009154,C002203,5,5
RV0000986,O0000987,C004306,3,3
RV0013993,O0014001,C002385,5,3
RV0022955,O0022965,C000337,5,3
RV0022377,O0022387,C002854,5,4
RV0000793,O0000794,C000055,4,4
RV0028872,O0028885,C004083,5,5
RV0041700,O0041722,C004001,5,4
RV0049639,O0049669,C000687,4,5
RV0013345,O0013352,C002060,5,4
RV0021001,O0021011,C002650,5,3
RV0008021,O0008026,C002941,4,5
RV0004921,O0004923,C000897,3,3
RV0029131,O0029144,C004291,5,3
RV0044609,O0044634,C003136,3,5
RV0026066,O0026076,C002179,4,4
RV0012160,O0012167,C000718,4,4
RV0035555,O0035571,C004658,5,5
RV0039800,O0039821,C002672,3,4
RV0046679,O0046706,C004343,3,3
RV0000991,O0000992,C002256,3,5
RV0049506,O0049536,C003486,3,5
RV0026712,O0026723,C001513,4,5
RV0009698,O0009703,C003217,5,5
RV0002129,O0002130,C002573,4,4
RV0043849,O0043873,C002700,3,4
RV0005535,O0005537,C002605,5,5
RV0030108,O0030121,C000939,5,4
RV0045792,O0045818,C000925,4,5
RV0027918,O0027931,C001433,3,5
RV0019030,O0019040,C000495,3,3
RV0010091,O0010096,C004162,5,5
RV0046665,O0046692,C002239,4,5
RV0001889,O0001890,C001683,4,5
RV0030821,O0030835,C002728,4,4
RV0031895,O0031910,C002849,4,5
RV0020964,O0020974,C004527,3,5
RV0030991,O0031005,C001378,5,4
RV0005637,O0005639,C001143,5,4
RV0011484,O0011490,C001580,3,4
RV0002233,O0002234,C004192,3,5
RV0005018,O0005020,C003274,3,3
RV0008013,O0008018,C002645,5,3
RV0048796,O0048824,C001934,3,4
RV0040678,O0040700,C004368,5,3
RV0021841,O0021851,C001314,4,3
RV0011256,O0011262,C001782,4,3
RV0043595,O0043619,C000226,4,5
RV0031917,O0031932,C001615,5,5
RV0040665,O0040687,C002691,3,5
RV0013816,O0013823,C001585,5,5
RV0049150,O0049179,C003786,4,5
RV0002974,O0002975,C003181,5,5
RV0023686,O0023696,C004765,5,5
RV0026152,O0026162,C003889,3,4
RV0001337,O0001338,C004294,3,3
RV0033309,O0033324,C004254,5,5
RV0049277,O0049306,C000148,3,5
RV0045516,O0045541,C000749,5,3
RV0043961,O0043985,C003899,5,4
RV0012250,O0012257,C003709,4,4
RV0045176,O0045201,C002644,3,3
RV0011942,O0011949,C001124,4,4
RV0034162,O0034177,C004907,5,5
RV0025815,O0025825,C001915,3,4
RV0019688,O0019698,C000816,4,3
RV0031090,O0031104,C000943,5,3
RV0022903,O0022913,C001065,4,4
RV0006594,O0006597,C000499,5,3
RV0001596,O0001597,C004082,4,4
RV0004810,O0004812,C003785,4,5
RV0007475,O0007479,C002795,5,5
RV0035227,O0035243,C001213,4,3
RV0038326,O0038344,C003203,4,3
RV0044880,O0044905,C004080,4,4
RV0024177,O0024187,C002155,3,4
RV0001717,O0001718,C004320,3,4
RV0032484,O0032499,C004198,4,4
RV0004021,O0004022,C000579,3,3
RV0000951,O0000952,C002795,5,3
RV0020992,O0021002,C001352,4,3
RV0012441,O0012448,C000162,3,4
RV0042202,O0042224,C003981,5,5
RV0004227,O0004228,C002242,3,5
RV0004306,O0004307,C004555,5,5
RV0045114,O0045139,C003365,5,5
RV0002180,O0002181,C003736,3,5
RV0023584,O0023594,C000569,5,3
RV0036482,O0036500,C000343,4,5
RV0024317,O0024327,C002181,5,3
RV0007249,O0007252,C004214,4,4
RV0007250,O0007253,C003759,5,5
RV0021081,O0021091,C004783,3,4
RV0020376,O0020386,C000914,3,4
RV0008398,O0008403,C000248,5,5
RV0048469,O0048497,C001593,5,3
RV0034348,O0034364,C004329,4,5
RV0046701,O0046728,C001843,5,3
RV0028827,O0028840,C000190,4,4
RV0017552,O0017561,C003605,3,3
RV0016054,O0016062,C004371,4,4
RV0000779,O0000780,C002215,3,3
RV0023715,O0023725,C004061,4,5
RV0026610,O0026621,C003176,3,3
RV0014499,O0014507,C000702,3,4
RV0042150,O0042172,C001099,3,4
RV0010653,O0010658,C003495,5,4
RV0044850,O0044875,C002959,4,5
RV0030539,O0030552,C000993,5,4
RV0030793,O0030807,C000890,5,3
RV0026989,O0027000,C003950,3,4
RV0048991,O0049019,C002329,5,5
RV0034468,O0034484,C001693,3,3
RV0008475,O0008480,C004924,5,4
RV0014341,O0014349,C002495,4,3
RV0023757,O0023767,C004491,4,3
RV0033263,O0033278,C001547,5,3
RV0044228,O0044252,C003027,4,4
RV0039865,O0039886,C000873,5,3
RV0048648,O0048676,C001569,4,5
RV0040038,O0040059,C004141,3,4
RV0022086,O0022096,C001835,5,5
RV0030178,O0030191,C004660,3,3
RV0007793,O0007798,C001467,3,4
RV0021072,O0021082,C004369,5,3
RV0000977,O0000978,C004870,4,4
RV0018821,O0018831,C004649,3,4
RV0017128,O0017136,C003700,5,3
RV0018442,O0018452,C001405,4,3
RV0027442,O0027455,C002838,4,5
RV0028847,O0028860,C004876,5,5
RV0012525,O0012532,C002065,3,4
RV0030555,O0030568,C001834,4,3
RV0015538,O0015546,C004876,3,4
RV0039565,O0039586,C000659,4,5
RV0026796,O0026807,C000642,5,3
RV0024301,O0024311,C000819,5,4
RV0002440,O0002441,C002531,3,4
RV0010475,O0010480,C001882,4,4
RV0025586,O0025596,C004671,4,5
RV0035217,O0035233,C003023,4,3
RV0013314,O0013321,C001565,3,4
RV0035401,O0035417,C003285,5,3
RV0028283,O0028296,C000452,5,4
RV0022319,O0022329,C002079,5,3
RV0030515,O0030528,C001538,4,4
RV0009742,O0009747,C004110,3,4
RV0009591,O0009596,C004033,5,4
RV0015466,O0015474,C004032,5,5
RV0049819,O0049849,C003512,3,3
RV0013619,O0013626,C003759,4,5
RV0044191,O0044215,C004920,3,4
RV0047247,O0047275,C004543,3,5
RV0034007,O0034022,C004412,3,3
RV0035728,O0035744,C004486,4,5
RV0046577,O0046604,C003022,3,4
RV0037460,O0037478,C002909,3,5
RV0020351,O0020361,C004925,5,5
RV0046495,O0046522,C004114,4,5
RV0026927,O0026938,C000685,4,4
RV0014926,O0014934,C002834,3,4
RV0025779,O0025789,C001784,4,4
RV0049137,O0049166,C004989,3,5
RV0010678,O0010683,C001617,4,5
RV0040805,O0040827,C004656,5,3
RV0021186,O0021196,C003122,3,5
RV0003761,O0003762,C000773,3,4
RV0011451,O0011457,C000470,5,5
RV0000134,O0000135,C002724,4,5
RV0017746,O0017755,C002277,3,4
RV0002363,O0002364,C001478,5,3
RV0000241,O0000242,C004690,4,5
RV0026818,O0026829,C001055,5,3
RV0038764,O0038783,C001375,5,5
RV0041441,O0041463,C001311,5,4
RV0014773,O0014781,C003475,4,3
RV0036764,O0036782,C000020,4,4
RV0046369,O0046396,C003801,5,5
RV0004783,O0004785,C004394,4,5
RV0049453,O0049483,C004822,3,4
RV0016366,O0016374,C004132,3,4
RV0043995,O0044019,C003570,5,4
RV0013810,O0013817,C001542,5,4
RV0048587,O0048615,C001546,3,5
RV0010159,O0010164,C004787,4,3
RV0049742,O0049772,C000059,3,4
RV0020635,O0020645,C003019,5,4
RV0047903,O0047931,C003830,3,4
RV0049677,O0049707,C004823,4,5
RV0006025,O0006027,C000334,4,4
RV0024250,O0024260,C003231,3,4
RV0038418,O0038436,C004838,3,4
RV0023444,O0023454,C001350,4,5
RV0026834,O0026845,C001695,4,5
RV0045250,O0045275,C000782,5,5
RV0038486,O0038505,C000813,3,3
RV0031470,O0031484,C001664,3,3
RV0016420,O0016428,C004495,5,5
RV0018457,O0018467,C003892,3,5
RV0039483,O0039504,C001825,3,5
RV0028286,O0028299,C002288,3,5
RV0018670,O0018680,C000066,5,4
RV0041085,O0041107,C000530,4,4
RV0018285,O0018295,C003171,3,3
RV0023847,O0023857,C001295,3,5
RV0000538,O0000539,C003348,4,3
RV0010668,O0010673,C003095,5,5
RV0004879,O0004881,C003102,4,3
RV0007578,O0007582,C001718,4,3
RV0040955,O0040977,C002827,4,5
RV0042273,O0042295,C004023,4,5
RV0031164,O0031178,C001607,5,4
RV0009169,O0009174,C004546,3,5
RV0045726,O0045751,C001577,3,4
RV0016055,O0016063,C002342,5,3
RV0011543,O0011549,C004075,5,3
RV0029965,O0029978,C004510,3,4
RV0014874,O0014882,C004835,3,4
RV0044319,O0044343,C003002,3,5
RV0019707,O0019717,C003936,4,4
RV0032845,O0032860,C003538,3,3
RV0035866,O0035882,C001654,3,4
RV0046893,O0046920,C003871,3,5
RV0048333,O0048361,C000448,5,5
RV0027517,O0027530,C004253,4,3
RV0030269,O0030282,C000962,5,5
RV0030026,O0030039,C000284,4,4
RV0004399,O0004400,C001891,3,4
RV0021945,O0021955,C000657,5,3
RV0020705,O0020715,C000844,4,3
RV0035423,O0035439,C002544,3,4
RV0039854,O0039875,C000328,5,4
RV0036917,O0036935,C001468,5,5
RV0011658,O0011664,C003101,5,5
RV0015464,O0015472,C004382,3,5
RV0037981,O0037999,C003977,4,4
RV0028748,O0028761,C004680,5,5
RV0032715,O0032730,C001666,5,4
RV0031475,O0031489,C001675,4,3
RV0002398,O0002399,C001250,5,3
RV0012064,O0012071,C004700,4,4
RV0004380,O0004381,C003966,4,5
RV0047134,O0047161,C000811,5,3
RV0019839,O0019849,C001609,4,3
RV0039589,O0039610,C001305,4,5
RV0013468,O0013475,C001876,3,3
RV0041278,O0041300,C000188,4,5
RV0014000,O0014008,C001540,5,3
RV0037910,O0037928,C001132,4,5
RV0014125,O0014133,C004819,5,4
RV0014216,O0014224,C001999,4,4
RV0047507,O0047535,C000652,3,4
RV0001189,O0001190,C000939,5,4
RV0046149,O0046175,C003307,3,4
RV0020391,O0020401,C000684,4,5
RV0016290,O0016298,C003888,5,4
RV0000927,O0000928,C001247,3,5
RV0044726,O0044751,C003192,5,3
RV0029182,O0029195,C002502,5,3
RV0017287,O0017296,C001315,3,3
RV0016841,O0016849,C001602,4,5
RV0008327,O0008332,C004951,3,5
RV0024081,O0024091,C003774,3,4
RV0017804,O0017813,C002129,3,5
RV0046994,O0047021,C000661,3,3
RV0017047,O0017055,C001075,4,3
RV0047880,O0047908,C003327,3,4
RV0018794,O0018804,C002154,4,5
RV0014764,O0014772,C003672,5,3
RV0016084,O0016092,C002124,3,4
RV0046597,O0046624,C000038,5,3
RV0034509,O0034525,C001095,4,4
RV0027680,O0027693,C002255,5,3
RV0000000,O0000001,C004879,3,3
RV0004196,O0004197,C002682,3,5
RV0022154,O0022164,C001586,5,5
RV0013946,O0013954,C000516,4,4
RV0036515,O0036533,C004562,5,4
RV0025449,O0025459,C000727,3,5
RV0023198,O0023208,C003643,5,5
RV0040856,O0040878,C003697,4,4
RV0017372,O0017381,C003598,3,4
RV0019110,O0019120,C001461,4,4
RV0036493,O0036511,C001286,3,3
RV0035104,O0035120,C004034,4,4
RV0014463,O0014471,C001961,4,5
RV0034682,O0034698,C004875,5,3
RV0047129,O0047156,C002580,3,4
RV0048290,O0048318,C004678,4,5
RV0028263,O0028276,C002271,3,5
RV0009902,O0009907,C003775,5,5
RV0048999,O0049027,C003370,4,4
RV0045055,O0045080,C004448,3,3
RV0036998,O0037016,C001135,3,4
RV0012315,O0012322,C001431,4,3
RV0023109,O0023119,C000480,3,4
RV0045230,O0045255,C000982,3,3
RV0047997,O0048025,C002782,4,4
RV0013841,O0013848,C002871,4,4
RV0011056,O0011062,C003818,4,3
RV0016425,O0016433,C002315,4,3
RV0043621,O0043645,C004737,4,5
RV0048852,O0048880,C000370,4,5
RV0033809,O0033824,C000271,5,5
RV0027333,O0027346,C004901,3,5
RV0022932,O0022942,C004410,5,4
RV0003997,O0003998,C003525,5,4
RV0003834,O0003835,C002380,5,4
RV0049016,O0049044,C001051,4,5
RV0043530,O0043554,C003718,5,4
RV0018512,O0018522,C002002,4,4
RV0004528,O0004529,C004579,3,3
RV0018551,O0018561,C000146,3,5
RV0031026,O0031040,C003257,3,5
RV0004092,O0004093,C000980,3,4
RV0000408,O0000409,C003973,5,3
RV0021678,O0021688,C003760,3,4
RV0021296,O0021306,C004709,3,5
RV0010253,O0010258,C003331,4,3
RV0042897,O0042920,C000089,4,5
RV0015350,O0015358,C002350,4,3
RV0036882,O0036900,C000545,5,5
RV0013258,O0013265,C003598,3,3
RV0038159,O0038177,C004258,3,5
RV0008585,O0008590,C002209,3,3
RV0003226,O0003227,C003559,5,4
RV0009059,O0009064,C003679,4,3
RV0038676,O0038695,C002897,5,5
RV0006481,O0006484,C000697,5,4
RV0027970,O0027983,C003635,3,3
RV0027171,O0027184,C003015,5,4
RV0039983,O0040004,C000777,5,5
RV0004768,O0004770,C000707,5,4
RV0037998,O0038016,C000632,4,5
RV0042062,O0042084,C001887,3,4
RV0008841,O0008846,C002169,3,5
RV0032523,O0032538,C001363,5,4
RV0038063,O0038081,C004004,3,4
RV0045542,O0045567,C004155,4,5
RV0034787,O0034803,C003611,4,3
RV0044792,O0044817,C004858,4,3
RV0047628,O0047656,C004813,5,5
RV0032053,O0032068,C000233,3,5
RV0010135,O0010140,C004369,3,5
RV0044541,O0044566,C001385,5,3
RV0004943,O0004945,C002254,4,5
RV0019463,O0019473,C004632,5,5
RV0010968,O0010974,C000909,5,3
RV0043650,O0043674,C000268,3,4
RV0040427,O0040448,C001871,5,5
RV0040494,O0040516,C001253,4,4
RV0011059,O0011065,C003570,5,4
RV0020848,O0020858,C002012,4,3
RV0012608,O0012615,C000407,3,4
RV0005641,O0005643,C001003,4,3
RV0035759,O0035775,C000780,3,4
RV0025780,O0025790,C000931,4,3
RV0012385,O0012392,C000438,5,5
RV0011286,O0011292,C000397,3,4
RV0017510,O0017519,C004343,3,4
RV0015998,O0016006,C001853,3,4
RV0045016,O0045041,C002184,5,3
RV0048022,O0048050,C004146,5,4
RV0043457,O0043481,C004280,5,5
RV0000825,O0000826,C001597,3,5
RV0008600,O0008605,C000762,5,4
RV0032497,O0032512,C004142,3,4
RV0031561,O0031575,C001192,3,3
RV0042948,O0042971,C001613,3,5
RV0008499,O0008504,C002987,3,5
RV0028627,O0028640,C002088,3,5
RV0031033,O0031047,C004195,5,3
RV0032534,O0032549,C004403,3,3
RV0011893,O0011900,C001607,3,5
RV0033035,O0033050,C002472,5,5
RV0002487,O0002488,C003086,5,4
RV0038701,O0038720,C001452,4,5
RV0044729,O0044754,C002590,3,3
RV0032687,O0032702,C004563,3,4
RV0014121,O0014129,C000976,4,3
RV0007419,O0007423,C002655,3,5
RV0028679,O0028692,C003823,5,5
RV0024023,O0024033,C004378,3,4
RV0042747,O0042770,C000860,5,3
RV0010874,O0010880,C002252,4,3
RV0026904,O0026915,C003817,4,5
RV0003039,O0003040,C003358,4,3
RV0028375,O0028388,C002936,4,3
RV0046772,O0046799,C000961,4,4
RV0043868,O0043892,C003765,5,5
RV0014889,O0014897,C002331,5,4
RV0039934,O0039955,C001915,3,3
RV0004890,O0004892,C003262,3,5
RV0040135,O0040156,C001506,5,3
RV0023327,O0023337,C003157,4,3
RV0005640,O0005642,C004527,5,4
RV0006069,O0006071,C001387,4,5
RV0046228,O0046254,C000708,4,5
RV0042745,O0042768,C000554,5,3
RV0005292,O0005294,C002749,3,3
RV0023114,O0023124,C003037,3,3
RV0027660,O0027673,C000721,4,3
RV0049558,O0049588,C001700,5,4
RV0049900,O0049930,C001901,3,3
RV0037133,O0037151,C004576,3,4
RV0040414,O0040435,C000602,5,3
RV0019634,O0019644,C000851,5,5
RV0011997,O0012004,C004265,5,3
RV0009682,O0009687,C001618,4,4
RV0034519,O0034535,C003874,3,5
RV0000918,O0000919,C000289,3,4
RV0008093,O0008098,C000261,3,4
RV0028345,O0028358,C003623,3,4
RV0030743,O0030757,C002346,4,5
RV0026983,O0026994,C000096,4,5
RV0015044,O0015052,C004255,3,4
RV0008260,O0008265,C001058,4,3
RV0020849,O0020859,C003353,5,5
RV0015207,O0015215,C001080,4,4
RV0032952,O0032967,C002666,3,5
RV0013774,O0013781,C003066,3,4
RV0024652,O0024662,C003754,5,5
RV0033579,O0033594,C000485,3,4
RV0004410,O0004411,C002694,3,3
RV0037400,O0037418,C000880,5,3
RV0028849,O0028862,C004986,5,4
RV0030679,O0030692,C002781,5,5
RV0017811,O0017820,C000982,5,3
RV0031380,O0031394,C000894,5,4
RV0038772,O0038791,C000821,4,3
RV0032513,O0032528,C002249,3,5
RV0049877,O0049907,C001498,3,4
RV0042336,O0042358,C001575,4,4
RV0040143,O0040164,C001285,4,3
RV0026971,O0026982,C000455,4,5
RV0022434,O0022444,C002165,5,3
RV0027150,O0027162,C002062,5,4
RV0032206,O0032221,C004468,5,4
RV0005638,O0005640,C004422,5,3
RV0041709,O0041731,C004250,5,3
RV0030797,O0030811,C000615,4,3
RV0044801,O0044826,C003669,3,3
RV0006742,O0006745,C004952,3,3
RV0011958,O0011965,C000458,3,4
RV0043582,O0043606,C004549,4,5
RV0025719,O0025729,C002463,5,5
RV0018145,O0018155,C001028,3,5
RV0048365,O0048393,C003148,4,5
RV0014957,O0014965,C001822,3,4
RV0008590,O0008595,C003453,3,4
RV0028816,O0028829,C004165,3,5
RV0010571,O0010576,C000567,3,4
RV0021840,O0021850,C000424,4,4
RV0018198,O0018208,C001475,3,4
RV0033195,O0033210,C004813,5,5
RV0027590,O0027603,C003650,5,4
RV0015625,O0015633,C001948,3,5
RV0019832,O0019842,C002043,4,4
RV0005179,O0005181,C003907,3,3
RV0000344,O0000345,C000691,5,3
RV0006702,O0006705,C002642,3,5
RV0012642,O0012649,C003225,4,4
RV0017926,O0017936,C003936,3,3
RV0030739,O0030753,C002615,3,5
RV0019260,O0019270,C001627,4,4
RV0046188,O0046214,C003406,3,4
RV0009263,O0009268,C001555,3,5
RV0026371,O0026381,C001652,5,3
RV0036541,O0036559,C002267,5,3
RV0017672,O0017681,C001491,3,5
RV0034558,O0034574,C003405,3,4
RV0031492,O0031506,C000472,5,4
RV0018856,O0018866,C002126,3,4
RV0029944,O0029957,C004959,5,4
RV0049265,O0049294,C000814,4,4
RV0040040,O0040061,C001892,3,5
RV0030033,O0030046,C003418,5,3
RV0008082,O0008087,C001221,3,5
RV0025531,O0025541,C001692,5,4
RV0035129,O0035145,C000162,5,5
RV0025422,O0025432,C000777,5,3
RV0035607,O0035623,C003435,4,5
RV0027458,O0027471,C000895,4,5
RV0039084,O0039104,C002970,5,3
RV0031780,O0031794,C002018,4,3
RV0040429,O0040450,C002755,5,5
RV0044640,O0044665,C002595,4,4
RV0043809,O0043833,C003600,5,3
RV0025930,O0025940,C002984,3,3
RV0030488,O0030501,C004662,3,4
RV0019454,O0019464,C002606,5,3
RV0023801,O0023811,C003876,3,5
RV0009844,O0009849,C001003,3,4
RV0001024,O0001025,C004449,4,5
RV0047126,O0047153,C004250,4,3
RV0047723,O0047751,C003348,4,3
RV0045938,O0045964,C003589,4,4
RV0031220,O0031234,C001098,3,5
RV0024246,O0024256,C001874,5,5
RV0025998,O0026008,C002116,3,5
RV0034056,O0034071,C001726,4,4
RV0002647,O0002648,C000996,3,5
RV0000130,O0000131,C002617,3,4
RV0041189,O0041211,C001075,3,5
RV0016966,O0016974,C000423,3,3
RV0025453,O0025463,C002168,5,5
RV0038024,O0038042,C002791,3,3
RV0003605,O0003606,C000377,5,5
RV0015157,O0015165,C003850,4,5
RV0020604,O0020614,C003695,3,4
RV0024778,O0024788,C000795,4,4
RV0024759,O0024769,C003352,5,5
RV0046344,O0046371,C003054,4,3
RV0046646,O0046673,C004715,5,4
RV0027159,O0027171,C004073,4,5
RV0020544,O0020554,C001489,4,3
RV0046472,O0046499,C003022,4,3
RV0032964,O0032979,C002802,4,3
RV0044129,O0044153,C004249,3,3
RV0020626,O0020636,C000707,5,5
RV0002955,O0002956,C000872,3,5
RV0001092,O0001093,C002685,4,3
RV0026629,O0026640,C001799,5,3
RV0023200,O0023210,C001355,3,3
RV0018274,O0018284,C004550,3,4
RV0021241,O0021251,C000264,4,4
RV0040012,O0040033,C002396,4,4
RV0005646,O0005648,C002244,5,3
RV0005085,O0005087,C003366,4,4
RV0000710,O0000711,C004546,4,4
RV0001972,O0001973,C004272,5,3
RV0012558,O0012565,C000254,3,4
RV0020218,O0020228,C004858,3,3
RV0034015,O0034030,C003136,5,4
RV0025012,O0025022,C003153,5,4
RV0040319,O0040340,C002629,4,5
RV0002756,O0002757,C002813,3,3
RV0039796,O0039817,C003894,5,4
RV0011981,O0011988,C003263,4,3
RV0007309,O0007312,C004699,4,5
RV0039543,O0039564,C003508,5,4
RV0048861,O0048889,C001228,4,4
RV0039446,O0039467,C000228,3,3
RV0021915,O0021925,C003659,3,4
RV0014668,O0014676,C002849,5,5
RV0035280,O0035296,C001744,3,4
RV0008889,O0008894,C004225,3,3
RV0018386,O0018396,C001140,4,4
RV0009320,O0009325,C003489,5,5
RV0017779,O0017788,C000226,3,5
RV0041322,O0041344,C001984,5,4
RV0009702,O0009707,C001969,4,4
RV0028953,O0028966,C000732,3,3
RV0005863,O0005865,C002031,4,4
RV0025304,O0025314,C002976,4,5
RV0021350,O0021360,C001338,5,4
RV0020853,O0020863,C003878,3,4
RV0015030,O0015038,C002765,3,3
RV0030084,O0030097,C004512,5,5
RV0006670,O0006673,C002363,4,3
RV0012217,O0012224,C004200,4,3
RV0025569,O0025579,C000466,4,3
RV0028364,O0028377,C003847,3,5
RV0030342,O0030355,C001847,5,5
RV0012854,O0012861,C001622,4,4
RV0034049,O0034064,C000673,3,5
RV0035494,O0035510,C000788,3,5
RV0001588,O0001589,C000762,3,4
RV0012739,O0012746,C004812,3,5
RV0033358,O0033373,C003976,3,5
RV0023884,O0023894,C004626,5,5
RV0002375,O0002376,C001412,4,5
RV0021816,O0021826,C001142,5,3
RV0004046,O0004047,C001371,3,4
RV0029867,O0029880,C004002,5,3
RV0015031,O0015039,C003925,5,3
RV0016768,O0016776,C001562,3,3
RV0041148,O0041170,C000257,3,3
RV0045783,O0045809,C001278,4,4
RV0027987,O0028000,C003371,5,4
RV0026776,O0026787,C004734,5,4
RV0001837,O0001838,C000490,4,4
RV0040777,O0040799,C000503,5,4
RV0031894,O0031909,C000938,3,5
RV0026959,O0026970,C001551,4,5
RV0041848,O0041870,C002563,5,5
RV0031309,O0031323,C002166,4,4
RV0020356,O0020366,C001180,4,5
RV0029758,O0029771,C003409,5,3
RV0024494,O0024504,C000114,5,3
RV0031311,O0031325,C001707,3,5
RV0044344,O0044368,C002916,4,4
RV0011571,O0011577,C004494,3,5
RV0002437,O0002438,C003078,4,3
RV0029296,O0029309,C004482,5,3
RV0010005,O0010010,C000589,5,4
RV0040043,O0040064,C003584,3,4
RV0023858,O0023868,C002543,4,4
RV0004269,O0004270,C002765,4,3
RV0026435,O0026445,C002901,5,3
RV0012340,O0012347,C001231,3,3
RV0009378,O0009383,C004486,3,3
RV0036369,O0036387,C002765,5,5
RV0039485,O0039506,C004684,5,4
RV0041470,O0041492,C003611,4,4
RV0043518,O0043542,C000860,3,3
RV0015985,O0015993,C003086,3,4
RV0001434,O0001435,C002044,3,3
RV0032666,O0032681,C000233,5,4
RV0045834,O0045860,C003054,3,4
RV0049297,O0049326,C000570,3,3
RV0014172,O0014180,C002722,4,5
RV0010226,O0010231,C003708,4,4
RV0035056,O0035072,C002254,4,3
RV0037393,O0037411,C004544,5,3
RV0024875,O0024885,C003001,5,5
RV0031929,O0031944,C004941,4,3
RV0028999,O0029012,C000387,3,3
RV0003483,O0003484,C004035,4,5
RV0038178,O0038196,C001269,3,3
RV0041699,O0041721,C004473,5,4
RV0001318,O0001319,C004738,5,4
RV0036886,O0036904,C003705,5,4
RV0036872,O0036890,C000183,4,5
RV0008377,O0008382,C004030,3,4
RV0013705,O0013712,C000486,3,5
RV0016989,O0016997,C001019,4,4
RV0036905,O0036923,C001245,5,4
RV0028043,O0028056,C000478,3,3
RV0013496,O0013503,C003367,4,5
RV0015134,O0015142,C004960,3,4
RV0009766,O0009771,C002450,3,5
RV0049356,O0049386,C003998,4,3
RV0024742,O0024752,C002580,5,3
RV0045098,O0045123,C003938,4,3
RV0010764,O0010769,C000299,3,3
RV0027211,O0027224,C004063,4,4
RV0027468,O0027481,C000596,3,3
RV0039253,O0039273,C001042,3,4
RV0019090,O0019100,C001578,3,5
RV0044354,O0044378,C000928,3,3
RV0024108,O0024118,C002529,3,5
RV0015353,O0015361,C002658,4,4
RV0012845,O0012852,C002507,3,3
RV0012645,O0012652,C003620,4,5
RV0042990,O0043014,C002304,4,5
RV0033823,O0033838,C000188,3,3
RV0033478,O0033493,C001967,3,5
RV0042905,O0042928,C004920,4,3
RV0019635,O0019645,C000547,5,5
RV0031148,O0031162,C000853,4,4
RV0017377,O0017386,C002214,3,3
RV0017086,O0017094,C004316,4,3
RV0018002,O0018012,C002935,3,4
RV0015551,O0015559,C003522,5,3
RV0008613,O0008618,C002459,3,4
RV0009929,O0009934,C001899,4,3
RV0029562,O0029575,C001739,5,3
RV0049557,O0049587,C002043,4,5
RV0028107,O0028120,C004581,4,3
RV0032258,O0032273,C003315,4,3
RV0016776,O0016784,C004161,5,4
RV0028447,O0028460,C003603,4,4
RV0001047,O0001048,C003315,4,5
RV0040384,O0040405,C001174,5,5
RV0047566,O0047594,C002745,4,3
RV0031326,O0031340,C004101,4,4
RV0038152,O0038170,C000653,4,5
RV0007701,O0007706,C003731,5,4
RV0011418,O0011424,C003439,3,3
RV0022303,O0022313,C001764,4,3
RV0011245,O0011251,C001327,3,5
RV0002709,O0002710,C002178,5,5
RV0005494,O0005496,C002352,5,3
RV0013752,O0013759,C002305,4,4
RV0049902,O0049932,C003318,4,4
RV0039608,O0039629,C004821,3,4
RV0022332,O0022342,C000408,5,3
RV0048360,O0048388,C002669,3,3
RV0028590,O0028603,C000710,3,3
RV0008290,O0008295,C001590,3,5
RV0033731,O0033746,C004714,4,3
RV0033497,O0033512,C001447,5,3
RV0033876,O0033891,C003314,5,4
RV0020851,O0020861,C002052,4,5
RV0032249,O0032264,C001926,4,4
RV0029395,O0029408,C003061,4,5
RV0034802,O0034818,C000889,3,4
RV0047654,O0047682,C004832,5,4
RV0021905,O0021915,C002028,4,5
RV0000993,O0000994,C002685,4,5
RV0022078,O0022088,C000445,4,5
RV0000326,O0000327,C001486,5,4
RV0012384,O0012391,C002029,3,4
RV0043586,O0043610,C002045,5,4
RV0004918,O0004920,C001632,4,3
RV0046365,O0046392,C002911,3,3
RV0045763,O0045789,C004272,5,5
RV0034461,O0034477,C004062,5,4
RV0019240,O0019250,C001129,4,4
RV0012988,O0012995,C003567,4,4
RV0049204,O0049233,C004137,4,3
RV0049443,O0049473,C002947,3,5
RV0042461,O0042484,C001626,3,3
RV0011627,O0011633,C003877,3,3
RV0008552,O0008557,C000776,4,5
RV0031341,O0031355,C003675,3,3
RV0004335,O0004336,C004316,5,3
RV0018849,O0018859,C003441,3,3
RV0018148,O0018158,C000730,3,4
RV0010013,O0010018,C000578,3,5
RV0034342,O0034358,C004101,3,4
RV0047205,O0047232,C003395,5,3
RV0003124,O0003125,C000265,5,3
RV0003027,O0003028,C003400,3,3
RV0013597,O0013604,C000923,4,4
RV0044419,O0044443,C002376,4,5
RV0016031,O0016039,C002191,4,4
RV0049685,O0049715,C002851,5,3
RV0035543,O0035559,C000757,3,5
RV0027820,O0027833,C003482,4,5
RV0005005,O0005007,C000055,4,4
RV0046528,O0046555,C004443,3,5
RV0043318,O0043342,C001810,4,3
RV0028968,O0028981,C003158,4,3
RV0037349,O0037367,C001338,5,4
RV0001321,O0001322,C002229,5,4
RV0029830,O0029843,C004934,3,5
RV0048413,O0048441,C002890,3,3
RV0045298,O0045323,C003426,3,3
RV0045610,O0045635,C001460,4,4
RV0023137,O0023147,C000695,4,3
RV0027687,O0027700,C004381,5,3
RV0012637,O0012644,C001810,4,4
RV0044787,O0044812,C002011,4,5
RV0008166,O0008171,C003999,5,5
RV0035314,O0035330,C003417,4,3
RV0024057,O0024067,C003258,4,5
RV0039611,O0039632,C004278,5,3
RV0019168,O0019178,C001343,5,4
RV0026034,O0026044,C002753,3,3
RV0043137,O0043161,C003070,4,4
RV0022393,O0022403,C002241,3,4
RV0013272,O0013279,C004108,4,4
RV0030643,O0030656,C003186,5,5
RV0013600,O0013607,C004523,4,4
RV0014520,O0014528,C004054,5,3
RV0011293,O0011299,C004789,4,3
RV0006779,O0006782,C002458,3,3
RV0031660,O0031674,C004114,4,4
RV0041981,O0042003,C004997,5,5
RV0006723,O0006726,C002222,3,5
RV0029470,O0029483,C004464,5,5
RV0038281,O0038299,C004359,4,3
RV0002857,O0002858,C004290,3,5
RV0011237,O0011243,C002957,3,3
RV0042010,O0042032,C001963,5,4
RV0031605,O0031619,C004669,5,4
RV0006480,O0006483,C000003,5,5
RV0036708,O0036726,C001758,5,4
RV0040420,O0040441,C000020,4,5
RV0037269,O0037287,C004873,5,3
RV0007383,O0007387,C002397,5,4
RV0048090,O0048118,C003355,5,4
RV0023917,O0023927,C003163,4,4
RV0049926,O0049956,C003185,3,3
RV0033802,O0033817,C003151,5,3
RV0015142,O0015150,C000912,3,4
RV0035674,O0035690,C004040,3,5
RV0040403,O0040424,C001419,4,5
RV0003938,O0003939,C004433,5,3
RV0020342,O0020352,C003921,4,5
RV0011941,O0011948,C000356,3,3
RV0003252,O0003253,C001354,5,3
RV0016355,O0016363,C001180,4,3
RV0022281,O0022291,C002633,3,3
RV0018817,O0018827,C004789,3,5
RV0035682,O0035698,C004732,5,4
RV0001510,O0001511,C000396,4,4
RV0007729,O0007734,C003795,5,4
RV0040258,O0040279,C000791,5,3
RV0042859,O0042882,C003214,3,5
RV0012050,O0012057,C000075,5,5
RV0049569,O0049599,C003461,4,4
RV0033564,O0033579,C002029,4,4
RV0044554,O0044579,C000492,4,5
RV0040669,O0040691,C002247,3,5
RV0007335,O0007338,C001561,4,3
RV0010649,O0010654,C000369,5,4
RV0036785,O0036803,C000442,4,3
RV0016987,O0016995,C003875,4,5
RV0016883,O0016891,C003711,4,4
RV0015908,O0015916,C004814,3,3
RV0006137,O0006139,C003720,5,5
RV0006933,O0006936,C003760,5,4
RV0013023,O0013030,C001739,3,5
RV0004189,O0004190,C003571,5,4
RV0017089,O0017097,C003488,4,5
RV0017050,O0017058,C000846,3,5
RV0003525,O0003526,C001184,5,4
RV0034997,O0035013,C002530,3,4
RV0012760,O0012767,C000709,3,3
RV0043748,O0043772,C004062,3,5
RV0044074,O0044098,C001257,3,5
RV0027699,O0027712,C002248,4,3
RV0020571,O0020581,C001810,3,4
RV0004880,O0004882,C004481,4,3
RV0017192,O0017200,C004891,5,5
RV0034851,O0034867,C000389,3,5
RV0046692,O0046719,C003111,5,3
RV0016581,O0016589,C001520,4,5
RV0049290,O0049319,C001184,4,5
RV0035991,O0036008,C001506,4,5
RV0048250,O0048278,C004128,5,3
RV0026403,O0026413,C003442,5,4
RV0041681,O0041703,C000232,3,5
RV0028652,O0028665,C003898,4,4
RV0044391,O0044415,C004887,4,5
RV0035100,O0035116,C000389,4,4
RV0029121,O0029134,C000472,3,4
RV0047709,O0047737,C004886,3,3
RV0006289,O0006291,C004657,5,5
RV0000674,O0000675,C002375,5,3
RV0004339,O0004340,C002892,4,5
RV0014111,O0014119,C000755,3,5
RV0003826,O0003827,C004353,3,4
RV0002883,O0002884,C002331,3,5
RV0043147,O0043171,C002052,4,3
RV0039517,O0039538,C003018,3,3
RV0008608,O0008613,C001573,3,4
RV0001514,O0001515,C001960,5,3
RV0034032,O0034047,C003832,3,3
RV0016941,O0016949,C001726,4,3
RV0007940,O0007945,C003794,4,4
RV0034548,O0034564,C003259,3,5
RV0020112,O0020122,C003186,5,3
RV0019834,O0019844,C000058,3,5
RV0007980,O0007985,C000768,4,3
RV0031460,O0031474,C002159,3,3
RV0023789,O0023799,C004612,3,5
RV0024728,O0024738,C000549,4,4
RV0004058,O0004059,C001086,3,3
RV0005220,O0005222,C003343,3,5
RV0049322,O0049351,C004311,4,5
RV0025659,O0025669,C003801,5,5
RV0021895,O0021905,C000496,5,4
RV0029567,O0029580,C004464,5,4
RV0011011,O0011017,C000841,4,4
RV0026396,O0026406,C003890,5,4
RV0022351,O0022361,C001405,3,3
RV0006315,O0006317,C003804,4,3
RV0036255,O0036273,C002336,5,3
RV0004045,O0004046,C004743,5,3
RV0008829,O0008834,C003373,5,4
RV0032142,O0032157,C004982,5,3
RV0006039,O0006041,C003712,4,3
RV0018778,O0018788,C001662,4,5
RV0031059,O0031073,C001338,5,5
RV0023077,O0023087,C003392,4,3
RV0009681,O0009686,C004229,3,3
RV0049233,O0049262,C003677,4,4
RV0010299,O0010304,C003562,3,5
RV0018650,O0018660,C002085,5,5
RV0042855,O0042878,C003985,4,3
RV0026083,O0026093,C001956,5,5
RV0049605,O0049635,C003122,4,3
RV0027634,O0027647,C001312,3,4
RV0021154,O0021164,C001381,3,5
RV0015914,O0015922,C002404,3,4
RV0017786,O0017795,C001992,4,4
RV0040139,O0040160,C001066,3,5
RV0032170,O0032185,C004246,5,3
RV0008986,O0008991,C004822,4,5
RV0025925,O0025935,C002428,3,4
RV0003004,O0003005,C003743,3,3
RV0021937,O0021947,C000049,5,4
RV0007730,O0007735,C004567,4,4
RV0042873,O0042896,C002132,3,5
RV0008087,O0008092,C003021,4,3
RV0011102,O0011108,C002284,3,4
RV0000677,O0000678,C000515,3,4
RV0012098,O0012105,C004003,3,4
RV0031907,O0031922,C004412,5,3
RV0006698,O0006701,C004353,5,3
RV0031937,O0031952,C004084,5,4
RV0015145,O0015153,C004746,4,5
RV0036376,O0036394,C001088,4,4
RV0033011,O0033026,C004974,5,3
RV0031399,O0031413,C004959,3,5
RV0010397,O0010402,C003296,3,4
RV0007454,O0007458,C001837,4,3
RV0044545,O0044570,C004857,3,4
RV0008602,O0008607,C000233,5,5
RV0030076,O0030089,C001276,4,3
RV0032193,O0032208,C004941,3,4
RV0001723,O0001724,C002516,5,5
RV0013642,O0013649,C004637,4,5
RV0003589,O0003590,C000242,4,3
RV0048262,O0048290,C003976,5,4
RV0038472,O0038491,C004932,4,3
RV0035626,O0035642,C002138,3,3
RV0032143,O0032158,C001839,4,5
RV0022630,O0022640,C002993,5,5
RV0020192,O0020202,C004288,3,5
RV0006972,O0006975,C000555,4,5
RV0047381,O0047409,C001326,4,5
RV0002569,O0002570,C000711,4,5
RV0035332,O0035348,C001460,5,4
RV0044932,O0044957,C001270,4,3
RV0026947,O0026958,C001187,4,3
RV0017318,O0017327,C002252,4,5
RV0043704,O0043728,C003012,3,5
RV0033627,O0033642,C001410,3,4
RV0046883,O0046910,C002139,4,3
RV0003623,O0003624,C000820,3,4
RV0002350,O0002351,C000130,5,5
RV0039222,O0039242,C001321,5,3
RV0007537,O0007541,C003973,3,5
RV0028492,O0028505,C003214,3,4
RV0047607,O0047635,C004771,5,3
RV0011674,O0011680,C002238,4,3
RV0044376,O0044400,C000879,5,4
RV0021978,O0021988,C002720,3,4
RV0035883,O0035899,C000921,3,3
RV0031985,O0032000,C002432,5,5
RV0029392,O0029405,C000246,3,5
RV0038393,O0038411,C001941,5,4
RV0011854,O0011861,C001058,4,3
RV0038317,O0038335,C004809,5,4
RV0019361,O0019371,C001857,3,3
RV0032721,O0032736,C004610,3,3
RV0021018,O0021028,C002230,3,4
RV0045452,O0045477,C003475,3,5
RV0000732,O0000733,C001130,3,4
RV0041244,O0041266,C002121,5,4
RV0030813,O0030827,C000791,5,3
RV0007849,O0007854,C000178,5,4
RV0014714,O0014722,C000093,4,4
RV0043215,O0043239,C004826,4,4
RV0011840,O0011847,C001886,3,5
RV0046372,O0046399,C003979,5,4
RV0011988,O0011995,C000695,3,3
RV0044840,O0044865,C003952,4,5
RV0002109,O0002110,C003879,4,5
RV0013196,O0013203,C004127,3,5
RV0047702,O0047730,C002347,3,4
RV0027587,O0027600,C000025,4,5
RV0002054,O0002055,C003394,5,4
RV0001057,O0001058,C002705,5,5
RV0045221,O0045246,C002785,5,3
RV0046823,O0046850,C004839,4,4
RV0026266,O0026276,C003016,5,5
RV0016929,O0016937,C002566,5,3
RV0003806,O0003807,C000293,4,3
RV0026621,O0026632,C002701,5,5
RV0002075,O0002076,C000372,5,5
RV0043962,O0043986,C002535,4,3
RV0012421,O0012428,C004913,4,3
RV0031484,O0031498,C002348,5,4
RV0020272,O0020282,C004982,5,4
RV0039330,O0039350,C001496,5,3
RV0015697,O0015705,C001282,4,4
RV0039089,O0039109,C001005,3,4
RV0032971,O0032986,C004446,3,3
RV0035152,O0035168,C000791,4,4
RV0004562,O0004563,C001448,3,3
RV0002683,O0002684,C004826,3,4
RV0016825,O0016833,C001524,4,5
RV0049198,O0049227,C003012,4,4
RV0002281,O0002282,C002555,5,3
RV0020485,O0020495,C000866,3,4
RV0009841,O0009846,C000061,5,4
RV0036088,O0036106,C002344,3,5
RV0015695,O0015703,C001874,4,4
RV0000069,O0000070,C001665,4,4
RV0002195,O0002196,C000021,5,3
RV0017416,O0017425,C001619,4,5
RV0011420,O0011426,C003408,5,4
RV0009851,O0009856,C002296,4,5
RV0034824,O0034840,C001958,4,3
RV0004003,O0004004,C000974,3,5
RV0035032,O0035048,C001356,5,4
RV0028045,O0028058,C003705,3,3
RV0038484,O0038503,C001639,5,3
RV0006662,O0006665,C003831,3,5
RV0030946,O0030960,C000781,3,4
RV0015190,O0015198,C000526,5,3
RV0015035,O0015043,C000927,4,3
RV0025089,O0025099,C004330,5,3
RV0021789,O0021799,C004597,5,3
RV0044502,O0044526,C004562,4,3
RV0005508,O0005510,C003126,5,5
RV0005511,O0005513,C000718,5,5
RV0029642,O0029655,C001714,4,3
RV0013728,O0013735,C001715,5,4
RV0049577,O0049607,C000240,5,5
RV0041917,O0041939,C000817,4,5
RV0037414,O0037432,C002384,5,3
RV0000242,O0000243,C004072,4,4
RV0011647,O0011653,C000646,4,4
RV0019607,O0019617,C004736,4,4
RV0025392,O0025402,C002642,5,5
RV0027602,O0027615,C002660,3,5
RV0014667,O0014675,C004152,5,3
RV0000030,O0000031,C000902,3,3
RV0019211,O0019221,C001034,5,4
RV0010955,O0010961,C002182,3,4
RV0039116,O0039136,C001862,3,3
RV0036092,O0036110,C004180,5,4
RV0032354,O0032369,C004879,5,4
RV0028759,O0028772,C002771,4,5
RV0012045,O0012052,C003898,4,5
RV0011616,O0011622,C000707,4,5
RV0036043,O0036061,C003450,5,3
RV0028724,O0028737,C003523,4,5
RV0013455,O0013462,C002333,3,5
RV0043253,O0043277,C000704,5,4
RV0028154,O0028167,C004316,5,3
RV0024221,O0024231,C003403,3,3
RV0006911,O0006914,C003407,4,5
RV0022133,O0022143,C000422,4,5
RV0013825,O0013832,C003779,4,5
RV0047814,O0047842,C004873,3,3
RV0027338,O0027351,C000096,3,3
RV0020562,O0020572,C004973,4,5
RV0023422,O0023432,C000493,5,5
RV0035742,O0035758,C003417,4,5
RV0027537,O0027550,C000355,3,3
RV0003957,O0003958,C000485,5,4
RV0023537,O0023547,C000980,4,4
RV0045779,O0045805,C002663,4,3
RV0011979,O0011986,C004342,5,4
RV0022633,O0022643,C001997,5,4
RV0023314,O0023324,C000634,4,4
RV0010125,O0010130,C002657,5,5
RV0011770,O0011777,C003757,4,5
RV0008497,O0008502,C001213,5,3
RV0009044,O0009049,C004303,4,5
RV0006550,O0006553,C001309,5,4
RV0016707,O0016715,C004039,5,4
RV0004436,O0004437,C002275,3,5
RV0013089,O0013096,C003950,4,3
RV0027479,O0027492,C002476,3,3
RV0044512,O0044536,C001537,3,5
RV0017831,O0017840,C000077,5,5
RV0035048,O0035064,C004022,5,5
RV0028790,O0028803,C002924,5,4
RV0043352,O0043376,C002742,3,3
RV0009211,O0009216,C004632,5,5
RV0049909,O0049939,C002847,5,5
RV0002592,O0002593,C004906,3,5
RV0042017,O0042039,C003863,5,3
RV0018236,O0018246,C004795,3,3
RV0048246,O0048274,C002310,3,3
RV0003950,O0003951,C001200,3,5
RV0027311,O0027324,C004249,5,5
RV0038369,O0038387,C002369,5,4
RV0003790,O0003791,C003689,5,3
RV0035789,O0035805,C002006,3,4
RV0043890,O0043914,C001246,3,5
RV0025334,O0025344,C000455,4,4
RV0006874,O0006877,C003034,5,5
RV0021227,O0021237,C000904,5,4
RV0040612,O0040634,C001771,3,5
RV0002275,O0002276,C003104,4,5
RV0027854,O0027867,C000724,5,4
RV0038942,O0038961,C001818,4,4
RV0011648,O0011654,C004624,4,4
RV0028078,O0028091,C003647,5,4
RV0008363,O0008368,C003826,5,3
RV0017825,O0017834,C004120,5,5
RV0029447,O0029460,C002578,3,3
RV0003286,O0003287,C003705,4,4
RV0010812,O0010818,C002809,5,4
RV0034197,O0034212,C001445,5,5
RV0007998,O0008003,C002899,4,3
RV0046880,O0046907,C002755,3,3
RV0040831,O0040853,C001480,4,3
RV0036524,O0036542,C004778,5,4
RV0013240,O0013247,C001498,5,5
RV0033253,O0033268,C000199,4,3
RV0031435,O0031449,C001697,5,4
RV0023713,O0023723,C004471,5,5
RV0036616,O0036634,C001422,5,3
RV0030501,O0030514,C001631,5,3
RV0032560,O0032575,C003812,5,5
RV0022570,O0022580,C004804,4,4
RV0045166,O0045191,C003381,5,4
RV0029736,O0029749,C001551,5,5
RV0048148,O0048176,C004530,3,4
RV0049920,O0049950,C001221,3,3
RV0019580,O0019590,C002385,4,5
RV0013596,O0013603,C000829,5,3
RV0012727,O0012734,C001192,5,4
RV0023046,O0023056,C000567,4,4
RV0009899,O0009904,C003265,3,5
RV0035069,O0035085,C003311,3,3
RV0001009,O0001010,C001302,3,4
RV0009390,O0009395,C001586,3,5
RV0034183,O0034198,C003470,3,3
RV0045089,O0045114,C000924,5,4
RV0014573,O0014581,C000066,4,4
RV0013461,O0013468,C000068,4,4
RV0027755,O0027768,C001944,5,5
RV0036346,O0036364,C001218,4,4
RV0020314,O0020324,C002866,4,3
RV0022675,O0022685,C001800,4,4
RV0010017,O0010022,C001085,3,5
RV0043535,O0043559,C001087,5,4
RV0002383,O0002384,C002404,3,5
RV0012737,O0012744,C001239,5,5
RV0021060,O0021070,C003622,4,3
RV0046051,O0046077,C000691,5,4
RV0045727,O0045753,C003865,5,4
RV0036126,O0036144,C004090,3,3
RV0016880,O0016888,C002407,3,5
RV0016466,O0016474,C001029,4,4
RV0044358,O0044382,C002049,4,4
RV0002266,O0002267,C003429,5,3
RV0033318,O0033333,C001220,5,5
RV0005777,O0005779,C002070,3,5
RV0007323,O0007326,C002507,3,3
RV0019220,O0019230,C003817,3,4
RV0011288,O0011294,C003085,3,5
RV0011968,O0011975,C002073,4,4
RV0025742,O0025752,C004415,5,3
RV0045066,O0045091,C001631,5,3
RV0006048,O0006050,C004898,3,4
RV0009285,O0009290,C003079,4,4
RV0001350,O0001351,C001779,4,3
RV0035487,O0035503,C001121,3,4
RV0027380,O0027393,C001434,4,4
RV0026405,O0026415,C000065,3,5
RV0041481,O0041503,C002262,4,5
RV0034715,O0034731,C000473,4,4
RV0044752,O0044777,C001258,3,4
RV0038045,O0038063,C001022,4,5
RV0048508,O0048536,C001255,4,5
RV0003474,O0003475,C003147,4,4
RV0002312,O0002313,C001455,5,3
RV0030970,O0030984,C003478,5,5
RV0019973,O0019983,C001552,3,4
RV0016235,O0016243,C001012,4,5
RV0035140,O0035156,C002140,4,4
RV0022871,O0022881,C004989,5,3
RV0030973,O0030987,C002276,4,3
RV0015796,O0015804,C004305,3,3
RV0019378,O0019388,C004546,4,4
RV0047160,O0047187,C000914,5,3
RV0033912,O0033927,C002504,4,5
RV0000649,O0000650,C003831,5,4
RV0015632,O0015640,C001645,5,3
RV0042320,O0042342,C000709,4,3
RV0030400,O0030413,C001235,5,4
RV0008966,O0008971,C002063,5,4
RV0021358,O0021368,C004735,3,4
RV0016341,O0016349,C004492,4,5
RV0010780,O0010786,C000329,4,3
RV0042696,O0042719,C003623,3,3
RV0047754,O0047782,C001776,5,5
RV0014190,O0014198,C003169,4,3
RV0020258,O0020268,C000402,5,5
RV0036685,O0036703,C002048,5,4
RV0049459,O0049489,C001197,3,4
RV0010779,O0010785,C004832,3,4
RV0015742,O0015750,C003337,5,4
RV0024725,O0024735,C004248,4,5
RV0041411,O0041433,C003641,5,4
RV0044562,O0044587,C002569,3,4
RV0037303,O0037321,C002388,4,4
RV0021842,O0021852,C001941,4,4
RV0039949,O0039970,C002615,5,3
RV0049716,O0049746,C000225,3,3
RV0039956,O0039977,C002513,5,3
RV0034139,O0034154,C001459,3,3
RV0037075,O0037093,C000580,5,5
RV0033176,O0033191,C004481,3,4
RV0020155,O0020165,C004568,5,5
RV0015143,O0015151,C001878,3,5
RV0012272,O0012279,C002012,5,3
RV0040241,O0040262,C002398,5,5
RV0022898,O0022908,C004899,5,4
RV0000764,O0000765,C004129,4,3
RV0009129,O0009134,C001196,5,5
RV0003847,O0003848,C001722,4,4
RV0041061,O0041083,C004036,4,3
RV0044853,O0044878,C001297,5,3
RV0039424,O0039445,C004451,5,3
RV0033067,O0033082,C004692,4,5
RV0005873,O0005875,C001393,3,5
RV0043397,O0043421,C000708,4,3
RV0035243,O0035259,C002752,3,5
RV0009948,O0009953,C000017,3,3
RV0023556,O0023566,C001891,3,5
RV0035786,O0035802,C004386,5,4
RV0015699,O0015707,C000612,5,4
RV0021104,O0021114,C002115,3,4
RV0021410,O0021420,C002383,5,4
RV0026903,O0026914,C004332,5,4
RV0048140,O0048168,C000171,4,3
RV0026409,O0026419,C002703,5,4
RV0013558,O0013565,C003239,5,3
RV0043889,O0043913,C000121,5,3
RV0008925,O0008930,C000065,5,4
RV0021616,O0021626,C000054,4,4
RV0046901,O0046928,C004562,5,4
RV0048530,O0048558,C003311,3,4
RV0013524,O0013531,C002257,5,4
RV0004443,O0004444,C000044,5,4
RV0026222,O0026232,C001961,3,4
RV0022111,O0022121,C002354,5,5
RV0021697,O0021707,C004387,5,3
RV0020444,O0020454,C004780,5,3
RV0027963,O0027976,C003573,4,5
RV0035364,O0035380,C003527,5,5
RV0043256,O0043280,C001402,4,3
RV0011239,O0011245,C000102,5,5
RV0036265,O0036283,C001562,5,5
RV0011878,O0011885,C002934,3,3
RV0000165,O0000166,C003687,5,3
RV0011515,O0011521,C001939,4,4
RV0030050,O0030063,C001116,5,4
RV0036532,O0036550,C002424,3,5
RV0044708,O0044733,C002640,4,4
RV0025726,O0025736,C002231,5,4
RV0027893,O0027906,C000532,5,3
RV0024424,O0024434,C004900,3,5
RV0005551,O0005553,C002626,3,3
RV0046162,O0046188,C003180,5,5
RV0036251,O0036269,C002884,3,4
RV0012570,O0012577,C001492,5,4
RV0004127,O0004128,C002192,3,5
RV0012471,O0012478,C002871,4,3
RV0021109,O0021119,C003606,4,3
RV0021688,O0021698,C000343,4,3
RV0044996,O0045021,C002439,4,4
RV0024237,O0024247,C001010,5,3
RV0042726,O0042749,C001780,3,3
RV0035623,O0035639,C001198,5,4
RV0018245,O0018255,C000078,5,3
RV0041054,O0041076,C002196,3,4
RV0043579,O0043603,C000417,3,4
RV0032024,O0032039,C000797,4,4
RV0023307,O0023317,C003622,5,4
RV0025180,O0025190,C000839,3,5
RV0011786,O0011793,C003026,5,5
RV0007154,O0007157,C001143,4,3
RV0017008,O0017016,C000227,3,5
RV0021232,O0021242,C001495,3,5
RV0048020,O0048048,C004530,3,4
RV0029741,O0029754,C003315,3,5
RV0001944,O0001945,C000066,3,5
RV0046471,O0046498,C001893,5,5
RV0036690,O0036708,C003973,3,5
RV0006459,O0006462,C003230,3,4
RV0004445,O0004446,C001177,3,5
RV0046161,O0046187,C002026,5,3
RV0008116,O0008121,C004416,5,5
RV0013287,O0013294,C001529,3,3
RV0017795,O0017804,C000223,4,4
RV0039766,O0039787,C003905,3,3
RV0011376,O0011382,C003766,3,4
RV0017735,O0017744,C001203,4,3
RV0032686,O0032701,C003995,5,4
RV0023020,O0023030,C002686,5,5
RV0021719,O0021729,C002623,5,5
RV0003485,O0003486,C004956,4,4
RV0049550,O0049580,C004091,5,3
RV0010840,O0010846,C004022,5,5
RV0041996,O0042018,C000366,4,5
RV0000403,O0000404,C000140,3,3
RV0029591,O0029604,C002204,3,5
RV0046329,O0046356,C001244,3,3
RV0018871,O0018881,C002815,3,3
RV0011404,O0011410,C002155,4,3
RV0006813,O0006816,C004840,3,5
RV0049883,O0049913,C003050,3,4
RV0044352,O0044376,C004060,4,3
RV0001347,O0001348,C004929,5,4
RV0041969,O0041991,C003753,3,5
RV0002619,O0002620,C001144,5,5
RV0000158,O0000159,C003943,5,3
RV0032338,O0032353,C001031,3,4
RV0009448,O0009453,C002194,4,3
RV0008403,O0008408,C002257,4,3
RV0012399,O0012406,C002496,3,5
RV0013842,O0013849,C004972,3,3
RV0012648,O0012655,C002281,3,5
RV0032300,O0032315,C000042,3,5
RV0048955,O0048983,C004335,4,5
RV0039738,O0039759,C003932,3,5
RV0034603,O0034619,C004614,4,3
RV0018027,O0018037,C002753,4,5
RV0019242,O0019252,C004663,3,5
RV0018969,O0018979,C001309,4,3
RV0019408,O0019418,C000173,4,4
RV0022238,O0022248,C000855,3,4
RV0026182,O0026192,C004159,3,4
RV0037669,O0037687,C003609,3,5
RV0044515,O0044539,C001217,5,4
RV0040063,O0040084,C004076,5,5
RV0027592,O0027605,C000298,4,4
RV0029869,O0029882,C002959,4,3
RV0036128,O0036146,C003358,3,3
RV0038976,O0038995,C003145,5,3
RV0001632,O0001633,C001595,3,4
RV0001176,O0001177,C004673,4,3
RV0034680,O0034696,C000107,5,3
RV0039228,O0039248,C002113,4,4
RV0000017,O0000018,C000180,5,3
RV0030809,O0030823,C002360,4,4
RV0008821,O0008826,C004236,3,3
RV0048024,O0048052,C003288,3,3
RV0016269,O0016277,C004817,4,3
RV0011884,O0011891,C003508,5,3
RV0022309,O0022319,C000879,5,5
RV0013576,O0013583,C000404,4,4
RV0029211,O0029224,C003477,4,4
RV0008277,O0008282,C003884,5,4
RV0008641,O0008646,C000288,5,5
RV0043888,O0043912,C003134,4,4
RV0012506,O0012513,C002609,3,4
RV0049283,O0049312,C001315,4,3
RV0007301,O0007304,C000844,3,4
RV0032041,O0032056,C000842,3,5
RV0002602,O0002603,C002468,4,5
RV0014250,O0014258,C003431,3,3
RV0043775,O0043799,C001125,4,5
RV0001054,O0001055,C001252,4,5
RV0037635,O0037653,C004195,4,4
RV0033640,O0033655,C001409,4,5
RV0003067,O0003068,C004968,3,3
RV0026407,O0026417,C000746,3,5
RV0002343,O0002344,C000112,3,3
RV0026932,O0026943,C003491,3,5
RV0047358,O0047386,C004368,4,5
RV0010063,O0010068,C003030,5,3
RV0044022,O0044046,C003040,4,3
RV0040827,O0040849,C002001,5,3
RV0012508,O0012515,C002231,3,3
RV0018469,O0018479,C003247,3,3
RV0032734,O0032749,C003522,4,5
RV0036166,O0036184,C003247,3,4
RV0042419,O0042441,C002840,4,4
RV0014733,O0014741,C000107,4,5
RV0035065,O0035081,C001333,4,4
RV0018337,O0018347,C003654,3,5
RV0023578,O0023588,C000011,4,4
RV0017391,O0017400,C002326,5,3
RV0009469,O0009474,C004995,3,3
RV0016470,O0016478,C000244,3,4
RV0036915,O0036933,C000327,3,4
RV0023605,O0023615,C000551,5,4
RV0028367,O0028380,C001057,4,3
RV0028313,O0028326,C001430,5,4
RV0028576,O0028589,C000094,4,4
RV0006468,O0006471,C004253,4,5
RV0028959,O0028972,C004601,4,3
RV0027060,O0027072,C003907,5,4
RV0047530,O0047558,C001975,5,4
RV0002373,O0002374,C003116,4,3
RV0038139,O0038157,C002288,3,4
RV0019972,O0019982,C001990,4,4
RV0032941,O0032956,C001748,5,3
RV0044613,O0044638,C000794,4,3
RV0011393,O0011399,C003534,4,4
RV0049662,O0049692,C001689,4,4
RV0027904,O0027917,C000474,4,5
RV0023037,O0023047,C004302,5,5
RV0042444,O0042467,C002766,3,3
RV0001065,O0001066,C003076,5,4
RV0045399,O0045424,C004393,5,3
RV0025638,O0025648,C002020,3,4
RV0016659,O0016667,C000968,4,4
RV0025584,O0025594,C002573,4,4
RV0045503,O0045528,C002817,5,5
RV0020259,O0020269,C003603,5,5
RV0000376,O0000377,C000786,3,3
RV0049022,O0049050,C001379,3,3
RV0040068,O0040089,C001212,3,4
RV0016177,O0016185,C000259,5,5
RV0033031,O0033046,C004824,5,4
RV0045523,O0045548,C002884,3,3
RV0009051,O0009056,C000761,5,3
RV0039793,O0039814,C000872,5,5
RV0045827,O0045853,C003850,4,4
RV0034365,O0034381,C004479,4,5
RV0044115,O0044139,C000644,5,4
RV0014083,O0014091,C002917,3,5
RV0029627,O0029640,C004829,5,5
RV0018591,O0018601,C001043,4,5
RV0015199,O0015207,C004134,4,5
RV0016778,O0016786,C002465,4,5
RV0036429,O0036447,C004869,5,5
RV0011472,O0011478,C004609,4,3
RV0039684,O0039705,C000228,4,3
RV0038100,O0038118,C001792,4,3
RV0017363,O0017372,C003003,3,3
RV0017466,O0017475,C002516,4,5
RV0029449,O0029462,C001820,4,5
RV0018501,O0018511,C000793,4,5
RV0033228,O0033243,C002826,3,3
RV0015621,O0015629,C002572,4,5
RV0036339,O0036357,C003872,3,4
RV0040550,O0040572,C000723,5,5
RV0043675,O0043699,C002085,5,5
RV0024731,O0024741,C002779,3,5
RV0012522,O0012529,C001997,3,5
RV0002126,O0002127,C004014,3,3
RV0047499,O0047527,C000609,3,4
RV0020650,O0020660,C004688,3,3
RV0036977,O0036995,C001747,5,5
RV0020524,O0020534,C002456,3,4
RV0024869,O0024879,C004715,5,5
RV0007647,O0007651,C001614,5,5
RV0022704,O0022714,C004513,4,4
RV0035937,O0035954,C004042,4,5
RV0020339,O0020349,C000616,3,3
RV0022451,O0022461,C004746,4,4
RV0013957,O0013965,C004571,4,5
RV0034223,O0034238,C001275,5,3
RV0005971,O0005973,C004975,3,3
RV0010121,O0010126,C000068,4,3
RV0005869,O0005871,C000905,3,3
RV0036851,O0036869,C004415,5,4
RV0006620,O0006623,C002685,3,3
RV0044625,O0044650,C003374,4,4
RV0044526,O0044550,C000867,5,4
RV0014771,O0014779,C003057,5,3
RV0048440,O0048468,C002815,3,5
RV0031604,O0031618,C000052,5,4
RV0018905,O0018915,C001967,3,4
RV0020969,O0020979,C003675,3,3
RV0025509,O0025519,C002505,5,4
RV0012599,O0012606,C004192,3,3
RV0009577,O0009582,C001303,3,5
RV0031443,O0031457,C000666,5,5
RV0013969,O0013977,C002132,4,3
RV0004602,O0004603,C002278,3,3
RV0001593,O0001594,C000473,5,4
RV0003955,O0003956,C002016,5,4
RV0012929,O0012936,C002063,3,4
RV0045160,O0045185,C002473,5,4
RV0021654,O0021664,C002653,3,3
RV0000418,O0000419,C001044,4,4
RV0034557,O0034573,C000181,3,5
RV0019711,O0019721,C000415,4,5
RV0016481,O0016489,C002349,3,4
RV0029982,O0029995,C001944,5,4
RV0026731,O0026742,C000243,3,3
RV0010545,O0010550,C004075,4,5
RV0040503,O0040525,C004434,5,3
RV0001260,O0001261,C002200,3,4
RV0026658,O0026669,C002045,4,5
RV0012949,O0012956,C000483,4,3
RV0011514,O0011520,C003643,5,5
RV0002564,O0002565,C002675,4,3
RV0008868,O0008873,C002173,3,5
RV0015501,O0015509,C002564,5,3
RV0015101,O0015109,C001022,5,4
RV0026103,O0026113,C002304,3,3
RV0041825,O0041847,C002204,5,4
RV0007118,O0007121,C000221,4,3
RV0022138,O0022148,C000511,3,4
RV0022533,O0022543,C003176,4,4
RV0001383,O0001384,C002390,5,3
RV0031330,O0031344,C002908,4,4
RV0017712,O0017721,C004482,3,5
RV0032392,O0032407,C003110,4,3
RV0030367,O0030380,C000682,3,5
RV0009296,O0009301,C004616,3,3
RV0012461,O0012468,C004908,5,4
RV0012495,O0012502,C003222,5,4
RV0026024,O0026034,C002751,3,5
RV0002518,O0002519,C002757,5,4
RV0009015,O0009020,C002617,3,5
RV0016721,O0016729,C003933,3,4
RV0044539,O0044564,C001065,4,4
RV0013954,O0013962,C002131,5,5
RV0014207,O0014215,C000538,3,5
RV0030731,O0030745,C001233,5,3
RV0047656,O0047684,C001577,3,3
RV0039583,O0039604,C000696,3,3
RV0016348,O0016356,C003365,3,3
RV0012571,O0012578,C000573,3,3
RV0040689,O0040711,C002487,3,3
RV0009258,O0009263,C004064,5,3
RV0025636,O0025646,C000753,3,5
RV0008618,O0008623,C000837,4,5
RV0031267,O0031281,C002129,5,5
RV0007183,O0007186,C001379,3,5
RV0045572,O0045597,C003818,4,5
RV0019736,O0019746,C000857,3,3
RV0022181,O0022191,C002764,4,3
RV0042620,O0042643,C004848,5,3
RV0041349,O0041371,C004027,4,3
RV0001991,O0001992,C002141,5,5
RV0014792,O0014800,C004737,3,5
RV0031138,O0031152,C003107,3,5
RV0043350,O0043374,C004002,3,5
RV0009781,O0009786,C004245,3,4
RV0031477,O0031491,C002882,4,3
RV0000942,O0000943,C002165,3,3
RV0004212,O0004213,C002325,4,5
RV0025260,O0025270,C001221,4,5
RV0010071,O0010076,C000129,5,5
RV0019391,O0019401,C004083,5,5
RV0013274,O0013281,C004801,3,5
RV0016409,O0016417,C002281,4,4
RV0017971,O0017981,C002782,3,4
RV0008824,O0008829,C004370,3,5
RV0005133,O0005135,C004894,4,5
RV0014124,O0014132,C001724,4,5
RV0008139,O0008144,C002005,5,4
RV0022194,O0022204,C001090,4,4
RV0023262,O0023272,C001699,3,3
RV0049957,O0049987,C001550,5,5
RV0048072,O0048100,C001890,4,5
RV0029694,O0029707,C001752,3,3
RV0026006,O0026016,C003091,4,4
RV0029230,O0029243,C002569,5,4
RV0032085,O0032100,C003890,4,5
RV0008421,O0008426,C004610,4,4
RV0024632,O0024642,C004011,3,3
RV0020482,O0020492,C001099,4,3
RV0003842,O0003843,C001024,5,4
RV0010286,O0010291,C002480,4,5
RV0004372,O0004373,C002801,5,5
RV0011759,O0011766,C000210,4,4
RV0034276,O0034291,C001500,5,5
RV0026429,O0026439,C003398,4,4
RV0030221,O0030234,C002300,3,4
RV0041270,O0041292,C003121,5,5
RV0016180,O0016188,C002073,4,5
RV0039312,O0039332,C001898,4,4
RV0020630,O0020640,C003220,4,4
RV0011974,O0011981,C001628,3,5
RV0026496,O0026507,C001911,3,5
RV0018176,O0018186,C004328,4,3
RV0021955,O0021965,C002310,5,4
RV0000626,O0000627,C001809,4,3
RV0045201,O0045226,C004776,4,4
RV0022980,O0022990,C003430,3,3
RV0048149,O0048177,C004804,5,3
RV0040465,O0040487,C000680,5,5
RV0020833,O0020843,C003404,3,4
RV0037586,O0037604,C003107,3,4
RV0027039,O0027051,C001841,5,3
RV0030249,O0030262,C000175,5,5
RV0021394,O0021404,C003505,3,4
RV0002615,O0002616,C000620,3,5
RV0025406,O0025416,C003417,3,5
RV0036793,O0036811,C000572,5,3
RV0029915,O0029928,C003919,5,5
RV0003100,O0003101,C001172,3,4
RV0028559,O0028572,C004048,5,3
RV0005182,O0005184,C003999,3,4
RV0001959,O0001960,C003001,4,3
RV0043092,O0043116,C003456,3,3
RV0040375,O0040396,C001925,4,5
RV0004908,O0004910,C001268,5,3
RV0039000,O0039019,C001364,4,5
RV0029660,O0029673,C002235,5,3
RV0044151,O0044175,C002109,3,5
RV0046447,O0046474,C004292,5,4
RV0031516,O0031530,C000187,3,4
RV0036340,O0036358,C001615,4,4
RV0036442,O0036460,C003155,5,3
RV0023661,O0023671,C004816,3,5
RV0027510,O0027523,C002879,4,5
RV0017271,O0017280,C003166,3,5
RV0037049,O0037067,C003971,5,4
RV0031453,O0031467,C004843,4,5
RV0032776,O0032791,C002277,3,4
RV0042019,O0042041,C003275,3,3
RV0033858,O0033873,C003116,5,5
RV0025985,O0025995,C002597,5,5
RV0027121,O0027133,C003612,4,5
RV0039219,O0039239,C003881,4,5
RV0013148,O0013155,C004326,3,5
RV0000952,O0000953,C001572,3,3
RV0025240,O0025250,C000425,3,5
RV0030356,O0030369,C000590,3,3
RV0022910,O0022920,C001090,3,5
RV0013590,O0013597,C001531,5,4
RV0019291,O0019301,C001103,3,4
RV0019593,O0019603,C003476,4,5
RV0029254,O0029267,C002587,3,3
RV0040924,O0040946,C002050,4,3
RV0013474,O0013481,C000780,5,3
RV0017775,O0017784,C001717,5,5
RV0018112,O0018122,C004777,5,4
RV0035372,O0035388,C000090,4,3
RV0014725,O0014733,C003823,3,4
RV0018014,O0018024,C001781,4,5
RV0021590,O0021600,C002558,4,4
RV0031603,O0031617,C002318,3,5
RV0005476,O0005478,C004968,5,4
RV0037455,O0037473,C002324,5,5
RV0007618,O0007622,C002357,4,5
RV0045377,O0045402,C004381,3,5
RV0042576,O0042599,C002377,3,4
RV0020570,O0020580,C002046,5,5
RV0042806,O0042829,C001445,5,3
RV0000034,O0000035,C000745,4,5
RV0037914,O0037932,C001183,4,5
RV0025306,O0025316,C002839,5,4
RV0040567,O0040589,C000111,5,3
RV0047110,O0047137,C004242,3,3
RV0019052,O0019062,C002172,5,4
RV0029901,O0029914,C000315,5,3
RV0034132,O0034147,C001874,3,4
RV0025861,O0025871,C004862,5,4
RV0040207,O0040228,C004771,3,4
RV0020443,O0020453,C002487,5,5
RV0006235,O0006237,C002263,3,4
RV0028738,O0028751,C004113,4,3
RV0004169,O0004170,C000272,5,3
RV0028736,O0028749,C003155,3,3
RV0047748,O0047776,C004073,4,5
RV0020424,O0020434,C004613,4,4
RV0014310,O0014318,C001413,4,4
RV0012744,O0012751,C002438,4,3
RV0034376,O0034392,C004534,4,5
RV0049651,O0049681,C003323,5,5
RV0044032,O0044056,C003560,3,5
RV0032748,O0032763,C000970,4,5
RV0040815,O0040837,C001733,3,5
RV0010111,O0010116,C004786,4,5
RV0012025,O0012032,C002031,4,4
RV0003023,O0003024,C001250,3,5
RV0042396,O0042418,C004118,4,5
RV0000387,O0000388,C001903,5,5
RV0015884,O0015892,C003317,4,4
RV0041230,O0041252,C001380,3,5
RV0005436,O0005438,C004609,5,4
RV0045303,O0045328,C000062,3,3
RV0026601,O0026612,C003816,3,4
RV0036204,O0036222,C002741,4,4
RV0037039,O0037057,C002089,4,3
RV0003735,O0003736,C000970,5,3
RV0046354,O0046381,C002418,4,3
RV0011925,O0011932,C003053,3,5
RV0003584,O0003585,C003516,4,3
RV0023294,O0023304,C001971,4,5
RV0007109,O0007112,C001733,5,4
RV0028017,O0028030,C000959,3,4
RV0000378,O0000379,C003867,3,3
RV0018455,O0018465,C001855,4,4
RV0039162,O0039182,C000925,4,3
RV0017521,O0017530,C004817,4,3
RV0021628,O0021638,C000193,4,5
RV0024126,O0024136,C002037,5,4
RV0001793,O0001794,C003842,3,5
RV0016382,O0016390,C003310,3,4
RV0002165,O0002166,C000040,3,4
RV0044788,O0044813,C001366,4,5
RV0038605,O0038624,C004928,3,3
RV0040479,O0040501,C001104,5,3
RV0004911,O0004913,C000004,3,3
RV0029972,O0029985,C002323,3,5
RV0035900,O0035916,C000060,5,3
RV0047957,O0047985,C003014,3,5
RV0037959,O0037977,C000708,5,3
RV0028685,O0028698,C002635,3,3
RV0028403,O0028416,C000052,5,4
RV0001761,O0001762,C002316,4,4
RV0006426,O0006429,C000358,4,5
RV0043509,O0043533,C000646,4,5
RV0014812,O0014820,C001629,3,5
RV0016483,O0016491,C004250,4,3
RV0022478,O0022488,C003443,3,4
RV0004060,O0004061,C000734,5,3
RV0003470,O0003471,C003978,4,5
RV0021449,O0021459,C002336,4,3
RV0025858,O0025868,C002943,5,3
RV0045841,O0045867,C003387,4,4
RV0008352,O0008357,C003030,3,4
RV0026305,O0026315,C002087,5,5
RV0046345,O0046372,C000444,3,3
RV0019770,O0019780,C001268,4,3
RV0045040,O0045065,C003869,3,3
RV0028301,O0028314,C004561,3,5
RV0025841,O0025851,C002109,3,5
RV0049934,O0049964,C004368,3,4
RV0034242,O0034257,C002231,4,5
RV0035916,O0035933,C004544,4,5
RV0029785,O0029798,C002081,3,3
RV0017411,O0017420,C001773,4,5
RV0037191,O0037209,C002662,5,4
RV0019546,O0019556,C004474,5,4
RV0014183,O0014191,C002981,5,3
RV0048542,O0048570,C003537,5,3
RV0016796,O0016804,C002533,3,5
RV0041742,O0041764,C004235,4,5
RV0033238,O0033253,C001190,5,5
RV0022379,O0022389,C003078,4,3
RV0031364,O0031378,C004245,5,5
RV0049856,O0049886,C002153,5,4
RV0034759,O0034775,C002091,4,3
RV0006726,O0006729,C002867,5,3
RV0040573,O0040595,C002682,5,4
RV0038740,O0038759,C000092,4,3
RV0029847,O0029860,C000473,3,4
RV0012036,O0012043,C001683,4,4
RV0022965,O0022975,C004167,5,4
RV0007569,O0007573,C001306,4,5
RV0046866,O0046893,C004202,3,3
RV0003043,O0003044,C002531,3,4
RV0032531,O0032546,C002854,3,5
RV0037072,O0037090,C000055,4,5
RV0030107,O0030120,C003089,3,3
RV0045319,O0045344,C003471,3,4
RV0024137,O0024147,C000064,4,4
RV0027359,O0027372,C003284,5,3
RV0003296,O0003297,C004304,3,4
RV0021752,O0021762,C004564,5,3
RV0017164,O0017172,C001432,5,3
RV0004405,O0004406,C002415,3,4
RV0000780,O0000781,C004972,4,5
RV0049642,O0049672,C000865,4,3
RV0039460,O0039481,C004795,4,5
RV0017631,O0017640,C001622,5,5
RV0030167,O0030180,C000623,3,3
RV0016601,O0016609,C000735,4,4
RV0041483,O0041505,C002000,3,4
RV0014173,O0014181,C003772,3,5
RV0008135,O0008140,C003861,3,3
RV0002987,O0002988,C000360,5,4
RV0020041,O0020051,C003877,5,4
RV0022020,O0022030,C002000,3,4
RV0016315,O0016323,C001713,5,3
RV0042566,O0042589,C001735,5,3
RV0024973,O0024983,C002074,4,3
RV0003186,O0003187,C001710,4,4
RV0048701,O0048729,C001540,5,4
RV0001856,O0001857,C001186,3,5
RV0023654,O0023664,C003682,4,4
RV0028157,O0028170,C003332,5,4
RV0029890,O0029903,C000787,5,3
RV0040540,O0040562,C004602,3,3
RV0021906,O0021916,C004523,4,5
RV0002588,O0002589,C002867,3,4
RV0042228,O0042250,C001121,5,3
RV0010838,O0010844,C004416,3,4
RV0014214,O0014222,C001210,5,3
RV0039232,O0039252,C003370,4,4
RV0041843,O0041865,C004079,5,4
RV0032379,O0032394,C004367,3,4
RV0012389,O0012396,C004808,5,4
RV0008561,O0008566,C000415,5,5
RV0030860,O0030874,C004127,4,3
RV0048126,O0048154,C003467,5,4
RV0006671,O0006674,C004191,5,4
RV0006601,O0006604,C003974,4,3
RV0014269,O0014277,C002533,3,5
RV0010727,O0010732,C002901,5,4
RV0007571,O0007575,C001332,3,5
RV0042630,O0042653,C003387,4,5
RV0018126,O0018136,C002376,5,3
RV0021187,O0021197,C002190,4,5
RV0009370,O0009375,C002733,4,5
RV0035209,O0035225,C004210,3,4
RV0009164,O0009169,C000806,4,3
RV0011841,O0011848,C003713,4,3
RV0047998,O0048026,C004468,3,4
RV0021547,O0021557,C002914,3,3
RV0019815,O0019825,C003468,3,4
RV0041501,O0041523,C003188,4,5
RV0049519,O0049549,C000899,4,4
RV0020743,O0020753,C002823,5,4
RV0009937,O0009942,C004698,3,5
RV0048980,O0049008,C002607,4,4
RV0039048,O0039067,C002826,3,5
RV0005157,O0005159,C000282,4,4
RV0042915,O0042938,C000497,5,5
RV0017841,O0017851,C003640,4,5
RV0036856,O0036874,C000204,3,5
RV0044485,O0044509,C002023,3,5
RV0027771,O0027784,C002649,3,3
RV0031986,O0032001,C002181,4,3
RV0013787,O0013794,C002619,4,5
RV0036393,O0036411,C004923,4,3
RV0009188,O0009193,C003630,3,4
RV0012690,O0012697,C000641,4,4
RV0033081,O0033096,C004226,3,4
RV0046868,O0046895,C004731,4,4
RV0012520,O0012527,C000958,3,5
RV0001061,O0001062,C000983,4,4
RV0027243,O0027256,C004345,4,3
RV0005384,O0005386,C004610,4,3
RV0012066,O0012073,C003729,3,4
RV0005632,O0005634,C002681,5,4
RV0023633,O0023643,C004252,4,3
RV0023339,O0023349,C001491,4,3
RV0048799,O0048827,C001145,3,3
RV0049178,O0049207,C001913,5,3
RV0006532,O0006535,C000125,3,3
RV0014189,O0014197,C003783,5,4
RV0007696,O0007700,C000201,3,4
RV0028040,O0028053,C002273,5,4
RV0012168,O0012175,C003270,5,5
RV0000474,O0000475,C002413,3,3
RV0032372,O0032387,C000434,5,5
RV0000697,O0000698,C003128,3,5
RV0020146,O0020156,C002972,4,3
RV0049892,O0049922,C003848,4,3
RV0048078,O0048106,C000968,3,3
RV0005647,O0005649,C001810,5,4
RV0021391,O0021401,C004979,5,5
RV0024189,O0024199,C004280,4,4
RV0014623,O0014631,C004955,4,5
RV0046120,O0046146,C001488,4,3
RV0001288,O0001289,C004348,3,3
RV0007078,O0007081,C004422,4,5
RV0046638,O0046665,C001126,3,4
RV0001334,O0001335,C003953,5,4
RV0019011,O0019021,C003802,3,3
RV0024010,O0024020,C001664,4,3
RV0046503,O0046530,C000792,4,3
RV0047593,O0047621,C004386,3,5
RV0003128,O0003129,C004815,3,5
RV0016338,O0016346,C001915,4,3
RV0002896,O0002897,C004250,3,3
RV0009000,O0009005,C000462,4,3
RV0019353,O0019363,C002947,4,4
RV0040854,O0040876,C000803,3,5
RV0047157,O0047184,C002644,4,5
RV0030191,O0030204,C004651,4,5
RV0004341,O0004342,C004371,5,4
RV0022494,O0022504,C001030,4,3
RV0045984,O0046010,C003348,4,4
RV0028510,O0028523,C000866,3,3
RV0009918,O0009923,C000588,5,4
RV0042599,O0042622,C001403,5,4
RV0034655,O0034671,C003871,4,4
RV0042136,O0042158,C001841,5,5
RV0036705,O0036723,C004323,5,5
RV0008022,O0008027,C002150,3,5
RV0014993,O0015001,C004533,3,4
RV0035602,O0035618,C001458,3,3
RV0012649,O0012656,C004406,3,5
RV0020486,O0020496,C000743,5,5
RV0012890,O0012897,C002614,3,3
RV0049908,O0049938,C002031,5,5
RV0013726,O0013733,C004044,4,4
RV0016072,O0016080,C001057,4,3
RV0017233,O0017242,C004957,4,3
RV0047685,O0047713,C003225,3,5
RV0047228,O0047256,C002336,4,4
RV0044009,O0044033,C002683,4,4
RV0016828,O0016836,C002509,4,5
RV0030879,O0030893,C003236,5,5
RV0012108,O0012115,C000124,5,4
RV0023630,O0023640,C002510,4,4
RV0039610,O0039631,C003620,3,3
RV0049252,O0049281,C003119,3,4
RV0004292,O0004293,C004296,4,3
RV0019804,O0019814,C002096,4,3
RV0023141,O0023151,C003926,3,5
RV0002449,O0002450,C002355,4,5
RV0020627,O0020637,C001334,3,4
RV0037360,O0037378,C002220,5,4
RV0025770,O0025780,C002362,4,4
RV0027666,O0027679,C001036,4,4
RV0024559,O0024569,C003946,4,3
RV0019312,O0019322,C000234,4,3
RV0040577,O0040599,C000582,3,3
RV0031281,O0031295,C004200,5,4
RV0038749,O0038768,C004615,4,3
RV0046965,O0046992,C003666,4,4
RV0009640,O0009645,C002035,5,4
RV0007760,O0007765,C004193,3,5
RV0016823,O0016831,C004243,5,4
RV0024889,O0024899,C001052,5,5
RV0021656,O0021666,C000536,4,5
RV0012768,O0012775,C003936,5,5
RV0012534,O0012541,C000402,5,4
RV0031682,O0031696,C001672,3,4
RV0037130,O0037148,C004429,5,5
RV0000712,O0000713,C002897,4,3
RV0021003,O0021013,C004769,3,3
RV0009785,O0009790,C002770,5,3
RV0023480,O0023490,C001104,5,4
RV0027647,O0027660,C003770,5,4
RV0034769,O0034785,C000296,5,4
RV0006492,O0006495,C002275,3,3
RV0038812,O0038831,C004959,3,5
RV0007469,O0007473,C003845,4,5
RV0029219,O0029232,C001559,5,3
RV0049561,O0049591,C000656,5,5
RV0036104,O0036122,C004219,5,3
RV0036720,O0036738,C000516,4,3
RV0024377,O0024387,C004490,4,3
RV0039294,O0039314,C002976,5,3
RV0045291,O0045316,C001123,4,5
RV0014313,O0014321,C003890,3,5
RV0029681,O0029694,C002316,4,5
RV0031962,O0031977,C004847,5,5
RV0027998,O0028011,C002007,4,4
RV0042404,O0042426,C004598,5,3
RV0010850,O0010856,C000215,4,3
RV0014913,O0014921,C000804,3,3
RV0013738,O0013745,C003378,3,3
RV0041960,O0041982,C000792,4,3
RV0018151,O0018161,C003780,3,3
RV0007320,O0007323,C001833,4,4
RV0011899,O0011906,C001759,4,4
RV0036407,O0036425,C003503,3,5
RV0034920,O0034936,C003194,3,4
RV0049652,O0049682,C004543,3,5
RV0047947,O0047975,C003699,5,5
RV0017395,O0017404,C001106,3,5
RV0038689,O0038708,C000264,4,3
RV0048738,O0048766,C001767,4,5
RV0020873,O0020883,C002107,4,4
RV0015273,O0015281,C002982,3,3
RV0034533,O0034549,C003881,5,5
RV0002894,O0002895,C002162,5,4
RV0028081,O0028094,C004565,5,3
RV0030095,O0030108,C001616,3,5
RV0019113,O0019123,C001344,5,3
RV0010792,O0010798,C001355,3,4
RV0043235,O0043259,C001842,3,4
RV0049632,O0049662,C003133,3,4
RV0037318,O0037336,C001032,3,5
RV0020398,O0020408,C004988,4,5
RV0047681,O0047709,C004810,5,5
RV0037668,O0037686,C004904,5,3
RV0006528,O0006531,C004616,3,4
RV0034029,O0034044,C001805,5,4
RV0008923,O0008928,C002081,3,5
RV0015949,O0015957,C003495,3,3
RV0006558,O0006561,C001956,4,3
RV0001203,O0001204,C001975,3,4
RV0036421,O0036439,C004731,5,3
RV0010371,O0010376,C000422,5,4
RV0024105,O0024115,C000944,4,5
RV0001204,O0001205,C001342,4,4
RV0017294,O0017303,C001242,4,3
RV0028866,O0028879,C004665,3,4
RV0031627,O0031641,C002539,4,5
RV0005467,O0005469,C002831,3,3
RV0004322,O0004323,C004586,3,5
RV0003820,O0003821,C001489,4,3
RV0003614,O0003615,C004891,5,4
RV0020048,O0020058,C002585,4,4
RV0024786,O0024796,C001092,5,3
RV0029035,O0029048,C003508,5,3
RV0036156,O0036174,C004433,4,4
RV0019882,O0019892,C004626,4,3
RV0034086,O0034101,C001425,4,3
RV0039998,O0040019,C003387,3,5
RV0018685,O0018695,C004191,3,3
RV0025948,O0025958,C000046,5,5
RV0009838,O0009843,C001259,4,5
RV0012019,O0012026,C002244,4,3
RV0048729,O0048757,C000506,3,4
RV0026559,O0026570,C003652,4,3
RV0042036,O0042058,C003554,5,4
RV0038855,O0038874,C000460,3,5
RV0003357,O0003358,C004167,3,5
RV0041769,O0041791,C001233,3,3
RV0019828,O0019838,C003330,3,3
RV0019151,O0019161,C004934,5,3
RV0032517,O0032532,C003681,5,4
RV0015140,O0015148,C001545,3,3
RV0042394,O0042416,C004251,4,4
RV0029608,O0029621,C000312,4,5
RV0033867,O0033882,C003710,5,3
RV0036200,O0036218,C004418,5,4
RV0046797,O0046824,C000700,3,4
RV0037187,O0037205,C000549,5,4
RV0008170,O0008175,C002858,3,4
RV0008687,O0008692,C000191,5,4
RV0019015,O0019025,C003515,4,5
RV0003660,O0003661,C003614,4,3
RV0027156,O0027168,C002280,3,4
RV0006225,O0006227,C000790,3,5
RV0014453,O0014461,C000534,3,3
RV0002510,O0002511,C002377,3,3
RV0005916,O0005918,C000638,4,4
RV0046505,O0046532,C004711,5,5
RV0044332,O0044356,C001668,3,3
RV0005490,O0005492,C003869,4,4
RV0018219,O0018229,C001533,3,5
RV0029157,O0029170,C002956,5,4
RV0001343,O0001344,C001940,5,4
RV0016914,O0016922,C000222,5,3
RV0032961,O0032976,C001908,5,5
RV0043774,O0043798,C000135,5,4
RV0036194,O0036212,C004157,4,4
RV0015606,O0015614,C002764,5,3
RV0011919,O0011926,C001451,5,4
RV0047239,O0047267,C002400,3,3
RV0015965,O0015973,C002308,5,5
RV0017919,O0017929,C002016,5,3
RV0006198,O0006200,C003549,4,5
RV0028063,O0028076,C000496,5,5
RV0040685,O0040707,C000187,4,4
RV0019060,O0019070,C000196,4,3
RV0016468,O0016476,C000462,4,4
RV0038998,O0039017,C002749,4,5
RV0026869,O0026880,C001730,3,3
RV0023449,O0023459,C002738,5,3
RV0021870,O0021880,C001374,5,3
RV0048344,O0048372,C001873,3,4
RV0043494,O0043518,C000148,4,5
RV0049845,O0049875,C000709,3,3
RV0011783,O0011790,C002590,3,3
RV0009905,O0009910,C002377,5,3
RV0020859,O0020869,C000920,5,4
RV0041868,O0041890,C004745,3,4
RV0044573,O0044598,C004926,5,5
RV0026963,O0026974,C004785,5,5
RV0047293,O0047321,C001839,5,3
RV0005026,O0005028,C001366,5,3
RV0015869,O0015877,C000363,3,4
RV0008970,O0008975,C001784,3,3
RV0001248,O0001249,C004209,3,3
RV0048357,O0048385,C001640,3,3
RV0022655,O0022665,C004652,3,4
RV0026611,O0026622,C002176,3,4
RV0044202,O0044226,C001358,3,5
RV0049947,O0049977,C004715,4,4
RV0007091,O0007094,C002549,3,5
RV0039523,O0039544,C001129,3,5
RV0023346,O0023356,C000682,5,3
RV0008049,O0008054,C002626,5,5
RV0017121,O0017129,C004694,4,4
RV0042423,O0042445,C004310,4,3
RV0024612,O0024622,C001699,4,4
RV0024228,O0024238,C002056,3,3
RV0041852,O0041874,C003519,4,4
RV0036550,O0036568,C004539,4,3
RV0020248,O0020258,C003829,4,3
RV0022510,O0022520,C000759,5,4
RV0007948,O0007953,C003170,4,4
RV0018959,O0018969,C004565,4,4
RV0019683,O0019693,C002469,3,4
RV0005371,O0005373,C003200,5,4
RV0010562,O0010567,C003313,4,5
RV0007775,O0007780,C004913,4,5
RV0010732,O0010737,C004321,4,5
RV0015421,O0015429,C003018,5,5
RV0006388,O0006391,C001499,4,4
RV0034378,O0034394,C000078,5,5
RV0031931,O0031946,C002092,5,3
RV0037929,O0037947,C000663,5,5
RV0016495,O0016503,C000420,4,4
RV0014921,O0014929,C002446,4,5
RV0026744,O0026755,C002550,3,3
RV0031332,O0031346,C003982,3,5
RV0027628,O0027641,C001687,3,5
RV0007602,O0007606,C004099,4,5
RV0011105,O0011111,C003783,3,4
RV0009564,O0009569,C004461,3,5
RV0009576,O0009581,C000951,3,5
RV0008439,O0008444,C002491,5,4
RV0024939,O0024949,C004451,5,4
RV0024606,O0024616,C002560,4,3
RV0044754,O0044779,C002219,4,5
RV0037159,O0037177,C003724,4,4
RV0039877,O0039898,C004936,3,4
RV0008471,O0008476,C002364,3,4
RV0010331,O0010336,C001630,4,5
RV0048956,O0048984,C002986,5,4
RV0021189,O0021199,C003991,5,4
RV0022997,O0023007,C003526,5,4
RV0031155,O0031169,C000628,5,3
RV0039300,O0039320,C003942,3,5
RV0048727,O0048755,C000994,4,3
RV0048466,O0048494,C004296,3,3
RV0018463,O0018473,C004678,3,5
RV0024864,O0024874,C000960,3,5
RV0012075,O0012082,C003256,4,4
RV0010497,O0010502,C000651,4,3
RV0000978,O0000979,C004262,3,5
RV0010542,O0010547,C002266,3,4
RV0023406,O0023416,C000098,4,5
RV0030427,O0030440,C001588,5,5
RV0003155,O0003156,C004906,4,5
RV0002086,O0002087,C003649,5,3
RV0029337,O0029350,C001274,3,3
RV0016242,O0016250,C002757,5,5
RV0033750,O0033765,C001423,5,4
RV0046632,O0046659,C000768,3,5
RV0003256,O0003257,C003848,5,4
RV0036352,O0036370,C000628,3,3
RV0040128,O0040149,C002974,5,3
RV0009339,O0009344,C000659,3,3
RV0019496,O0019506,C001653,5,5
RV0022956,O0022966,C000394,3,4
RV0013991,O0013999,C001937,5,3
RV0014651,O0014659,C004578,5,4
RV0017496,O0017505,C003326,4,3
RV0020227,O0020237,C004061,4,4
RV0016946,O0016954,C000809,4,4
RV0016213,O0016221,C002271,5,3
RV0047217,O0047244,C002297,4,3
RV0005559,O0005561,C000157,3,3
RV0032073,O0032088,C003586,3,3
RV0047852,O0047880,C003028,5,4
RV0001500,O0001501,C002932,3,5
RV0012299,O0012306,C002863,4,3
RV0024062,O0024072,C002245,3,4
RV0013270,O0013277,C003438,4,4
RV0025572,O0025582,C003441,4,4
RV0001526,O0001527,C000053,3,3
RV0048332,O0048360,C001011,5,5
RV0017255,O0017264,C002714,5,3
RV0037147,O0037165,C000475,4,3
RV0017362,O0017371,C004296,4,4
RV0043741,O0043765,C001583,3,3
RV0044975,O0045000,C000589,3,5
RV0032822,O0032837,C004753,4,4
RV0005780,O0005782,C003354,5,4
RV0022750,O0022760,C001671,3,3
RV0001758,O0001759,C001146,3,4
RV0043613,O0043637,C004957,5,3
RV0042428,O0042450,C002163,3,5
RV0004801,O0004803,C002811,5,5
RV0029193,O0029206,C001312,4,5
RV0010946,O0010952,C001640,5,4
RV0011930,O0011937,C003517,4,4
RV0015341,O0015349,C000456,4,3
RV0019860,O0019870,C002472,4,3
RV0031490,O0031504,C003909,5,3
RV0025975,O0025985,C003831,3,4
RV0000212,O0000213,C003353,3,4
RV0027811,O0027824,C000426,5,4
RV0008795,O0008800,C000931,4,5
RV0029638,O0029651,C002026,5,3
RV0019016,O0019026,C000754,4,5
RV0045357,O0045382,C002937,5,5
RV0010362,O0010367,C001926,4,3
RV0005821,O0005823,C003324,5,3
RV0039923,O0039944,C003475,4,5
RV0003481,O0003482,C001083,4,4
RV0022062,O0022072,C001102,3,5
RV0003703,O0003704,C001519,4,5
RV0044897,O0044922,C004609,4,5
RV0043068,O0043092,C000366,3,5
RV0021790,O0021800,C003862,4,5
RV0024835,O0024845,C001306,4,4
RV0000833,O0000834,C001970,5,4
RV0022599,O0022609,C004780,4,5
RV0039644,O0039665,C002517,3,4
RV0026241,O0026251,C002562,5,3
RV0000468,O0000469,C002432,4,5
RV0025145,O0025155,C000324,4,4
RV0047252,O0047280,C002997,5,4
RV0005341,O0005343,C003202,3,5
RV0015057,O0015065,C002820,4,5
RV0049614,O0049644,C002362,3,4
RV0022575,O0022585,C002708,4,4
RV0035385,O0035401,C001549,4,4
RV0045094,O0045119,C000089,3,4
RV0015652,O0015660,C004169,3,4
RV0023534,O0023544,C004396,3,3
RV0036968,O0036986,C000279,4,3
RV0026235,O0026245,C004192,4,5
RV0030343,O0030356,C002492,3,3
RV0046990,O0047017,C004227,4,3
RV0003160,O0003161,C000636,3,4
RV0006175,O0006177,C003282,4,5
RV0035137,O0035153,C000886,4,4
RV0027714,O0027727,C000319,4,4
RV0003585,O0003586,C003918,5,5
RV0039466,O0039487,C001211,3,5
RV0037106,O0037124,C001857,3,4
RV0009419,O0009424,C004643,4,4
RV0023242,O0023252,C000144,5,3
RV0012507,O0012514,C001413,4,3
RV0040910,O0040932,C004399,3,5
RV0037735,O0037753,C004015,4,5
RV0027485,O0027498,C001356,3,3
RV0009771,O0009776,C000052,5,3
RV0035359,O0035375,C004785,3,4
RV0028681,O0028694,C003393,4,5
RV0013849,O0013856,C000761,3,4
RV0007577,O0007581,C003313,4,3
RV0041884,O0041906,C004353,4,3
RV0012513,O0012520,C002964,4,5
RV0009975,O0009980,C004237,4,5
RV0041999,O0042021,C003728,5,3
RV0024965,O0024975,C002913,4,4
RV0038457,O0038475,C001249,3,5
RV0036556,O0036574,C000793,5,5
RV0008111,O0008116,C002249,3,4
RV0007698,O0007702,C003743,4,4
RV0001433,O0001434,C004308,3,5
RV0020178,O0020188,C004534,4,3
RV0049491,O0049521,C002432,4,5
RV0035404,O0035420,C004769,5,3
RV0003109,O0003110,C001735,4,5
RV0045682,O0045707,C001447,3,4
RV0010865,O0010871,C004930,5,4
RV0040926,O0040948,C004931,4,4
RV0002879,O0002880,C003918,4,3
RV0002750,O0002751,C000424,3,4
RV0040113,O0040134,C002201,5,3
RV0031878,O0031893,C000720,5,4
RV0048919,O0048947,C002024,4,5
RV0027721,O0027734,C003079,3,5
RV0020546,O0020556,C004567,5,5
RV0043065,O0043089,C004821,4,5
RV0001904,O0001905,C004707,4,3
RV0011635,O0011641,C000731,3,5
RV0007769,O0007774,C002891,3,3
RV0038733,O0038752,C004409,5,3
RV0023529,O0023539,C003405,5,5
RV0021403,O0021413,C000420,4,5
RV0040474,O0040496,C003123,4,4
RV0013353,O0013360,C001379,4,5
RV0048518,O0048546,C000816,5,5
RV0047010,O0047037,C002309,4,5
RV0029018,O0029031,C002384,3,4
RV0021982,O0021992,C001305,4,4
RV0013548,O0013555,C002778,5,5
RV0045961,O0045987,C003192,5,4
RV0007326,O0007329,C001904,4,4
RV0008483,O0008488,C003699,4,4
RV0043279,O0043303,C002740,4,3
RV0022839,O0022849,C004953,4,3
RV0034257,O0034272,C002311,4,3
RV0030055,O0030068,C001385,5,5
RV0000121,O0000122,C002376,5,4
RV0046758,O0046785,C000599,5,5
RV0016003,O0016011,C001985,4,5
RV0011052,O0011058,C002643,5,3
RV0007215,O0007218,C002656,5,4
RV0000963,O0000964,C002379,5,5
RV0023329,O0023339,C002727,5,4
RV0002847,O0002848,C000415,5,4
RV0001147,O0001148,C000243,3,5
RV0036324,O0036342,C004557,4,3
RV0036922,O0036940,C002023,4,3
RV0021974,O0021984,C001893,4,4
RV0019826,O0019836,C004470,3,3
RV0013384,O0013391,C004302,3,3
RV0006889,O0006892,C001086,5,3
RV0001251,O0001252,C004703,3,4
RV0005281,O0005283,C002025,3,3
RV0036241,O0036259,C003793,4,4
RV0049829,O0049859,C001874,3,4
RV0028443,O0028456,C002269,4,4
RV0037352,O0037370,C000920,5,4
RV0032757,O0032772,C003357,3,4
RV0045347,O0045372,C002458,4,4
RV0019766,O0019776,C002135,3,5
RV0003480,O0003481,C000568,4,3
RV0030089,O0030102,C003195,3,3
RV0035784,O0035800,C004228,5,5
RV0014680,O0014688,C003261,4,5
RV0043431,O0043455,C002555,5,3
RV0047592,O0047620,C003887,4,4
RV0029589,O0029602,C003361,3,5
RV0022193,O0022203,C004343,5,5
RV0038077,O0038095,C000008,3,3
RV0019349,O0019359,C001511,4,4
RV0030822,O0030836,C000110,4,3
RV0004411,O0004412,C000848,3,5
RV0027578,O0027591,C002819,5,4
RV0021934,O0021944,C002721,3,5
RV0033300,O0033315,C003367,5,3
RV0047464,O0047492,C003445,4,4
RV0028166,O0028179,C000238,5,3
RV0043419,O0043443,C004987,5,5
RV0008729,O0008734,C001267,4,5
RV0003451,O0003452,C004572,5,3
RV0002628,O0002629,C001249,3,4
RV0046020,O0046046,C004390,5,3
RV0023250,O0023260,C001831,5,4
RV0035077,O0035093,C003294,5,4
RV0024771,O0024781,C001745,5,3
RV0024828,O0024838,C002038,4,4
RV0010245,O0010250,C002654,5,4
RV0013143,O0013150,C001655,3,3
RV0035102,O0035118,C003200,5,5
RV0023904,O0023914,C002367,4,3
RV0038515,O0038534,C001245,4,4
RV0041029,O0041051,C001296,4,3
RV0048458,O0048486,C000286,4,4
RV0023690,O0023700,C000600,3,4
RV0016703,O0016711,C002474,4,4
RV0037902,O0037920,C001634,5,3
RV0031722,O0031736,C000150,4,4
RV0042295,O0042317,C004293,5,4
RV0048823,O0048851,C004710,3,3
RV0003354,O0003355,C003336,4,5
RV0038743,O0038762,C002956,4,4
RV0038187,O0038205,C004381,4,3
RV0009116,O0009121,C001351,3,3
RV0044176,O0044200,C004397,4,5
RV0048384,O0048412,C000653,5,3
RV0014091,O0014099,C000529,5,5
RV0018881,O0018891,C001494,3,5
RV0040720,O0040742,C004608,4,5
RV0034323,O0034338,C003275,4,5
RV0013008,O0013015,C000073,5,4
RV0025865,O0025875,C003693,3,5
RV0020582,O0020592,C003325,4,4
RV0035110,O0035126,C003962,4,3
RV0011849,O0011856,C000028,3,5
RV0007840,O0007845,C004932,4,4
RV0014454,O0014462,C001113,5,4
RV0014968,O0014976,C000816,3,5
RV0002071,O0002072,C003400,3,5
RV0041056,O0041078,C004165,3,5
RV0019431,O0019441,C000701,4,4
RV0009358,O0009363,C001424,4,3
RV0011488,O0011494,C003874,4,3
RV0046437,O0046464,C002004,3,3
RV0031825,O0031839,C004314,4,3
RV0033890,O0033905,C004905,3,4
RV0000264,O0000265,C004156,4,3
RV0026373,O0026383,C003402,5,3
RV0049168,O0049197,C000236,3,4
RV0040638,O0040660,C000380,4,4
RV0025872,O0025882,C004638,5,5
RV0012654,O0012661,C003010,3,3
RV0047678,O0047706,C003758,5,4
RV0047482,O0047510,C003964,4,3
RV0014777,O0014785,C004729,4,4
RV0009029,O0009034,C001381,4,3
RV0048912,O0048940,C003521,3,3
RV0027091,O0027103,C001867,4,5
RV0038606,O0038625,C001606,5,3
RV0027822,O0027835,C004739,3,3
RV0019253,O0019263,C000660,3,5
RV0041867,O0041889,C003409,3,4
RV0004641,O0004642,C000640,5,5
RV0020078,O0020088,C004796,3,3
RV0033336,O0033351,C003397,4,3
RV0009042,O0009047,C002369,3,4
RV0041279,O0041301,C000850,3,4
RV0032132,O0032147,C002081,3,5
RV0046313,O0046340,C002190,3,4
RV0001719,O0001720,C003553,3,4
RV0034534,O0034550,C004023,3,5
RV0040743,O0040765,C001365,3,3
RV0019592,O0019602,C001244,4,4
RV0010718,O0010723,C002650,4,3
RV0007119,O0007122,C000899,3,4
RV0012527,O0012534,C004874,4,4
RV0004483,O0004484,C000927,5,3
RV0025175,O0025185,C004348,3,5
RV0027947,O0027960,C004965,5,3
RV0039174,O0039194,C002801,3,3
RV0041780,O0041802,C002173,5,4
RV0020718,O0020728,C000841,4,4
RV0012798,O0012805,C000981,3,5
RV0040990,O0041012,C002882,5,3
RV0046936,O0046963,C002726,4,5
RV0038274,O0038292,C001163,4,4
RV0003662,O0003663,C002571,4,3
RV0008560,O0008565,C003295,3,5
RV0011677,O0011683,C001404,5,4
RV0014447,O0014455,C001503,4,4
RV0041546,O0041568,C001900,4,4
RV0044275,O0044299,C002765,5,3
RV0034910,O0034926,C003600,5,3
RV0044307,O0044331,C001364,5,4
RV0006053,O0006055,C001075,4,5
RV0005890,O0005892,C002915,4,4
RV0006746,O0006749,C004464,5,3
RV0015129,O0015137,C003957,4,3
RV0046028,O0046054,C001002,5,4
RV0015069,O0015077,C003732,3,4
RV0000762,O0000763,C000348,5,3
RV0010200,O0010205,C000802,5,5
RV0033622,O0033637,C004970,4,4
RV0013831,O0013838,C003732,4,5
RV0027495,O0027508,C004345,3,4
RV0031056,O0031070,C001854,4,5
RV0021567,O0021577,C000591,5,3
RV0006768,O0006771,C004961,4,3
RV0016504,O0016512,C004997,3,4
RV0004634,O0004635,C004015,4,3
RV0007438,O0007442,C000860,5,3
RV0032164,O0032179,C000038,5,4
RV0006879,O0006882,C003719,3,5
RV0022456,O0022466,C004911,3,5
RV0010984,O0010990,C001988,5,5
RV0015392,O0015400,C003346,3,5
RV0021613,O0021623,C000638,4,4
RV0012784,O0012791,C001417,3,4
RV0035215,O0035231,C003781,4,4
RV0032384,O0032399,C001726,3,5
RV0038228,O0038246,C002736,3,4
RV0028828,O0028841,C004013,4,5
RV0023829,O0023839,C004136,5,3
RV0019936,O0019946,C000625,3,4
RV0016871,O0016879,C003580,3,4
RV0047602,O0047630,C004748,4,4
RV0035678,O0035694,C003042,4,3
RV0013938,O0013946,C002986,3,5
RV0006596,O0006599,C002955,5,5
RV0048967,O0048995,C002813,4,5
RV0040946,O0040968,C000301,3,4
RV0012893,O0012900,C000766,5,3
RV0031278,O0031292,C000847,3,3
RV0042492,O0042515,C004078,5,3
RV0045582,O0045607,C002243,4,3
RV0034358,O0034374,C002156,3,5
RV0018159,O0018169,C000276,4,4
RV0006000,O0006002,C002993,3,4
RV0026634,O0026645,C001896,5,3
RV0009508,O0009513,C004427,3,5
RV0041327,O0041349,C003996,5,4
RV0003965,O0003966,C004383,4,4
RV0012220,O0012227,C004499,3,4
RV0038122,O0038140,C003114,3,4
RV0011257,O0011263,C000458,4,5
RV0024692,O0024702,C000910,3,4
RV0023305,O0023315,C004595,3,5
RV0022531,O0022541,C003088,5,3
RV0033954,O0033969,C004082,5,5
RV0018376,O0018386,C002161,4,3
RV0027809,O0027822,C001981,3,3
RV0018221,O0018231,C003271,3,3
RV0044055,O0044079,C004700,4,4
RV0026184,O0026194,C002386,3,5
RV0004480,O0004481,C003069,4,3
RV0025951,O0025961,C002362,5,4
RV0006264,O0006266,C001187,3,4
RV0021611,O0021621,C001637,5,4
RV0007594,O0007598,C000622,5,5
RV0023348,O0023358,C000152,5,5
RV0016185,O0016193,C004925,5,4
RV0006814,O0006817,C003553,5,5
RV0006725,O0006728,C001799,4,5
RV0045918,O0045944,C001003,3,3
RV0018203,O0018213,C001867,3,4
RV0016019,O0016027,C001917,3,4
RV0044089,O0044113,C002566,5,5
RV0020560,O0020570,C002654,4,3
RV0043893,O0043917,C001516,5,3
RV0006003,O0006005,C000975,3,4
RV0039206,O0039226,C002144,5,4
RV0023317,O0023327,C001090,5,4
RV0026501,O0026512,C001418,5,5
RV0027554,O0027567,C003070,3,5
RV0016808,O0016816,C000970,4,3
RV0036168,O0036186,C002022,3,3
RV0045202,O0045227,C004899,4,4
RV0045916,O0045942,C000953,4,5
RV0003406,O0003407,C002903,4,3
RV0026357,O0026367,C004737,4,5
RV0005557,O0005559,C003200,5,3
RV0042418,O0042440,C000035,3,5
RV0042400,O0042422,C003433,5,3
RV0006597,O0006600,C000150,4,4
RV0012249,O0012256,C000632,4,5
RV0005992,O0005994,C004255,3,4
RV0009238,O0009243,C004719,5,4
RV0004430,O0004431,C003646,5,4
RV0042436,O0042459,C003590,3,3
RV0042708,O0042731,C004505,3,5
RV0011370,O0011376,C000044,3,4
RV0003165,O0003166,C002361,5,4
RV0008105,O0008110,C002921,3,4
RV0048754,O0048782,C001868,5,3
RV0026982,O0026993,C004934,4,4
RV0038373,O0038391,C000157,5,3
RV0048256,O0048284,C002044,5,4
RV0049303,O0049332,C004267,3,3
RV0048158,O0048186,C000434,5,5
RV0012097,O0012104,C000495,4,3
RV0005824,O0005826,C003137,5,3
RV0004197,O0004198,C001817,3,3
RV0038113,O0038131,C000147,4,5
RV0028641,O0028654,C001810,5,4
RV0004126,O0004127,C004212,4,5
RV0043624,O0043648,C001998,4,5
RV0020026,O0020036,C003706,5,5
RV0018137,O0018147,C001065,5,4
RV0047621,O0047649,C000375,5,3
RV0041093,O0041115,C004282,3,3
RV0047938,O0047966,C002433,3,3
RV0043574,O0043598,C004384,3,5
RV0046254,O0046281,C001173,4,5
RV0019042,O0019052,C000622,4,3
RV0000243,O0000244,C004243,4,4
RV0038268,O0038286,C004230,4,3
RV0039550,O0039571,C002151,5,3
RV0029744,O0029757,C004180,3,3
RV0012730,O0012737,C004109,5,4
RV0015751,O0015759,C002979,4,4
RV0036109,O0036127,C004473,5,5
RV0024943,O0024953,C002132,5,5
RV0042276,O0042298,C001672,5,3
RV0000703,O0000704,C004395,3,5
RV0020814,O0020824,C004686,5,3
RV0042195,O0042217,C002673,4,3
RV0008340,O0008345,C003800,3,5
RV0016337,O0016345,C001759,3,4
RV0031726,O0031740,C001142,4,4
RV0005976,O0005978,C001653,3,3
RV0039735,O0039756,C003296,5,3
RV0001896,O0001897,C003966,5,4
RV0046508,O0046535,C004188,3,3
RV0037286,O0037304,C004713,5,3
RV0016239,O0016247,C003255,3,5
RV0004254,O0004255,C004205,3,5
RV0040226,O0040247,C000166,4,3
RV0026036,O0026046,C002330,3,5
RV0009753,O0009758,C003722,4,4
RV0000852,O0000853,C003620,3,4
RV0034125,O0034140,C002443,4,4
RV0011733,O0011740,C003061,4,3
RV0008845,O0008850,C000321,3,3
RV0044012,O0044036,C004047,4,4
RV0017770,O0017779,C000488,3,3
RV0037154,O0037172,C001333,5,4
RV0036245,O0036263,C001841,4,3
RV0017834,O0017843,C003089,5,3
RV0044915,O0044940,C000444,5,3
RV0007581,O0007585,C001043,3,4
RV0003839,O0003840,C002272,5,3
RV0016854,O0016862,C002288,3,3
RV0022902,O0022912,C003094,5,3
RV0002310,O0002311,C003444,4,4
RV0012327,O0012334,C001963,5,3
RV0011865,O0011872,C002053,5,5
RV0021585,O0021595,C000533,4,3
RV0044190,O0044214,C004228,5,4
RV0037378,O0037396,C004356,5,5
RV0034520,O0034536,C000401,4,4
RV0034287,O0034302,C002571,3,4
RV0040161,O0040182,C003335,3,5
RV0036594,O0036612,C003430,4,5
RV0004268,O0004269,C002406,5,5
RV0005261,O0005263,C002549,3,3
RV0009997,O0010002,C004812,3,4
RV0031009,O0031023,C001462,5,3
RV0043802,O0043826,C003881,4,3
RV0033511,O0033526,C001421,4,5
RV0043473,O0043497,C004699,5,5
RV0026077,O0026087,C003766,3,3
RV0041310,O0041332,C002367,3,3
RV0045641,O0045666,C004153,3,3
RV0006604,O0006607,C004090,3,4
RV0007792,O0007797,C004666,4,5
RV0026879,O0026890,C003757,3,5
RV0044741,O0044766,C000679,5,4
RV0040235,O0040256,C004064,5,4
RV0017082,O0017090,C001400,3,4
RV0020868,O0020878,C002831,4,5
RV0041339,O0041361,C001086,4,3
RV0024471,O0024481,C000833,5,5
RV0004667,O0004668,C003542,4,5
RV0037337,O0037355,C001819,5,3
RV0001026,O0001027,C003511,5,4
RV0042513,O0042536,C000240,5,3
RV0030672,O0030685,C003019,3,4
RV0017407,O0017416,C002337,4,3
RV0006018,O0006020,C000489,5,5
RV0048174,O0048202,C000212,4,3
RV0033009,O0033024,C000934,5,4
RV0005740,O0005742,C000157,5,4
RV0032948,O0032963,C001339,5,4
RV0033408,O0033423,C003207,5,3
RV0043778,O0043802,C001951,5,4
RV0028448,O0028461,C002329,5,4
RV0035263,O0035279,C000965,3,4
RV0036928,O0036946,C004857,4,5
RV0031594,O0031608,C003431,5,5
RV0005336,O0005338,C000888,3,4
RV0004717,O0004718,C004909,5,4
RV0041469,O0041491,C003846,4,3
RV0047382,O0047410,C001135,3,5
RV0025767,O0025777,C002853,4,4
RV0048952,O0048980,C004780,5,3
RV0033911,O0033926,C003534,3,3
RV0019820,O0019830,C003672,4,4
RV0025272,O0025282,C001169,4,4
RV0031310,O0031324,C003367,3,4
RV0005858,O0005860,C000478,4,4
RV0036707,O0036725,C000674,3,4
RV0026529,O0026540,C000490,3,4
RV0005107,O0005109,C003427,4,3
RV0040802,O0040824,C001537,3,4
RV0021051,O0021061,C001426,5,5
RV0043063,O0043087,C002398,3,3
RV0021503,O0021513,C001005,5,4
RV0008969,O0008974,C004553,3,4
RV0035475,O0035491,C003389,3,5
RV0022618,O0022628,C001835,3,3
RV0027629,O0027642,C002095,3,5
RV0016441,O0016449,C003999,4,4
RV0043863,O0043887,C002475,4,3
RV0013870,O0013877,C004321,4,5
RV0025259,O0025269,C002884,3,3
RV0022227,O0022237,C003805,3,5
RV0020965,O0020975,C000902,5,5
RV0018102,O0018112,C004355,3,4
RV0018995,O0019005,C004914,3,5
RV0012276,O0012283,C003256,4,3
RV0033916,O0033931,C004466,4,5
RV0043814,O0043838,C001311,4,5
RV0035373,O0035389,C000708,3,3
RV0049438,O0049468,C003129,3,3
RV0033093,O0033108,C001750,3,5
RV0034527,O0034543,C001076,5,3
RV0033140,O0033155,C003158,5,5
RV0040223,O0040244,C001803,3,4
RV0021726,O0021736,C001527,4,4
RV0049599,O0049629,C000177,3,5
RV0030606,O0030619,C003300,4,5
RV0014756,O0014764,C000563,4,3
RV0029959,O0029972,C002338,5,5
RV0002001,O0002002,C002247,4,5
RV0038620,O0038639,C003792,5,3
RV0041362,O0041384,C004232,3,4
RV0000775,O0000776,C000232,5,4
RV0040511,O0040533,C001073,3,4
RV0039072,O0039091,C001762,4,5
RV0028703,O0028716,C004105,4,4
RV0000983,O0000984,C002512,4,3
RV0032893,O0032908,C002371,3,5
RV0001387,O0001388,C003069,3,4
RV0039411,O0039432,C003751,5,4
RV0043542,O0043566,C004695,3,3
RV0014150,O0014158,C000614,5,5
RV0010446,O0010451,C003809,4,3
RV0040961,O0040983,C000153,4,5
RV0007285,O0007288,C001957,4,5
RV0017122,O0017130,C000321,4,5
RV0047461,O0047489,C000434,3,3
RV0038919,O0038938,C004322,4,5
RV0001815,O0001816,C000965,3,3
RV0022225,O0022235,C000029,3,5
RV0000139,O0000140,C001815,4,3
RV0028086,O0028099,C003485,4,4
RV0020274,O0020284,C001004,3,3
RV0036400,O0036418,C003211,4,4
RV0009473,O0009478,C000085,5,5
RV0045165,O0045190,C002294,4,4
RV0014703,O0014711,C003202,5,5
RV0043071,O0043095,C002235,3,4
RV0005915,O0005917,C001452,3,4
RV0031233,O0031247,C004121,5,3
RV0033604,O0033619,C003439,4,4
RV0012277,O0012284,C002786,3,3
RV0039152,O0039172,C000766,3,3
RV0036956,O0036974,C003411,3,5
RV0021417,O0021427,C001450,5,5
RV0027805,O0027818,C003444,3,3
RV0040951,O0040973,C003460,4,3
RV0013533,O0013540,C004967,3,5
RV0006580,O0006583,C004817,3,4
RV0047909,O0047937,C002244,4,5
RV0023144,O0023154,C000874,5,5
RV0019568,O0019578,C000459,3,4
RV0005686,O0005688,C002058,5,3
RV0019789,O0019799,C002412,3,5
RV0001794,O0001795,C002450,5,3
RV0045629,O0045654,C000968,5,4
RV0005531,O0005533,C000615,5,4
RV0017690,O0017699,C004471,4,4
RV0045286,O0045311,C003491,5,3
RV0040726,O0040748,C002100,3,5
RV0039235,O0039255,C000328,3,5
RV0028970,O0028983,C001423,4,5
RV0049273,O0049302,C002127,4,5
RV0032678,O0032693,C000151,4,5
RV0008867,O0008872,C001783,4,3
RV0004620,O0004621,C003310,3,5
RV0007643,O0007647,C000449,3,3
RV0000455,O0000456,C003086,5,4
RV0012241,O0012248,C004439,5,5
RV0014134,O0014142,C002339,5,5
RV0016296,O0016304,C004431,4,3
RV0033095,O0033110,C002687,4,4
RV0044480,O0044504,C002162,4,5
RV0019100,O0019110,C000337,3,3
RV0010818,O0010824,C000438,5,3
RV0011976,O0011983,C001879,3,5
RV0012080,O0012087,C000379,5,3
RV0023759,O0023769,C003842,5,3
RV0028449,O0028462,C003195,3,3
RV0003033,O0003034,C001933,4,5
RV0024454,O0024464,C000771,4,3
RV0023096,O0023106,C004825,3,3
RV0001613,O0001614,C003172,3,4
RV0012246,O0012253,C000795,4,5
RV0014649,O0014657,C004779,3,5
RV0046176,O0046202,C003378,3,3
RV0006169,O0006171,C002042,4,3
RV0000119,O0000120,C004068,3,3
RV0025690,O0025700,C000750,5,5
RV0026951,O0026962,C002198,5,4
RV0013198,O0013205,C001107,3,4
RV0044593,O0044618,C002026,5,3
RV0002041,O0002042,C001954,5,5
RV0026892,O0026903,C000813,3,4
RV0022915,O0022925,C002586,3,3
RV0038499,O0038518,C002561,4,5
RV0033857,O0033872,C000517,4,3
RV0018716,O0018726,C003843,3,3
RV0039100,O0039120,C002595,4,4
RV0009525,O0009530,C004430,5,5
RV0023543,O0023553,C002247,4,3
RV0021763,O0021773,C000102,5,5
RV0028683,O0028696,C000141,5,5
RV0033515,O0033530,C000893,4,3
RV0045081,O0045106,C000972,5,4
RV0028809,O0028822,C003537,5,5
RV0040087,O0040108,C001684,5,4
RV0005705,O0005707,C001555,3,5
RV0047425,O0047453,C001698,5,3
RV0033316,O0033331,C000732,3,3
RV0020477,O0020487,C003815,3,5
RV0028191,O0028204,C003891,4,5
RV0037931,O0037949,C004683,3,5
RV0019221,O0019231,C001298,5,3
RV0037830,O0037848,C003497,3,3
RV0025952,O0025962,C002437,4,3
RV0008707,O0008712,C001768,5,5
RV0024390,O0024400,C000704,5,5
RV0022596,O0022606,C002875,5,4
RV0001275,O0001276,C000805,4,5
RV0010354,O0010359,C004741,3,5
RV0022274,O0022284,C004666,5,4
RV0029633,O0029646,C002908,5,3
RV0016041,O0016049,C003429,3,5
RV0017891,O0017901,C004613,3,4
RV0039717,O0039738,C002951,5,3
RV0002009,O0002010,C001766,4,3
RV0031404,O0031418,C001977,3,3
RV0048412,O0048440,C004804,4,3
RV0047849,O0047877,C003754,4,3
RV0027428,O0027441,C001342,3,3
RV0015885,O0015893,C000837,4,5
RV0034153,O0034168,C003568,4,3
RV0014218,O0014226,C000631,4,5
RV0035184,O0035200,C004105,3,3
RV0008637,O0008642,C001948,3,3
RV0036250,O0036268,C001048,5,4
RV0005162,O0005164,C001290,3,3
RV0048860,O0048888,C004828,5,4
RV0008832,O0008837,C001761,4,4
RV0018832,O0018842,C000991,4,3
RV0033554,O0033569,C002007,4,4
RV0016811,O0016819,C003823,5,5
RV0037895,O0037913,C002795,4,4
RV0043382,O0043406,C004227,4,3
RV0040839,O0040861,C004690,3,4
RV0015878,O0015886,C000729,4,3
RV0043570,O0043594,C004047,3,4
RV0032058,O0032073,C003341,4,4
RV0041150,O0041172,C002172,5,3
RV0008918,O0008923,C004004,4,5
RV0027815,O0027828,C001380,4,3
RV0037833,O0037851,C000395,4,5
RV0034398,O0034414,C001927,3,5
RV0049092,O0049121,C000355,4,3
RV0015670,O0015678,C003555,4,4
RV0019303,O0019313,C001548,3,3
RV0049949,O0049979,C003934,5,3
RV0017542,O0017551,C000504,4,3
RV0023376,O0023386,C004602,4,3
RV0004170,O0004171,C001693,5,3
RV0029109,O0029122,C004978,3,5
RV0028320,O0028333,C003835,5,4
RV0021127,O0021137,C003283,5,3
RV0041013,O0041035,C001146,3,5
RV0027852,O0027865,C000744,3,5
RV0011149,O0011155,C004587,4,3
RV0015968,O0015976,C001505,3,4
RV0035545,O0035561,C004695,5,5
RV0037585,O0037603,C000328,4,5
RV0047308,O0047336,C003885,4,5
RV0028360,O0028373,C001396,4,3
RV0019419,O0019429,C001485,3,4
RV0010383,O0010388,C001338,5,5
RV0046377,O0046404,C003521,5,5
RV0014592,O0014600,C003981,4,3
RV0000871,O0000872,C003108,5,3
RV0003580,O0003581,C000838,5,5
RV0004709,O0004710,C001998,3,4
RV0043135,O0043159,C003889,4,5
RV0035537,O0035553,C001837,4,4
RV0000990,O0000991,C001123,3,4
RV0019512,O0019522,C000350,3,3
RV0037506,O0037524,C003626,4,5
RV0000122,O0000123,C000876,5,4
RV0044461,O0044485,C004302,4,3
RV0017289,O0017298,C000584,5,4
RV0009094,O0009099,C002824,3,4
RV0034079,O0034094,C000145,4,3
RV0003208,O0003209,C000702,5,4
RV0035148,O0035164,C001753,4,5
RV0040276,O0040297,C004813,3,4
RV0002074,O0002075,C000343,3,3
RV0025617,O0025627,C000885,3,4
RV0036771,O0036789,C001349,4,3
RV0018906,O0018916,C003759,4,3
RV0027141,O0027153,C004433,4,3
RV0018892,O0018902,C001756,3,4
RV0018307,O0018317,C003200,3,5
RV0047097,O0047124,C000366,3,3
RV0030181,O0030194,C003403,5,4
RV0042103,O0042125,C003585,3,4
RV0018746,O0018756,C000106,3,3
RV0012325,O0012332,C003448,3,3
RV0013626,O0013633,C000259,5,5
RV0030910,O0030924,C000466,4,4
RV0018998,O0019008,C004976,3,5
RV0014722,O0014730,C001970,4,3
RV0040126,O0040147,C000312,5,4
RV0013128,O0013135,C000710,4,5
RV0034456,O0034472,C000628,5,5
RV0011501,O0011507,C002500,4,5
RV0022373,O0022383,C004814,4,4
RV0028471,O0028484,C002774,3,5
RV0035990,O0036007,C003823,5,4
RV0030397,O0030410,C000596,3,5
RV0032185,O0032200,C001453,4,4
RV0035633,O0035649,C004971,5,3
RV0010843,O0010849,C001568,4,5
RV0021995,O0022005,C003036,3,5
RV0021469,O0021479,C002548,5,5
RV0015122,O0015130,C001268,3,4
RV0025730,O0025740,C002960,5,3
RV0011895,O0011902,C003540,5,5
RV0018150,O0018160,C000244,5,5
RV0010797,O0010803,C001550,5,4
RV0026053,O0026063,C001498,4,4
RV0026275,O0026285,C003923,4,3
RV0016596,O0016604,C004638,4,4
RV0010650,O0010655,C003876,4,4
RV0007589,O0007593,C000679,5,5
RV0014734,O0014742,C004979,5,3
RV0001662,O0001663,C001215,4,5
RV0012629,O0012636,C004758,4,3
RV0028891,O0028904,C003808,4,3
RV0023994,O0024004,C002110,5,4
RV0009556,O0009561,C004550,5,3
RV0029380,O0029393,C001131,5,3
RV0026391,O0026401,C001411,4,3
RV0026814,O0026825,C003618,3,4
RV0006996,O0006999,C000331,3,5
RV0026186,O0026196,C000003,3,3
RV0048489,O0048517,C003385,4,5
RV0046073,O0046099,C004470,3,3
RV0004450,O0004451,C001325,4,3
RV0016132,O0016140,C000553,5,3
RV0024664,O0024674,C002030,3,4
RV0008099,O0008104,C004489,4,3
RV0019609,O0019619,C003359,5,4
RV0007057,O0007060,C001404,5,4
RV0048052,O0048080,C001050,4,3
RV0043013,O0043037,C002977,4,4
RV0017853,O0017863,C004724,4,5
RV0049546,O0049576,C001342,4,3
RV0024247,O0024257,C003519,3,3
RV0024674,O0024684,C000542,4,4
RV0012459,O0012466,C002625,5,3
RV0040989,O0041011,C000971,3,3
RV0041793,O0041815,C000218,4,4
RV0038957,O0038976,C000124,3,5
RV0002390,O0002391,C003358,5,3
RV0001520,O0001521,C001160,5,4
RV0013985,O0013993,C004013,4,4
RV0049323,O0049352,C004160,3,5
RV0009747,O0009752,C003784,5,3
RV0016985,O0016993,C001244,5,3
RV0015801,O0015809,C001016,5,3
RV0020885,O0020895,C004969,4,3
RV0010603,O0010608,C004912,5,5
RV0018606,O0018616,C000800,3,4
RV0043061,O0043085,C002896,5,4
RV0048376,O0048404,C000253,5,3
RV0045058,O0045083,C000847,5,3
RV0032422,O0032437,C004778,5,3
RV0046290,O0046317,C003884,3,5
RV0045019,O0045044,C004889,4,5
RV0035336,O0035352,C004185,3,5
RV0034561,O0034577,C000196,4,5
RV0006934,O0006937,C003159,3,4
RV0001871,O0001872,C003807,4,3
RV0025315,O0025325,C002969,5,3
RV0024049,O0024059,C000863,3,5
RV0013839,O0013846,C004330,3,3
RV0049218,O0049247,C004149,5,4
RV0033825,O0033840,C004770,4,5
RV0008814,O0008819,C004314,5,3
RV0029229,O0029242,C002343,3,4
RV0028846,O0028859,C001275,3,5
RV0043840,O0043864,C004056,3,4
RV0046777,O0046804,C003473,5,4
RV0006252,O0006254,C002268,3,3
RV0041252,O0041274,C000968,5,5
RV0035405,O0035421,C002322,3,4
RV0019600,O0019610,C002325,4,4
RV0011558,O0011564,C003836,5,5
RV0003725,O0003726,C003273,5,5
RV0040296,O0040317,C004152,3,5
RV0009919,O0009924,C004930,5,4
RV0022914,O0022924,C000773,3,4
RV0047543,O0047571,C001247,5,5
RV0015002,O0015010,C004686,3,5
RV0011858,O0011865,C002552,4,3
RV0040938,O0040960,C002862,5,3
RV0006148,O0006150,C004167,5,4
RV0012309,O0012316,C000697,5,3
RV0023105,O0023115,C004373,3,5
RV0010854,O0010860,C004570,4,3
RV0016797,O0016805,C003830,3,5
RV0033196,O0033211,C002911,5,3
RV0040977,O0040999,C000070,3,3
RV0002656,O0002657,C003078,3,5
RV0021406,O0021416,C002085,4,4
RV0029363,O0029376,C003052,3,5
RV0006977,O0006980,C000771,4,4
RV0043438,O0043462,C000361,4,3
RV0021324,O0021334,C003326,3,4
RV0018224,O0018234,C002331,4,3
RV0001311,O0001312,C004195,5,5
RV0017780,O0017789,C003521,4,3
RV0032801,O0032816,C002532,3,4
RV0015706,O0015714,C001520,3,4
RV0007723,O0007728,C000773,3,4
RV0034684,O0034700,C000525,4,5
RV0047729,O0047757,C000951,4,4
RV0021334,O0021344,C002752,5,4
RV0044600,O0044625,C002610,4,5
RV0008019,O0008024,C003768,3,3
RV0002153,O0002154,C004464,4,3
RV0030002,O0030015,C002390,3,3
RV0007842,O0007847,C003473,3,4
RV0004952,O0004954,C000202,5,5
RV0020945,O0020955,C002854,3,5
RV0027824,O0027837,C004167,5,5
RV0027092,O0027104,C002736,4,5
RV0017078,O0017086,C004590,5,3
RV0003250,O0003251,C000850,3,5
RV0030199,O0030212,C003845,4,5
RV0018453,O0018463,C002282,4,4
RV0001149,O0001150,C003994,5,4
RV0040409,O0040430,C001536,4,3
RV0049384,O0049414,C000604,5,3
RV0031339,O0031353,C000277,3,4
RV0036403,O0036421,C003725,4,4
RV0029104,O0029117,C000463,4,5
RV0026495,O0026506,C003458,4,5
RV0031029,O0031043,C002086,5,4
RV0036239,O0036257,C000460,5,3
RV0035260,O0035276,C000653,4,3
RV0012478,O0012485,C004469,4,3
RV0001305,O0001306,C002179,4,3
RV0009539,O0009544,C000249,5,5
RV0001981,O0001982,C000329,4,4
RV0020366,O0020376,C000324,4,5
RV0039067,O0039086,C003261,4,5
RV0001029,O0001030,C000911,5,3
RV0006899,O0006902,C003223,4,3
RV0039549,O0039570,C003627,3,3
RV0014077,O0014085,C001455,3,3
RV0001730,O0001731,C003501,4,4
RV0049618,O0049648,C004789,5,4
RV0029213,O0029226,C004801,3,5
RV0020996,O0021006,C000709,3,4
RV0015061,O0015069,C003129,4,4
RV0012337,O0012344,C000023,5,3
RV0042738,O0042761,C003090,3,4
RV0012073,O0012080,C000838,5,5
RV0030144,O0030157,C004520,5,5
RV0002078,O0002079,C004083,4,4
RV0018938,O0018948,C002327,5,3
RV0010863,O0010869,C000616,5,4
RV0032874,O0032889,C000419,4,5
RV0038050,O0038068,C000933,4,4
RV0034751,O0034767,C001664,4,4
RV0033076,O0033091,C002773,5,5
RV0028977,O0028990,C004639,5,5
RV0006219,O0006221,C004990,5,4
RV0004751,O0004753,C003106,5,5
RV0016233,O0016241,C004180,5,5
RV0014058,O0014066,C001309,3,4
RV0049023,O0049051,C000521,3,3
RV0030292,O0030305,C000759,5,5
RV0004463,O0004464,C001178,4,4
RV0003163,O0003164,C002129,5,5
RV0009802,O0009807,C000642,4,3
RV0049264,O0049293,C001848,3,4
RV0025577,O0025587,C004182,5,4
RV0044440,O0044464,C004907,5,5
RV0042551,O0042574,C001638,3,4
RV0034274,O0034289,C002324,5,4
RV0012063,O0012070,C004593,4,5
RV0044420,O0044444,C001438,5,5
RV0019876,O0019886,C004412,3,4
RV0020576,O0020586,C001927,5,3
RV0029106,O0029119,C003038,3,4
RV0049821,O0049851,C002175,4,4
RV0038584,O0038603,C001556,5,4
RV0001142,O0001143,C001038,3,3
RV0007448,O0007452,C000407,5,3
RV0021844,O0021854,C003588,3,3
RV0034001,O0034016,C002667,4,4
RV0001918,O0001919,C002243,4,5
RV0010138,O0010143,C001232,3,5
RV0023732,O0023742,C003795,5,5
RV0032498,O0032513,C000527,5,3
RV0049834,O0049864,C002369,5,4
RV0035855,O0035871,C002889,3,5
RV0020395,O0020405,C004246,5,5
RV0029343,O0029356,C004794,3,3
RV0037709,O0037727,C004677,5,5
RV0013260,O0013267,C003699,5,5
RV0018012,O0018022,C000217,4,3
RV0025982,O0025992,C002255,3,4
RV0022644,O0022654,C004675,3,4
RV0026084,O0026094,C004582,3,3
RV0002168,O0002169,C001542,5,4
RV0023744,O0023754,C004288,5,5
RV0033775,O0033790,C002247,5,4
RV0045581,O0045606,C000476,5,5
RV0033057,O0033072,C002525,3,4
RV0031649,O0031663,C003709,4,5
RV0025679,O0025689,C003915,5,4
RV0003682,O0003683,C003724,5,4
RV0006603,O0006606,C000205,5,5
RV0020585,O0020595,C003815,5,3
RV0031950,O0031965,C000822,5,3
RV0009375,O0009380,C002554,4,3
RV0021679,O0021689,C002703,5,5
RV0023260,O0023270,C004572,5,5
RV0018679,O0018689,C004967,5,3
RV0001202,O0001203,C003182,5,4
RV0043198,O0043222,C000025,5,5
RV0003198,O0003199,C000383,4,3
RV0017582,O0017591,C000052,3,3
RV0046239,O0046266,C004701,5,4
RV0041503,O0041525,C001287,3,4
RV0022229,O0022239,C003168,4,3
RV0019484,O0019494,C003884,5,4
RV0020552,O0020562,C004042,3,5
RV0021603,O0021613,C003958,4,5
RV0045311,O0045336,C003643,5,5
RV0034480,O0034496,C000740,3,4
RV0022344,O0022354,C000777,3,4
RV0026159,O0026169,C003290,3,4
RV0000382,O0000383,C004462,5,4
RV0022256,O0022266,C002959,4,3
RV0014137,O0014145,C003011,4,5
RV0047469,O0047497,C004385,5,3
RV0017914,O0017924,C003161,4,4
RV0045830,O0045856,C004426,3,4
RV0021822,O0021832,C001303,3,4
RV0002884,O0002885,C001457,5,3
RV0005532,O0005534,C003183,5,5
RV0008312,O0008317,C004404,3,5
RV0048621,O0048649,C000739,5,3
RV0048616,O0048644,C000109,3,3
RV0023479,O0023489,C000617,4,5
RV0012804,O0012811,C004182,5,4
RV0043738,O0043762,C004931,3,5
RV0027565,O0027578,C002562,5,4
RV0005191,O0005193,C003530,5,3
RV0004680,O0004681,C002655,4,4
RV0036281,O0036299,C003234,3,4
RV0002653,O0002654,C001172,5,5
RV0039628,O0039649,C001753,3,3
RV0042008,O0042030,C003040,3,5
RV0049699,O0049729,C003988,5,3
RV0002733,O0002734,C002528,3,3
RV0022528,O0022538,C004454,3,5
RV0037409,O0037427,C001005,5,5
RV0000837,O0000838,C004402,4,5
RV0012889,O0012896,C004960,5,5
RV0002752,O0002753,C004786,5,3
RV0049788,O0049818,C003778,5,3
RV0038352,O0038370,C001492,5,4
RV0017222,O0017231,C003495,4,5
RV0024526,O0024536,C001145,4,3
RV0020440,O0020450,C003446,3,5
RV0007403,O0007407,C004691,3,5
RV0042763,O0042786,C000856,4,5
RV0010008,O0010013,C002601,3,5
RV0021766,O0021776,C003419,4,5
RV0024962,O0024972,C000516,4,3
RV0003386,O0003387,C001103,4,3
RV0021396,O0021406,C003962,4,5
RV0011166,O0011172,C003366,5,3
RV0031678,O0031692,C002245,5,5
RV0024050,O0024060,C000927,3,5
RV0019370,O0019380,C002372,4,5
RV0016359,O0016367,C000639,3,4
RV0040308,O0040329,C002416,5,5
RV0042440,O0042463,C000257,3,3
RV0012880,O0012887,C000636,4,3
RV0024959,O0024969,C001498,3,3
RV0023498,O0023508,C002794,4,4
RV0036351,O0036369,C001466,4,3
RV0040314,O0040335,C000263,3,5
RV0041063,O0041085,C003488,5,3
RV0001513,O0001514,C003087,5,4
RV0032137,O0032152,C001718,3,5
RV0024923,O0024933,C002124,4,3
RV0006451,O0006454,C001541,4,3
RV0030855,O0030869,C002383,4,3
RV0009779,O0009784,C000182,3,4
RV0013817,O0013824,C001639,3,3
RV0020777,O0020787,C000927,5,4
RV0029349,O0029362,C000333,4,4
RV0005092,O0005094,C004868,3,5
RV0040937,O0040959,C002006,3,4
RV0042632,O0042655,C003855,3,5
RV0046426,O0046453,C002957,4,3
RV0028331,O0028344,C004776,5,5
RV0000361,O0000362,C002217,3,3
RV0033777,O0033792,C001144,5,4
RV0028303,O0028316,C004424,4,4
RV0016294,O0016302,C002729,5,3
RV0016844,O0016852,C000429,4,3
RV0007302,O0007305,C003425,3,5
RV0035766,O0035782,C001652,3,4
RV0045591,O0045616,C000470,5,4
RV0038489,O0038508,C004327,5,5
RV0013063,O0013070,C004602,5,4
RV0045989,O0046015,C004465,4,5
RV0013984,O0013992,C000365,3,3
RV0002346,O0002347,C000300,3,5
RV0004468,O0004469,C000060,3,4
RV0017657,O0017666,C000775,3,5
RV0005346,O0005348,C004703,5,5
RV0004636,O0004637,C004518,4,3
RV0022803,O0022813,C001792,3,4
RV0024303,O0024313,C002870,5,5
RV0042887,O0042910,C002343,4,3
RV0025691,O0025701,C004442,3,4
RV0004472,O0004473,C001625,3,4
RV0038016,O0038034,C000550,3,3
RV0007714,O0007719,C001383,3,4
RV0022278,O0022288,C000969,3,3
RV0028823,O0028836,C003102,3,3
RV0018694,O0018704,C001127,5,5
RV0041626,O0041648,C003337,3,4
RV0022709,O0022719,C001166,3,5
RV0013827,O0013834,C002251,5,4
RV0044162,O0044186,C001943,5,5
RV0015112,O0015120,C004836,3,4
RV0024854,O0024864,C000193,3,3
RV0016898,O0016906,C004230,5,3
RV0037068,O0037086,C001084,4,3
RV0015427,O0015435,C002875,4,4
RV0038207,O0038225,C004168,5,4
RV0007102,O0007105,C002252,3,3
RV0022992,O0023002,C003708,4,4
RV0047352,O0047380,C003164,3,4
RV0008980,O0008985,C000788,3,3
RV0023370,O0023380,C000276,3,5
RV0033275,O0033290,C000227,4,3
RV0003954,O0003955,C002603,4,3
RV0005911,O0005913,C000167,3,3
RV0028593,O0028606,C004071,5,5
RV0049203,O0049232,C002999,4,4
RV0010695,O0010700,C003301,5,3
RV0022108,O0022118,C001021,3,5
RV0042517,O0042540,C000592,4,3
RV0030124,O0030137,C002519,4,4
RV0010097,O0010102,C001720,4,5
RV0037652,O0037670,C001945,5,5
RV0049895,O0049925,C000615,4,5
RV0027450,O0027463,C000529,5,3
RV0012833,O0012840,C004462,4,4
RV0011395,O0011401,C000082,4,3
RV0044356,O0044380,C002288,4,5
RV0009855,O0009860,C004541,5,3
RV0020972,O0020982,C003812,4,3
RV0010752,O0010757,C002609,3,4
RV0010030,O0010035,C001368,4,4
RV0038065,O0038083,C000378,4,5
RV0038377,O0038395,C001517,4,5
RV0042634,O0042657,C004375,4,5
RV0036844,O0036862,C001890,4,3
RV0039431,O0039452,C004016,5,4
RV0046811,O0046838,C001026,3,4
RV0017281,O0017290,C003722,4,5
RV0037581,O0037599,C002254,5,5
RV0018619,O0018629,C004695,4,4
RV0049655,O0049685,C004714,5,5
RV0001677,O0001678,C002447,4,5
RV0048329,O0048357,C002643,3,4
RV0000092,O0000093,C000756,4,5
RV0035684,O0035700,C002479,4,3
RV0014655,O0014663,C002904,3,3
RV0003915,O0003916,C001502,5,4
RV0027214,O0027227,C004214,5,5
RV0035714,O0035730,C000429,3,5
RV0012042,O0012049,C000962,4,3
RV0033058,O0033073,C004120,5,5
RV0036620,O0036638,C002678,4,3
RV0020240,O0020250,C002315,4,3
RV0022808,O0022818,C003013,4,3
RV0049917,O0049947,C003002,3,3
RV0048108,O0048136,C000941,4,3
RV0003891,O0003892,C004313,4,4
RV0002252,O0002253,C000856,5,5
RV0013204,O0013211,C004967,3,4
RV0002391,O0002392,C004346,3,3
RV0024676,O0024686,C001637,5,3
RV0001292,O0001293,C002748,4,3
RV0035894,O0035910,C000121,5,5
RV0005735,O0005737,C001183,5,5
RV0000089,O0000090,C002004,5,5
RV0038531,O0038550,C000840,3,3
RV0008028,O0008033,C002038,4,4
RV0038793,O0038812,C001299,5,3
RV0028714,O0028727,C000403,3,5
RV0044399,O0044423,C004581,3,5
RV0018870,O0018880,C001714,5,5
RV0012660,O0012667,C000698,3,3
RV0034634,O0034650,C001695,4,4
RV0018036,O0018046,C000686,3,3
RV0016190,O0016198,C004074,3,3
RV0043181,O0043205,C001069,4,4
RV0031837,O0031851,C002231,4,5
RV0021315,O0021325,C004198,3,4
RV0030229,O0030242,C001190,4,4
RV0005910,O0005912,C001916,5,3
RV0038382,O0038400,C002940,5,4
RV0026450,O0026460,C002539,5,5
RV0020822,O0020832,C001506,3,5
RV0047478,O0047506,C001074,4,5
RV0019388,O0019398,C003080,4,4
RV0017381,O0017390,C000238,3,5
RV0027093,O0027105,C001864,4,4
RV0035078,O0035094,C000106,4,3
RV0032663,O0032678,C002738,4,5
RV0000310,O0000311,C002890,3,4
RV0001886,O0001887,C001541,4,5
RV0046267,O0046294,C002909,5,3
RV0013250,O0013257,C003606,4,5
RV0001247,O0001248,C000609,5,5
RV0038656,O0038675,C002373,4,3
RV0026055,O0026065,C004739,3,5
RV0025430,O0025440,C000836,3,4
RV0047277,O0047305,C003305,4,3
RV0025937,O0025947,C001761,5,5
RV0000875,O0000876,C000118,5,4
RV0023883,O0023893,C004226,5,5
RV0007623,O0007627,C001343,4,4
RV0011277,O0011283,C004331,3,4
RV0013633,O0013640,C002425,5,5
RV0012245,O0012252,C001556,3,5
RV0041429,O0041451,C002135,4,5
RV0039747,O0039768,C000770,4,4
RV0032727,O0032742,C000348,3,4
RV0035767,O0035783,C001033,3,3
RV0026344,O0026354,C004203,4,4
RV0003038,O0003039,C000977,4,3
RV0037526,O0037544,C002126,5,5
RV0026381,O0026391,C002643,3,5
RV0017922,O0017932,C003844,4,3
RV0025026,O0025036,C003599,3,3
RV0014508,O0014516,C002774,5,3
RV0030317,O0030330,C000948,4,5
RV0025969,O0025979,C003170,3,4
RV0014208,O0014216,C003922,4,3
RV0042337,O0042359,C004069,5,5
RV0003904,O0003905,C001560,4,3
RV0021474,O0021484,C004088,5,4
RV0006005,O0006007,C004276,5,3
RV0040163,O0040184,C001438,5,5
RV0028781,O0028794,C000973,3,3
RV0042077,O0042099,C003004,3,4
RV0004140,O0004141,C002235,3,5
RV0027585,O0027598,C001104,5,4
RV0023754,O0023764,C001676,5,5
RV0029132,O0029145,C001064,4,3
RV0000187,O0000188,C002705,5,5
RV0008948,O0008953,C004632,4,3
RV0023127,O0023137,C004741,5,3
RV0032191,O0032206,C000738,4,3
RV0004638,O0004639,C000425,5,5
RV0037062,O0037080,C000445,5,4
RV0048805,O0048833,C002325,4,5
RV0019704,O0019714,C001520,3,3
RV0040171,O0040192,C003464,5,3
RV0016899,O0016907,C003007,4,5
RV0001712,O0001713,C002532,3,4
RV0011898,O0011905,C000964,5,3
RV0011181,O0011187,C002540,5,5
RV0017242,O0017251,C000123,3,3
RV0044838,O0044863,C002458,3,3
RV0005897,O0005899,C002288,3,3
RV0024463,O0024473,C000510,5,3
RV0027958,O0027971,C003906,4,3
RV0025632,O0025642,C001082,3,5
RV0043857,O0043881,C001689,4,5
RV0002236,O0002237,C000441,3,3
RV0038630,O0038649,C004464,4,3
RV0016207,O0016215,C003079,3,3
RV0026214,O0026224,C003592,4,4
RV0002547,O0002548,C003356,4,3
RV0017717,O0017726,C003039,3,5
RV0039914,O0039935,C002358,5,3
RV0028321,O0028334,C000751,5,3
RV0042038,O0042060,C000528,5,3
RV0015403,O0015411,C002826,3,3
RV0016474,O0016482,C004169,4,4
RV0032775,O0032790,C002800,4,4
RV0025631,O0025641,C004218,5,5
RV0013308,O0013315,C004060,5,3
RV0008285,O0008290,C000728,3,3
RV0030751,O0030765,C002553,5,3
RV0035355,O0035371,C002267,3,3
RV0017126,O0017134,C004031,3,5
RV0025695,O0025705,C000711,3,4
RV0046688,O0046715,C000823,4,5
RV0028008,O0028021,C004244,4,4
RV0039372,O0039392,C004357,3,3
RV0032549,O0032564,C003698,3,5
RV0028550,O0028563,C004676,3,3
RV0020549,O0020559,C004385,4,4
RV0009674,O0009679,C000252,5,3
RV0034852,O0034868,C000530,5,4
RV0021504,O0021514,C001983,5,4
RV0025910,O0025920,C001533,3,4
RV0041421,O0041443,C001457,5,3
RV0008944,O0008949,C000472,5,3
RV0018962,O0018972,C003799,4,3
RV0008408,O0008413,C000552,4,4
RV0022897,O0022907,C000060,3,4
RV0000081,O0000082,C001141,5,4
RV0012518,O0012525,C000679,5,4
RV0015924,O0015932,C001005,3,5
RV0007787,O0007792,C002103,5,4
RV0006164,O0006166,C001477,5,3
RV0047735,O0047763,C001963,3,4
RV0028361,O0028374,C002293,4,5
RV0047846,O0047874,C004123,4,5
RV0042646,O0042669,C000644,3,3
RV0048331,O0048359,C000389,5,3
RV0034628,O0034644,C003258,5,4
RV0006138,O0006140,C000192,3,3
RV0016431,O0016439,C004980,3,3
RV0022865,O0022875,C001110,3,3
RV0045985,O0046011,C004389,3,3
RV0007794,O0007799,C001697,4,5
RV0035040,O0035056,C001876,4,4
RV0004970,O0004972,C001223,3,4
RV0001066,O0001067,C001661,5,5
RV0030411,O0030424,C002145,3,3
RV0027878,O0027891,C000415,3,5
RV0044035,O0044059,C003535,4,3
RV0048433,O0048461,C001936,5,4
RV0036513,O0036531,C001489,4,3
RV0021308,O0021318,C001386,3,3
RV0032341,O0032356,C002612,3,3
RV0039723,O0039744,C002056,4,5
RV0016036,O0016044,C000201,4,3
RV0034418,O0034434,C001234,3,4
RV0022983,O0022993,C003110,5,4
RV0039366,O0039386,C002915,4,5
RV0008190,O0008195,C003412,3,3
RV0048420,O0048448,C004361,4,4
RV0045856,O0045882,C000930,5,4
RV0034528,O0034544,C000251,4,4
RV0039471,O0039492,C002150,3,5
RV0015435,O0015443,C000156,4,3
RV0002834,O0002835,C000041,3,5
RV0005238,O0005240,C004086,4,4
RV0040423,O0040444,C001860,5,3
RV0041154,O0041176,C003987,5,5
RV0013801,O0013808,C002911,4,5
RV0003294,O0003295,C004974,4,4
RV0023681,O0023691,C000083,4,5
RV0019393,O0019403,C002780,4,5
RV0025375,O0025385,C000471,4,5
RV0042596,O0042619,C003630,4,4
RV0014989,O0014997,C004856,4,3
RV0021405,O0021415,C002898,4,3
RV0046089,O0046115,C001098,3,5
RV0024360,O0024370,C000035,5,3
RV0030457,O0030470,C002369,3,4
RV0019898,O0019908,C003903,3,5
RV0002931,O0002932,C002351,5,3
RV0029105,O0029118,C003583,4,4
RV0016336,O0016344,C004189,3,5
RV0014154,O0014162,C002471,5,3
RV0032614,O0032629,C004819,3,4
RV0033632,O0033647,C000875,5,5
RV0018418,O0018428,C004472,3,5
RV0048785,O0048813,C002095,4,4
RV0049911,O0049941,C004091,4,4
RV0042762,O0042785,C001829,3,3
RV0036138,O0036156,C000175,4,5
RV0043105,O0043129,C004871,5,5
RV0044701,O0044726,C002283,3,4
RV0009827,O0009832,C001188,3,3
RV0037407,O0037425,C004264,3,3
RV0027203,O0027216,C002519,5,3
RV0013804,O0013811,C000402,4,4
RV0049717,O0049747,C002728,4,5
RV0016268,O0016276,C003535,5,3
RV0031690,O0031704,C000481,5,3
RV0044237,O0044261,C003581,3,4
RV0034532,O0034548,C000182,5,5
RV0022237,O0022247,C000426,3,3
RV0001729,O0001730,C001909,4,3
RV0029044,O0029057,C004976,4,3
RV0043707,O0043731,C000598,4,4
RV0025736,O0025746,C001505,5,3
RV0033106,O0033121,C001291,5,4
RV0048119,O0048147,C004696,5,5
RV0036205,O0036223,C003661,4,3
RV0033345,O0033360,C003550,5,3
RV0027335,O0027348,C004371,5,4
RV0049839,O0049869,C003768,5,4
RV0035322,O0035338,C001366,5,5
RV0047194,O0047221,C003342,4,3
RV0030516,O0030529,C001692,5,4
RV0042577,O0042600,C003736,5,4
RV0039544,O0039565,C001145,3,5
RV0004177,O0004178,C000460,4,4
RV0007937,O0007942,C000225,3,3
RV0047763,O0047791,C003081,3,4
RV0003254,O0003255,C001472,4,4
RV0004910,O0004912,C000489,4,3
RV0006593,O0006596,C000763,4,3
RV0044119,O0044143,C002538,3,5
RV0005859,O0005861,C001292,3,3
RV0034149,O0034164,C004360,3,4
RV0019022,O0019032,C003664,3,5
RV0021463,O0021473,C004454,3,4
RV0029962,O0029975,C003719,5,3
RV0011798,O0011805,C003564,5,4
RV0006278,O0006280,C004240,4,5
RV0018266,O0018276,C000718,5,4
RV0005513,O0005515,C001574,5,4
RV0019764,O0019774,C000283,5,4
RV0025850,O0025860,C002747,5,4
RV0041891,O0041913,C003373,3,4
RV0017250,O0017259,C001308,3,3
RV0008671,O0008676,C004883,5,5
RV0016951,O0016959,C002226,3,5
RV0015390,O0015398,C002904,4,5
RV0028487,O0028500,C002327,5,5
RV0045661,O0045686,C002711,4,5
RV0000047,O0000048,C000875,4,4
RV0016325,O0016333,C004499,3,4
RV0044559,O0044584,C003377,5,4
RV0023646,O0023656,C002090,5,4
RV0020401,O0020411,C002113,4,3
RV0020731,O0020741,C003961,3,4
RV0013064,O0013071,C001319,4,5
RV0035764,O0035780,C004987,5,4
RV0012310,O0012317,C002559,3,5
RV0012983,O0012990,C003384,3,5
RV0032945,O0032960,C003942,4,5
RV0039555,O0039576,C004675,5,3
RV0040889,O0040911,C001800,4,3
RV0038935,O0038954,C002369,5,4
RV0015171,O0015179,C002456,3,4
RV0022809,O0022819,C002822,3,3
RV0036286,O0036304,C004662,5,3
RV0009876,O0009881,C001859,4,3
RV0017011,O0017019,C004349,4,4
RV0017048,O0017056,C004498,3,3
RV0025756,O0025766,C002192,5,3
RV0005076,O0005078,C001972,5,5
RV0039530,O0039551,C004630,3,3
RV0039690,O0039711,C002155,4,3
RV0010281,O0010286,C001245,3,3
RV0015347,O0015355,C002618,3,3
RV0047871,O0047899,C004630,3,3
RV0029544,O0029557,C001353,3,3
RV0020911,O0020921,C002363,4,3
RV0027726,O0027739,C002507,3,3
RV0042486,O0042509,C002062,4,5
RV0031370,O0031384,C002685,4,3
RV0001540,O0001541,C002821,3,4
RV0002958,O0002959,C004950,3,5
RV0047936,O0047964,C002590,3,3
RV0049386,O0049416,C003027,5,3
RV0019570,O0019580,C000756,4,4
RV0037553,O0037571,C000128,5,5
RV0003013,O0003014,C000281,5,4
RV0020564,O0020574,C002459,3,4
RV0039177,O0039197,C000539,3,4
RV0012085,O0012092,C004883,4,5
RV0016917,O0016925,C004030,4,5
RV0020174,O0020184,C004037,5,4
RV0024129,O0024139,C002761,4,5
RV0048159,O0048187,C002448,4,5
RV0035587,O0035603,C004836,5,3
RV0033661,O0033676,C001921,4,4
RV0043464,O0043488,C004429,5,3
RV0037754,O0037772,C002870,4,5
RV0047727,O0047755,C001545,3,3
RV0023245,O0023255,C000063,5,5
RV0041176,O0041198,C002778,5,3
RV0035058,O0035074,C001625,4,3
RV0049747,O0049777,C004874,3,5
RV0019384,O0019394,C004162,4,5
RV0027784,O0027797,C000177,5,3
RV0008425,O0008430,C002840,4,3
RV0005291,O0005293,C004230,5,4
RV0010323,O0010328,C004163,3,4
RV0010285,O0010290,C003136,5,3
RV0043627,O0043651,C003675,4,4
RV0005357,O0005359,C003418,5,3
RV0032414,O0032429,C001688,3,5
RV0005331,O0005333,C004693,4,4
RV0030407,O0030420,C004094,3,3
RV0019487,O0019497,C001785,3,5
RV0038206,O0038224,C004275,3,5
RV0043223,O0043247,C004070,4,4
RV0037595,O0037613,C002938,4,4
RV0023980,O0023990,C004433,3,4
RV0019474,O0019484,C004757,4,3
RV0015018,O0015026,C003099,4,4
RV0046694,O0046721,C001294,5,5
RV0034590,O0034606,C002879,4,3
RV0006187,O0006189,C000468,3,5
RV0017646,O0017655,C000300,4,3
RV0032656,O0032671,C001817,4,3
RV0001366,O0001367,C003787,5,4
RV0020304,O0020314,C003890,5,3
RV0035830,O0035846,C002271,4,4
RV0038473,O0038492,C004009,4,3
RV0046300,O0046327,C004048,4,4
RV0018010,O0018020,C001350,3,3
RV0018248,O0018258,C004386,3,4
RV0038778,O0038797,C000503,4,4
RV0000980,O0000981,C004822,4,3
RV0035124,O0035140,C001296,4,5
RV0012914,O0012921,C004990,5,5
RV0040609,O0040631,C003190,5,3
RV0022541,O0022551,C002700,3,3
RV0020933,O0020943,C004912,4,3
RV0014607,O0014615,C004185,3,3
RV0043131,O0043155,C002578,3,3
RV0020160,O0020170,C001961,4,3
RV0022557,O0022567,C000614,4,5
RV0009041,O0009046,C002485,5,4
RV0003058,O0003059,C001384,4,5
RV0009021,O0009026,C003440,3,3
RV0043762,O0043786,C002861,3,4
RV0048959,O0048987,C003051,3,5
RV0033924,O0033939,C000835,3,5
RV0004238,O0004239,C003112,5,4
RV0028540,O0028553,C000008,4,4
RV0031485,O0031499,C003874,5,5
RV0005160,O0005162,C001140,4,5
RV0008612,O0008617,C004633,3,3
RV0034022,O0034037,C003188,5,5
RV0023685,O0023695,C001333,5,5
RV0004066,O0004067,C001002,5,3
RV0030410,O0030423,C004622,4,5
RV0014228,O0014236,C001965,4,3
RV0009003,O0009008,C003291,4,3
RV0016609,O0016617,C002531,5,5
RV0023503,O0023513,C001856,4,4
RV0014754,O0014762,C000384,3,3
RV0008416,O0008421,C002548,4,3
RV0044153,O0044177,C003642,4,4
RV0014827,O0014835,C004402,4,3
RV0000790,O0000791,C004315,3,4
RV0049498,O0049528,C003830,4,4
RV0023737,O0023747,C000121,3,5
RV0036694,O0036712,C004200,4,4
RV0027572,O0027585,C000171,5,5
RV0028113,O0028126,C004673,4,5
RV0030619,O0030632,C004062,3,5
RV0017639,O0017648,C003121,4,4
RV0023700,O0023710,C002013,4,3
RV0003069,O0003070,C001638,3,5
RV0049469,O0049499,C004605,3,4
RV0031459,O0031473,C000281,4,5
RV0027393,O0027406,C003691,5,5
RV0020275,O0020285,C002405,5,4
RV0016996,O0017004,C003527,4,3
RV0031447,O0031461,C003678,4,4
RV0042293,O0042315,C000963,3,4
RV0023638,O0023648,C000118,5,5
RV0011699,O0011706,C000079,5,3
RV0049487,O0049517,C004016,3,5
RV0047661,O0047689,C001761,5,4
RV0001897,O0001898,C003236,5,4
RV0023372,O0023382,C001137,3,3
RV0021239,O0021249,C004624,5,3
RV0046778,O0046805,C002220,3,4
RV0043087,O0043111,C000118,5,4
RV0008141,O0008146,C003836,3,4
RV0032582,O0032597,C000587,4,5
RV0011513,O0011519,C003591,5,5
RV0018641,O0018651,C001748,3,5
RV0028507,O0028520,C002434,5,3
RV0005980,O0005982,C002847,3,5
RV0048853,O0048881,C002616,3,4
RV0021047,O0021057,C003820,5,3
RV0030415,O0030428,C000942,3,5
RV0005838,O0005840,C000674,3,3
RV0005485,O0005487,C002215,4,5
RV0049885,O0049915,C000338,5,3
RV0006897,O0006900,C001439,3,4
RV0031209,O0031223,C002038,3,3
RV0021436,O0021446,C001581,3,5
RV0020034,O0020044,C000881,4,4
RV0026264,O0026274,C000233,5,5
RV0013648,O0013655,C004446,3,3
RV0028271,O0028284,C001682,4,3
RV0033323,O0033338,C002095,5,3
RV0005669,O0005671,C001079,5,4
RV0014914,O0014922,C000879,3,5
RV0018999,O0019009,C003565,3,5
RV0039707,O0039728,C004852,3,4
RV0002876,O0002877,C001214,4,4
RV0014884,O0014892,C002460,4,3
RV0046522,O0046549,C004559,4,4
RV0009082,O0009087,C001775,3,4
RV0026492,O0026503,C001069,4,4
RV0006117,O0006119,C000023,5,4
RV0004085,O0004086,C003188,3,3
RV0006826,O0006829,C000285,4,5
RV0040592,O0040614,C004838,4,5
RV0035780,O0035796,C003516,5,5
RV0046648,O0046675,C002280,3,5
RV0037723,O0037741,C004345,3,4
RV0033601,O0033616,C002609,3,5
RV0029159,O0029172,C003319,4,3
RV0031448,O0031462,C002351,5,5
RV0036150,O0036168,C002257,4,3
RV0007954,O0007959,C004019,4,3
RV0026191,O0026201,C001473,3,4
RV0001931,O0001932,C002286,4,3
RV0008447,O0008452,C002588,4,5
RV0043078,O0043102,C001682,4,3
RV0020763,O0020773,C000116,4,4
RV0007752,O0007757,C003935,4,4
RV0005986,O0005988,C001808,3,3
RV0024190,O0024200,C002147,4,4
RV0001953,O0001954,C004113,5,4
RV0023400,O0023410,C002379,4,4
RV0046054,O0046080,C001085,5,4
RV0007362,O0007366,C000248,3,4
RV0025889,O0025899,C001642,3,3
RV0012538,O0012545,C001573,3,4
RV0038634,O0038653,C002633,4,4
RV0036098,O0036116,C004753,5,3
RV0042130,O0042152,C001068,4,3
RV0044746,O0044771,C001658,5,4
RV0033364,O0033379,C000712,4,3
RV0000088,O0000089,C001710,5,3
RV0020217,O0020227,C003190,3,5
RV0048277,O0048305,C001733,5,3
RV0031619,O0031633,C004265,3,5
RV0049958,O0049988,C002638,5,3
RV0032473,O0032488,C002440,3,4
RV0018498,O0018508,C003392,5,3
RV0021100,O0021110,C001047,3,5
RV0021135,O0021145,C002892,4,4
RV0035872,O0035888,C001704,3,3
RV0036139,O0036157,C003302,4,5
RV0018439,O0018449,C001751,4,4
RV0013011,O0013018,C000457,4,5
RV0039015,O0039034,C003621,5,4
RV0038874,O0038893,C003568,4,3
RV0042757,O0042780,C001428,4,4
RV0008840,O0008845,C001039,3,4
RV0016734,O0016742,C001148,4,5
RV0029889,O0029902,C000473,3,5
RV0034298,O0034313,C001464,3,4
RV0038272,O0038290,C004233,5,3
RV0012412,O0012419,C004097,5,4
RV0030295,O0030308,C003385,4,4
RV0040882,O0040904,C001928,5,5
RV0010257,O0010262,C001960,3,4
RV0025919,O0025929,C002280,4,5
RV0023998,O0024008,C003348,5,3
RV0030744,O0030758,C000386,5,5
RV0033319,O0033334,C004257,3,5
RV0012611,O0012618,C003248,5,4
RV0041425,O0041447,C004196,4,5
RV0036093,O0036111,C004998,4,5
RV0042800,O0042823,C001791,3,5
RV0038881,O0038900,C004225,4,3
RV0029637,O0029650,C000664,4,3
RV0005066,O0005068,C001457,3,3
RV0013925,O0013932,C001517,4,3
RV0042375,O0042397,C001509,3,3
RV0008033,O0008038,C000185,3,5
RV0004653,O0004654,C004801,5,4
RV0013316,O0013323,C001988,3,3
RV0024056,O0024066,C002546,4,5
RV0000085,O0000086,C003392,3,5
RV0020755,O0020765,C000904,3,5
RV0034146,O0034161,C003243,4,5
RV0036049,O0036067,C003892,5,3
RV0024706,O0024716,C004953,5,4
RV0045546,O0045571,C001575,5,5
RV0013277,O0013284,C002656,5,3
RV0045458,O0045483,C003037,4,5
RV0021856,O0021866,C004682,3,5
RV0017636,O0017645,C004130,3,4
RV0024037,O0024047,C000588,4,4
RV0021848,O0021858,C001685,4,4
RV0003091,O0003092,C004981,5,4
RV0039156,O0039176,C002122,3,3
RV0026138,O0026148,C001860,3,3
RV0003941,O0003942,C003113,5,4
RV0015743,O0015751,C004012,4,5
RV0016963,O0016971,C001211,3,3
RV0031187,O0031201,C002559,5,3
RV0025911,O0025921,C004064,5,4
RV0040620,O0040642,C004479,4,4
RV0037736,O0037754,C001839,3,3
RV0048947,O0048975,C004247,4,5
RV0041629,O0041651,C002793,3,4
RV0027548,O0027561,C004686,3,5
RV0023176,O0023186,C002914,3,5
RV0032516,O0032531,C001813,5,5
RV0023000,O0023010,C001665,3,4
RV0033391,O0033406,C002596,3,3
RV0039822,O0039843,C004769,4,5
RV0003264,O0003265,C004313,5,4
RV0007317,O0007320,C003698,5,4
RV0018057,O0018067,C001542,5,5
RV0016961,O0016969,C003612,3,5
RV0013101,O0013108,C003465,3,5
RV0016836,O0016844,C000520,3,3
RV0018410,O0018420,C001227,5,5
RV0033247,O0033262,C003703,3,4
RV0023779,O0023789,C003394,4,5
RV0009579,O0009584,C003445,3,3
RV0042706,O0042729,C000744,3,4
RV0047328,O0047356,C002075,4,4
RV0001229,O0001230,C001151,3,3
RV0033114,O0033129,C002805,4,4
RV0008651,O0008656,C003438,4,5
RV0007668,O0007672,C004169,3,5
RV0029262,O0029275,C002055,5,5
RV0003176,O0003177,C003303,3,4
RV0007863,O0007868,C004411,4,3
RV0009774,O0009779,C002281,4,4
RV0049246,O0049275,C004378,3,4
RV0021696,O0021706,C003902,4,5
RV0045908,O0045934,C000852,3,3
RV0009150,O0009155,C000580,4,3
RV0012162,O0012169,C000015,3,4
RV0037703,O0037721,C003478,4,5
RV0025950,O0025960,C002404,4,4
RV0021393,O0021403,C002877,4,5
RV0022678,O0022688,C000299,4,5
RV0017447,O0017456,C001463,5,3
RV0000321,O0000322,C004033,4,5
RV0021480,O0021490,C003030,3,3
RV0007010,O0007013,C004319,5,5
RV0015570,O0015578,C000829,4,4
RV0049713,O0049743,C004239,3,5
RV0044888,O0044913,C003783,3,3
RV0003383,O0003384,C002837,4,4
RV0010959,O0010965,C003344,3,5
RV0018054,O0018064,C000890,4,3
RV0038439,O0038457,C001314,3,4
RV0008610,O0008615,C000641,4,3
RV0025468,O0025478,C004459,5,3
RV0009248,O0009253,C000316,3,3
RV0002140,O0002141,C004391,4,3
RV0028591,O0028604,C003891,4,3
RV0026033,O0026043,C002227,5,4
RV0027620,O0027633,C004827,3,4
RV0046511,O0046538,C001326,3,4
RV0007223,O0007226,C001145,3,4
RV0028284,O0028297,C001626,4,5
RV0019663,O0019673,C003928,4,5
RV0035207,O0035223,C004118,5,4
RV0041366,O0041388,C003843,3,4
RV0027489,O0027502,C001304,4,4
RV0001530,O0001531,C000626,4,4
RV0037474,O0037492,C002434,4,5
RV0002929,O0002930,C003530,4,3
RV0005799,O0005801,C003629,5,5
RV0042977,O0043000,C002843,4,4
RV0011204,O0011210,C000201,3,5
RV0018585,O0018595,C001648,5,4
RV0006754,O0006757,C001577,5,4
RV0030323,O0030336,C003575,4,3
RV0012902,O0012909,C004181,3,4
RV0003508,O0003509,C001927,5,4
RV0021091,O0021101,C002267,3,4
RV0005358,O0005360,C004517,3,4
RV0021813,O0021823,C000401,4,4
RV0010320,O0010325,C004719,4,4
RV0033325,O0033340,C001346,4,3
RV0009704,O0009709,C002674,4,3
RV0030587,O0030600,C000080,4,5
RV0035722,O0035738,C002154,4,5
RV0024436,O0024446,C001076,3,5
RV0035149,O0035165,C000782,3,3
RV0007834,O0007839,C001122,4,3
RV0018480,O0018490,C002912,5,5
RV0042274,O0042296,C004472,3,3
RV0013681,O0013688,C001325,3,3
RV0020558,O0020568,C001125,3,3
RV0023458,O0023468,C003147,4,3
RV0037651,O0037669,C003788,3,4
RV0025667,O0025677,C001444,3,5
RV0043429,O0043453,C001701,5,3
RV0043556,O0043580,C000147,5,4
RV0016168,O0016176,C004207,3,3
RV0011405,O0011411,C004981,3,5
RV0034975,O0034991,C003460,3,5
RV0045672,O0045697,C001031,4,5
RV0030693,O0030706,C000916,5,5
RV0025589,O0025599,C004498,3,5
RV0004061,O0004062,C003627,3,5
RV0035583,O0035599,C001400,3,5
RV0000298,O0000299,C004164,5,3
RV0033033,O0033048,C000352,4,5
RV0012839,O0012846,C001525,5,3
RV0021954,O0021964,C000760,4,4
RV0006281,O0006283,C000651,4,5
RV0018730,O0018740,C000430,3,3
RV0019155,O0019165,C003223,5,3
RV0002498,O0002499,C002472,3,4
RV0033552,O0033567,C001732,3,3
RV0033732,O0033747,C002130,4,4
RV0001338,O0001339,C002462,4,4
RV0000293,O0000294,C004636,4,3
RV0048887,O0048915,C003972,4,4
RV0032109,O0032124,C002730,3,4
RV0004072,O0004073,C001507,5,4
RV0016153,O0016161,C000748,3,3
RV0013522,O0013529,C000842,4,4
RV0028974,O0028987,C001114,3,5
RV0035378,O0035394,C001943,5,4
RV0042572,O0042595,C002820,4,3
RV0017925,O0017935,C003266,3,3
RV0026041,O0026051,C000163,4,5
RV0011626,O0011632,C003171,3,4
RV0027189,O0027202,C003219,4,3
RV0030510,O0030523,C003262,4,5
RV0043687,O0043711,C000679,5,4
RV0004916,O0004918,C000328,3,4
RV0010546,O0010551,C003726,4,3
RV0045839,O0045865,C003886,3,4
RV0018123,O0018133,C001491,5,5
RV0043908,O0043932,C002829,3,4
RV0037061,O0037079,C000555,4,5
RV0029311,O0029324,C004433,3,5
RV0042827,O0042850,C003889,4,4
RV0034665,O0034681,C004135,5,3
RV0011567,O0011573,C000659,4,3
RV0009016,O0009021,C001541,3,5
RV0000380,O0000381,C000568,4,5
RV0007713,O0007718,C002083,3,4
RV0012188,O0012195,C002879,5,3
RV0010747,O0010752,C001186,3,5
RV0026775,O0026786,C004454,5,3
RV0028675,O0028688,C000196,4,5
RV0027361,O0027374,C004618,3,4
RV0045509,O0045534,C001722,5,5
RV0012954,O0012961,C002204,5,5
RV0049867,O0049897,C003913,5,5
RV0039941,O0039962,C004953,4,5
RV0011355,O0011361,C001130,4,3
RV0037565,O0037583,C002147,5,3
RV0026032,O0026042,C000763,5,5
RV0028193,O0028206,C003102,5,5
RV0008186,O0008191,C000380,5,3
RV0035347,O0035363,C004450,5,4
RV0048675,O0048703,C003900,4,4
RV0028485,O0028498,C002443,4,4
RV0048178,O0048206,C003511,3,3
RV0049484,O0049514,C000262,5,4
RV0014826,O0014834,C002402,4,4
RV0035574,O0035590,C004954,4,4
RV0045979,O0046005,C002745,5,5
RV0024294,O0024304,C004815,4,4
RV0027183,O0027196,C003698,4,4
RV0009152,O0009157,C000725,5,5
RV0006071,O0006073,C001083,3,5
RV0036437,O0036455,C000304,4,3
RV0011462,O0011468,C000170,4,4
RV0049363,O0049393,C004102,3,3
RV0015842,O0015850,C004643,5,5
RV0026067,O0026077,C001128,4,4
RV0044424,O0044448,C003286,3,5
RV0027441,O0027454,C001826,4,5
RV0034219,O0034234,C002147,4,5
RV0009328,O0009333,C002441,5,4
RV0008355,O0008360,C001040,3,3
RV0018875,O0018885,C001356,4,5
RV0024859,O0024869,C000626,3,3
RV0035313,O0035329,C003516,3,3
RV0006343,O0006345,C000911,3,5
RV0001610,O0001611,C000769,5,3
RV0022070,O0022080,C002009,3,5
RV0025393,O0025403,C001559,4,4
RV0042169,O0042191,C000651,4,4
RV0038284,O0038302,C004193,4,5
RV0038355,O0038373,C002248,3,5
RV0009954,O0009959,C001962,5,3
RV0014594,O0014602,C003746,4,5
RV0039607,O0039628,C002529,4,3
RV0041580,O0041602,C000918,3,5
RV0008978,O0008983,C001046,3,3
RV0041016,O0041038,C002479,4,3
RV0023432,O0023442,C000769,5,3
RV0027177,O0027190,C002635,4,3
RV0027191,O0027204,C003941,3,3
RV0036372,O0036390,C001332,3,3
RV0036676,O0036694,C004837,5,5
RV0006058,O0006060,C001928,4,5
RV0016435,O0016443,C002043,5,3
RV0042391,O0042413,C001419,4,5
RV0029542,O0029555,C001786,3,3
RV0037568,O0037586,C003080,4,3
RV0036354,O0036372,C003276,3,4
RV0038856,O0038875,C003559,3,5
RV0021265,O0021275,C002623,4,5
RV0020253,O0020263,C002655,5,5
RV0042480,O0042503,C004185,4,4
RV0029319,O0029332,C003435,5,3
RV0039476,O0039497,C001270,3,4
RV0045793,O0045819,C002566,5,4
RV0005814,O0005816,C000992,3,3
RV0049208,O0049237,C004334,4,5
RV0026970,O0026981,C003325,4,3
RV0007218,O0007221,C000786,3,4
RV0013931,O0013938,C001609,3,3
RV0045262,O0045287,C002380,3,4
RV0037026,O0037044,C002598,5,5
RV0007542,O0007546,C004290,5,4
RV0014223,O0014231,C002811,4,5
RV0032718,O0032733,C001272,4,3
RV0002926,O0002927,C004660,4,5
RV0002697,O0002698,C001710,3,3
RV0009382,O0009387,C001792,3,4
RV0029643,O0029656,C001761,5,3
RV0049820,O0049850,C000609,3,3
RV0011198,O0011204,C002513,3,4
RV0030223,O0030236,C004082,4,5
RV0021221,O0021231,C003689,5,3
RV0006384,O0006387,C001036,5,5
RV0025959,O0025969,C002720,5,5
RV0024876,O0024886,C002674,3,5
RV0040102,O0040123,C003928,3,5
RV0010560,O0010565,C004746,5,5
RV0017623,O0017632,C002797,4,4
RV0007074,O0007077,C002912,3,3
RV0003082,O0003083,C001049,3,4
RV0031965,O0031980,C001741,3,4
RV0012921,O0012928,C004337,5,3
RV0014907,O0014915,C004611,4,3
RV0031408,O0031422,C004081,3,4
RV0024625,O0024635,C000573,3,5
RV0019699,O0019709,C001423,4,3
RV0027218,O0027231,C002303,5,5
RV0016452,O0016460,C003150,3,5
RV0045999,O0046025,C000536,5,3
RV0005327,O0005329,C004516,5,5
RV0046366,O0046393,C001524,4,4
RV0019528,O0019538,C000285,4,3
RV0013364,O0013371,C002757,5,4
RV0003353,O0003354,C002420,5,3
RV0006327,O0006329,C002699,3,5
RV0034966,O0034982,C004263,4,3
RV0021475,O0021485,C003397,3,5
RV0034044,O0034059,C003186,5,4
RV0048391,O0048419,C000548,3,4
RV0025132,O0025142,C000375,5,5
RV0017444,O0017453,C000166,4,4
RV0001385,O0001386,C003384,4,5
RV0009547,O0009552,C004917,4,5
RV0005963,O0005965,C001117,3,3
RV0011367,O0011373,C003646,5,5
RV0033246,O0033261,C002169,5,5
RV0019516,O0019526,C004431,5,5
RV0018674,O0018684,C000706,5,4
RV0022643,O0022653,C003612,5,5
RV0025607,O0025617,C001289,3,4
RV0000933,O0000934,C003706,4,4
RV0043373,O0043397,C004166,3,3
RV0034772,O0034788,C003689,5,3
RV0012832,O0012839,C001884,4,3
RV0040024,O0040045,C003765,3,5
RV0008217,O0008222,C002181,4,3
RV0024769,O0024779,C002387,5,3
RV0041382,O0041404,C004908,4,5
RV0008324,O0008329,C002210,3,5
RV0035812,O0035828,C004067,3,4
RV0003410,O0003411,C001491,5,3
RV0046381,O0046408,C004673,3,4
RV0022014,O0022024,C001154,3,5
RV0000113,O0000114,C000625,3,4
RV0006777,O0006780,C002660,5,4
RV0002771,O0002772,C004462,5,5
RV0011784,O0011791,C002534,5,4
RV0010370,O0010375,C003360,4,3
RV0044682,O0044707,C000827,3,4
RV0007651,O0007655,C002402,5,4
RV0031288,O0031302,C002886,4,3
RV0046599,O0046626,C004115,3,3
RV0003511,O0003512,C000581,5,3
RV0017784,O0017793,C001509,3,5
RV0003119,O0003120,C002707,5,5
RV0022783,O0022793,C002621,4,3
RV0018662,O0018672,C001836,5,4
RV0008237,O0008242,C003043,3,3
RV0011964,O0011971,C001148,4,5
RV0040538,O0040560,C004676,4,4
RV0010697,O0010702,C001876,3,5
RV0002320,O0002321,C000737,5,3
RV0037457,O0037475,C004466,3,3
RV0012782,O0012789,C002331,5,3
RV0003122,O0003123,C004032,4,4
RV0034259,O0034274,C001520,3,5
RV0027294,O0027307,C003669,5,4
RV0031048,O0031062,C000499,5,5
RV0012434,O0012441,C002602,5,3
RV0041651,O0041673,C003210,4,4
RV0045762,O0045788,C001348,3,3
RV0046626,O0046653,C002056,3,4
RV0043138,O0043162,C004005,3,5
RV0029247,O0029260,C001558,4,3
RV0037037,O0037055,C003124,3,3
RV0000895,O0000896,C002618,4,5
RV0019735,O0019745,C001657,4,5
RV0043425,O0043449,C003018,3,4
RV0010090,O0010095,C003401,3,5
RV0001830,O0001831,C003460,4,5
RV0037556,O0037574,C004409,4,3
RV0031071,O0031085,C001301,4,5
RV0007241,O0007244,C003163,3,3
RV0036461,O0036479,C000149,5,4
RV0004728,O0004730,C004850,4,3
RV0043727,O0043751,C001550,4,5
RV0011856,O0011863,C002872,4,5
RV0045707,O0045732,C000208,4,4
RV0021049,O0021059,C002938,5,3
RV0019626,O0019636,C001190,5,5
RV0026689,O0026700,C001977,4,4
RV0018451,O0018461,C003118,5,3
RV0025740,O0025750,C000952,4,5
RV0013962,O0013970,C001451,5,4
RV0034294,O0034309,C003717,5,5
RV0021202,O0021212,C004364,5,3
RV0038615,O0038634,C000844,5,5
RV0017243,O0017252,C003604,5,5
RV0003921,O0003922,C000145,5,5
RV0030934,O0030948,C001279,5,4
RV0023036,O0023046,C000632,3,3
RV0039695,O0039716,C004318,4,4
RV0013166,O0013173,C001538,4,4
RV0049245,O0049274,C001066,4,4
RV0036629,O0036647,C000082,5,5
RV0033555,O0033570,C000781,4,5
RV0036118,O0036136,C001030,4,3
RV0001351,O0001352,C004178,3,5
RV0021397,O0021407,C004957,3,5
RV0039123,O0039143,C002368,5,3
RV0000104,O0000105,C002366,3,3
RV0025222,O0025232,C000861,3,4
RV0038986,O0039005,C004621,5,4
RV0045551,O0045576,C001202,3,3
RV0004825,O0004827,C003500,4,3
RV0042844,O0042867,C001319,3,4
RV0014830,O0014838,C003294,4,3
RV0010730,O0010735,C003752,3,4
RV0035870,O0035886,C001194,5,5
RV0004972,O0004974,C000116,3,4
RV0026606,O0026617,C004089,3,3
RV0024587,O0024597,C004323,3,3
RV0036562,O0036580,C002703,3,5
RV0036243,O0036261,C002092,5,3
RV0020168,O0020178,C003463,5,5
RV0021445,O0021455,C000568,4,4
RV0001459,O0001460,C000672,5,4
RV0018692,O0018702,C002036,3,5
RV0046384,O0046411,C001292,5,4
RV0005083,O0005085,C001402,3,5
RV0015315,O0015323,C000320,3,4
RV0023353,O0023363,C000966,5,3
RV0008575,O0008580,C002472,3,3
RV0046455,O0046482,C003618,5,5
RV0038296,O0038314,C000719,5,4
RV0018363,O0018373,C004071,3,4
RV0001494,O0001495,C001330,5,4
RV0047225,O0047253,C001394,3,4
RV0048617,O0048645,C001319,3,5
RV0044901,O0044926,C001834,4,4
RV0004929,O0004931,C001627,5,4
RV0016819,O0016827,C001649,4,5
RV0029862,O0029875,C001229,5,4
RV0046954,O0046981,C000210,3,5
RV0031109,O0031123,C002767,3,3
RV0040590,O0040612,C002043,3,4
RV0016595,O0016603,C002081,5,4
RV0038299,O0038317,C003503,3,3
RV0005330,O0005332,C004552,4,3
RV0017099,O0017107,C002299,5,3
RV0012068,O0012075,C000578,3,3
RV0028387,O0028400,C004331,5,4
RV0020330,O0020340,C002808,5,4
RV0030327,O0030340,C004753,5,5
RV0005427,O0005429,C002634,5,5
RV0028922,O0028935,C000910,4,3
RV0025867,O0025877,C000620,3,4
RV0043220,O0043244,C000531,3,5
RV0002318,O0002319,C002888,3,3
RV0026878,O0026889,C000044,3,3
RV0004984,O0004986,C000209,3,3
RV0043721,O0043745,C004002,3,3
RV0000996,O0000997,C000994,4,3
RV0028770,O0028783,C004879,5,4
RV0028344,O0028357,C004308,3,4
RV0023337,O0023347,C004383,3,4
RV0006037,O0006039,C001118,5,5
RV0015252,O0015260,C001797,5,5
RV0004502,O0004503,C003823,3,3
RV0016255,O0016263,C000986,5,5
RV0048070,O0048098,C003920,3,4
RV0020816,O0020826,C003898,3,3
RV0018533,O0018543,C001877,5,3
RV0046359,O0046386,C001313,5,3
RV0039541,O0039562,C001042,5,4
RV0017484,O0017493,C001866,5,4
RV0026142,O0026152,C002355,4,3
RV0026537,O0026548,C004112,4,4
RV0003362,O0003363,C001534,3,5
RV0034507,O0034523,C001153,4,5
RV0031199,O0031213,C001289,5,3
RV0019543,O0019553,C004906,5,3
RV0021908,O0021918,C004525,4,4
RV0047287,O0047315,C003725,5,3
RV0040391,O0040412,C001016,3,3
RV0020907,O0020917,C001995,5,5
RV0009418,O0009423,C003153,4,4
RV0024670,O0024680,C003508,4,3
RV0038478,O0038497,C002852,3,4
RV0016686,O0016694,C000140,3,4
RV0035320,O0035336,C004890,4,4
RV0044044,O0044068,C004209,5,4
RV0022835,O0022845,C003832,4,3
RV0035653,O0035669,C004926,4,3
RV0012071,O0012078,C003455,5,3
RV0017547,O0017556,C001703,4,3
RV0033183,O0033198,C002970,3,5
RV0048739,O0048767,C000601,3,4
RV0036363,O0036381,C004652,3,4
RV0013630,O0013637,C003157,5,5
RV0009858,O0009863,C004347,3,4
RV0007387,O0007391,C000305,5,4
RV0031669,O0031683,C001718,5,3
RV0026931,O0026942,C004732,3,4
RV0035723,O0035739,C001138,4,4
RV0047258,O0047286,C001625,3,5
RV0024919,O0024929,C003716,3,3
RV0025924,O0025934,C000806,3,4
RV0039810,O0039831,C002139,4,5
RV0003701,O0003702,C001469,3,4
RV0046467,O0046494,C000083,4,4
RV0008215,O0008220,C004773,3,4
RV0020120,O0020130,C001591,5,3
RV0018649,O0018659,C004577,4,4
RV0031252,O0031266,C001395,5,3
RV0046005,O0046031,C002193,5,4
RV0045847,O0045873,C000247,5,3
RV0015527,O0015535,C003651,5,4
RV0010031,O0010036,C001819,3,4
RV0021266,O0021276,C000320,4,5
RV0006636,O0006639,C000863,3,5
RV0040549,O0040571,C004565,3,3
RV0012135,O0012142,C004072,4,3
RV0036452,O0036470,C001589,5,4
RV0029563,O0029576,C003134,5,4
RV0047012,O0047039,C001615,4,3
RV0005309,O0005311,C000286,3,3
RV0001103,O0001104,C003147,5,3
RV0021039,O0021049,C003077,3,4
RV0008555,O0008560,C002889,3,4
RV0016798,O0016806,C002426,5,5
RV0009898,O0009903,C003948,3,5
RV0000783,O0000784,C000438,3,5
RV0016343,O0016351,C004316,4,4
RV0045555,O0045580,C004380,4,4
RV0002521,O0002522,C003569,5,3
RV0032346,O0032361,C001950,3,5
RV0049107,O0049136,C001348,3,5
RV0018575,O0018585,C000351,5,3
RV0031223,O0031237,C002355,5,5
RV0009778,O0009783,C004060,5,4
RV0002932,O0002933,C004274,5,5
RV0007620,O0007624,C003274,5,3
RV0048794,O0048822,C004694,4,5
RV0020685,O0020695,C003327,5,5
RV0014942,O0014950,C000679,3,5
RV0018042,O0018052,C002092,3,5
RV0010432,O0010437,C004678,3,5
RV0006462,O0006465,C004027,4,4
RV0001255,O0001256,C003407,5,4
RV0025376,O0025386,C002983,3,4
RV0043187,O0043211,C001371,5,4
RV0034176,O0034191,C004864,4,4
RV0002280,O0002281,C004116,4,5
RV0021502,O0021512,C003071,5,4
RV0039629,O0039650,C002226,3,4
RV0025408,O0025418,C000863,4,3
RV0019847,O0019857,C001999,5,5
RV0033135,O0033150,C000957,3,3
RV0049464,O0049494,C000906,3,4
RV0030918,O0030932,C003542,5,4
RV0032336,O0032351,C003926,5,4
RV0025335,O0025345,C002786,5,3
RV0038309,O0038327,C000587,5,5
RV0011684,O0011691,C003661,5,3
RV0048367,O0048395,C000633,4,4
RV0011045,O0011051,C001061,4,5
RV0023158,O0023168,C004081,3,5
RV0043252,O0043276,C000788,4,3
RV0026198,O0026208,C001060,4,4
RV0011598,O0011604,C001709,3,4
RV0032731,O0032746,C001481,5,4
RV0040321,O0040342,C004755,5,5
RV0036056,O0036074,C002072,5,3
RV0026967,O0026978,C004508,3,3
RV0020357,O0020367,C004268,5,4
RV0017228,O0017237,C003100,5,3
RV0021478,O0021488,C002451,4,3
RV0040055,O0040076,C001249,3,4
RV0024799,O0024809,C003050,3,3
RV0047611,O0047639,C002136,3,5
RV0017647,O0017656,C001605,4,4
RV0024755,O0024765,C002496,4,4
RV0008622,O0008627,C004618,3,5
RV0001330,O0001331,C003676,3,4
RV0032240,O0032255,C000523,5,5
RV0009512,O0009517,C003355,4,3
RV0029302,O0029315,C003487,3,4
RV0029457,O0029470,C001859,5,4
RV0007545,O0007549,C001887,4,3
RV0020383,O0020393,C004428,3,3
RV0041516,O0041538,C004044,3,5
RV0000751,O0000752,C003394,5,3
RV0042966,O0042989,C002917,4,5
RV0025477,O0025487,C004870,5,5
RV0034041,O0034056,C004870,4,3
RV0022832,O0022842,C001698,5,5
RV0015931,O0015939,C000859,3,3
RV0034784,O0034800,C004709,3,4
RV0015568,O0015576,C000540,5,4
RV0038135,O0038153,C000916,3,5
RV0030870,O0030884,C003151,5,4
RV0024924,O0024934,C003045,3,3
RV0032575,O0032590,C003406,5,3
RV0014918,O0014926,C004361,4,5
RV0037473,O0037491,C003798,3,4
RV0011775,O0011782,C001923,5,5
RV0005575,O0005577,C000314,3,5
RV0019588,O0019598,C001976,3,3
RV0016136,O0016144,C000712,3,5
RV0035387,O0035403,C004184,4,3
RV0046767,O0046794,C000498,5,4
RV0007931,O0007936,C002270,3,5
RV0007476,O0007480,C001479,5,5
RV0020237,O0020247,C003469,4,3
RV0039444,O0039465,C004073,4,3
RV0010501,O0010506,C001279,4,5
RV0012600,O0012607,C000073,5,4
RV0023727,O0023737,C002854,5,4
RV0013021,O0013028,C000595,5,4
RV0047969,O0047997,C004054,4,5
RV0042134,O0042156,C003228,4,3
RV0043736,O0043760,C000084,4,4
RV0021132,O0021142,C004484,3,3
RV0013208,O0013215,C001997,4,3
RV0001660,O0001661,C000692,5,4
RV0034449,O0034465,C002717,4,4
RV0008119,O0008124,C001465,5,3
RV0021583,O0021593,C002009,4,3
RV0018664,O0018674,C000588,3,3
RV0003848,O0003849,C004746,5,3
RV0022566,O0022576,C000119,3,3
RV0034757,O0034773,C000444,3,5
RV0008985,O0008990,C004780,5,5
RV0004945,O0004947,C000435,5,5
RV0004266,O0004267,C004059,3,5
RV0029554,O0029567,C002792,5,4
RV0042238,O0042260,C002388,4,4
RV0013834,O0013841,C000239,3,4
RV0016936,O0016944,C004078,4,4
RV0006127,O0006129,C002177,5,5
RV0007864,O0007869,C004769,3,5
RV0003687,O0003688,C000280,4,4
RV0018977,O0018987,C002093,4,5
RV0045735,O0045761,C000486,3,4
RV0044128,O0044152,C002945,3,5
RV0041442,O0041464,C003723,5,5
RV0031001,O0031015,C004532,3,5
RV0035231,O0035247,C002012,3,4
RV0035173,O0035189,C004706,5,4
RV0010260,O0010265,C002364,3,4
RV0013492,O0013499,C004031,3,5
RV0003047,O0003048,C003995,3,4
RV0025508,O0025518,C004952,3,4
RV0019670,O0019680,C004498,3,5
RV0026064,O0026074,C001571,5,5
RV0012607,O0012614,C003875,3,3
RV0029865,O0029878,C000247,4,5
RV0039789,O0039810,C000589,4,3
RV0005016,O0005018,C001997,5,4
RV0002371,O0002372,C002172,4,4
RV0046017,O0046043,C000520,4,3
RV0016221,O0016229,C003734,5,3
RV0020347,O0020357,C001426,3,3
RV0014117,O0014125,C001631,3,3
RV0048672,O0048700,C002217,5,5
RV0009708,O0009713,C004165,5,3
RV0010888,O0010894,C002709,5,4
RV0012148,O0012155,C000173,4,5
RV0042547,O0042570,C000003,5,3
RV0008067,O0008072,C000319,3,5
RV0023025,O0023035,C004661,4,3
RV0036633,O0036651,C004172,3,4
RV0027496,O0027509,C000217,4,3
RV0024206,O0024216,C004939,4,3
RV0014917,O0014925,C004798,5,3
RV0029054,O0029067,C001966,3,4
RV0029167,O0029180,C004994,3,4
RV0037127,O0037145,C003531,4,4
RV0000127,O0000128,C000315,3,4
RV0024155,O0024165,C004493,4,4
RV0023292,O0023302,C002471,3,3
RV0033016,O0033031,C004324,3,3
RV0032087,O0032102,C003754,4,4
RV0040637,O0040659,C004842,3,5
RV0037834,O0037852,C004006,5,3
RV0043885,O0043909,C000035,4,5
RV0006657,O0006660,C004675,3,4
RV0010359,O0010364,C000134,4,5
RV0045624,O0045649,C000983,5,4
RV0014879,O0014887,C003838,5,5
RV0020404,O0020414,C004685,3,4
RV0044622,O0044647,C003405,3,4
RV0004349,O0004350,C001877,3,5
RV0043820,O0043844,C004957,5,5
RV0021681,O0021691,C003886,4,3
RV0031134,O0031148,C000590,3,3
RV0029824,O0029837,C002765,5,5
RV0000841,O0000842,C001916,4,3
RV0027613,O0027626,C000594,3,3
RV0032713,O0032728,C000618,3,5
RV0004977,O0004979,C002508,3,3
RV0004565,O0004566,C002894,5,4
RV0035730,O0035746,C000304,3,5
RV0047445,O0047473,C000095,5,4
RV0033994,O0034009,C002072,3,4
RV0045292,O0045317,C003813,5,5
RV0013144,O0013151,C001356,3,3
RV0033978,O0033993,C004789,4,3
RV0020984,O0020994,C000162,4,5
RV0004406,O0004407,C004556,4,5
RV0010876,O0010882,C001155,5,5
RV0003456,O0003457,C000285,5,4
RV0026750,O0026761,C000461,4,3
RV0009897,O0009902,C001617,3,3
RV0022157,O0022167,C004170,5,5
RV0031946,O0031961,C003582,5,5
RV0044382,O0044406,C004001,5,4
RV0047755,O0047783,C002058,5,4
RV0029885,O0029898,C004943,4,4
RV0043378,O0043402,C002695,4,5
RV0030518,O0030531,C002661,4,3
RV0049300,O0049329,C000952,4,3
RV0015011,O0015019,C003362,5,3
RV0020453,O0020463,C003875,3,4
RV0040530,O0040552,C004990,3,4
RV0017034,O0017042,C003787,3,3
RV0022493,O0022503,C002210,4,5
RV0017605,O0017614,C001845,4,4
RV0022254,O0022264,C001020,3,3
RV0018844,O0018854,C003982,5,5
RV0030368,O0030381,C000994,3,4
RV0006679,O0006682,C004760,5,5
RV0048822,O0048850,C004621,5,3
RV0015308,O0015316,C004477,4,4
RV0040237,O0040258,C003687,5,4
RV0030263,O0030276,C002195,3,4
RV0038789,O0038808,C004960,4,4
RV0043161,O0043185,C003043,3,4
RV0034426,O0034442,C001198,4,5
RV0030475,O0030488,C002335,3,3
RV0036501,O0036519,C001569,4,3
RV0047178,O0047205,C002534,4,5
RV0033839,O0033854,C003232,5,5
RV0033571,O0033586,C004977,5,5
RV0047572,O0047600,C003746,4,3
RV0028705,O0028718,C004662,3,4
RV0039615,O0039636,C001226,3,5
RV0027512,O0027525,C004985,4,5
RV0002471,O0002472,C002013,4,5
RV0024556,O0024566,C000104,5,5
RV0028737,O0028750,C004979,5,3
RV0007026,O0007029,C004221,5,5
RV0033019,O0033034,C002803,5,4
RV0020928,O0020938,C001908,3,5
RV0044790,O0044815,C000331,5,5
RV0001455,O0001456,C001258,3,5
RV0037940,O0037958,C004364,4,5
RV0019085,O0019095,C001313,5,3
RV0025725,O0025735,C000614,4,3
RV0022922,O0022932,C004827,3,4
RV0043368,O0043392,C002078,4,3
RV0025558,O0025568,C003758,4,5
RV0010580,O0010585,C002057,5,3
RV0046715,O0046742,C000461,5,3
RV0021666,O0021676,C000420,3,4
RV0017935,O0017945,C004479,3,5
RV0037351,O0037369,C002896,5,5
RV0008387,O0008392,C000911,4,3
RV0004312,O0004313,C004289,3,3
RV0010714,O0010719,C001254,3,3
RV0044860,O0044885,C003728,4,5
RV0010080,O0010085,C002225,4,3
RV0008664,O0008669,C001606,4,3
RV0038839,O0038858,C004793,5,4
RV0008688,O0008693,C004199,4,4
RV0021723,O0021733,C003021,3,4
RV0004320,O0004321,C000974,5,5
RV0020363,O0020373,C004714,4,3
RV0040788,O0040810,C001371,4,4
RV0010551,O0010556,C004678,5,5
RV0017028,O0017036,C003298,4,5
RV0040468,O0040490,C003472,4,5
RV0022311,O0022321,C002384,3,5
RV0001201,O0001202,C001780,3,3
RV0033878,O0033893,C004765,5,5
RV0024192,O0024202,C004158,3,5
RV0030912,O0030926,C001127,3,4
RV0038143,O0038161,C003084,3,5
RV0033891,O0033906,C004264,3,5
RV0036769,O0036787,C003625,4,3
RV0005300,O0005302,C001547,3,3
RV0000782,O0000783,C002475,5,4
RV0040052,O0040073,C003972,4,4
RV0011215,O0011221,C003750,3,3
RV0041595,O0041617,C000987,4,3
RV0008898,O0008903,C002882,5,4
RV0017511,O0017520,C001923,5,4
RV0008038,O0008043,C004281,5,5
RV0007346,O0007349,C002099,4,5
RV0022895,O0022905,C001361,5,3
RV0015163,O0015171,C004926,3,5
RV0016792,O0016800,C003757,5,3
RV0020701,O0020711,C001747,5,4
RV0041237,O0041259,C003656,4,3
RV0038350,O0038368,C003984,3,3
RV0023739,O0023749,C000107,4,3
RV0049598,O0049628,C002065,3,5
RV0046259,O0046286,C003146,3,3
RV0043839,O0043863,C004460,4,4
RV0010882,O0010888,C001809,3,3
RV0004350,O0004351,C002421,5,4
RV0049925,O0049955,C001167,4,5
RV0015243,O0015251,C004254,3,4
RV0035212,O0035228,C002355,3,4
RV0012304,O0012311,C001336,5,3
RV0002492,O0002493,C003588,5,3
RV0037452,O0037470,C004203,4,3
RV0003655,O0003656,C002844,5,4
RV0031232,O0031246,C003846,4,3
RV0004869,O0004871,C003070,3,3
RV0043195,O0043219,C001048,5,3
RV0042091,O0042113,C003122,5,4
RV0026742,O0026753,C004400,3,5
RV0020326,O0020336,C001341,4,4
RV0031947,O0031962,C000682,4,5
RV0007922,O0007927,C004502,5,3
RV0033083,O0033098,C002495,3,3
RV0034392,O0034408,C003250,3,3
RV0027239,O0027252,C003283,5,5
RV0009653,O0009658,C004164,3,5
RV0016537,O0016545,C004344,3,4
RV0012357,O0012364,C003653,3,5
RV0037891,O0037909,C000182,4,5
RV0040728,O0040750,C004360,4,5
RV0042319,O0042341,C003766,3,4
RV0039973,O0039994,C003855,5,4
RV0049522,O0049552,C002609,5,3
RV0029647,O0029660,C000036,4,3
RV0032290,O0032305,C004907,5,4
RV0030182,O0030195,C003050,4,4
RV0022248,O0022258,C003585,5,5
RV0033164,O0033179,C004821,5,5
RV0004287,O0004288,C001076,5,5
RV0011965,O0011972,C003179,5,3
RV0030683,O0030696,C000848,3,5
RV0004744,O0004746,C004547,5,3
RV0015415,O0015423,C001449,5,3
RV0012016,O0012023,C002154,3,5
RV0019737,O0019747,C004848,4,3
RV0023639,O0023649,C003187,4,4
RV0012234,O0012241,C000070,4,3
RV0015638,O0015646,C001131,5,5
RV0045723,O0045748,C003349,5,5
RV0009723,O0009728,C000168,5,3
RV0036897,O0036915,C000280,4,4
RV0028726,O0028739,C002633,3,4
RV0004007,O0004008,C004426,5,3
RV0034163,O0034178,C004739,4,5
RV0035572,O0035588,C003582,3,4
RV0001254,O0001255,C004678,5,4
RV0017439,O0017448,C004803,5,5
RV0033006,O0033021,C003888,3,5
RV0019883,O0019893,C000527,3,3
RV0024745,O0024755,C004577,4,4
RV0022665,O0022675,C001410,5,4
RV0043766,O0043790,C000434,5,4
RV0031674,O0031688,C004981,3,3
RV0030919,O0030933,C001400,3,4
RV0027951,O0027964,C001427,4,5
RV0020186,O0020196,C003793,5,5
RV0038981,O0039000,C004964,5,5
RV0021356,O0021366,C004212,3,3
RV0033061,O0033076,C003387,3,5
RV0009601,O0009606,C002634,3,3
RV0029699,O0029712,C001101,4,4
RV0006263,O0006265,C001963,5,5
RV0040010,O0040031,C002710,3,5
RV0000172,O0000173,C000595,3,3
RV0005479,O0005481,C003928,5,5
RV0011815,O0011822,C002457,4,3
RV0036658,O0036676,C001692,5,4
RV0042579,O0042602,C004522,4,4
RV0007875,O0007880,C001788,3,5
RV0023433,O0023443,C003466,5,5
RV0048776,O0048804,C003040,5,5
RV0003448,O0003449,C000581,3,3
RV0044293,O0044317,C000781,4,4
RV0019863,O0019873,C003880,5,3
RV0004625,O0004626,C003984,5,3
RV0023571,O0023581,C003139,4,5
RV0019150,O0019160,C002496,4,5
RV0013340,O0013347,C001244,3,3
RV0028188,O0028201,C002705,3,4
RV0011222,O0011228,C001856,3,3
RV0033618,O0033633,C002487,5,5
RV0033645,O0033660,C001551,3,3
RV0028551,O0028564,C000552,5,4
RV0008014,O0008019,C004249,5,4
RV0032511,O0032526,C003200,4,3
RV0025252,O0025262,C004504,4,4
RV0021898,O0021908,C003047,3,5
RV0038600,O0038619,C002763,4,3
RV0025141,O0025151,C004654,3,5
RV0009397,O0009402,C001524,5,4
RV0001615,O0001616,C002125,5,3
RV0033901,O0033916,C003153,5,5
RV0034589,O0034605,C002680,3,3
RV0046836,O0046863,C002184,4,4
RV0018235,O0018245,C002344,3,4
RV0048258,O0048286,C002878,4,3
RV0038234,O0038252,C002307,5,5
RV0032432,O0032447,C004553,5,3
RV0003397,O0003398,C002591,5,4
RV0006410,O0006413,C002057,3,3
RV0036602,O0036620,C001422,5,3
RV0045211,O0045236,C003478,3,4
RV0030736,O0030750,C000800,3,3
RV0034580,O0034596,C001627,5,3
RV0003694,O0003695,C000807,3,4
RV0037589,O0037607,C003201,4,5
RV0002393,O0002394,C001575,5,5
RV0015375,O0015383,C002748,5,5
RV0021531,O0021541,C004810,3,5
RV0013374,O0013381,C003009,5,5
RV0039925,O0039946,C001282,3,4
RV0018090,O0018100,C004705,5,4
RV0021968,O0021978,C000094,4,4
RV0019985,O0019995,C002031,5,5
RV0046462,O0046489,C004800,3,5
RV0000894,O0000895,C000564,4,3
RV0002903,O0002904,C003254,5,3
RV0008310,O0008315,C004912,5,4
RV0038888,O0038907,C001063,3,4
RV0010452,O0010457,C001968,4,5
RV0013415,O0013422,C001625,5,3
RV0027443,O0027456,C004924,5,5
RV0009839,O0009844,C003574,3,4
RV0001087,O0001088,C004046,3,3
RV0042139,O0042161,C004540,5,3
RV0015556,O0015564,C003503,3,3
RV0040987,O0041009,C001705,3,4
RV0011243,O0011249,C003095,5,3
RV0047324,O0047352,C002301,4,5
RV0038728,O0038747,C002678,5,4
RV0043784,O0043808,C004111,4,5
RV0025214,O0025224,C002908,3,3
RV0001215,O0001216,C000333,4,4
RV0005825,O0005827,C003731,3,4
RV0000346,O0000347,C001837,5,3
RV0023615,O0023625,C004473,5,5
RV0009396,O0009401,C004526,3,3
RV0004418,O0004419,C000837,4,3
RV0027070,O0027082,C003265,4,5
RV0029594,O0029607,C000305,3,3
RV0020779,O0020789,C001527,5,5
RV0038909,O0038928,C001157,5,4
RV0033970,O0033985,C000351,3,5
RV0031698,O0031712,C004649,5,4
RV0034038,O0034053,C000586,3,4
RV0012260,O0012267,C000431,4,5
RV0028875,O0028888,C002580,4,4
RV0004937,O0004939,C001573,4,4
RV0026157,O0026167,C003917,4,4
RV0026755,O0026766,C000219,4,4
RV0005810,O0005812,C003913,3,4
RV0010943,O0010949,C001112,3,5
RV0014978,O0014986,C002500,3,3
RV0043269,O0043293,C002189,5,4
RV0023484,O0023494,C003817,5,4
RV0044296,O0044320,C000972,3,3
RV0036896,O0036914,C001071,3,5
RV0016606,O0016614,C001006,5,3
RV0037811,O0037829,C002939,3,3
RV0036962,O0036980,C004716,4,3
RV0003808,O0003809,C002969,3,5
RV0041640,O0041662,C004419,5,4
RV0018838,O0018848,C003458,5,5
RV0032416,O0032431,C004969,3,5
RV0039179,O0039199,C004117,4,5
RV0024362,O0024372,C003490,5,3
RV0039881,O0039902,C003499,3,5
RV0024872,O0024882,C004577,3,5
RV0028075,O0028088,C004241,5,3
RV0026348,O0026358,C001165,3,4
RV0041774,O0041796,C001132,5,5
RV0002278,O0002279,C000530,5,4
RV0046953,O0046980,C003180,4,5
RV0019602,O0019612,C000751,3,5
RV0004106,O0004107,C000983,3,4
RV0025264,O0025274,C002097,4,4
RV0029017,O0029030,C004051,5,4
RV0010919,O0010925,C001724,3,3
RV0043945,O0043969,C003492,5,3
RV0039146,O0039166,C002549,3,3
RV0029729,O0029742,C000803,3,3
RV0001060,O0001061,C000064,3,4
RV0005124,O0005126,C001822,5,3
RV0035108,O0035124,C003811,3,3
RV0042909,O0042932,C000154,3,4
RV0025672,O0025682,C004060,4,5
RV0027012,O0027023,C002251,3,5
RV0006607,O0006610,C004834,3,3
RV0000133,O0000134,C004727,4,5
RV0035171,O0035187,C002381,4,3
RV0009559,O0009564,C002032,3,4
RV0033512,O0033527,C004781,3,4
RV0030611,O0030624,C002873,3,5
RV0010062,O0010067,C002474,4,3
RV0014553,O0014561,C002727,3,5
RV0035695,O0035711,C002157,3,4
RV0026976,O0026987,C000527,4,4
RV0025824,O0025834,C004982,3,4
RV0035880,O0035896,C004069,4,4
RV0005259,O0005261,C000321,3,3
RV0008737,O0008742,C000660,4,5
RV0043024,O0043048,C003405,4,3
RV0020413,O0020423,C003350,4,5
RV0000379,O0000380,C001423,4,3
RV0025331,O0025341,C000904,5,5
RV0005252,O0005254,C004156,5,3
RV0013401,O0013408,C003442,5,4
RV0036206,O0036224,C002633,5,5
RV0006812,O0006815,C004123,3,3
RV0001937,O0001938,C003093,3,3
RV0027292,O0027305,C002931,5,4
RV0035014,O0035030,C004733,3,3
RV0034726,O0034742,C001886,3,3
RV0005282,O0005284,C001804,4,4
RV0024234,O0024244,C001903,5,5
RV0001676,O0001677,C000734,4,3
RV0007473,O0007477,C000558,5,5
RV0031314,O0031328,C002854,3,3
RV0005689,O0005691,C000431,5,4
RV0042793,O0042816,C001137,4,5
RV0040101,O0040122,C000262,5,3
RV0019271,O0019281,C003548,5,3
RV0046273,O0046300,C002117,3,5
RV0028637,O0028650,C000553,5,3
RV0026115,O0026125,C001514,4,3
RV0023872,O0023882,C001024,4,3
RV0022824,O0022834,C002382,3,3
RV0043555,O0043579,C001300,4,3
RV0002626,O0002627,C000477,3,4
RV0038509,O0038528,C003760,4,3
RV0037263,O0037281,C001780,3,5
RV0018492,O0018502,C002328,4,3
RV0010043,O0010048,C004412,3,3
RV0016804,O0016812,C003382,4,4
RV0032817,O0032832,C002732,3,4
RV0005150,O0005152,C001626,5,4
RV0019092,O0019102,C003414,5,3
RV0029595,O0029608,C001268,3,4
RV0006395,O0006398,C002747,3,5
RV0029861,O0029874,C004603,5,5
RV0021775,O0021785,C004206,5,5
RV0021634,O0021644,C002239,5,3
RV0036979,O0036997,C003600,4,3
RV0018941,O0018951,C004348,4,3
RV0019339,O0019349,C003766,5,5
RV0045428,O0045453,C000339,5,3
RV0029071,O0029084,C003002,3,5
RV0007341,O0007344,C004105,4,3
RV0002405,O0002406,C000606,5,4
RV0035448,O0035464,C004158,4,5
RV0030326,O0030339,C004998,4,5
RV0044193,O0044217,C002621,5,5
RV0044359,O0044383,C000118,4,5
RV0008211,O0008216,C003089,4,5
RV0031536,O0031550,C001240,5,4
RV0018876,O0018886,C003847,4,4
RV0037737,O0037755,C004449,3,5
RV0040326,O0040347,C001963,4,5
RV0009049,O0009054,C000872,3,4
RV0048803,O0048831,C002150,4,4
RV0049051,O0049079,C002370,4,3
RV0037463,O0037481,C003469,4,3
RV0015559,O0015567,C002434,5,5
RV0010353,O0010358,C001564,4,5
RV0002414,O0002415,C004076,3,4
RV0002262,O0002263,C000024,5,3
RV0036816,O0036834,C004380,5,4
RV0043828,O0043852,C004076,4,3
RV0031560,O0031574,C001464,5,3
RV0010152,O0010157,C002413,5,3
RV0026471,O0026482,C001373,5,3
RV0014958,O0014966,C003168,5,5
RV0021886,O0021896,C001048,4,3
RV0034412,O0034428,C000677,5,4
RV0017218,O0017227,C003029,3,4
RV0002540,O0002541,C004851,4,5
RV0048446,O0048474,C001288,5,4
RV0048817,O0048845,C002700,3,4
RV0047547,O0047575,C002816,3,5
RV0006525,O0006528,C000773,3,3
RV0008544,O0008549,C001089,4,3
RV0011155,O0011161,C001550,4,4
RV0019849,O0019859,C001759,5,3
RV0030060,O0030073,C004398,3,4
RV0040797,O0040819,C004427,5,4
RV0001568,O0001569,C004520,5,4
RV0018943,O0018953,C003705,3,4
RV0022091,O0022101,C004139,3,4
RV0004936,O0004938,C002794,4,5
RV0042464,O0042487,C001412,3,3
RV0008513,O0008518,C004929,5,5
RV0036197,O0036215,C001862,3,4
RV0036449,O0036467,C000723,4,3
RV0002967,O0002968,C000263,5,4
RV0049619,O0049649,C002851,5,5
RV0047017,O0047044,C003499,3,3
RV0024165,O0024175,C000220,3,5
RV0021382,O0021392,C001644,5,3
RV0022370,O0022380,C003551,3,5
RV0011644,O0011650,C001779,5,5
RV0019274,O0019284,C001255,4,4
RV0036485,O0036503,C000588,3,3
RV0011191,O0011197,C001341,4,5
RV0015322,O0015330,C002398,3,3
RV0045288,O0045313,C002996,4,3
RV0001672,O0001673,C000980,5,3
RV0036936,O0036954,C003093,3,5
RV0002546,O0002547,C002717,3,3
RV0044735,O0044760,C001236,4,4
RV0027290,O0027303,C003067,3,3
RV0026831,O0026842,C003690,3,3
RV0020985,O0020995,C001425,5,3
RV0007825,O0007830,C001416,3,5
RV0019204,O0019214,C003849,5,4
RV0038561,O0038580,C002266,5,5
RV0025434,O0025444,C001259,3,4
RV0041978,O0042000,C001359,5,5
RV0002536,O0002537,C003559,5,4
RV0003588,O0003589,C000699,3,5
RV0015718,O0015726,C001959,3,3
RV0019392,O0019402,C004236,4,3
RV0014452,O0014460,C003567,3,4
RV0000549,O0000550,C004851,5,3
RV0018358,O0018368,C000057,4,4
RV0023028,O0023038,C000481,5,4
RV0036057,O0036075,C000844,5,4
RV0024200,O0024210,C002352,3,4
RV0030224,O0030237,C002092,3,3
RV0029572,O0029585,C001192,4,3
RV0032426,O0032441,C002321,4,3
RV0036583,O0036601,C002915,5,3
RV0016824,O0016832,C004508,4,4
RV0025644,O0025654,C000925,4,3
RV0012871,O0012878,C003608,4,3
RV0025484,O0025494,C000669,3,5
RV0013015,O0013022,C003502,5,3
RV0032647,O0032662,C004041,5,5
RV0026846,O0026857,C002840,4,4
RV0004004,O0004005,C004966,3,5
RV0028727,O0028740,C000035,3,5
RV0042099,O0042121,C001949,3,4
RV0040606,O0040628,C001048,5,5
RV0025036,O0025046,C000563,5,3
RV0028700,O0028713,C002831,4,3
RV0045261,O0045286,C001357,4,4
RV0048188,O0048216,C004186,5,3
RV0023213,O0023223,C002272,5,4
RV0011990,O0011997,C000443,3,5
RV0041123,O0041145,C001525,5,3
RV0020164,O0020174,C002880,3,3
RV0026774,O0026785,C001531,4,5
RV0028848,O0028861,C003092,5,3
RV0045136,O0045161,C004399,3,3
RV0036597,O0036615,C003931,4,4
RV0000345,O0000346,C000825,3,3
RV0027760,O0027773,C003592,5,5
RV0035458,O0035474,C003774,3,5
RV0016334,O0016342,C000857,4,4
RV0014612,O0014620,C001022,4,5
RV0030202,O0030215,C001593,4,4
RV0037078,O0037096,C004073,5,4
RV0046839,O0046866,C001897,4,3
RV0031172,O0031186,C001630,4,4
RV0012383,O0012390,C004261,3,3
RV0030507,O0030520,C000554,4,3
RV0037279,O0037297,C003430,5,3
RV0010312,O0010317,C004276,4,3
RV0009334,O0009339,C003606,4,5
RV0043557,O0043581,C001168,4,3
RV0008830,O0008835,C001205,5,4
RV0025054,O0025064,C001108,5,4
RV0019315,O0019325,C001572,5,4
RV0014442,O0014450,C002483,3,3
RV0015113,O0015121,C000776,3,5
RV0006147,O0006149,C003989,5,3
RV0041588,O0041610,C003608,3,4
RV0029156,O0029169,C001958,4,4
RV0019927,O0019937,C004775,3,4
RV0038554,O0038573,C004781,4,5
RV0013014,O0013021,C002771,4,3
RV0018579,O0018589,C000191,3,3
RV0003746,O0003747,C002674,3,4
RV0023802,O0023812,C002500,4,3
RV0024268,O0024278,C004195,3,3
RV0007688,O0007692,C004024,5,4
RV0038996,O0039015,C003753,3,3
RV0022823,O0022833,C004709,5,4
RV0033884,O0033899,C004605,3,3
RV0029331,O0029344,C004880,3,3
RV0028571,O0028584,C004326,4,4
RV0001755,O0001756,C001884,5,5
RV0030319,O0030332,C000736,4,3
RV0002501,O0002502,C002323,3,5
RV0006291,O0006293,C001033,3,4
RV0041116,O0041138,C002310,3,3
RV0024013,O0024023,C000248,5,5
RV0027931,O0027944,C000244,3,3
RV0030406,O0030419,C002163,4,3
RV0039537,O0039558,C004806,3,3
RV0020436,O0020446,C000649,3,4
RV0048435,O0048463,C002505,3,5
RV0038423,O0038441,C000960,3,4
RV0012821,O0012828,C002058,4,3
RV0025778,O0025788,C004730,3,3
RV0018652,O0018662,C004918,4,5
RV0024150,O0024160,C004720,5,3
RV0010861,O0010867,C001618,4,3
RV0012705,O0012712,C000756,4,4
RV0032862,O0032877,C004323,4,3
RV0028092,O0028105,C003006,3,4
RV0034115,O0034130,C003551,4,3
RV0004376,O0004377,C003082,3,5
RV0048292,O0048320,C000007,5,5
RV0044833,O0044858,C004689,4,4
RV0034407,O0034423,C004358,4,5
RV0019902,O0019912,C003843,3,4
RV0040421,O0040442,C003456,3,4
RV0025228,O0025238,C004919,5,3
RV0011060,O0011066,C000976,5,5
RV0027513,O0027526,C001158,5,4
RV0029010,O0029023,C002779,4,4
RV0040361,O0040382,C000426,4,5
RV0047127,O0047154,C004609,4,4
RV0021349,O0021359,C000077,4,3
RV0027003,O0027014,C002266,3,5
RV0044135,O0044159,C002623,4,5
RV0020602,O0020612,C001241,3,3
RV0000388,O0000389,C001846,4,5
RV0046525,O0046552,C002763,3,5
RV0036779,O0036797,C001307,4,5
RV0019143,O0019153,C004468,5,3
RV0047314,O0047342,C003757,4,3
RV0046336,O0046363,C003862,3,4
RV0013381,O0013388,C000151,5,4
RV0014156,O0014164,C002964,4,3
RV0000137,O0000138,C000752,3,5
RV0017728,O0017737,C000652,5,3
RV0043904,O0043928,C000528,5,4
RV0028142,O0028155,C004712,4,5
RV0008018,O0008023,C003851,4,5
RV0033360,O0033375,C000795,4,5
RV0014699,O0014707,C000118,3,4
RV0004143,O0004144,C001011,3,3
RV0010581,O0010586,C002652,3,4
RV0006958,O0006961,C002085,3,4
RV0034927,O0034943,C004745,4,5
RV0007293,O0007296,C001853,5,3
RV0008987,O0008992,C004661,5,5
RV0033098,O0033113,C003598,4,4
RV0026476,O0026487,C001411,5,4
RV0044962,O0044987,C000671,4,3
RV0026395,O0026405,C001125,3,3
RV0015287,O0015295,C003876,4,3
RV0032710,O0032725,C000595,4,3
RV0047829,O0047857,C001847,5,4
RV0020076,O0020086,C004029,4,3
RV0033355,O0033370,C003367,4,5
RV0038963,O0038982,C004528,5,3
RV0045168,O0045193,C003218,4,4
RV0038325,O0038343,C004747,3,3
RV0000819,O0000820,C004906,3,5
RV0000046,O0000047,C000593,3,3
RV0025542,O0025552,C001631,5,3
RV0035182,O0035198,C001515,4,3
RV0039653,O0039674,C003659,5,3
RV0043836,O0043860,C000356,4,4
RV0021240,O0021250,C000248,3,5
RV0020037,O0020047,C004670,4,5
RV0025603,O0025613,C001640,3,4
RV0047662,O0047690,C001820,5,5
RV0000603,O0000604,C003184,4,3
RV0005393,O0005395,C002891,5,4
RV0039595,O0039616,C001540,3,3
RV0048867,O0048895,C001174,5,4
RV0019048,O0019058,C002029,5,5
RV0049437,O0049467,C000013,4,5
RV0016230,O0016238,C002860,3,3
RV0042258,O0042280,C000104,5,4
RV0017994,O0018004,C003660,4,4
RV0000222,O0000223,C000985,4,4
RV0027960,O0027973,C002212,4,3
RV0039175,O0039195,C000080,4,3
RV0004989,O0004991,C004474,3,5
RV0042969,O0042992,C000847,3,3
RV0034403,O0034419,C003936,4,4
RV0042659,O0042682,C004973,3,3
RV0000397,O0000398,C001178,3,3
RV0034535,O0034551,C004714,5,5
RV0048549,O0048577,C001948,3,5
RV0018605,O0018615,C001982,5,4
RV0043588,O0043612,C004401,5,4
RV0018808,O0018818,C000053,5,5
RV0010622,O0010627,C000169,5,4
RV0026565,O0026576,C001278,4,4
RV0002639,O0002640,C003147,3,3
RV0046022,O0046048,C001457,3,4
RV0020920,O0020930,C004071,4,5
RV0019685,O0019695,C000863,3,3
RV0002046,O0002047,C002765,5,5
RV0025782,O0025792,C004784,4,3
RV0008667,O0008672,C000257,5,4
RV0008282,O0008287,C004988,5,5
RV0020226,O0020236,C003331,3,5
RV0020211,O0020221,C000770,3,3
RV0040721,O0040743,C000081,4,5
RV0046926,O0046953,C004866,5,3
RV0045611,O0045636,C001261,4,5
RV0022526,O0022536,C004419,3,3
RV0037716,O0037734,C004166,5,3
RV0012560,O0012567,C000908,5,5
RV0010987,O0010993,C000881,3,4
RV0040596,O0040618,C000058,3,5
RV0037547,O0037565,C002558,3,5
RV0046684,O0046711,C004280,4,5
RV0011788,O0011795,C004643,5,5
RV0012960,O0012967,C002081,4,4
RV0038093,O0038111,C001133,5,5
RV0016590,O0016598,C003926,3,3
RV0002456,O0002457,C001657,3,5
RV0028296,O0028309,C002106,4,4
RV0023716,O0023726,C003578,4,4
RV0004812,O0004814,C002823,3,3
RV0036503,O0036521,C003701,5,4
RV0029938,O0029951,C003703,5,5
RV0014428,O0014436,C003375,5,3
RV0022476,O0022486,C001395,3,5
RV0014469,O0014477,C001866,5,5
RV0048603,O0048631,C000559,4,4
RV0025550,O0025560,C004373,4,4
RV0041620,O0041642,C003545,3,3
RV0021701,O0021711,C001449,4,5
RV0021670,O0021680,C003179,4,3
RV0035711,O0035727,C003588,3,3
RV0014265,O0014273,C003852,5,5
RV0033231,O0033246,C001120,3,4
RV0040944,O0040966,C000707,4,3
RV0033596,O0033611,C004211,3,3
RV0014438,O0014446,C001779,3,4
RV0026125,O0026135,C001183,3,5
RV0045980,O0046006,C001641,5,5
RV0021023,O0021033,C004876,5,3
RV0020688,O0020698,C002983,4,4
RV0004505,O0004506,C001179,5,4
RV0013514,O0013521,C001052,4,5
RV0043450,O0043474,C003549,5,4
RV0017989,O0017999,C003035,4,5
RV0009893,O0009898,C002055,3,4
RV0006770,O0006773,C001241,4,5
RV0045898,O0045924,C003601,4,4
RV0016183,O0016191,C000180,4,3
RV0019712,O0019722,C002475,5,4
RV0047590,O0047618,C000004,3,5
RV0045600,O0045625,C001090,4,5
RV0047776,O0047804,C004401,5,3
RV0007186,O0007189,C001764,3,5
RV0041597,O0041619,C001743,5,3
RV0022156,O0022166,C002555,5,4
RV0031160,O0031174,C003220,3,3
RV0005155,O0005157,C001731,4,5
RV0022496,O0022506,C001997,3,3
RV0023881,O0023891,C003590,3,5
RV0017433,O0017442,C002186,3,5
RV0019234,O0019244,C003560,4,5
RV0028089,O0028102,C002136,4,3
RV0031606,O0031620,C001279,3,3
RV0022868,O0022878,C001078,5,5
RV0006562,O0006565,C001438,5,3
RV0026815,O0026826,C001719,4,5
RV0027957,O0027970,C002087,3,4
RV0047206,O0047233,C003813,5,5
RV0023273,O0023283,C000673,5,5
RV0001152,O0001153,C002684,3,5
RV0035499,O0035515,C004471,5,3
RV0001192,O0001193,C003595,5,5
RV0019160,O0019170,C000453,5,3
RV0014412,O0014420,C000546,4,3
RV0049617,O0049647,C004168,3,4
RV0024382,O0024392,C002074,5,3
RV0033920,O0033935,C000824,5,5
RV0049782,O0049812,C003577,3,3
RV0017982,O0017992,C002696,3,3
RV0003379,O0003380,C002422,3,4
RV0011696,O0011703,C001717,3,5
RV0035751,O0035767,C001630,5,4
RV0016200,O0016208,C003898,5,5
RV0040245,O0040266,C002375,4,5
RV0042888,O0042911,C000391,5,3
RV0027752,O0027765,C000723,3,4
RV0049476,O0049506,C003414,5,3
RV0040556,O0040578,C003279,3,3
RV0042717,O0042740,C000370,5,3
RV0022901,O0022911,C002480,5,4
RV0012989,O0012996,C000583,3,3
RV0039114,O0039134,C000852,4,3
RV0038817,O0038836,C002178,4,5
RV0045749,O0045775,C001968,4,3
RV0017980,O0017990,C003593,4,3
RV0045059,O0045084,C002064,5,5
RV0048515,O0048543,C001410,4,5
RV0037373,O0037391,C004231,3,5
RV0043946,O0043970,C002429,3,4
RV0047910,O0047938,C003667,3,5
RV0023269,O0023279,C003833,4,3
RV0030883,O0030897,C004066,3,3
RV0041591,O0041613,C002826,3,3
RV0000272,O0000273,C000742,3,4
RV0012138,O0012145,C000515,4,4
RV0000813,O0000814,C003949,4,4
RV0044459,O0044483,C000758,4,3
RV0006195,O0006197,C000468,3,3
RV0007628,O0007632,C002805,3,5
RV0045552,O0045577,C003049,4,4
RV0004084,O0004085,C001203,4,4
RV0024857,O0024867,C004190,4,3
RV0030043,O0030056,C001457,5,4
RV0041992,O0042014,C003235,4,4
RV0018160,O0018170,C000208,5,3
RV0020310,O0020320,C002161,5,4
RV0027519,O0027532,C003437,3,3
RV0043190,O0043214,C004107,4,3
RV0016851,O0016859,C003700,4,4
RV0031517,O0031531,C001626,4,5
RV0047271,O0047299,C001086,5,5
RV0021030,O0021040,C000004,4,3
RV0005550,O0005552,C003885,3,3
RV0016068,O0016076,C004593,5,4
RV0003341,O0003342,C000248,5,5
RV0031546,O0031560,C002353,4,4
RV0027995,O0028008,C003645,4,4
RV0008903,O0008908,C003377,5,4
RV0029138,O0029151,C001237,4,5
RV0040982,O0041004,C003238,3,3
RV0038711,O0038730,C002514,4,4
RV0028648,O0028661,C001147,4,4
RV0043693,O0043717,C002793,4,4
RV0015637,O0015645,C003893,3,4
RV0010670,O0010675,C000517,3,5
RV0042835,O0042858,C004765,5,4
RV0034671,O0034687,C001623,3,4
RV0037424,O0037442,C001369,5,4
RV0043345,O0043369,C003045,5,5
RV0003690,O0003691,C004012,4,4
RV0047981,O0048009,C001320,5,5
RV0023549,O0023559,C004892,3,3
RV0031628,O0031642,C000727,3,4
RV0010032,O0010037,C003432,4,4
RV0034216,O0034231,C001047,3,4
RV0001686,O0001687,C004748,5,4
RV0031325,O0031339,C004935,5,5
RV0009220,O0009225,C001354,5,4
RV0035938,O0035955,C002271,3,4
RV0029828,O0029841,C001306,4,4
RV0000539,O0000540,C003672,5,3
RV0039846,O0039867,C000371,3,3
RV0048143,O0048171,C002003,4,5
RV0002685,O0002686,C004882,5,5
RV0049922,O0049952,C001588,5,3
RV0015929,O0015937,C002784,5,4
RV0000537,O0000538,C002421,5,3
RV0012311,O0012318,C004541,5,3
RV0043020,O0043044,C004985,5,5
RV0020879,O0020889,C002429,5,5
RV0001006,O0001007,C000196,4,5
RV0026538,O0026549,C002829,5,3
RV0026787,O0026798,C003420,5,4
RV0004534,O0004535,C001256,3,4
RV0032669,O0032684,C000858,5,3
RV0015241,O0015249,C001872,3,3
RV0039617,O0039638,C004160,4,3
RV0030014,O0030027,C002991,4,3
RV0038306,O0038324,C001006,3,3
RV0036474,O0036492,C000282,3,3
RV0015912,O0015920,C001654,4,4
RV0048249,O0048277,C003472,4,3
RV0048728,O0048756,C001078,5,3
RV0011791,O0011798,C003611,3,4
RV0005527,O0005529,C004955,3,5
RV0044212,O0044236,C001026,4,3
RV0024095,O0024105,C003219,5,5
RV0005464,O0005466,C004558,5,5
RV0023041,O0023051,C004801,5,5
RV0043435,O0043459,C004812,4,3
RV0007996,O0008001,C004946,3,5
RV0040083,O0040104,C004423,3,5
RV0028249,O0028262,C004433,3,5
RV0005332,O0005334,C000609,5,3
RV0045226,O0045251,C004266,4,5
RV0049439,O0049469,C002835,3,4
RV0008809,O0008814,C000291,3,4
RV0023496,O0023506,C001796,5,3
RV0037015,O0037033,C004670,5,3
RV0049964,O0049994,C000648,4,5
RV0015822,O0015830,C001504,3,5
RV0046570,O0046597,C003671,5,3
RV0009124,O0009129,C001061,3,4
RV0012841,O0012848,C000375,4,5
RV0015826,O0015834,C002636,5,5
RV0021335,O0021345,C004191,3,3
RV0018251,O0018261,C001980,4,5
RV0033813,O0033828,C001525,4,3
RV0015974,O0015982,C001033,4,4
RV0014113,O0014121,C004483,4,5
RV0047751,O0047779,C000503,3,3
RV0038943,O0038962,C004945,5,3
RV0043817,O0043841,C000690,4,4
RV0043439,O0043463,C002252,3,3
RV0031814,O0031828,C004510,4,4
RV0009499,O0009504,C000044,4,5
RV0030380,O0030393,C004427,5,3
RV0002707,O0002708,C004637,3,3
RV0029497,O0029510,C001544,5,3
RV0047644,O0047672,C000808,5,5
RV0032351,O0032366,C001572,5,5
RV0032823,O0032838,C003129,5,3
RV0044235,O0044259,C001792,4,4
RV0037047,O0037065,C001540,5,4
RV0001921,O0001922,C003702,4,5
RV0044189,O0044213,C001306,3,4
RV0029228,O0029241,C000361,5,3
RV0016262,O0016270,C001014,5,5
RV0031983,O0031998,C001776,3,3
RV0013330,O0013337,C000187,4,3
RV0046796,O0046823,C003500,5,5
RV0014490,O0014498,C001660,4,5
RV0034749,O0034765,C004074,4,3
RV0003964,O0003965,C002226,3,5
RV0002855,O0002856,C004204,4,3
RV0006626,O0006629,C003643,4,5
RV0010198,O0010203,C002983,5,3
RV0015205,O0015213,C004369,5,4
RV0013085,O0013092,C000506,3,3
RV0021595,O0021605,C002698,4,5
RV0043661,O0043685,C002096,5,5
RV0015220,O0015228,C001179,5,4
RV0001527,O0001528,C002139,4,5
RV0014798,O0014806,C000125,3,3
RV0018387,O0018397,C004577,4,4
RV0039020,O0039039,C002672,3,3
RV0036677,O0036695,C004872,5,5
RV0039369,O0039389,C001722,4,3
RV0043737,O0043761,C000839,5,3
RV0015488,O0015496,C003843,5,4
RV0013639,O0013646,C004639,4,4
RV0009089,O0009094,C000837,5,3
RV0023206,O0023216,C001733,4,4
RV0021444,O0021454,C002585,3,3
RV0047736,O0047764,C001430,4,5
RV0042012,O0042034,C001880,3,5
RV0013617,O0013624,C002233,5,4
RV0014943,O0014951,C004610,3,5
RV0006239,O0006241,C004890,3,5
RV0038575,O0038594,C004035,3,5
RV0020503,O0020513,C003604,5,4
RV0035829,O0035845,C000391,4,3
RV0010601,O0010606,C004339,5,5
RV0002764,O0002765,C000547,5,4
RV0019383,O0019393,C001197,3,3
RV0028574,O0028587,C003269,5,5
RV0011448,O0011454,C000411,4,5
RV0043680,O0043704,C003282,3,3
RV0007574,O0007578,C002332,4,5
RV0022989,O0022999,C003793,4,5
RV0048743,O0048771,C000219,3,4
RV0007742,O0007747,C004141,5,3
RV0049238,O0049267,C000400,3,5
RV0045991,O0046017,C002545,4,4
RV0012885,O0012892,C004601,5,3
RV0047051,O0047078,C003225,3,3
RV0043703,O0043727,C004359,3,4
RV0007993,O0007998,C000946,3,4
RV0028843,O0028856,C003880,4,5
RV0032321,O0032336,C003536,4,5
RV0015342,O0015350,C004515,4,4
RV0044964,O0044989,C003682,4,3
RV0045260,O0045285,C004822,4,5
RV0044016,O0044040,C001110,3,4
RV0017120,O0017128,C002719,5,4
RV0032883,O0032898,C003205,5,4
RV0027630,O0027643,C002848,3,4
RV0031686,O0031700,C002770,4,3
RV0040900,O0040922,C001740,5,4
RV0024711,O0024721,C000853,3,4
RV0037357,O0037375,C001201,5,5
RV0010124,O0010129,C002933,5,4
RV0010186,O0010191,C003305,3,4
RV0030179,O0030192,C002488,3,4
RV0028435,O0028448,C002544,4,3
RV0044005,O0044029,C003627,5,3
RV0031867,O0031882,C001400,5,3
RV0014627,O0014635,C003640,5,3
RV0032691,O0032706,C004511,4,3
RV0006504,O0006507,C001513,4,5
RV0029951,O0029964,C000647,4,5
RV0024115,O0024125,C004135,5,3
RV0013332,O0013339,C002725,5,4
RV0037649,O0037667,C000953,5,5
RV0027238,O0027251,C000780,4,4
RV0004220,O0004221,C002107,5,5
RV0002545,O0002546,C004848,3,5
RV0001482,O0001483,C004271,5,4
RV0038173,O0038191,C001428,5,3
RV0032680,O0032695,C003315,5,3
RV0037432,O0037450,C004301,4,3
RV0023024,O0023034,C004248,3,3
RV0011922,O0011929,C003291,5,3
RV0022747,O0022757,C003298,5,5
RV0029083,O0029096,C001928,4,5
RV0024428,O0024438,C001469,4,4
RV0002950,O0002951,C000214,4,5
RV0007510,O0007514,C000295,5,3
RV0048025,O0048053,C000513,5,4
RV0037319,O0037337,C001353,4,4
RV0038086,O0038104,C001851,3,4
RV0016155,O0016163,C002669,4,5
RV0019367,O0019377,C004918,3,4
RV0033784,O0033799,C003137,5,3
RV0039055,O0039074,C004501,5,3
RV0027955,O0027968,C003521,3,4
RV0046493,O0046520,C003112,4,3
RV0026688,O0026699,C002392,3,5
RV0045300,O0045325,C004333,3,5
RV0003014,O0003015,C003000,4,3
RV0008634,O0008639,C002146,4,5
RV0044346,O0044370,C000588,3,4
RV0033855,O0033870,C003260,3,5
RV0017146,O0017154,C002621,3,4
RV0045965,O0045991,C000294,3,4
RV0044469,O0044493,C001698,4,3
RV0013241,O0013248,C003421,3,5
RV0001280,O0001281,C004005,4,4
RV0026912,O0026923,C002070,3,5
RV0039167,O0039187,C001159,4,4
RV0003819,O0003820,C001501,4,4
RV0016807,O0016815,C002190,4,5
RV0020686,O0020696,C004249,4,5
RV0043053,O0043077,C003831,4,3
RV0018488,O0018498,C003829,5,3
RV0002292,O0002293,C004812,3,4
RV0040247,O0040268,C004127,3,4
RV0016502,O0016510,C000584,3,3
RV0031118,O0031132,C000060,4,5
RV0002973,O0002974,C001962,5,4
RV0015265,O0015273,C004063,3,3
RV0045426,O0045451,C004430,3,4
RV0013070,O0013077,C004788,3,3
RV0034006,O0034021,C003258,3,5
RV0028148,O0028161,C001601,5,5
RV0027049,O0027061,C000505,4,3
RV0033860,O0033875,C004833,3,4
RV0006045,O0006047,C000989,4,5
RV0021155,O0021165,C002042,5,3
RV0032992,O0033007,C004635,3,3
RV0012079,O0012086,C001807,4,5
RV0047672,O0047700,C001007,4,3
RV0028910,O0028923,C002719,3,5
RV0030878,O0030892,C004530,5,5
RV0019967,O0019977,C002429,5,3
RV0047325,O0047353,C002864,3,3
RV0041997,O0042019,C000924,4,3
RV0009363,O0009368,C001389,5,5
RV0019961,O0019971,C002565,3,4
RV0024669,O0024679,C001109,3,3
RV0011469,O0011475,C003302,5,5
RV0040737,O0040759,C000355,5,5
RV0031101,O0031115,C004674,3,4
RV0001838,O0001839,C003609,5,5
RV0002341,O0002342,C003896,3,4
RV0015865,O0015873,C003792,4,5
RV0008184,O0008189,C004751,3,4
RV0034308,O0034323,C004757,3,5
RV0045376,O0045401,C004174,4,3
RV0008873,O0008878,C004242,3,3
RV0046656,O0046683,C000229,3,5
RV0003313,O0003314,C003465,3,4
RV0019348,O0019358,C004296,3,4
RV0026005,O0026015,C002688,5,5
RV0034236,O0034251,C004954,4,3
RV0021124,O0021134,C001927,3,5
RV0045736,O0045762,C000058,5,5
RV0015490,O0015498,C004257,5,4
RV0047053,O0047080,C003451,5,3
RV0032255,O0032270,C001149,4,4
RV0003427,O0003428,C004584,4,4
RV0038588,O0038607,C004892,4,3
RV0022952,O0022962,C003548,5,4
RV0007395,O0007399,C004489,4,4
RV0032393,O0032408,C003621,4,4
RV0022087,O0022097,C001863,4,3
RV0039264,O0039284,C004592,5,3
RV0027972,O0027985,C003483,3,5
RV0040796,O0040818,C000153,4,3
RV0030687,O0030700,C004778,5,5
RV0047684,O0047712,C002988,3,4
RV0034106,O0034121,C003112,4,3
RV0012093,O0012100,C004664,4,5
RV0013940,O0013948,C001324,5,5
RV0044590,O0044615,C002852,3,4
RV0048656,O0048684,C005000,3,4
RV0033255,O0033270,C004862,5,3
RV0033597,O0033612,C004336,4,3
RV0036079,O0036097,C001806,4,5
RV0011430,O0011436,C000975,4,5
RV0004498,O0004499,C004502,5,5
RV0036571,O0036589,C002915,3,4
RV0006494,O0006497,C003392,4,3
RV0003234,O0003235,C001207,3,4
RV0034901,O0034917,C001694,4,5
RV0027538,O0027551,C001986,4,3
RV0033999,O0034014,C003083,3,5
RV0033842,O0033857,C002667,3,3
RV0024779,O0024789,C000011,3,3
RV0044408,O0044432,C001107,3,5
RV0014349,O0014357,C003717,4,4
RV0015519,O0015527,C000779,4,4
RV0004774,O0004776,C002041,5,4
RV0028463,O0028476,C002247,5,5
RV0003874,O0003875,C000474,5,4
RV0018699,O0018709,C001786,4,4
RV0024460,O0024470,C002337,3,3
RV0047346,O0047374,C004622,5,4
RV0035466,O0035482,C004882,5,4
RV0008509,O0008514,C004094,5,5
RV0012684,O0012691,C004119,5,4
RV0025263,O0025273,C000993,3,4
RV0007570,O0007574,C002786,5,3
RV0022283,O0022293,C000391,4,3
RV0025546,O0025556,C000221,4,3
RV0043359,O0043383,C002741,3,3
RV0010455,O0010460,C003806,4,3
RV0007889,O0007894,C003737,5,5
RV0048677,O0048705,C004544,4,4
RV0006419,O0006422,C000834,5,3
RV0038822,O0038841,C004186,3,3
RV0020364,O0020374,C004633,4,4
RV0041391,O0041413,C000781,5,5
RV0008422,O0008427,C001455,5,5
RV0027745,O0027758,C004895,3,4
RV0034876,O0034892,C004912,3,5
RV0005337,O0005339,C000131,3,3
RV0019788,O0019798,C000265,4,4
RV0047071,O0047098,C003297,5,3
RV0001805,O0001806,C001355,3,4
RV0009177,O0009182,C004138,4,4
RV0036029,O0036047,C001265,5,4
RV0032810,O0032825,C000365,3,5
RV0006249,O0006251,C001541,5,4
RV0032421,O0032436,C001137,4,4
RV0008591,O0008596,C004499,5,3
RV0012133,O0012140,C004211,4,4
RV0034621,O0034637,C004192,4,4
RV0042353,O0042375,C001138,4,3
RV0023008,O0023018,C001974,5,4
RV0012519,O0012526,C000668,4,4
RV0045479,O0045504,C003968,3,3
RV0015877,O0015885,C000965,3,5
RV0023623,O0023633,C000224,3,5
RV0042117,O0042139,C000855,3,4
RV0028829,O0028842,C003540,4,5
RV0002127,O0002128,C002076,4,3
RV0008051,O0008056,C004756,3,3
RV0029067,O0029080,C003783,5,4
RV0002572,O0002573,C004822,4,5
RV0007934,O0007939,C004170,3,5
RV0018244,O0018254,C003225,5,3
RV0041608,O0041630,C003001,4,3
RV0008151,O0008156,C002233,5,5
RV0044097,O0044121,C000753,3,4
RV0014844,O0014852,C004311,5,3
RV0038566,O0038585,C002437,5,5
RV0035492,O0035508,C002516,3,5
RV0008146,O0008151,C003821,5,5
RV0022752,O0022762,C001440,5,5
RV0005168,O0005170,C000304,4,5
RV0007178,O0007181,C000926,4,5
RV0004184,O0004185,C001890,5,4
RV0029462,O0029475,C004653,3,5
RV0043491,O0043515,C003913,4,4
RV0012493,O0012500,C001020,5,3
RV0010721,O0010726,C004145,5,3
RV0025133,O0025143,C003765,3,5
RV0034863,O0034879,C000714,4,4
RV0023670,O0023680,C003867,4,5
RV0048689,O0048717,C004306,5,5
RV0042339,O0042361,C001164,5,3
RV0042462,O0042485,C003448,4,4
RV0023156,O0023166,C003648,5,4
RV0018860,O0018870,C003671,4,5
RV0027137,O0027149,C004409,4,3
RV0029973,O0029986,C004862,5,5
RV0009252,O0009257,C004959,3,4
RV0047154,O0047181,C001464,4,3
RV0023254,O0023264,C002389,3,5
RV0011935,O0011942,C000027,3,5
RV0032842,O0032857,C003420,3,5
RV0023990,O0024000,C003511,4,4
RV0039845,O0039866,C003037,4,4
RV0008432,O0008437,C001418,4,5
RV0000355,O0000356,C002929,4,4
RV0014106,O0014114,C002102,5,5
RV0041921,O0041943,C002791,5,3
RV0043185,O0043209,C002530,5,5
RV0047354,O0047382,C001573,4,3
RV0041333,O0041355,C001881,3,5
RV0029446,O0029459,C003582,5,4
RV0041245,O0041267,C002698,5,3
RV0027031,O0027043,C001593,5,5
RV0007011,O0007014,C002180,5,3
RV0041615,O0041637,C001124,4,4
RV0043274,O0043298,C000226,4,3
RV0028808,O0028821,C004904,3,5
RV0049543,O0049573,C002517,4,3
RV0008395,O0008400,C003293,3,4
RV0010356,O0010361,C003040,5,3
RV0025268,O0025278,C003500,5,5
RV0027612,O0027625,C004740,3,4
RV0008979,O0008984,C002090,3,5
RV0046008,O0046034,C002405,3,4
RV0034679,O0034695,C002265,4,5
RV0017442,O0017451,C002953,3,5
RV0010836,O0010842,C002860,4,5
RV0031989,O0032004,C002500,4,5
RV0033791,O0033806,C001534,5,3
RV0009090,O0009095,C002546,3,4
RV0035407,O0035423,C003940,4,3
RV0048241,O0048269,C001733,3,3
RV0020931,O0020941,C002817,5,3
RV0033254,O0033269,C002559,4,5
RV0007898,O0007903,C000945,5,3
RV0044336,O0044360,C002547,5,5
RV0006126,O0006128,C002253,3,3
RV0008459,O0008464,C003935,5,3
RV0021867,O0021877,C002778,5,3
RV0044839,O0044864,C000978,3,5
RV0047774,O0047802,C000892,5,5
RV0014445,O0014453,C004554,3,3
RV0029995,O0030008,C002161,3,3
RV0020723,O0020733,C001814,5,3
RV0012013,O0012020,C002049,3,5
RV0005786,O0005788,C002544,5,4
RV0016642,O0016650,C002544,5,5
RV0031754,O0031768,C002588,4,3
RV0028068,O0028081,C002546,5,4
RV0018899,O0018909,C001158,5,5
RV0007204,O0007207,C004288,5,3
RV0023209,O0023219,C004091,3,3
RV0034486,O0034502,C003492,4,4
RV0029244,O0029257,C001889,3,3
RV0045169,O0045194,C000056,3,3
RV0035895,O0035911,C000839,3,3
RV0033432,O0033447,C000881,3,4
RV0036600,O0036618,C003024,5,3
RV0014236,O0014244,C004943,5,4
RV0006909,O0006912,C000719,3,5
RV0017265,O0017274,C004897,5,3
RV0020060,O0020070,C001006,3,5
RV0038887,O0038906,C004616,3,3
RV0040883,O0040905,C004011,5,5
RV0009154,O0009159,C004659,5,3
RV0007979,O0007984,C003829,3,3
RV0010925,O0010931,C004142,4,4
RV0026600,O0026611,C001146,4,4
RV0029403,O0029416,C004196,3,3
RV0020847,O0020857,C003473,5,3
RV0037010,O0037028,C003213,3,4
RV0037342,O0037360,C003619,5,4
RV0007171,O0007174,C004658,3,4
RV0000575,O0000576,C003615,3,3
RV0007348,O0007351,C003063,3,5
RV0042427,O0042449,C004133,5,4
RV0035295,O0035311,C000613,5,5
RV0028969,O0028982,C003094,3,5
RV0034658,O0034674,C004255,3,3
RV0041826,O0041848,C003470,3,4
RV0015895,O0015903,C000550,3,5
RV0006906,O0006909,C001899,4,5
RV0036329,O0036347,C000572,5,5
RV0009707,O0009712,C000706,3,5
RV0038883,O0038902,C004352,3,5
RV0018900,O0018910,C001727,5,4
RV0010088,O0010093,C001286,3,3
RV0018003,O0018013,C003326,5,5
RV0037722,O0037740,C001729,3,5
RV0004209,O0004210,C002242,4,3
RV0023933,O0023943,C003941,3,3
RV0022182,O0022192,C002102,5,4
RV0038105,O0038123,C004149,5,3
RV0022295,O0022305,C004182,3,3
RV0039268,O0039288,C003756,4,3
RV0039492,O0039513,C001210,5,4
RV0036650,O0036668,C000255,3,3
RV0012709,O0012716,C001789,4,4
RV0044219,O0044243,C000636,4,5
RV0000099,O0000100,C002161,3,3
RV0007859,O0007864,C002459,3,3
RV0025455,O0025465,C004952,5,3
RV0027980,O0027993,C004098,5,5
RV0025598,O0025608,C003410,5,3
RV0029826,O0029839,C001178,5,3
RV0045725,O0045750,C003073,4,4
RV0003903,O0003904,C002714,4,3
RV0047141,O0047168,C004005,5,3
RV0031143,O0031157,C003559,3,3
RV0038123,O0038141,C002912,3,5
RV0014243,O0014251,C000161,3,3
RV0039659,O0039680,C003881,3,5
RV0009295,O0009300,C002753,3,3
RV0022000,O0022010,C001474,4,4
RV0043983,O0044007,C002853,5,4
RV0039840,O0039861,C001483,5,3
RV0006867,O0006870,C003562,4,5
RV0031643,O0031657,C000897,5,4
RV0009193,O0009198,C003938,5,5
RV0005658,O0005660,C004803,5,5
RV0010470,O0010475,C000228,4,3
RV0024688,O0024698,C001799,5,3
RV0003787,O0003788,C000728,3,4
RV0004688,O0004689,C002790,5,3
RV0030192,O0030205,C002935,5,3
RV0045507,O0045532,C000131,3,3
RV0003966,O0003967,C004202,3,3
RV0034081,O0034096,C004425,3,3
RV0032557,O0032572,C003089,3,3
RV0014654,O0014662,C003312,4,3
RV0045863,O0045889,C004579,3,4
RV0038613,O0038632,C001909,5,5
RV0048777,O0048805,C001797,3,5
RV0013445,O0013452,C001168,3,3
RV0009153,O0009158,C002940,5,4
RV0032863,O0032878,C001559,5,4
RV0048318,O0048346,C003132,5,4
RV0049006,O0049034,C003257,3,4
RV0019328,O0019338,C001125,5,4
RV0038845,O0038864,C002363,5,5
RV0041122,O0041144,C004935,4,3
RV0015710,O0015718,C004268,5,5
RV0027161,O0027173,C004194,5,3
RV0045840,O0045866,C002939,3,5
RV0039847,O0039868,C003068,3,5
RV0024602,O0024612,C004571,3,4
RV0049044,O0049072,C003593,3,5
RV0044403,O0044427,C001304,3,4
RV0035392,O0035408,C004672,5,5
RV0042619,O0042642,C002404,5,5
RV0008866,O0008871,C003982,4,3
RV0005477,O0005479,C002720,5,3
RV0045821,O0045847,C002005,5,5
RV0043567,O0043591,C000110,3,3
RV0023455,O0023465,C001718,3,4
RV0034630,O0034646,C004038,3,4
RV0031623,O0031637,C000687,4,5
RV0017512,O0017521,C001343,5,3
RV0014324,O0014332,C003015,4,3
RV0043426,O0043450,C003816,4,3
RV0029460,O0029473,C002018,5,4
RV0042654,O0042677,C000256,5,3
RV0037582,O0037600,C003955,5,5
RV0018306,O0018316,C000541,5,4
RV0049499,O0049529,C000816,3,3
RV0042906,O0042929,C000089,5,5
RV0046799,O0046826,C003668,4,3
RV0043478,O0043502,C004670,3,5
RV0014483,O0014491,C000115,4,3
RV0011339,O0011345,C004814,3,5
RV0039334,O0039354,C003203,4,3
RV0029939,O0029952,C001787,3,4
RV0045362,O0045387,C004781,4,3
RV0002256,O0002257,C003884,3,5
RV0047390,O0047418,C001900,3,3
RV0010710,O0010715,C004830,4,5
RV0014020,O0014028,C002038,3,5
RV0012430,O0012437,C003255,5,3
RV0044061,O0044085,C003159,3,4
RV0036867,O0036885,C003773,3,5
RV0038224,O0038242,C004881,3,5
RV0002948,O0002949,C004020,3,5
RV0018034,O0018044,C002303,3,5
RV0027438,O0027451,C001292,5,4
RV0025684,O0025694,C001503,4,3
RV0031734,O0031748,C003465,5,3
RV0045969,O0045995,C004661,3,3
RV0044564,O0044589,C003793,5,4
RV0031114,O0031128,C000727,5,4
RV0029096,O0029109,C004954,5,5
RV0029002,O0029015,C001114,3,4
RV0008462,O0008467,C000547,3,5
RV0044651,O0044676,C004370,3,3
RV0007924,O0007929,C003398,4,4
RV0037989,O0038007,C002250,5,3
RV0042705,O0042728,C004463,5,3
RV0016627,O0016635,C003122,5,4
RV0041499,O0041521,C002351,4,3
RV0032892,O0032907,C000858,4,3
RV0032579,O0032594,C003114,3,4
RV0007872,O0007877,C003158,5,3
RV0024319,O0024329,C003184,3,5
RV0030359,O0030372,C001821,4,5
RV0010594,O0010599,C000231,4,5
RV0029101,O0029114,C000322,5,3
RV0003989,O0003990,C004874,5,5
RV0035445,O0035461,C004857,5,5
RV0024865,O0024875,C003056,3,4
RV0020740,O0020750,C002073,5,4
RV0010887,O0010893,C001277,3,3
RV0036645,O0036663,C001754,4,3
RV0022269,O0022279,C004211,3,5
RV0026047,O0026057,C004257,3,3
RV0013772,O0013779,C001254,4,5
RV0048115,O0048143,C004527,4,5
RV0005416,O0005418,C000006,4,5
RV0019292,O0019302,C001457,4,4
RV0019678,O0019688,C000645,3,5
RV0034310,O0034325,C003030,3,3
RV0047223,O0047251,C002916,3,4
RV0014422,O0014430,C004755,3,5
RV0007495,O0007499,C001403,3,5
RV0007022,O0007025,C002095,5,5
RV0012221,O0012228,C001427,5,3
RV0007103,O0007106,C002900,5,4
RV0022346,O0022356,C000571,5,4
RV0003496,O0003497,C003892,3,4
RV0015406,O0015414,C003071,5,3
RV0018833,O0018843,C002039,4,4
RV0014882,O0014890,C000387,3,4
RV0045728,O0045754,C001224,3,3
RV0038120,O0038138,C001647,3,4
RV0032444,O0032459,C001894,4,5
RV0017191,O0017199,C003523,4,4
RV0030732,O0030746,C004993,5,5
RV0045023,O0045048,C003580,5,3
RV0037364,O0037382,C000575,4,4
RV0047584,O0047612,C002939,3,4
RV0005514,O0005516,C002474,5,5
RV0039630,O0039651,C004595,3,3
RV0001873,O0001874,C002873,4,5
RV0003637,O0003638,C001454,4,3
RV0028897,O0028910,C000173,5,5
RV0025811,O0025821,C002616,5,5
RV0041598,O0041620,C000547,5,5
RV0020296,O0020306,C000250,5,3
RV0022103,O0022113,C004337,3,4
RV0027625,O0027638,C003887,5,3
RV0047668,O0047696,C002981,3,3
RV0005317,O0005319,C000133,4,4
RV0029094,O0029107,C001047,4,5
RV0018920,O0018930,C002749,5,3
RV0026615,O0026626,C000707,3,4
RV0004716,O0004717,C001318,5,3
RV0039663,O0039684,C003692,4,4
RV0005472,O0005474,C004615,4,4
RV0037612,O0037630,C000161,4,4
RV0007917,O0007922,C004136,5,4
RV0041471,O0041493,C004858,5,5
RV0022971,O0022981,C001325,4,3
RV0044331,O0044355,C001184,4,5
RV0010174,O0010179,C003238,4,5
RV0028309,O0028322,C001695,3,3
RV0037109,O0037127,C002217,4,3
RV0042601,O0042624,C004917,4,4
RV0036961,O0036979,C000639,4,4
RV0000270,O0000271,C004329,3,4
RV0038208,O0038226,C004352,4,4
RV0035061,O0035077,C004884,3,4
RV0032162,O0032177,C001729,5,3
RV0042900,O0042923,C004565,4,5
RV0044084,O0044108,C002603,5,3
RV0043051,O0043075,C002825,5,5
RV0033003,O0033018,C003435,5,5
RV0032144,O0032159,C003258,5,5
RV0049495,O0049525,C002435,4,5
RV0043720,O0043744,C004030,4,5
RV0006455,O0006458,C004671,3,5
RV0013402,O0013409,C003704,3,4
RV0001923,O0001924,C004484,5,4
RV0011510,O0011516,C004809,4,4
RV0036428,O0036446,C004859,4,3
RV0010642,O0010647,C000586,5,3
RV0033643,O0033658,C004568,5,3
RV0032636,O0032651,C004262,4,3
RV0037491,O0037509,C002340,3,4
RV0004109,O0004110,C003373,5,4
RV0014723,O0014731,C000304,5,3
RV0027539,O0027552,C001513,3,3
RV0032588,O0032603,C003862,4,4
RV0008213,O0008218,C003356,4,4
RV0024620,O0024630,C001215,5,4
RV0025126,O0025136,C004696,4,3
RV0035265,O0035281,C002579,3,4
RV0043376,O0043400,C004436,5,5
RV0008292,O0008297,C003108,3,3
RV0030446,O0030459,C000385,4,5
RV0029397,O0029410,C001824,5,4
RV0006436,O0006439,C001625,4,3
RV0043186,O0043210,C002522,5,5
RV0044723,O0044748,C000843,3,5
RV0004121,O0004122,C000232,5,3
RV0046834,O0046861,C001081,4,4
RV0014647,O0014655,C004025,3,5
RV0007075,O0007078,C000081,5,3
RV0002033,O0002034,C000891,4,4
RV0048324,O0048352,C004552,4,3
RV0000685,O0000686,C003199,3,4
RV0044494,O0044518,C003602,5,5
RV0025171,O0025181,C003469,4,5
RV0004002,O0004003,C001344,5,3
RV0027419,O0027432,C000221,4,5
RV0012361,O0012368,C001021,5,5
RV0041466,O0041488,C002868,5,5
RV0049904,O0049934,C000050,4,4
RV0019470,O0019480,C003655,3,5
RV0011800,O0011807,C002700,3,3
RV0009517,O0009522,C003222,4,5
RV0007136,O0007139,C003956,3,5
RV0038610,O0038629,C000165,5,3
RV0022917,O0022927,C004222,4,3
RV0006248,O0006250,C003039,3,4
RV0045810,O0045836,C000611,3,4
RV0006744,O0006747,C004407,4,4
RV0007850,O0007855,C004043,3,4
RV0018759,O0018769,C003542,3,5
RV0041405,O0041427,C001729,4,4
RV0004802,O0004804,C003919,5,5
RV0003517,O0003518,C002902,4,5
RV0033185,O0033200,C002776,4,3
RV0045791,O0045817,C003512,5,4
RV0045784,O0045810,C003948,4,4
RV0029221,O0029234,C001762,3,4
RV0010160,O0010165,C002476,5,3
RV0019864,O0019874,C004483,5,4
RV0016660,O0016668,C002046,3,5
RV0003478,O0003479,C001586,3,3
RV0017720,O0017729,C000339,5,4
RV0015503,O0015511,C003355,3,4
RV0020375,O0020385,C001674,5,3
RV0040705,O0040727,C002707,4,5
RV0005659,O0005661,C002622,4,5
RV0002201,O0002202,C003257,4,3
RV0020285,O0020295,C000196,3,5
RV0026851,O0026862,C001054,3,3
RV0012346,O0012353,C002813,5,3
RV0032105,O0032120,C001235,3,3
RV0040565,O0040587,C002201,5,4
RV0018039,O0018049,C003483,5,4
RV0048047,O0048075,C003370,4,5
RV0000269,O0000270,C000106,4,4
RV0049560,O0049590,C003078,3,5
RV0040824,O0040846,C001151,3,3
RV0035203,O0035219,C000607,5,4
RV0000177,O0000178,C001786,3,3
RV0024334,O0024344,C004654,5,5
RV0023378,O0023388,C000143,3,3
RV0044927,O0044952,C004024,3,5
RV0032366,O0032381,C000345,3,5
RV0035235,O0035251,C003870,3,5
RV0027165,O0027177,C002383,3,5
RV0048303,O0048331,C000335,3,4
RV0021149,O0021159,C004482,5,3
RV0031911,O0031926,C002044,3,3
RV0039940,O0039961,C004423,5,3
RV0020882,O0020892,C003340,4,3
RV0004842,O0004844,C002614,4,5
RV0028626,O0028639,C001749,5,3
RV0048505,O0048533,C001131,4,3
RV0032589,O0032604,C003870,4,5
RV0014072,O0014080,C002731,3,5
RV0005135,O0005137,C001892,3,5
RV0007768,O0007773,C002131,5,4
RV0037988,O0038006,C000627,3,3
RV0022132,O0022142,C000922,3,4
RV0034688,O0034704,C004747,3,5
RV0032189,O0032204,C002208,5,3
RV0029622,O0029635,C004780,5,4
RV0049580,O0049610,C003391,3,4
RV0029683,O0029696,C004217,3,5
RV0000912,O0000913,C004331,3,5
RV0043209,O0043233,C004669,4,5
RV0010061,O0010066,C001970,5,5
RV0036154,O0036172,C003135,3,3
RV0019582,O0019592,C000880,5,3
RV0024581,O0024591,C004219,5,4
RV0032036,O0032051,C002369,4,5
RV0028125,O0028138,C002049,4,3
RV0015336,O0015344,C001064,4,3
RV0006876,O0006879,C002100,4,5
RV0041038,O0041060,C001073,5,4
RV0012585,O0012592,C002154,3,3
RV0049232,O0049261,C001740,5,3
RV0000622,O0000623,C004987,5,4
RV0027864,O0027877,C003671,3,5
RV0049874,O0049904,C004290,3,4
RV0049446,O0049476,C002937,4,5
RV0008878,O0008883,C000874,4,3
RV0002287,O0002288,C002405,4,5
RV0045947,O0045973,C001553,3,3
RV0043710,O0043734,C001817,4,3
RV0018470,O0018480,C003055,4,4
RV0009703,O0009708,C002607,4,5
RV0023695,O0023705,C001425,4,4
RV0016175,O0016183,C002747,3,5
RV0008514,O0008519,C002695,3,4
RV0012584,O0012591,C002547,3,3
RV0025413,O0025423,C004812,3,4
RV0028397,O0028410,C001135,4,3
RV0039289,O0039309,C001976,5,3
RV0040122,O0040143,C004987,5,3
RV0025696,O0025706,C003592,5,5
RV0000223,O0000224,C004993,5,5
RV0036627,O0036645,C002321,3,4
RV0041356,O0041378,C004025,4,3
RV0025283,O0025293,C000709,5,5
RV0030236,O0030249,C000874,4,4
RV0007553,O0007557,C002060,4,4
RV0002208,O0002209,C003055,5,4
RV0048710,O0048738,C001441,3,3
RV0042335,O0042357,C003939,4,3
RV0010425,O0010430,C000501,3,3
RV0031713,O0031727,C004596,4,5
RV0018523,O0018533,C002539,3,5
RV0018217,O0018227,C002585,4,5
RV0012374,O0012381,C001190,5,4
RV0045633,O0045658,C003033,4,5
RV0027831,O0027844,C004300,5,4
RV0014789,O0014797,C002818,4,3
RV0010990,O0010996,C002649,4,5
RV0034278,O0034293,C001695,4,5
RV0033599,O0033614,C002836,5,4
RV0029003,O0029016,C000831,3,5
RV0026906,O0026917,C004126,4,3
RV0015319,O0015327,C001590,3,4
RV0048951,O0048979,C004016,3,3
RV0006992,O0006995,C004789,4,3
RV0018772,O0018782,C004355,4,3
RV0008532,O0008537,C000018,4,5
RV0005556,O0005558,C004964,5,4
RV0037022,O0037040,C003741,3,5
RV0025250,O0025260,C003289,3,5
RV0024388,O0024398,C002591,5,4
RV0003752,O0003753,C002083,4,4
RV0008094,O0008099,C002714,5,4
RV0030968,O0030982,C002381,3,5
RV0027337,O0027350,C004447,5,5
RV0036383,O0036401,C003161,3,5
RV0002190,O0002191,C002778,4,3
RV0021379,O0021389,C001640,4,3
RV0044255,O0044279,C001068,4,3
RV0042302,O0042324,C000708,4,5
RV0029014,O0029027,C003595,5,3
RV0046309,O0046336,C004495,5,3
RV0008928,O0008933,C002746,3,3
RV0044715,O0044740,C004501,3,3
RV0015741,O0015749,C002729,3,5
RV0039374,O0039394,C002190,4,4
RV0034712,O0034728,C004616,3,3
RV0022497,O0022507,C004354,4,5
RV0045694,O0045719,C003579,3,3
RV0019946,O0019956,C004714,3,5
RV0018788,O0018798,C002880,3,4
RV0005716,O0005718,C001807,3,4
RV0030405,O0030418,C004734,5,5
RV0035319,O0035335,C002833,3,4
RV0006578,O0006581,C004201,4,3
RV0009383,O0009388,C001570,4,4
RV0034045,O0034060,C002343,3,4
RV0031939,O0031954,C004478,4,4
RV0049824,O0049854,C002760,5,4
RV0045709,O0045734,C004400,3,4
RV0041491,O0041513,C003703,4,5
RV0017678,O0017687,C000828,5,4
RV0012898,O0012905,C004033,4,3
RV0042751,O0042774,C002822,5,4
RV0043955,O0043979,C002901,4,4
RV0032777,O0032792,C000907,5,4
RV0034133,O0034148,C004155,5,5
RV0008852,O0008857,C001801,3,5
RV0033454,O0033469,C001681,5,5
RV0048958,O0048986,C001505,4,3
RV0019268,O0019278,C003683,3,4
RV0000878,O0000879,C001443,4,4
RV0045742,O0045768,C003216,5,5
RV0028165,O0028178,C002058,4,3
RV0007767,O0007772,C003373,3,3
RV0024152,O0024162,C004411,4,5
RV0045631,O0045656,C001377,4,3
RV0042868,O0042891,C001940,5,5
RV0017114,O0017122,C000675,5,4
RV0025560,O0025570,C000133,5,5
RV0036726,O0036744,C003993,4,3
RV0010231,O0010236,C003451,5,4
RV0035469,O0035485,C003607,4,4
RV0000359,O0000360,C001100,4,5
RV0008136,O0008141,C002377,5,3
RV0035889,O0035905,C002372,5,5
RV0003132,O0003133,C003976,4,4
RV0038977,O0038996,C004061,5,5
RV0049812,O0049842,C002085,4,5
RV0010379,O0010384,C004471,4,5
RV0015947,O0015955,C004682,3,3
RV0027879,O0027892,C002789,3,5
RV0047204,O0047231,C002845,4,4
RV0011455,O0011461,C002150,5,5
RV0048036,O0048064,C002123,3,3
RV0031336,O0031350,C000073,3,3
RV0034877,O0034893,C001977,3,3
RV0037831,O0037849,C001093,4,3
RV0048726,O0048754,C002946,4,5
RV0028116,O0028129,C000643,3,4
RV0014652,O0014660,C003702,5,3
RV0027515,O0027528,C002960,3,4
RV0043202,O0043226,C002843,3,5
RV0018776,O0018786,C002255,4,5
RV0023780,O0023790,C002208,4,3
RV0001328,O0001329,C003347,5,5
RV0026164,O0026174,C000991,3,3
RV0010771,O0010777,C004845,3,5
RV0030016,O0030029,C002979,4,4
RV0040186,O0040207,C002453,4,5
RV0025571,O0025581,C002333,3,3
RV0019189,O0019199,C001608,4,4
RV0006951,O0006954,C004152,3,5
RV0035679,O0035695,C003450,4,5
RV0027720,O0027733,C001397,3,3
RV0002796,O0002797,C002186,5,3
RV0030745,O0030759,C002026,5,5
RV0016536,O0016544,C000075,4,5
RV0013549,O0013556,C000541,3,3
RV0018766,O0018776,C004958,4,5
RV0007196,O0007199,C004033,4,5
RV0011681,O0011687,C003376,4,5
RV0039195,O0039215,C000775,5,3
RV0032671,O0032686,C000197,4,5
RV0001356,O0001357,C001396,4,5
RV0042176,O0042198,C000230,3,5
RV0047586,O0047614,C001040,5,4
RV0043417,O0043441,C000855,3,5
RV0020111,O0020121,C001057,4,3
RV0000411,O0000412,C001224,3,3
RV0044646,O0044671,C000285,4,3
RV0016387,O0016395,C001795,3,5
RV0046078,O0046104,C003651,5,4
RV0035611,O0035627,C000869,5,4
RV0000286,O0000287,C002108,5,5
RV0034516,O0034532,C004297,3,4
RV0004161,O0004162,C003898,4,4
RV0047432,O0047460,C000716,3,5
RV0028051,O0028064,C003224,3,3
RV0028102,O0028115,C003017,4,4
RV0031271,O0031285,C004953,3,3
RV0044703,O0044728,C001213,3,4
RV0041756,O0041778,C000250,4,3
RV0023423,O0023433,C003169,5,5
RV0037883,O0037901,C004209,5,4
RV0026458,O0026468,C000369,5,3
RV0036462,O0036480,C002690,5,4
RV0047886,O0047914,C004108,4,3
RV0019912,O0019922,C002838,4,4
RV0040894,O0040916,C000984,3,5
RV0033630,O0033645,C002765,4,5
RV0038075,O0038093,C000862,4,5
RV0034473,O0034489,C003066,3,4
RV0024999,O0025009,C000069,5,5
RV0029976,O0029989,C003921,5,4
RV0030742,O0030756,C000103,3,5
RV0048424,O0048452,C001949,4,5
RV0004258,O0004259,C004424,4,4
RV0049189,O0049218,C003289,3,5
RV0042277,O0042299,C000910,5,3
RV0039246,O0039266,C000194,4,5
RV0035251,O0035267,C004976,4,5
RV0018560,O0018570,C002650,5,5
RV0005844,O0005846,C001375,3,4
RV0006300,O0006302,C002042,4,5
RV0031724,O0031738,C003203,5,4
RV0008096,O0008101,C004676,4,4
RV0031493,O0031507,C002065,4,5
RV0036502,O0036520,C004209,3,5
RV0024393,O0024403,C001551,5,5
RV0012509,O0012516,C003791,3,5
RV0010182,O0010187,C001169,3,3
RV0044905,O0044930,C000199,4,3
RV0004584,O0004585,C000158,5,3
RV0030392,O0030405,C002977,5,4
RV0042778,O0042801,C003539,5,4
RV0048684,O0048712,C002384,5,5
RV0020966,O0020976,C000850,4,3
RV0010084,O0010089,C004460,3,5
RV0013544,O0013551,C003333,3,3
RV0018438,O0018448,C002661,3,3
RV0037155,O0037173,C003127,5,3
RV0001261,O0001262,C004838,5,4
RV0019170,O0019180,C000612,5,5
RV0039598,O0039619,C000785,4,3
RV0009085,O0009090,C003392,4,3
RV0021385,O0021395,C002200,3,3
RV0039842,O0039863,C001692,5,5
RV0000213,O0000214,C002932,5,4
RV0021377,O0021387,C000377,4,3
RV0034431,O0034447,C004271,3,4
RV0004174,O0004175,C000562,3,3
RV0006341,O0006343,C001524,5,4
RV0005414,O0005416,C003311,4,4
RV0015097,O0015105,C003030,3,3
RV0042020,O0042042,C002984,3,4
RV0027229,O0027242,C003362,4,4
RV0001117,O0001118,C002689,5,3
RV0030786,O0030800,C004938,3,4
RV0032571,O0032586,C001126,5,4
RV0010696,O0010701,C004752,3,4
RV0030529,O0030542,C001131,3,3
RV0037659,O0037677,C001842,5,5
RV0010569,O0010574,C002592,5,4
RV0019000,O0019010,C003638,3,3
RV0004525,O0004526,C002764,4,3
RV0024470,O0024480,C001077,3,5
RV0000514,O0000515,C002658,3,3
RV0016552,O0016560,C001614,3,3
RV0046590,O0046617,C002556,3,5
RV0002584,O0002585,C003509,4,5
RV0027142,O0027154,C000108,3,3
RV0034933,O0034949,C000799,3,5
RV0002425,O0002426,C004519,4,3
RV0022498,O0022508,C003081,3,3
RV0009875,O0009880,C000442,5,3
RV0032660,O0032675,C004391,5,4
RV0021799,O0021809,C001235,3,5
RV0031050,O0031064,C004016,3,3
RV0046670,O0046697,C001761,3,5
RV0032057,O0032072,C002282,4,4
RV0014945,O0014953,C001277,3,3
RV0026237,O0026247,C002965,4,5
RV0025205,O0025215,C003286,5,5
RV0005634,O0005636,C001472,5,3
RV0023722,O0023732,C004512,3,5
RV0029275,O0029288,C003505,3,3
RV0043267,O0043291,C000820,3,3
RV0019716,O0019726,C004256,4,3
RV0046789,O0046816,C001457,4,4
RV0044290,O0044314,C000776,5,4
RV0029151,O0029164,C001056,5,5
RV0045441,O0045466,C000107,5,3
RV0005132,O0005134,C004344,3,3
RV0038089,O0038107,C002174,5,3
RV0020912,O0020922,C004371,5,3
RV0042803,O0042826,C000386,5,4
RV0015622,O0015630,C000341,3,4
RV0019099,O0019109,C000158,5,3
RV0040291,O0040312,C003196,4,5
RV0006422,O0006425,C002740,4,5
RV0008511,O0008516,C004855,4,4
RV0046439,O0046466,C001734,3,3
RV0032364,O0032379,C002323,5,5
RV0030893,O0030907,C000925,4,4
RV0016699,O0016707,C001811,4,4
RV0045963,O0045989,C004769,3,3
RV0002918,O0002919,C004054,3,4
RV0023034,O0023044,C000671,5,4
RV0015268,O0015276,C003231,4,4
RV0005554,O0005556,C000114,3,4
RV0013159,O0013166,C000605,3,3
RV0022670,O0022680,C002075,5,5
RV0002533,O0002534,C001459,4,3
RV0006460,O0006463,C001214,4,4
RV0042018,O0042040,C001779,5,3
RV0034962,O0034978,C003641,5,3
RV0030123,O0030136,C002561,3,5
RV0032960,O0032975,C003202,3,5
RV0009477,O0009482,C002350,3,5
RV0028578,O0028591,C003737,3,5
RV0024888,O0024898,C004645,3,5
RV0045878,O0045904,C004319,5,4
RV0035376,O0035392,C003717,5,3
RV0022367,O0022377,C000649,5,4
RV0012127,O0012134,C004364,5,3
RV0032235,O0032250,C000934,4,3
RV0004590,O0004591,C002608,3,3
RV0013078,O0013085,C001415,3,5
RV0029817,O0029830,C003219,3,3
RV0010879,O0010885,C004343,4,4
RV0010468,O0010473,C001947,4,5
RV0033483,O0033498,C004619,3,4
RV0025204,O0025214,C002720,4,4
RV0027352,O0027365,C004053,3,3
RV0013405,O0013412,C004536,5,4
RV0011816,O0011823,C002129,3,4
RV0024051,O0024061,C000497,4,3
RV0012799,O0012806,C003865,4,4
RV0016681,O0016689,C001108,5,4
RV0002497,O0002498,C004275,4,3
RV0016634,O0016642,C002663,4,3
RV0038929,O0038948,C003348,5,5
RV0008518,O0008523,C000768,3,4
RV0003103,O0003104,C004341,5,3
RV0023927,O0023937,C000818,5,5
RV0012256,O0012263,C001186,4,5
RV0032957,O0032972,C001638,5,3
RV0000900,O0000901,C003758,3,4
RV0008813,O0008818,C000485,3,4
RV0034965,O0034981,C002694,3,4
RV0015547,O0015555,C001392,5,3
RV0016394,O0016402,C002308,5,4
RV0018207,O0018217,C004488,3,5
RV0048401,O0048429,C004454,5,4
RV0033610,O0033625,C004097,3,5
RV0046043,O0046069,C003814,3,5
RV0006292,O0006294,C000743,5,5
RV0022563,O0022573,C003394,5,4
RV0037634,O0037652,C002492,5,4
RV0025578,O0025588,C003530,5,4
RV0014264,O0014272,C003372,3,4
RV0019957,O0019967,C000053,5,4
RV0007885,O0007890,C004787,4,4
RV0001650,O0001651,C002885,5,4
RV0030940,O0030954,C003097,3,5
RV0000140,O0000141,C003728,5,5
RV0029936,O0029949,C002380,5,3
RV0039794,O0039815,C002894,4,3
RV0049274,O0049303,C002956,3,3
RV0042919,O0042942,C000981,4,5
RV0040208,O0040229,C003109,4,5
RV0013743,O0013750,C004354,3,4
RV0029853,O0029866,C000062,4,4
RV0044468,O0044492,C001584,4,5
RV0026721,O0026732,C000024,5,4
RV0018340,O0018350,C002441,4,3
RV0045562,O0045587,C003798,3,5
RV0016548,O0016556,C001090,5,3
RV0021070,O0021080,C000356,5,5
RV0045398,O0045423,C000144,3,3
RV0027077,O0027089,C000212,4,5
RV0039848,O0039869,C003125,5,3
RV0021399,O0021409,C000834,4,5
RV0022681,O0022691,C001659,3,5
RV0037686,O0037704,C001782,3,3
RV0047791,O0047819,C000739,4,5
RV0020815,O0020825,C002413,3,5
RV0015260,O0015268,C003797,4,5
RV0005588,O0005590,C003694,3,5
RV0013554,O0013561,C002486,4,4
RV0007047,O0007050,C001468,4,4
RV0047630,O0047658,C004504,3,4
RV0047619,O0047647,C000149,3,5
RV0041119,O0041141,C000480,5,3
RV0033441,O0033456,C002167,3,3
RV0013388,O0013395,C000005,4,4
RV0043811,O0043835,C001560,4,3
RV0023825,O0023835,C004306,4,5
RV0027402,O0027415,C002805,5,4
RV0024990,O0025000,C002630,5,3
RV0015672,O0015680,C003959,3,4
RV0031743,O0031757,C004696,5,5
RV0016505,O0016513,C002357,5,5
RV0004577,O0004578,C003359,3,3
RV0016906,O0016914,C002166,4,5
RV0001148,O0001149,C001176,4,3
RV0019931,O0019941,C000130,4,4
RV0003459,O0003460,C003280,3,3
RV0016837,O0016845,C002549,5,4
RV0015180,O0015188,C001465,4,3
RV0018760,O0018770,C001062,4,5
RV0032790,O0032805,C000267,4,4
RV0014280,O0014288,C002069,5,5
RV0011318,O0011324,C000428,3,4
RV0028346,O0028359,C002024,4,4
RV0014927,O0014935,C003692,3,3
RV0016104,O0016112,C004046,4,3
RV0022037,O0022047,C002392,4,5
RV0032433,O0032448,C001263,5,4
RV0012116,O0012123,C001782,3,3
RV0010517,O0010522,C003280,5,5
RV0040830,O0040852,C002193,3,5
RV0031998,O0032013,C001352,4,3
RV0042519,O0042542,C002972,3,3
RV0017307,O0017316,C001073,4,5
RV0030451,O0030464,C003463,4,3
RV0041202,O0041224,C000702,4,3
RV0008138,O0008143,C003555,5,5
RV0002937,O0002938,C000877,4,4
RV0014120,O0014128,C000285,3,3
RV0003559,O0003560,C001098,3,3
RV0003528,O0003529,C002616,3,3
RV0018541,O0018551,C000570,4,4
RV0015988,O0015996,C001496,3,5
RV0028425,O0028438,C001367,4,4
RV0010982,O0010988,C004846,3,4
RV0030524,O0030537,C002369,4,3
RV0020481,O0020491,C001562,4,5
RV0025296,O0025306,C001953,3,3
RV0024396,O0024406,C002066,5,5
RV0047712,O0047740,C001388,3,4
RV0018859,O0018869,C002611,3,5
RV0033436,O0033451,C001592,3,3
RV0015454,O0015462,C001059,5,5
RV0028560,O0028573,C002762,4,4
RV0006258,O0006260,C001058,3,4
RV0015705,O0015713,C002598,4,4
RV0042592,O0042615,C001821,3,4
RV0000520,O0000521,C004751,4,3
RV0045711,O0045736,C001157,3,3
RV0044584,O0044609,C002125,4,3
RV0044528,O0044552,C004735,3,4
RV0023683,O0023693,C000501,3,5
RV0018763,O0018773,C001135,5,5
RV0031764,O0031778,C000131,5,3
RV0049103,O0049132,C002554,3,4
RV0021123,O0021133,C002414,4,4
RV0029966,O0029979,C000852,4,5
RV0014353,O0014361,C004557,4,5
RV0049333,O0049362,C002291,5,3
RV0017501,O0017510,C001135,3,3
RV0048514,O0048542,C003223,5,5
RV0033105,O0033120,C003924,4,3
RV0041068,O0041090,C004784,3,4
RV0049408,O0049438,C002953,4,5
RV0004749,O0004751,C001474,4,4
RV0011857,O0011864,C003264,4,3
RV0002878,O0002879,C001430,3,3
RV0036878,O0036896,C001718,5,3
RV0000348,O0000349,C002992,5,5
RV0004847,O0004849,C003518,3,3
RV0003469,O0003470,C003657,4,4
RV0045866,O0045892,C000439,3,3
RV0017590,O0017599,C004478,3,5
RV0037731,O0037749,C003809,4,3
RV0028282,O0028295,C001360,3,5
RV0016598,O0016606,C002786,5,5
RV0003634,O0003635,C003978,4,4
RV0046088,O0046114,C004716,5,5
RV0029280,O0029293,C001153,3,3
RV0014420,O0014428,C004519,3,4
RV0001664,O0001665,C001458,5,4
RV0013836,O0013843,C002514,5,4
RV0030441,O0030454,C002230,5,3
RV0002842,O0002843,C000705,4,5
RV0018507,O0018517,C004153,5,5
RV0042999,O0043023,C004066,5,3
RV0001450,O0001451,C003656,5,5
RV0025663,O0025673,C003275,4,5
RV0034428,O0034444,C000155,5,5
RV0017742,O0017751,C002763,4,4
RV0028053,O0028066,C003564,5,5
RV0002242,O0002243,C001873,5,3
RV0028862,O0028875,C002339,4,3
RV0035521,O0035537,C000343,4,4
RV0047930,O0047958,C002863,4,4
RV0004628,O0004629,C004485,3,3
RV0004343,O0004344,C003803,5,4
RV0029509,O0029522,C002478,5,3
RV0015137,O0015145,C004296,5,4
RV0019500,O0019510,C002327,4,4
RV0038133,O0038151,C002433,3,5
RV0041436,O0041458,C003244,5,4
RV0005807,O0005809,C000431,5,4
RV0047552,O0047580,C004841,4,4
RV0007137,O0007140,C004934,3,3
RV0010290,O0010295,C002675,3,3
RV0034122,O0034137,C003859,5,4
RV0022206,O0022216,C004927,4,3
RV0033624,O0033639,C000961,4,3
RV0013693,O0013700,C004957,5,5
RV0020869,O0020879,C002522,5,4
RV0042713,O0042736,C002102,3,4
RV0000513,O0000514,C004005,5,5
RV0024697,O0024707,C004969,3,3
RV0001101,O0001102,C003490,3,3
RV0023844,O0023854,C003851,3,5
RV0025799,O0025809,C001270,3,5
RV0020876,O0020886,C000261,3,3
RV0010795,O0010801,C001337,5,4
RV0043825,O0043849,C002144,5,5
RV0015713,O0015721,C004390,3,5
RV0025244,O0025254,C002492,4,4
RV0018568,O0018578,C002299,4,4
RV0013169,O0013176,C001579,4,3
RV0026139,O0026149,C004474,3,4
RV0045679,O0045704,C003701,5,5
RV0044432,O0044456,C002441,3,3
RV0036743,O0036761,C002903,3,3
RV0005390,O0005392,C003245,5,3
RV0034576,O0034592,C003172,3,5
RV0028608,O0028621,C002091,3,4
RV0045499,O0045524,C002910,5,5
RV0022172,O0022182,C003182,5,4
RV0012535,O0012542,C001118,3,5
RV0037554,O0037572,C000219,4,3
RV0027971,O0027984,C000252,4,4
RV0012596,O0012603,C000882,4,5
RV0021887,O0021897,C000985,3,3
RV0022125,O0022135,C001909,5,3
RV0036971,O0036989,C004248,3,4
RV0004282,O0004283,C003569,3,5
RV0008542,O0008547,C004315,3,5
RV0035864,O0035880,C001125,5,5
RV0042785,O0042808,C002092,5,3
RV0041797,O0041819,C002171,4,3
RV0003984,O0003985,C004315,4,4
RV0007185,O0007188,C001751,4,3
RV0032773,O0032788,C000225,3,4
RV0048184,O0048212,C003242,5,5
RV0047140,O0047167,C002080,4,3
RV0021680,O0021690,C003321,5,3
RV0014807,O0014815,C002875,4,4
RV0042126,O0042148,C001379,3,5
RV0049870,O0049900,C002487,5,3
RV0000401,O0000402,C004487,3,4
RV0032837,O0032852,C003011,3,4
RV0042402,O0042424,C001569,3,5
RV0013638,O0013645,C004879,4,3
RV0039646,O0039667,C002641,3,3
RV0047058,O0047085,C003316,3,4
RV0012480,O0012487,C003184,4,3
RV0046838,O0046865,C000695,3,5
RV0014149,O0014157,C003166,5,4
RV0019774,O0019784,C001599,4,5
RV0045722,O0045747,C003511,3,3
RV0036910,O0036928,C002158,3,5
RV0009498,O0009503,C000591,4,4
RV0040488,O0040510,C001510,3,4
RV0040993,O0041015,C001944,3,3
RV0019069,O0019079,C000412,3,3
RV0008710,O0008715,C004121,3,4
RV0036497,O0036515,C003653,5,3
RV0026749,O0026760,C004651,4,4
RV0041174,O0041196,C001626,4,3
RV0043333,O0043357,C002610,5,5
RV0043175,O0043199,C004922,3,4
RV0036970,O0036988,C001109,4,3
RV0049278,O0049307,C001407,5,4
RV0007871,O0007876,C001734,4,3
RV0018005,O0018015,C002025,5,3
RV0031975,O0031990,C002411,4,3
RV0007828,O0007833,C000947,5,3
RV0043102,O0043126,C003349,4,5
RV0023256,O0023266,C002335,5,3
RV0038502,O0038521,C004171,3,5
RV0019188,O0019198,C002856,3,5
RV0011176,O0011182,C004398,3,3
RV0008846,O0008851,C000824,5,3
RV0033242,O0033257,C004073,5,3
RV0008025,O0008030,C004638,3,3
RV0048044,O0048072,C004199,4,4
RV0027095,O0027107,C001366,5,3
RV0003144,O0003145,C001430,4,4
RV0030304,O0030317,C001789,3,4
RV0037862,O0037880,C000811,4,5
RV0048969,O0048997,C001838,3,4
RV0012904,O0012911,C002613,4,5
RV0048926,O0048954,C003712,3,3
RV0018884,O0018894,C004689,4,3
RV0003740,O0003741,C004203,4,4
RV0002130,O0002131,C003992,3,4
RV0027248,O0027261,C003372,5,4
RV0006983,O0006986,C001104,4,4
RV0048847,O0048875,C000277,5,4
RV0027749,O0027762,C003406,3,3
RV0039120,O0039140,C002877,3,3
RV0008771,O0008776,C001431,3,5
RV0017339,O0017348,C002491,3,4
RV0039265,O0039285,C003672,4,5
RV0032279,O0032294,C001012,5,3
RV0035259,O0035275,C001918,5,3
RV0023894,O0023904,C001116,4,5
RV0030796,O0030810,C003260,3,5
RV0037461,O0037479,C000939,4,3
RV0038948,O0038967,C001068,3,4
RV0037885,O0037903,C002986,4,3
RV0024385,O0024395,C000867,5,4
RV0040485,O0040507,C004247,4,3
RV0012494,O0012501,C001490,5,4
RV0019398,O0019408,C001318,4,3
RV0034410,O0034426,C003198,5,4
RV0042298,O0042320,C002870,5,5
RV0043165,O0043189,C000490,5,5
RV0040897,O0040919,C004423,3,5
RV0009962,O0009967,C002883,3,4
RV0021746,O0021756,C000681,4,5
RV0043771,O0043795,C003964,5,5
RV0016069,O0016077,C002691,4,4
RV0039445,O0039466,C001477,4,3
RV0032225,O0032240,C001341,5,5
RV0001836,O0001837,C000998,4,5
RV0014983,O0014991,C000547,3,5
RV0008175,O0008180,C004278,3,3
RV0036819,O0036837,C003857,4,4
RV0005047,O0005049,C002494,3,5
RV0038094,O0038112,C001620,4,3
RV0013593,O0013600,C000293,3,3
RV0030281,O0030294,C004631,5,5
RV0001604,O0001605,C004507,5,3
RV0015676,O0015684,C001036,5,4
RV0012156,O0012163,C001830,3,4
RV0049095,O0049124,C003454,5,5
RV0019305,O0019315,C002033,3,5
RV0001475,O0001476,C004370,4,3
RV0025916,O0025926,C001873,3,3
RV0001145,O0001146,C003659,4,5
RV0015894,O0015902,C002570,3,5
RV0046177,O0046203,C004918,3,3
RV0010906,O0010912,C000957,5,4
RV0001235,O0001236,C004746,4,4
RV0049392,O0049422,C001039,4,5
RV0004907,O0004909,C000308,5,4
RV0009660,O0009665,C004998,4,4
RV0004545,O0004546,C003984,3,4
RV0005006,O0005008,C000574,4,3
RV0006694,O0006697,C000902,3,5
RV0018725,O0018735,C000419,5,4
RV0030639,O0030652,C001662,3,5
RV0018202,O0018212,C002064,5,5
RV0046059,O0046085,C001511,4,5
RV0030432,O0030445,C000911,4,5
RV0021332,O0021342,C000381,3,5
RV0029313,O0029326,C002597,3,4
RV0041137,O0041159,C002910,5,5
RV0037048,O0037066,C004020,4,4
RV0000679,O0000680,C002883,5,4
RV0040973,O0040995,C003021,4,3
RV0011177,O0011183,C003308,3,5
RV0040459,O0040481,C001848,4,5
RV0004848,O0004850,C004604,5,3
RV0031006,O0031020,C001776,5,3
RV0033389,O0033404,C003690,5,3
RV0020699,O0020709,C002372,4,3
RV0027130,O0027142,C002795,3,4
RV0018851,O0018861,C004570,3,3
RV0021365,O0021375,C000515,4,5
RV0024132,O0024142,C002379,4,5
RV0003268,O0003269,C001214,3,5
RV0048570,O0048598,C001322,5,4
RV0002873,O0002874,C001786,4,3
RV0048820,O0048848,C004371,4,5
RV0010884,O0010890,C001108,5,5
RV0038441,O0038459,C002989,4,5
RV0025895,O0025905,C000662,3,4
RV0044770,O0044795,C001995,3,4
RV0036488,O0036506,C002274,3,4
RV0003135,O0003136,C002246,5,4
RV0011490,O0011496,C003264,5,5
RV0000101,O0000102,C004803,4,4
RV0026795,O0026806,C002493,4,5
RV0022775,O0022785,C001584,5,3
RV0021431,O0021441,C001385,3,4
RV0019196,O0019206,C003855,3,3
RV0012152,O0012159,C003633,3,3
RV0000063,O0000064,C001855,4,5
RV0030208,O0030221,C003596,4,3
RV0002604,O0002605,C000476,5,3
RV0033788,O0033803,C004775,4,5
RV0009787,O0009792,C001550,5,5
RV0049748,O0049778,C001115,5,5
RV0021987,O0021997,C000338,4,3
RV0013837,O0013844,C000381,5,4
RV0049661,O0049691,C001803,4,4
RV0005224,O0005226,C003679,3,3
RV0033735,O0033750,C000559,4,4
RV0037539,O0037557,C000844,5,4
RV0024608,O0024618,C002898,4,4
RV0004391,O0004392,C003822,5,3
RV0021593,O0021603,C002961,4,3
RV0005138,O0005140,C002805,3,5
RV0011754,O0011761,C000699,5,5
RV0027667,O0027680,C004327,5,4
RV0003012,O0003013,C003244,5,5
RV0032385,O0032400,C004586,3,4
RV0007575,O0007579,C001855,4,5
RV0018134,O0018144,C003381,4,4
RV0048928,O0048956,C001421,3,3
RV0042352,O0042374,C002708,4,5
RV0007107,O0007110,C001883,3,3
RV0021024,O0021034,C001456,3,5
RV0040716,O0040738,C001867,5,4
RV0023048,O0023058,C003191,3,3
RV0031183,O0031197,C002249,3,5
RV0023588,O0023598,C000241,5,4
RV0030711,O0030724,C002970,5,3
RV0028093,O0028106,C000417,3,5
RV0039493,O0039514,C003505,5,3
RV0030997,O0031011,C003180,4,4
RV0009333,O0009338,C000451,4,3
RV0023228,O0023238,C003904,4,4
RV0040103,O0040124,C000535,4,4
RV0025056,O0025066,C003163,4,3
RV0033107,O0033122,C002783,4,4
RV0044876,O0044901,C004683,4,5
RV0033096,O0033111,C000187,5,5
RV0001569,O0001570,C001866,4,4
RV0039403,O0039423,C000178,4,3
RV0001715,O0001716,C003791,5,4
RV0018997,O0019007,C004675,5,4
RV0030185,O0030198,C000153,3,3
RV0040739,O0040761,C000623,3,3
RV0022561,O0022571,C001898,5,3
RV0032524,O0032539,C002382,4,5
RV0013096,O0013103,C003581,5,4
RV0032048,O0032063,C003522,5,3
RV0029180,O0029193,C004088,5,3
RV0000572,O0000573,C002867,4,3
RV0039345,O0039365,C001331,4,5
RV0038815,O0038834,C003771,3,5
RV0031365,O0031379,C001224,4,5
RV0025480,O0025490,C003463,4,4
RV0011389,O0011395,C004199,5,3
RV0000795,O0000796,C003075,3,3
RV0046375,O0046402,C002116,5,4
RV0002157,O0002158,C000993,3,5
RV0005673,O0005675,C003548,5,5
RV0029248,O0029261,C001780,5,5
RV0030264,O0030277,C000932,5,3
RV0040283,O0040304,C001633,3,5
RV0013302,O0013309,C002734,4,3
RV0040489,O0040511,C004171,3,4
RV0034334,O0034349,C002139,3,3
RV0005417,O0005419,C002280,5,5
RV0006445,O0006448,C001959,4,3
RV0003417,O0003418,C003551,3,3
RV0037509,O0037527,C004990,3,4
RV0035804,O0035820,C003146,5,3
RV0021208,O0021218,C001845,3,4
RV0031877,O0031892,C004975,4,5
RV0028192,O0028205,C004624,4,5
RV0016486,O0016494,C002148,5,4
RV0032476,O0032491,C002879,3,3
RV0012545,O0012552,C004280,3,5
RV0007051,O0007054,C000025,3,5
RV0028664,O0028677,C003631,4,4
RV0004953,O0004955,C001276,5,3
RV0044400,O0044424,C000234,5,5
RV0044829,O0044854,C004119,5,3
RV0048913,O0048941,C001861,4,4
RV0035047,O0035063,C000201,4,5
RV0044418,O0044442,C003283,3,3
RV0004612,O0004613,C004437,3,5
RV0047989,O0048017,C003570,5,3
RV0034670,O0034686,C000817,3,5
RV0049199,O0049228,C002373,3,4
RV0045062,O0045087,C003459,4,5
RV0038580,O0038599,C001516,5,4
RV0027656,O0027669,C004152,3,3
RV0023747,O0023757,C004378,3,4
RV0022771,O0022781,C004548,5,3
RV0001220,O0001221,C002442,5,5
RV0009198,O0009203,C003922,3,3
RV0048110,O0048138,C003406,4,5
RV0048340,O0048368,C001910,5,3
RV0039688,O0039709,C002436,3,5
RV0044750,O0044775,C004136,5,4
RV0044227,O0044251,C000059,4,5
RV0006011,O0006013,C004442,3,3
RV0007050,O0007053,C004889,4,4
RV0019509,O0019519,C004450,4,4
RV0049967,O0049997,C000615,5,5
RV0044810,O0044835,C002874,3,4
RV0002481,O0002482,C004745,5,3
RV0046168,O0046194,C000964,5,3
RV0036392,O0036410,C000272,5,3
RV0040264,O0040285,C002753,4,3
RV0030443,O0030456,C000045,4,4
RV0011507,O0011513,C000979,4,3
RV0000142,O0000143,C002540,4,3
RV0001056,O0001057,C001847,4,4
RV0046266,O0046293,C003706,5,4
RV0022856,O0022866,C002644,5,4
RV0017747,O0017756,C004738,3,5
RV0012035,O0012042,C002496,4,4
RV0003179,O0003180,C000491,3,4
RV0047038,O0047065,C001077,4,5
RV0042938,O0042961,C004199,5,5
RV0034061,O0034076,C004232,3,4
RV0004101,O0004102,C001421,3,4
RV0027255,O0027268,C002698,4,4
RV0049865,O0049895,C004154,3,4
RV0032716,O0032731,C002549,5,4
RV0024994,O0025004,C002171,5,5
RV0035374,O0035390,C002457,3,3
RV0030395,O0030408,C004745,5,5
RV0045328,O0045353,C000170,3,4
RV0002090,O0002091,C004743,5,3
RV0015314,O0015322,C004086,5,5
RV0032951,O0032966,C000227,4,5
RV0047335,O0047363,C000020,3,3
RV0018167,O0018177,C002145,4,5
RV0017181,O0017189,C001019,4,3
RV0003901,O0003902,C000860,4,4
RV0023745,O0023755,C000933,4,4
RV0038453,O0038471,C004342,3,4
RV0034272,O0034287,C001179,4,4
RV0045161,O0045186,C002759,5,3
RV0039742,O0039763,C004837,4,3
RV0024963,O0024973,C001355,3,3
RV0028651,O0028664,C002591,5,3
RV0049533,O0049563,C002166,4,3
RV0044464,O0044488,C000335,5,5
RV0032120,O0032135,C001028,4,5
RV0007534,O0007538,C001957,5,3
RV0032397,O0032412,C000465,5,4
RV0014928,O0014936,C003912,3,3
RV0014406,O0014414,C002994,3,4
RV0027697,O0027710,C001173,5,4
RV0028384,O0028397,C004736,4,5
RV0018525,O0018535,C001966,4,3
RV0017949,O0017959,C000215,3,4
RV0013951,O0013959,C004078,5,5
RV0004363,O0004364,C004729,4,4
RV0040929,O0040951,C000704,4,5
RV0022907,O0022917,C000402,4,3
RV0047291,O0047319,C001190,3,5
RV0023313,O0023323,C004034,3,4
RV0014838,O0014846,C001600,3,4
RV0013376,O0013383,C001554,4,4
RV0020926,O0020936,C004443,3,5
RV0049255,O0049284,C001001,4,4
RV0019767,O0019777,C004120,3,5
RV0041533,O0041555,C001340,5,3
RV0015883,O0015891,C002830,4,3
RV0024554,O0024564,C001675,4,5
RV0030100,O0030113,C002799,5,3
RV0018819,O0018829,C000272,5,4
RV0014841,O0014849,C000891,4,5
RV0034835,O0034851,C001029,3,4
RV0013202,O0013209,C003099,5,5
RV0014177,O0014185,C002117,5,5
RV0033677,O0033692,C003613,3,4
RV0008579,O0008584,C001025,5,4
RV0046310,O0046337,C004897,4,5
RV0040817,O0040839,C001292,3,5
RV0024867,O0024877,C001415,3,4
RV0000718,O0000719,C004773,4,5
RV0010376,O0010381,C001557,4,5
RV0044914,O0044939,C004171,5,3
RV0045480,O0045505,C003722,4,3
RV0013968,O0013976,C001498,4,3
RV0047718,O0047746,C004249,3,5
RV0035520,O0035536,C002704,3,3
RV0011533,O0011539,C001633,3,3
RV0036698,O0036716,C003606,5,4
RV0012343,O0012350,C000291,5,3
RV0028611,O0028624,C003794,5,4
RV0021970,O0021980,C003456,4,3
RV0038394,O0038412,C000966,5,3
RV0032119,O0032134,C002092,3,4
RV0006712,O0006715,C004460,5,3
RV0014775,O0014783,C000664,5,3
RV0014377,O0014385,C004156,3,5
RV0026726,O0026737,C004672,4,3
RV0048215,O0048243,C001033,5,3
RV0004398,O0004399,C002846,3,5
RV0004659,O0004660,C004223,3,3
RV0047620,O0047648,C004761,4,4
RV0005934,O0005936,C003900,3,5
RV0005507,O0005509,C000978,4,4
RV0025983,O0025993,C002153,4,5
RV0043174,O0043198,C001834,3,3
RV0024929,O0024939,C001081,5,5
RV0035151,O0035167,C001225,5,3
RV0001598,O0001599,C000361,5,4
RV0024383,O0024393,C001033,4,5
RV0033730,O0033745,C003606,3,5
RV0039503,O0039524,C001852,4,3
RV0008779,O0008784,C004781,4,4
RV0002657,O0002658,C003524,5,4
RV0030219,O0030232,C000369,5,5
RV0017909,O0017919,C001002,3,4
RV0041734,O0041756,C004355,3,5
RV0018516,O0018526,C003222,4,5
RV0026628,O0026639,C003749,4,4
RV0010042,O0010047,C003983,3,5
RV0015841,O0015849,C003836,3,3
RV0029288,O0029301,C004554,4,4
RV0010087,O0010092,C002302,5,3
RV0011743,O0011750,C003998,4,3
RV0048086,O0048114,C002306,4,4
RV0021297,O0021307,C003774,5,3
RV0013640,O0013647,C003539,5,3
RV0008751,O0008756,C004413,4,3
RV0004051,O0004052,C004430,4,3
RV0034916,O0034932,C000399,5,4
RV0018190,O0018200,C004619,5,5
RV0010716,O0010721,C004117,3,5
RV0009109,O0009114,C002839,5,4
RV0022146,O0022156,C003523,4,5
RV0009870,O0009875,C002571,3,5
RV0015579,O0015587,C003271,5,4
RV0036746,O0036764,C000102,4,4
RV0019951,O0019961,C001527,5,5
RV0001890,O0001891,C004574,3,5
RV0041021,O0041043,C004059,5,5
RV0039921,O0039942,C003958,4,5
RV0020801,O0020811,C004154,5,4
RV0017845,O0017855,C001290,3,4
RV0048040,O0048068,C000728,4,4
RV0033929,O0033944,C000549,4,4
RV0031154,O0031168,C004438,4,3
RV0030646,O0030659,C000601,4,4
RV0045687,O0045712,C000172,5,5
RV0018181,O0018191,C003485,3,3
RV0018602,O0018612,C003300,3,4
RV0019301,O0019311,C000553,5,3
RV0034914,O0034930,C002713,4,4
RV0043094,O0043118,C000902,3,3
RV0037299,O0037317,C003731,4,3
RV0048444,O0048472,C001386,4,3
RV0008332,O0008337,C001183,3,3
RV0042223,O0042245,C003908,4,4
RV0002444,O0002445,C002446,4,5
RV0016229,O0016237,C000724,4,4
RV0004794,O0004796,C003740,3,5
RV0011717,O0011724,C003926,5,3
RV0018774,O0018784,C000947,3,5
RV0028987,O0029000,C002184,4,5
RV0034459,O0034475,C001753,3,4
RV0041579,O0041601,C003843,3,3
RV0031715,O0031729,C004614,3,3
RV0039440,O0039461,C004688,5,3
RV0047330,O0047358,C003682,5,5
RV0002319,O0002320,C001513,3,5
RV0020152,O0020162,C000378,3,4
RV0037790,O0037808,C000044,5,4
RV0048975,O0049003,C001584,3,3
RV0025903,O0025913,C002214,3,5
RV0013525,O0013532,C000580,3,5
RV0018742,O0018752,C003636,5,4
RV0000705,O0000706,C000660,3,5
RV0030944,O0030958,C000677,5,4
RV0031769,O0031783,C001535,5,3
RV0031787,O0031801,C004317,5,3
RV0012408,O0012415,C003290,5,3
RV0007484,O0007488,C002454,4,4
RV0031256,O0031270,C001391,3,4
RV0037445,O0037463,C001273,3,4
RV0029917,O0029930,C001720,3,4
RV0044401,O0044425,C003387,5,3
RV0015862,O0015870,C004443,4,5
RV0020899,O0020909,C000043,3,4
RV0017000,O0017008,C004737,5,3
RV0012795,O0012802,C002074,4,5
RV0020988,O0020998,C002728,5,5
RV0013574,O0013581,C004124,3,3
RV0043717,O0043741,C003680,5,3
RV0018356,O0018366,C000211,4,3
RV0001523,O0001524,C003725,3,5
RV0045308,O0045333,C002970,3,4
RV0007757,O0007762,C000638,5,3
RV0048073,O0048101,C003244,3,3
RV0016118,O0016126,C002326,3,5
RV0003778,O0003779,C000735,5,4
RV0015289,O0015297,C000367,5,3
RV0001547,O0001548,C001335,4,5
RV0027123,O0027135,C000715,5,4
RV0045124,O0045149,C000242,3,5
RV0018334,O0018344,C003086,5,3
RV0024948,O0024958,C002094,4,4
RV0027591,O0027604,C003759,3,5
RV0003246,O0003247,C000538,4,5
RV0042483,O0042506,C002469,4,5
RV0038813,O0038832,C002030,4,5
RV0018009,O0018019,C001737,3,5
RV0038059,O0038077,C002851,4,5
RV0048596,O0048624,C003968,4,4
RV0025809,O0025819,C003910,3,3
RV0013320,O0013327,C001712,3,5
RV0045970,O0045996,C001497,5,3
RV0031185,O0031199,C000978,5,5
RV0007603,O0007607,C004838,4,5
RV0002798,O0002799,C000955,5,3
RV0041802,O0041824,C004819,4,5
RV0025657,O0025667,C004987,3,3
RV0027297,O0027310,C001479,5,3
RV0027196,O0027209,C004943,4,4
RV0006124,O0006126,C002289,4,3
RV0016818,O0016826,C002835,5,5
RV0000880,O0000881,C002775,4,3
RV0020336,O0020346,C003401,3,4
RV0020745,O0020755,C001191,5,5
RV0013532,O0013539,C004726,5,5
RV0023905,O0023915,C001853,3,5
RV0047303,O0047331,C004995,3,5
RV0008856,O0008861,C003750,3,5
RV0016872,O0016880,C004156,4,3
RV0048170,O0048198,C004459,5,5
RV0042688,O0042711,C000653,5,5
RV0038400,O0038418,C003189,5,4
RV0002805,O0002806,C000431,5,3
RV0008356,O0008361,C000925,4,5
RV0017021,O0017029,C003425,4,4
RV0045506,O0045531,C001879,3,5
RV0005425,O0005427,C004613,4,5
RV0031574,O0031588,C000761,5,3
RV0008008,O0008013,C003386,5,3
RV0008453,O0008458,C004307,3,5
RV0010579,O0010584,C002682,4,4
RV0039211,O0039231,C000892,3,4
RV0021860,O0021870,C001475,5,5
RV0015967,O0015975,C004101,4,3
RV0043214,O0043238,C000375,5,5
RV0017859,O0017869,C000322,4,3
RV0029223,O0029236,C004932,5,3
RV0031132,O0031146,C000891,3,5
RV0001612,O0001613,C001024,4,3
RV0030141,O0030154,C002094,4,4
RV0018985,O0018995,C004802,5,3
RV0001706,O0001707,C004905,3,4
RV0047539,O0047567,C001269,4,3
RV0041567,O0041589,C002753,4,3
RV0024622,O0024632,C001128,4,4
RV0026285,O0026295,C002702,3,3
RV0011714,O0011721,C003453,4,3
RV0027069,O0027081,C000689,4,4
RV0041834,O0041856,C002102,3,4
RV0009970,O0009975,C003187,3,3
RV0039314,O0039334,C000173,5,5
RV0040798,O0040820,C002707,5,3
RV0024415,O0024425,C000974,4,5
RV0032013,O0032028,C003222,4,3
RV0028943,O0028956,C001123,5,4
RV0035451,O0035467,C002633,3,5
RV0017766,O0017775,C003638,3,5
RV0012284,O0012291,C000477,4,5
RV0011602,O0011608,C003461,4,4
RV0035558,O0035574,C000212,4,3
RV0007221,O0007224,C000870,3,3
RV0026670,O0026681,C003245,3,3
RV0045492,O0045517,C002416,5,4
RV0008604,O0008609,C004039,4,5
RV0026404,O0026414,C001297,5,3
RV0018628,O0018638,C002595,4,5
RV0020166,O0020176,C001220,4,3
RV0018357,O0018367,C001918,4,5
RV0041759,O0041781,C004155,3,4
RV0038884,O0038903,C001295,5,5
RV0035750,O0035766,C000324,5,5
RV0012962,O0012969,C004517,4,5
RV0024481,O0024491,C001955,4,3
RV0020197,O0020207,C004364,5,5
RV0025329,O0025339,C003607,5,5
RV0046212,O0046238,C002407,4,5
RV0023399,O0023409,C004323,5,5
RV0013564,O0013571,C002588,3,3
RV0040273,O0040294,C002261,3,3
RV0030741,O0030755,C002486,4,3
RV0039572,O0039593,C000237,5,4
RV0046098,O0046124,C004423,5,3
RV0030567,O0030580,C003380,5,5
RV0008000,O0008005,C003970,4,4
RV0040598,O0040620,C003482,5,3
RV0026341,O0026351,C001343,5,5
RV0019372,O0019382,C003114,3,4
RV0010493,O0010498,C004575,5,4
RV0037486,O0037504,C004758,4,3
RV0021328,O0021338,C004046,4,5
RV0046412,O0046439,C000012,5,5
RV0031496,O0031510,C004283,4,4
RV0006883,O0006886,C004842,4,4
RV0018789,O0018799,C002252,3,3
RV0008371,O0008376,C001370,4,4
RV0018139,O0018149,C002182,3,4
RV0036688,O0036706,C004580,4,3
RV0042542,O0042565,C002849,5,4
RV0014641,O0014649,C002880,5,4
RV0000576,O0000577,C004249,3,3
RV0002924,O0002925,C002231,4,4
RV0046900,O0046927,C002952,5,5
RV0027080,O0027092,C001747,4,5
RV0035413,O0035429,C001772,5,3
RV0002411,O0002412,C001529,4,4
RV0033258,O0033273,C003786,3,5
RV0029673,O0029686,C000273,5,3
RV0049087,O0049116,C002469,4,3
RV0033656,O0033671,C002278,5,5
RV0025541,O0025551,C002982,5,4
RV0002947,O0002948,C000159,3,3
RV0028881,O0028894,C004638,5,5
RV0005601,O0005603,C004820,5,5
RV0029292,O0029305,C000216,5,3
RV0044297,O0044321,C001348,3,5
RV0035042,O0035058,C004613,3,5
RV0022069,O0022079,C002592,3,4
RV0005161,O0005163,C003406,4,4
RV0021993,O0022003,C004852,4,4
RV0044230,O0044254,C003416,3,3
RV0011040,O0011046,C002447,4,3
RV0011289,O0011295,C000172,3,5
RV0028381,O0028394,C003498,4,5
RV0027295,O0027308,C001362,3,3
RV0005599,O0005601,C002060,5,3
RV0018918,O0018928,C004167,4,5
RV0044503,O0044527,C000973,5,5
RV0045879,O0045905,C004381,4,4
RV0042399,O0042421,C001478,3,4
RV0003183,O0003184,C003433,3,5
RV0028717,O0028730,C000348,3,4
RV0049287,O0049316,C004935,4,4
RV0012438,O0012445,C001115,4,3
RV0004164,O0004165,C000010,5,5
RV0031112,O0031126,C002913,3,5
RV0040212,O0040233,C002031,5,3
RV0017944,O0017954,C000846,4,5
RV0010535,O0010540,C001524,3,4
RV0021911,O0021921,C004587,5,3
RV0023591,O0023601,C003022,5,5
RV0029686,O0029699,C003853,5,3
RV0004200,O0004201,C001812,3,3
RV0015992,O0016000,C000449,5,5
RV0025253,O0025263,C002365,3,3
RV0031156,O0031170,C000611,4,4
RV0011068,O0011074,C004628,4,5
RV0008228,O0008233,C003257,4,3
RV0010274,O0010279,C001231,3,3
RV0025326,O0025336,C003288,4,5
RV0038302,O0038320,C000788,3,5
RV0042203,O0042225,C000295,4,4
RV0047426,O0047454,C002074,3,3
RV0004796,O0004798,C003539,3,5
RV0003757,O0003758,C000036,4,3
RV0008815,O0008820,C001079,4,3
RV0012029,O0012036,C000361,3,3
RV0038586,O0038605,C000623,5,4
RV0047292,O0047320,C003182,3,3
RV0037667,O0037685,C000820,5,4
RV0008742,O0008747,C004899,3,3
RV0007420,O0007424,C003994,3,5
RV0042463,O0042486,C004611,4,4
RV0036675,O0036693,C003292,3,4
RV0018025,O0018035,C003304,4,3
RV0024311,O0024321,C000772,3,3
RV0005781,O0005783,C004072,5,5
RV0021276,O0021286,C003391,5,3
RV0043130,O0043154,C003251,5,4
RV0039798,O0039819,C004062,3,4
RV0026530,O0026541,C004689,5,3
RV0004762,O0004764,C000390,5,3
RV0047336,O0047364,C001406,5,4
RV0022913,O0022923,C002235,3,5
RV0030037,O0030050,C001010,5,5
RV0008283,O0008288,C003968,5,3
RV0033449,O0033464,C004169,4,3
RV0030477,O0030490,C000370,4,3
RV0018571,O0018581,C000570,4,4
RV0037182,O0037200,C004294,5,3
RV0033821,O0033836,C001347,3,4
RV0019786,O0019796,C001029,3,3
RV0022657,O0022667,C004437,5,5
RV0017828,O0017837,C002538,4,3
RV0012844,O0012851,C004546,5,5
RV0013771,O0013778,C004076,3,5
RV0043128,O0043152,C004341,5,5
RV0037642,O0037660,C004782,4,4
RV0002070,O0002071,C001631,3,5
RV0040175,O0040196,C002717,3,4
RV0015783,O0015791,C000101,3,3
RV0038853,O0038872,C002926,5,5
RV0043177,O0043201,C001144,3,3
RV0043052,O0043076,C001384,5,3
RV0011609,O0011615,C002671,5,4
RV0030186,O0030199,C000004,3,4
RV0011387,O0011393,C001797,5,3
RV0018441,O0018451,C004519,3,3
RV0009274,O0009279,C003148,5,3
RV0001691,O0001692,C002315,4,5
RV0007921,O0007926,C002014,5,3
RV0009534,O0009539,C004232,3,5
RV0001693,O0001694,C000828,3,5
RV0028434,O0028447,C003735,4,3
RV0000995,O0000996,C001193,5,4
RV0043430,O0043454,C003765,4,4
RV0014912,O0014920,C004954,5,4
RV0031775,O0031789,C001118,3,5
RV0026850,O0026861,C003197,3,3
RV0047500,O0047528,C003606,5,3
RV0012369,O0012376,C002736,5,3
RV0011013,O0011019,C002364,3,4
RV0023587,O0023597,C000644,4,4
RV0036603,O0036621,C002869,5,3
RV0009573,O0009578,C004086,3,5
RV0018559,O0018569,C001089,4,4
RV0028354,O0028367,C000775,4,5
RV0022518,O0022528,C003098,3,3
RV0030752,O0030766,C002062,3,5
RV0037444,O0037462,C001740,5,5
RV0044595,O0044620,C000551,3,3
RV0017217,O0017226,C000547,4,3
RV0035527,O0035543,C001953,5,5
RV0046842,O0046869,C001783,3,5
RV0005584,O0005586,C003717,5,4
RV0013680,O0013687,C004610,5,4
RV0022814,O0022824,C000105,4,5
RV0048379,O0048407,C003425,4,4
RV0006831,O0006834,C002612,5,3
RV0021237,O0021247,C002174,5,4
RV0020494,O0020504,C004664,3,3
RV0017892,O0017902,C003326,5,3
RV0009816,O0009821,C004377,4,4
RV0043877,O0043901,C003137,3,3
RV0020188,O0020198,C002916,4,3
RV0035213,O0035229,C000923,5,3
RV0020228,O0020238,C000948,4,5
RV0049860,O0049890,C004810,5,4
RV0048408,O0048436,C004801,4,4
RV0048745,O0048773,C001098,4,3
RV0014930,O0014938,C001420,4,3
RV0003398,O0003399,C004253,4,4
RV0026907,O0026918,C003720,4,5
RV0027101,O0027113,C004548,5,4
RV0040595,O0040617,C003927,4,3
RV0031104,O0031118,C000365,4,5
RV0012972,O0012979,C001521,4,5
RV0004080,O0004081,C000901,3,4
RV0021016,O0021026,C000816,3,5
RV0016858,O0016866,C004553,3,3
RV0039741,O0039762,C002506,5,4
RV0016186,O0016194,C002441,5,3
RV0007007,O0007010,C002534,5,3
RV0000629,O0000630,C002514,4,4
RV0026454,O0026464,C004392,5,4
RV0014344,O0014352,C002123,5,5
RV0037980,O0037998,C003372,5,4
RV0000290,O0000291,C003334,5,5
RV0049969,O0049999,C000141,3,3
RV0030006,O0030019,C001543,3,4
RV0031930,O0031945,C004293,5,4
RV0004211,O0004212,C003059,3,5
RV0019806,O0019816,C001342,5,4
RV0025033,O0025043,C003595,4,3
RV0001173,O0001174,C003976,5,5
RV0022649,O0022659,C003817,3,4
RV0035992,O0036009,C003143,3,3
RV0028266,O0028279,C000490,4,3
RV0010334,O0010339,C000266,5,3
RV0027324,O0027337,C002935,5,3
RV0008189,O0008194,C003645,3,4
RV0030000,O0030013,C002513,5,3
RV0017088,O0017096,C000083,3,5
RV0026894,O0026905,C004169,3,3
RV0024862,O0024872,C001731,5,5
RV0028791,O0028804,C001964,5,5
RV0017119,O0017127,C001386,4,3
RV0030950,O0030964,C003510,3,5
RV0048602,O0048630,C000425,3,4
RV0036089,O0036107,C000232,3,5
RV0046996,O0047023,C003290,4,3
RV0038930,O0038949,C003709,5,3
RV0003678,O0003679,C000843,4,3
RV0003897,O0003898,C000810,3,5
RV0023955,O0023965,C004268,4,4
RV0022384,O0022394,C000211,3,3
RV0029487,O0029500,C000091,4,5
RV0041223,O0041245,C001120,5,5
RV0038186,O0038204,C004439,3,3
RV0024884,O0024894,C000063,4,5
RV0009222,O0009227,C000875,3,3
RV0044861,O0044886,C004812,3,4
RV0004444,O0004445,C003797,4,4
RV0037768,O0037786,C000484,5,5
RV0048023,O0048051,C004440,4,5
RV0039591,O0039612,C000648,4,5
RV0040044,O0040065,C002084,3,4
RV0023877,O0023887,C001606,3,3
RV0024191,O0024201,C002764,4,5
RV0024488,O0024498,C003798,4,5
RV0004778,O0004780,C000136,4,5
RV0026273,O0026283,C000715,3,4
RV0031943,O0031958,C001387,3,3
RV0009423,O0009428,C000942,5,5
RV0038246,O0038264,C000617,3,3
RV0011175,O0011181,C003367,3,5
RV0031840,O0031854,C001160,5,3
RV0002677,O0002678,C002600,3,5
RV0039426,O0039447,C004701,4,5
RV0032423,O0032438,C004345,5,3
RV0029840,O0029853,C002442,3,4
RV0025300,O0025310,C000821,5,5
RV0041033,O0041055,C004672,4,5
RV0023771,O0023781,C002097,4,4
RV0012308,O0012315,C000075,5,5
RV0003745,O0003746,C002955,4,5
RV0034814,O0034830,C002472,5,5
RV0033308,O0033323,C004573,4,5
RV0031391,O0031405,C003849,3,3
RV0018609,O0018619,C000951,5,4
RV0024793,O0024803,C000315,5,4
RV0034737,O0034753,C003873,3,5
RV0040022,O0040043,C003209,5,3
RV0014108,O0014116,C002168,5,3
RV0014221,O0014229,C004649,3,5
RV0009009,O0009014,C004986,5,3
RV0008227,O0008232,C004506,5,3
RV0020935,O0020945,C001090,4,3
RV0023287,O0023297,C001120,4,3
RV0039086,O0039106,C002514,5,5
RV0030717,O0030730,C004356,4,5
RV0026885,O0026896,C001750,5,4
RV0025512,O0025522,C000572,3,4
RV0025320,O0025330,C000406,5,3
RV0006606,O0006609,C004683,4,4
RV0035731,O0035747,C000692,5,3
RV0021847,O0021857,C004748,4,4
RV0014040,O0014048,C003165,5,4
RV0039774,O0039795,C001137,3,4
RV0022105,O0022115,C000574,5,5
RV0035935,O0035952,C003221,5,3
RV0039762,O0039783,C000513,3,3
RV0014634,O0014642,C002606,4,5
RV0037172,O0037190,C002879,3,3
RV0049701,O0049731,C004746,5,4
RV0037390,O0037408,C003670,4,3
RV0026009,O0026019,C004919,5,4
RV0017025,O0017033,C002275,4,3
RV0049889,O0049919,C001835,3,3
RV0040575,O0040597,C000260,4,5
RV0030906,O0030920,C000539,5,3
RV0004713,O0004714,C004867,4,3
RV0003387,O0003388,C002850,3,3
RV0008157,O0008162,C000793,3,5
RV0043964,O0043988,C000357,4,3
RV0036986,O0037004,C000686,3,3
RV0033256,O0033271,C004787,3,4
RV0027991,O0028004,C004881,3,4
RV0037926,O0037944,C001274,3,5
RV0022427,O0022437,C000329,3,3
RV0018751,O0018761,C001034,3,3
RV0022425,O0022435,C003576,4,3
RV0015777,O0015785,C000373,4,5
RV0013792,O0013799,C004306,4,4
RV0028012,O0028025,C001065,3,4
RV0018515,O0018525,C000647,5,4
RV0032742,O0032757,C001574,3,3
RV0040916,O0040938,C003079,3,4
RV0045107,O0045132,C003817,5,5
RV0042308,O0042330,C001541,3,3
RV0008757,O0008762,C002056,5,4
RV0013896,O0013903,C000564,4,5
RV0002538,O0002539,C001831,4,3
RV0002605,O0002606,C003794,5,3
RV0014839,O0014847,C001778,4,3
RV0032278,O0032293,C001306,3,4
RV0036926,O0036944,C001610,3,5
RV0014197,O0014205,C002957,5,3
RV0006223,O0006225,C004140,5,5
RV0019003,O0019013,C003502,4,3
RV0046821,O0046848,C003563,5,3
RV0035020,O0035036,C003658,3,3
RV0028612,O0028625,C002655,3,3
RV0031074,O0031088,C003547,5,4
RV0014133,O0014141,C002697,5,3
RV0042472,O0042495,C004613,5,4
RV0025956,O0025966,C003815,3,4
RV0007199,O0007202,C000700,4,3
RV0030764,O0030778,C001261,3,3
RV0022642,O0022652,C001772,4,4
RV0043479,O0043503,C001690,3,5
RV0016534,O0016542,C000021,4,4
RV0036864,O0036882,C001381,5,4
RV0045146,O0045171,C002190,4,5
RV0037165,O0037183,C003965,3,5
RV0041623,O0041645,C003692,5,3
RV0022364,O0022374,C000897,5,4
RV0042072,O0042094,C004196,3,4
RV0036840,O0036858,C001328,3,5
RV0011585,O0011591,C004755,3,5
RV0005379,O0005381,C001616,3,3
RV0021501,O0021511,C001661,4,3
RV0038994,O0039013,C002590,3,4
RV0043398,O0043422,C004109,4,3
RV0009365,O0009370,C004914,4,4
RV0044642,O0044667,C003485,3,4
RV0020772,O0020782,C000157,3,3
RV0006489,O0006492,C001277,4,4
RV0036101,O0036119,C003449,3,5
RV0028298,O0028311,C003811,3,3
RV0001471,O0001472,C000552,3,3
RV0031338,O0031352,C003785,5,5
RV0015092,O0015100,C002131,4,3
RV0036780,O0036798,C001902,4,4
RV0004673,O0004674,C003285,3,4
RV0000485,O0000486,C002918,4,5
RV0007791,O0007796,C004063,3,3
RV0012740,O0012747,C001700,5,4
RV0027936,O0027949,C004170,4,5
RV0011736,O0011743,C001130,4,4
RV0006068,O0006070,C000236,5,5
RV0003977,O0003978,C001925,5,4
RV0020680,O0020690,C001175,3,4
RV0000478,O0000479,C000876,4,4
RV0001266,O0001267,C000184,3,3
RV0013185,O0013192,C004614,3,5
RV0019406,O0019416,C002188,4,4
RV0044289,O0044313,C003898,5,4
RV0014787,O0014795,C003658,3,3
RV0006241,O0006243,C003652,3,5
RV0042116,O0042138,C004902,5,5
RV0030426,O0030439,C004643,4,4
RV0008010,O0008015,C003006,4,5
RV0042755,O0042778,C000415,5,3
RV0003949,O0003950,C001819,4,4
RV0032613,O0032628,C000920,4,5
RV0048657,O0048685,C001233,5,4
RV0018282,O0018292,C003775,4,3
RV0044713,O0044738,C002537,5,3
RV0026996,O0027007,C003572,4,4
RV0021319,O0021329,C004355,4,3
RV0030537,O0030550,C002481,3,5
RV0041697,O0041719,C003628,3,4
RV0037254,O0037272,C003443,5,5
RV0001259,O0001260,C000008,4,3
RV0045752,O0045778,C003385,3,4
RV0039979,O0040000,C000539,3,4
RV0026753,O0026764,C000862,4,5
RV0036001,O0036018,C004359,5,4
RV0004344,O0004345,C002094,5,4
RV0047436,O0047464,C001423,3,4
RV0026441,O0026451,C004805,4,4
RV0018887,O0018897,C004233,4,4
RV0022919,O0022929,C000698,4,3
RV0001804,O0001805,C004612,4,3
RV0001844,O0001845,C002486,3,4
RV0034562,O0034578,C001131,3,5
RV0019467,O0019477,C000828,3,3
RV0046988,O0047015,C000670,3,3
RV0036992,O0037010,C001811,3,5
RV0032619,O0032634,C004086,4,3
RV0049468,O0049498,C000405,3,5
RV0026494,O0026505,C004240,4,4
RV0024628,O0024638,C002103,5,5
RV0009995,O0010000,C001195,5,3
RV0007913,O0007918,C002897,5,5
RV0030548,O0030561,C001693,4,5
RV0006332,O0006334,C002990,4,4
RV0014929,O0014937,C000716,3,3
RV0008589,O0008594,C002873,5,3
RV0048680,O0048708,C004845,5,4
RV0007412,O0007416,C000459,4,3
RV0041365,O0041387,C004655,3,5
RV0041643,O0041665,C000628,4,4
RV0005671,O0005673,C003706,4,4
RV0045152,O0045177,C004214,3,3
RV0037698,O0037716,C001115,4,5
RV0030325,O0030338,C004134,5,3
RV0028614,O0028627,C000960,3,3
RV0000451,O0000452,C002460,4,4
RV0000483,O0000484,C000766,4,5
RV0011931,O0011938,C004404,3,5
RV0020856,O0020866,C003471,3,5
RV0016278,O0016286,C001350,4,4
RV0020994,O0021004,C002833,5,3
RV0024263,O0024273,C001844,5,5
RV0039634,O0039655,C002074,5,5
RV0032405,O0032420,C000451,4,4
RV0023720,O0023730,C000418,4,3
RV0040985,O0041007,C001081,5,3
RV0000487,O0000488,C002820,4,4
RV0045444,O0045469,C004880,4,3
RV0031948,O0031963,C003940,3,3
RV0039183,O0039203,C001782,3,5
RV0021846,O0021856,C002721,3,4
RV0031888,O0031903,C003069,4,4
RV0045237,O0045262,C003099,4,3
RV0044146,O0044170,C000665,4,3
RV0005444,O0005446,C000133,5,5
RV0001042,O0001043,C001452,3,4
RV0043073,O0043097,C001178,4,3
RV0049649,O0049679,C004302,4,4
RV0032451,O0032466,C003011,3,4
RV0006619,O0006622,C002524,5,5
RV0039274,O0039294,C001816,4,4
RV0014093,O0014101,C001443,5,3
RV0019335,O0019345,C004951,4,3
RV0031742,O0031756,C002452,5,3
RV0014613,O0014621,C004389,5,3
RV0024307,O0024317,C004122,5,3
RV0029142,O0029155,C000857,3,3
RV0028472,O0028485,C003896,3,3
RV0025288,O0025298,C001812,5,4
RV0019594,O0019604,C004361,5,3
RV0017574,O0017583,C000616,5,4
RV0023431,O0023441,C001609,3,4
RV0021272,O0021282,C000743,4,3
RV0047964,O0047992,C001495,4,4
RV0000563,O0000564,C001815,5,4
RV0034508,O0034524,C001965,4,5
RV0020250,O0020260,C000811,3,4
RV0029396,O0029409,C004379,3,3
RV0029789,O0029802,C002491,3,5
RV0044916,O0044941,C000998,5,5
RV0046773,O0046800,C004334,3,4
RV0003166,O0003167,C002750,4,5
RV0022571,O0022581,C000612,5,3
RV0048936,O0048964,C001246,3,3
RV0015395,O0015403,C004503,5,4
RV0010623,O0010628,C003593,3,5
RV0011414,O0011420,C003220,5,3
RV0013724,O0013731,C001175,4,3
RV0016735,O0016743,C001080,4,5
RV0013974,O0013982,C004395,3,3
RV0009489,O0009494,C004889,4,4
RV0039727,O0039748,C004244,3,4
RV0026021,O0026031,C004720,3,3
RV0017984,O0017994,C001829,5,3
RV0036039,O0036057,C003801,4,5
RV0048553,O0048581,C001922,5,5
RV0048032,O0048060,C000559,4,4
RV0006713,O0006716,C000922,5,5
RV0014890,O0014898,C002199,4,5
RV0035075,O0035091,C001972,3,4
RV0003475,O0003476,C002483,5,4
RV0046693,O0046720,C001825,5,5
RV0006280,O0006282,C002317,3,4
RV0005953,O0005955,C002663,5,4
RV0028052,O0028065,C002604,5,4
RV0020163,O0020173,C001733,5,4
RV0013164,O0013171,C003963,5,3
RV0011973,O0011980,C000317,3,5
RV0044616,O0044641,C003783,5,4
RV0031243,O0031257,C001226,5,3
RV0001380,O0001381,C001457,3,3
RV0018665,O0018675,C001782,5,4
RV0043394,O0043418,C001465,4,4
RV0006087,O0006089,C001000,5,3
RV0032075,O0032090,C000212,4,4
RV0036052,O0036070,C000784,3,5
RV0011792,O0011799,C000775,3,3
RV0029651,O0029664,C003711,3,4
RV0043387,O0043411,C004957,4,3
RV0048929,O0048957,C001478,3,3
RV0030994,O0031008,C004147,5,3
RV0043341,O0043365,C002386,5,4
RV0034666,O0034682,C001316,5,4
RV0041011,O0041033,C001557,3,5
RV0042227,O0042249,C003505,3,5
RV0010039,O0010044,C002761,5,3
RV0021533,O0021543,C000460,4,4
RV0030120,O0030133,C000647,4,4
RV0041472,O0041494,C002488,5,4
RV0002394,O0002395,C000061,3,3
RV0021716,O0021726,C004211,3,3
RV0038237,O0038255,C003161,3,5
RV0000607,O0000608,C000333,5,4
RV0005420,O0005422,C001750,5,4
RV0020353,O0020363,C002049,4,4
RV0023352,O0023362,C000810,3,4
RV0010898,O0010904,C003033,5,4
RV0043332,O0043356,C004538,4,4
RV0017060,O0017068,C002816,4,3
RV0030155,O0030168,C000621,4,4
RV0030579,O0030592,C001928,5,3
RV0004195,O0004196,C004819,4,4
RV0020639,O0020649,C004049,4,3
RV0029539,O0029552,C000759,5,4
RV0031454,O0031468,C003434,4,4
RV0010809,O0010815,C003475,3,4
RV0022894,O0022904,C004939,5,4
RV0042883,O0042906,C002225,5,5
RV0048863,O0048891,C002177,4,5
RV0007429,O0007433,C001362,3,4
RV0012106,O0012113,C003008,5,5
RV0034856,O0034872,C000546,3,4
RV0022472,O0022482,C004764,3,5
RV0011358,O0011364,C003196,4,5
RV0029306,O0029319,C004948,3,3
RV0022390,O0022400,C002730,5,4
RV0014869,O0014877,C002855,3,3
RV0013583,O0013590,C002842,5,3
RV0038380,O0038398,C003134,3,3
RV0035598,O0035614,C000989,4,3
RV0022790,O0022800,C003269,3,5
RV0034873,O0034889,C001829,5,4
RV0019958,O0019968,C004254,3,3
RV0012014,O0012021,C002228,4,3
RV0048797,O0048825,C000487,4,5
RV0043166,O0043190,C004006,5,3
RV0017139,O0017147,C000752,4,4
RV0010726,O0010731,C004996,3,3
RV0028049,O0028062,C002554,3,3
RV0046477,O0046504,C003978,3,5
RV0035038,O0035054,C001950,5,5
RV0004718,O0004719,C001521,3,4
RV0007700,O0007705,C002519,3,5
RV0023809,O0023819,C001964,5,4
RV0001309,O0001310,C002369,5,5
RV0007912,O0007917,C000851,5,4
RV0002397,O0002398,C001024,5,5
RV0014783,O0014791,C001659,4,5
RV0003050,O0003051,C004880,3,3
RV0008715,O0008720,C003222,5,3
RV0040305,O0040326,C001590,3,3
RV0037210,O0037228,C004514,3,3
RV0000506,O0000507,C000059,5,5
RV0042764,O0042787,C002580,5,4
RV0010788,O0010794,C003454,3,5
RV0002136,O0002137,C001427,4,4
RV0044889,O0044914,C003899,5,3
RV0042155,O0042177,C001989,5,4
RV0019905,O0019915,C004129,5,3
RV0036217,O0036235,C001304,3,4
RV0009098,O0009103,C003569,5,3
RV0043160,O0043184,C004640,4,3
RV0038292,O0038310,C003137,5,3
RV0004755,O0004757,C004361,3,4
RV0043533,O0043557,C001839,5,3
RV0011379,O0011385,C002812,3,5
RV0004365,O0004366,C003856,3,4
RV0020136,O0020146,C003771,3,3
RV0015576,O0015584,C003411,3,5
RV0043988,O0044012,C000581,3,3
RV0036058,O0036076,C002998,4,4
RV0031221,O0031235,C004600,3,3
RV0023783,O0023793,C002917,5,3
RV0010513,O0010518,C004365,4,5
RV0034530,O0034546,C002407,5,4
RV0042825,O0042848,C000622,4,3
RV0015300,O0015308,C000965,4,4
RV0010509,O0010514,C004835,4,3
RV0021198,O0021208,C000159,4,4
RV0025673,O0025683,C000134,3,3
RV0026286,O0026296,C000698,5,3
RV0006627,O0006630,C002754,5,4
RV0017213,O0017222,C002874,5,4
RV0003710,O0003711,C003039,5,4
RV0038162,O0038180,C001377,3,5
RV0014742,O0014750,C002886,5,4
RV0038421,O0038439,C002028,3,5
RV0043287,O0043311,C004074,4,4
RV0029690,O0029703,C000385,4,3
RV0044069,O0044093,C000747,4,3
RV0028904,O0028917,C000432,4,5
RV0024545,O0024555,C001647,3,3
RV0034195,O0034210,C001111,4,3
RV0040374,O0040395,C003313,3,5
RV0040674,O0040696,C004124,5,4
RV0008281,O0008286,C000943,4,3
RV0041668,O0041690,C003885,3,3
RV0030282,O0030295,C003527,4,3
RV0021693,O0021703,C000933,4,4
RV0024844,O0024854,C004278,5,3
RV0031162,O0031176,C001009,3,3
RV0012978,O0012985,C001784,5,3
RV0036353,O0036371,C000272,5,4
RV0018468,O0018478,C001055,4,4
RV0047176,O0047203,C000901,4,3
RV0001399,O0001400,C003232,4,3
RV0038451,O0038469,C003871,5,4
RV0006616,O0006619,C003864,4,4
RV0009075,O0009080,C001924,4,3
RV0006709,O0006712,C003053,4,5
RV0009307,O0009312,C003628,4,3
RV0039137,O0039157,C000528,3,4
RV0043655,O0043679,C000612,5,4
RV0007060,O0007063,C002943,3,4
RV0002430,O0002431,C002174,3,5
RV0013756,O0013763,C004808,4,4
RV0027978,O0027991,C003728,4,3
RV0039141,O0039161,C000690,4,5
RV0040434,O0040456,C004678,5,5
RV0023629,O0023639,C003011,4,4
RV0044940,O0044965,C003807,4,5
RV0045513,O0045538,C004778,5,3
RV0027030,O0027042,C002936,5,3
RV0013113,O0013120,C001318,3,5
RV0042701,O0042724,C002823,3,3
RV0004440,O0004441,C000406,5,3
RV0022714,O0022724,C002943,5,5
RV0033673,O0033688,C001097,5,4
RV0025458,O0025468,C003959,4,5
RV0017975,O0017985,C001968,5,5
RV0027889,O0027902,C002714,3,4
RV0039052,O0039071,C004195,5,4
RV0010201,O0010206,C001971,5,4
RV0018578,O0018588,C002664,3,4
RV0024211,O0024221,C000380,4,3
RV0047222,O0047250,C004787,4,4
RV0012694,O0012701,C002974,4,5
RV0038130,O0038148,C004339,4,3
RV0016884,O0016892,C001867,4,3
RV0041478,O0041500,C001237,5,3
RV0047843,O0047871,C000557,5,5
RV0027254,O0027267,C004729,5,5
RV0030665,O0030678,C001354,3,5
RV0038287,O0038305,C003782,3,5
RV0025309,O0025319,C001252,4,4
RV0021525,O0021535,C003934,3,4
RV0007819,O0007824,C002537,4,5
RV0031936,O0031951,C002079,3,3
RV0026194,O0026204,C003931,5,4
RV0022772,O0022782,C003193,3,3
RV0029836,O0029849,C002742,4,5
RV0003266,O0003267,C003176,5,4
RV0016827,O0016835,C001249,4,3
RV0022833,O0022843,C004558,5,3
RV0035301,O0035317,C002881,3,3
RV0008505,O0008510,C003822,5,3
RV0018966,O0018976,C004332,4,3
RV0046879,O0046906,C002652,3,5
RV0048131,O0048159,C001744,3,3
RV0038109,O0038127,C003600,5,3
RV0030307,O0030320,C000866,4,3
RV0036906,O0036924,C001332,4,5
RV0049535,O0049565,C003045,3,5
RV0047115,O0047142,C001762,5,3
RV0027390,O0027403,C000051,3,5
RV0040879,O0040901,C002161,3,4
RV0037348,O0037366,C001498,5,3
RV0038834,O0038853,C001285,3,5
RV0026402,O0026412,C004468,5,5
RV0048874,O0048902,C002684,4,3
RV0030265,O0030278,C001605,4,5
RV0032195,O0032210,C003121,4,4
RV0026444,O0026454,C000364,3,3
RV0002018,O0002019,C004215,3,3
RV0023974,O0023984,C004215,5,4
RV0007042,O0007045,C003237,5,4
RV0022726,O0022736,C004075,4,5
RV0009362,O0009367,C002679,3,3
RV0044423,O0044447,C002287,3,4
RV0019917,O0019927,C000397,3,3
RV0016410,O0016418,C003920,3,5
RV0013088,O0013095,C002513,4,4
RV0008233,O0008238,C003216,4,5
RV0042180,O0042202,C004489,4,3
RV0014583,O0014591,C003834,5,5
RV0042299,O0042321,C001915,4,3
RV0030052,O0030065,C000810,5,4
RV0023038,O0023048,C000561,5,4
RV0011229,O0011235,C000364,5,3
RV0031193,O0031207,C001699,4,5
RV0016784,O0016792,C001824,5,3
RV0011718,O0011725,C000475,5,3
RV0009900,O0009905,C004820,5,4
RV0012244,O0012251,C002986,4,5
RV0013815,O0013822,C001128,4,3
RV0009513,O0009518,C002578,4,3
RV0013736,O0013743,C001294,5,5
RV0027589,O0027602,C001531,5,3
RV0021633,O0021643,C002731,3,5
RV0016716,O0016724,C001340,4,4
RV0026412,O0026422,C002487,5,4
RV0040357,O0040378,C002367,4,3
RV0049395,O0049425,C000661,4,5
RV0038095,O0038113,C000142,3,4
RV0033322,O0033337,C003619,5,3
RV0009642,O0009647,C000931,4,3
RV0043690,O0043714,C001958,3,3
RV0019102,O0019112,C002389,5,5
RV0013953,O0013961,C001917,4,4
RV0015370,O0015378,C001546,4,4
RV0033859,O0033874,C002071,5,4
RV0024912,O0024922,C000448,5,3
RV0015902,O0015910,C003904,3,4
RV0045302,O0045327,C003216,5,3
RV0037875,O0037893,C002772,4,5
RV0037372,O0037390,C000272,4,4
RV0013961,O0013969,C003203,5,5
RV0003498,O0003499,C002970,5,3
RV0031053,O0031067,C000747,5,3
RV0022591,O0022601,C001370,4,5
RV0017292,O0017301,C001358,4,3
RV0038604,O0038623,C002662,5,4
RV0017440,O0017449,C004542,5,3
RV0015788,O0015796,C001411,5,4
RV0041385,O0041407,C004943,4,5
RV0032326,O0032341,C001987,3,5
RV0006377,O0006380,C001862,4,5
RV0004490,O0004491,C002563,3,4
RV0044537,O0044562,C004511,5,5
RV0003978,O0003979,C001938,5,4
RV0026168,O0026178,C004799,4,4
RV0022589,O0022599,C001503,4,4
RV0009938,O0009943,C000387,4,5
RV0034780,O0034796,C003701,5,4
RV0010786,O0010792,C001721,3,4
RV0028131,O0028144,C000623,3,4
RV0041704,O0041726,C000333,3,3
RV0039413,O0039434,C000723,3,5
RV0021985,O0021995,C004084,4,4
RV0035511,O0035527,C000031,4,4
RV0029212,O0029225,C003887,4,5
RV0007113,O0007116,C000652,5,3
RV0009809,O0009814,C000862,4,4
RV0035305,O0035321,C002130,3,5
RV0024480,O0024490,C001366,3,5
RV0048097,O0048125,C002708,4,3
RV0039603,O0039624,C002330,4,5
RV0044109,O0044133,C003646,3,4
RV0049328,O0049357,C003937,4,4
RV0011216,O0011222,C004113,5,4
RV0002803,O0002804,C003421,4,3
RV0042791,O0042814,C004160,5,4
RV0020838,O0020848,C000007,4,3
RV0028745,O0028758,C003714,5,5
RV0014659,O0014667,C004003,4,4
RV0046077,O0046103,C003043,5,3
RV0045585,O0045610,C003390,5,4
RV0018904,O0018914,C004534,3,3
RV0039616,O0039637,C002916,3,5
RV0027135,O0027147,C001776,3,4
RV0041915,O0041937,C001222,5,5
RV0036890,O0036908,C004470,5,4
RV0002120,O0002121,C000119,4,4
RV0046803,O0046830,C002155,4,3
RV0035504,O0035520,C003289,4,4
RV0004024,O0004025,C002110,5,3
RV0041770,O0041792,C001306,3,5
RV0042424,O0042446,C001046,5,5
RV0012762,O0012769,C002697,3,3
RV0032637,O0032652,C000248,3,4
RV0013916,O0013923,C003689,3,3
RV0049861,O0049891,C000453,3,3
RV0006286,O0006288,C001886,5,3
RV0039797,O0039818,C000287,5,3
RV0036140,O0036158,C003234,3,5
RV0020819,O0020829,C001775,5,3
RV0025164,O0025174,C002010,5,3
RV0013354,O0013361,C000377,4,5
RV0004871,O0004873,C002739,4,4
RV0017431,O0017440,C003844,4,3
RV0035296,O0035312,C001089,4,5
RV0026778,O0026789,C001460,5,5
RV0017847,O0017857,C001324,3,3
RV0021085,O0021095,C003470,3,3
RV0018973,O0018983,C004673,3,4
RV0049594,O0049624,C002765,3,5
RV0007690,O0007694,C000207,5,4
RV0020871,O0020881,C001893,4,3
RV0020068,O0020078,C004855,3,4
RV0030961,O0030975,C000505,3,4
RV0013594,O0013601,C002137,5,4
RV0034325,O0034340,C004375,5,5
RV0039269,O0039289,C003315,5,4
RV0018712,O0018722,C001716,4,4
RV0047061,O0047088,C002126,3,5
RV0002173,O0002174,C003205,3,4
RV0019993,O0020003,C004971,3,4
RV0019411,O0019421,C001742,5,4
RV0045975,O0046001,C000871,5,5
RV0025573,O0025583,C003653,5,5
RV0006257,O0006259,C003178,4,3
RV0010070,O0010075,C001271,3,5
RV0046044,O0046070,C003720,4,5
RV0011793,O0011800,C002900,4,4
RV0025062,O0025072,C004591,4,3
RV0037871,O0037889,C001472,3,4
RV0018873,O0018883,C002790,3,3
RV0009250,O0009255,C001653,3,3
RV0012022,O0012029,C001484,4,4
RV0035727,O0035743,C002842,3,3
RV0002819,O0002820,C000086,3,5
RV0033510,O0033525,C003181,4,5
RV0004105,O0004106,C000874,4,4
RV0018262,O0018272,C004935,3,3
RV0045649,O0045674,C004480,4,3
RV0040476,O0040498,C000896,4,4
RV0014876,O0014884,C000287,4,5
RV0013735,O0013742,C001511,3,5
RV0013390,O0013397,C001782,3,3
RV0048943,O0048971,C000829,3,4
RV0023850,O0023860,C001470,3,4
RV0001302,O0001303,C004113,5,3
RV0042988,O0043012,C004815,3,3
RV0004964,O0004966,C004224,4,4
RV0016736,O0016744,C003896,4,3
RV0006637,O0006640,C002268,3,3
RV0014360,O0014368,C000544,3,5
RV0025336,O0025346,C002827,3,3
RV0033904,O0033919,C003849,4,4
RV0018531,O0018541,C004641,5,5
RV0025749,O0025759,C000421,3,4
RV0002006,O0002007,C002519,5,3
RV0008603,O0008608,C000497,3,3
RV0029843,O0029856,C004968,4,5
RV0031981,O0031996,C001378,3,5
RV0043821,O0043845,C004257,5,4
RV0033475,O0033490,C003015,4,4
RV0040891,O0040913,C001414,4,5
RV0046278,O0046305,C002715,5,3
RV0048315,O0048343,C002783,3,3
RV0026857,O0026868,C003732,3,5
RV0036338,O0036356,C000096,4,3
RV0002447,O0002448,C004299,5,3
RV0019687,O0019697,C004741,5,3
RV0005871,O0005873,C001842,4,5
RV0039578,O0039599,C001891,3,5
RV0012113,O0012120,C002124,5,3
RV0003995,O0003996,C004923,5,4
RV0001198,O0001199,C002604,3,4
RV0003473,O0003474,C002075,4,5
RV0007695,O0007699,C002157,3,3
RV0016894,O0016902,C001931,5,4
RV0000583,O0000584,C003561,5,3
RV0033007,O0033022,C004494,3,3
RV0004808,O0004810,C004910,5,3
RV0028372,O0028385,C002352,3,3
RV0034736,O0034752,C003602,4,4
RV0017660,O0017669,C002672,5,5
RV0031940,O0031955,C001575,3,4
RV0037753,O0037771,C001350,4,4
RV0030017,O0030030,C000676,5,3
RV0035569,O0035585,C002103,4,4
RV0015491,O0015499,C003468,5,4
RV0024072,O0024082,C003027,4,3
RV0017414,O0017423,C001526,3,5
RV0024716,O0024726,C001254,4,3
RV0049962,O0049992,C003891,5,3
RV0047524,O0047552,C001015,5,3
RV0000872,O0000873,C000569,5,4
RV0044761,O0044786,C002839,5,3
RV0042434,O0042457,C002960,4,5
RV0039016,O0039035,C001482,5,5
RV0035366,O0035382,C003879,5,5
RV0011263,O0011269,C003983,5,5
RV0013741,O0013748,C001082,5,4
RV0022255,O0022265,C001685,5,5
RV0019137,O0019147,C001531,5,5
RV0006453,O0006456,C002359,4,3
RV0006208,O0006210,C003618,5,4
RV0038124,O0038142,C002421,4,3
RV0003213,O0003214,C000207,4,3
RV0028980,O0028993,C002117,4,3
RV0049367,O0049397,C001835,5,4
RV0045876,O0045902,C004250,5,5
RV0004993,O0004995,C002628,4,5
RV0005736,O0005738,C002062,3,3
RV0034290,O0034305,C000797,3,3
RV0037624,O0037642,C004180,3,5
RV0038583,O0038602,C001374,4,5
RV0040198,O0040219,C001760,4,5
RV0037767,O0037785,C004267,5,4
RV0037942,O0037960,C004983,4,3
RV0020647,O0020657,C002496,3,4
RV0033908,O0033923,C003738,4,4
RV0036599,O0036617,C003088,5,3
RV0049244,O0049273,C004928,3,5
RV0028275,O0028288,C001066,3,3
RV0042413,O0042435,C004137,4,4
RV0010429,O0010434,C002797,4,3
RV0034925,O0034941,C004646,3,4
RV0001874,O0001875,C000056,3,4
RV0020894,O0020904,C004929,5,5
RV0014416,O0014424,C001161,3,5
RV0008653,O0008658,C004514,3,5
RV0038958,O0038977,C001247,5,5
RV0007644,O0007648,C002489,4,5
RV0036347,O0036365,C000073,3,4
RV0029927,O0029940,C004399,4,5
RV0000650,O0000651,C000848,4,3
RV0032388,O0032403,C003912,4,3
RV0039210,O0039230,C000804,3,4
RV0030243,O0030256,C001350,5,5
RV0007740,O0007745,C003082,3,3
RV0012562,O0012569,C003740,5,3
RV0043635,O0043659,C003801,3,5
RV0038832,O0038851,C001152,3,3
RV0038227,O0038245,C000672,3,3
RV0025986,O0025996,C002699,3,3
RV0049579,O0049609,C003090,5,3
RV0040526,O0040548,C000504,3,3
RV0047023,O0047050,C002623,3,4
RV0041406,O0041428,C001543,5,5
RV0014480,O0014488,C001700,3,4
RV0045850,O0045876,C000397,4,4
RV0013589,O0013596,C002990,3,4
RV0030423,O0030436,C000090,4,4
RV0017055,O0017063,C002407,5,5
RV0022613,O0022623,C003754,5,3
RV0037406,O0037424,C000944,5,5
RV0030602,O0030615,C001665,4,3
RV0000257,O0000258,C004972,5,3
RV0023407,O0023417,C002389,3,4
RV0003045,O0003046,C004414,4,5
RV0011994,O0012001,C004265,5,3
RV0033869,O0033884,C004798,4,4
RV0040311,O0040332,C003972,4,4
RV0037523,O0037541,C000323,3,4
RV0038491,O0038510,C000575,5,3
RV0033667,O0033682,C000696,4,4
RV0001939,O0001940,C003131,4,5
RV0004236,O0004237,C003006,3,5
RV0030585,O0030598,C002902,5,5
RV0028127,O0028140,C003078,3,5
RV0045574,O0045599,C001636,4,5
RV0002468,O0002469,C004925,4,3
RV0040842,O0040864,C002595,3,4
RV0006531,O0006534,C000804,4,3
RV0023215,O0023225,C003455,5,4
RV0002184,O0002185,C001158,4,3
RV0004223,O0004224,C002537,4,4
RV0041519,O0041541,C000293,3,4
RV0043853,O0043877,C000411,4,4
RV0028459,O0028472,C002048,4,5
RV0014315,O0014323,C003299,5,3
RV0040227,O0040248,C003812,4,4
RV0017067,O0017075,C004082,5,5
RV0049756,O0049786,C002976,3,5
RV0041970,O0041992,C001876,3,3
RV0019407,O0019417,C001639,3,5
RV0046262,O0046289,C004624,5,5
RV0007472,O0007476,C004950,4,3
RV0033733,O0033748,C001756,4,5
RV0015476,O0015484,C002091,4,5
RV0038495,O0038514,C002468,5,3
RV0037990,O0038008,C000015,4,3
RV0005094,O0005096,C002556,3,5
RV0031249,O0031263,C002309,3,4
RV0013915,O0013922,C002319,3,3
RV0015986,O0015994,C000878,3,5
RV0026491,O0026502,C002992,4,3
RV0014307,O0014315,C002612,4,5
RV0033206,O0033221,C004589,3,3
RV0010631,O0010636,C004957,5,4
RV0003620,O0003621,C003177,3,4
RV0012706,O0012713,C000350,5,4
RV0034359,O0034375,C002147,4,5
RV0046588,O0046615,C004061,4,3
RV0038774,O0038793,C002669,5,4
RV0033452,O0033467,C000358,3,4
RV0041906,O0041928,C001731,5,3
RV0043916,O0043940,C004311,3,3
RV0018636,O0018646,C002021,5,4
RV0048611,O0048639,C003742,5,3
RV0000522,O0000523,C001563,4,4
RV0037141,O0037159,C003667,4,4
RV0019628,O0019638,C001942,5,4
RV0019640,O0019650,C003752,4,3
RV0043067,O0043091,C000982,3,3
RV0009946,O0009951,C001991,5,3
RV0026677,O0026688,C000354,5,5
RV0049308,O0049337,C004515,5,5
RV0041219,O0041241,C002707,4,3
RV0023755,O0023765,C004835,4,5
RV0043406,O0043430,C001879,3,3
RV0048361,O0048389,C000788,5,5
RV0013199,O0013206,C000111,3,5
RV0010305,O0010310,C000253,4,3
RV0047007,O0047034,C003744,4,4
RV0049335,O0049365,C000820,4,5
RV0035715,O0035731,C003443,3,3
RV0034967,O0034983,C000045,5,5
RV0009139,O0009144,C003716,4,5
RV0045078,O0045103,C003483,5,3
RV0016815,O0016823,C000256,5,3
RV0044500,O0044524,C000572,4,4
RV0047439,O0047467,C000205,5,4
RV0004037,O0004038,C001588,5,5
RV0014099,O0014107,C000981,5,3
RV0009775,O0009780,C001293,3,5
RV0040256,O0040277,C002657,4,3
RV0021093,O0021103,C004719,4,4
RV0026063,O0026073,C002508,5,5
RV0048493,O0048521,C001612,5,4
RV0035189,O0035205,C003800,4,4
RV0045204,O0045229,C002536,3,4
RV0017195,O0017204,C003746,5,4
RV0025859,O0025869,C004877,4,3
RV0016362,O0016370,C000365,4,4
RV0022408,O0022418,C002551,4,4
RV0028134,O0028147,C002420,5,3
RV0041352,O0041374,C004067,4,5
RV0016602,O0016610,C001411,3,3
RV0013244,O0013251,C001980,4,5
RV0048415,O0048443,C003816,5,5
RV0018084,O0018094,C000109,4,3
RV0037961,O0037979,C003341,4,3
RV0001011,O0001012,C002363,4,5
RV0003026,O0003027,C003677,4,4
RV0034143,O0034158,C000386,3,4
RV0033042,O0033057,C002632,5,5
RV0019082,O0019092,C000688,3,4
RV0038790,O0038809,C002713,3,3
RV0035324,O0035340,C001979,3,4
RV0032209,O0032224,C000335,4,4
RV0042595,O0042618,C000789,3,4
RV0013763,O0013770,C001377,4,3
RV0016067,O0016075,C001375,3,4
RV0004065,O0004066,C002624,3,4
RV0004991,O0004993,C002607,4,3
RV0029630,O0029643,C004457,4,4
RV0031675,O0031689,C002860,3,4
RV0027996,O0028009,C004787,4,5
RV0024712,O0024722,C003474,5,4
RV0012095,O0012102,C002684,5,4
RV0037340,O0037358,C004026,5,3
RV0033217,O0033232,C002808,3,5
RV0020242,O0020252,C001185,4,3
RV0017340,O0017349,C000451,5,4
RV0009626,O0009631,C002627,5,4
RV0022247,O0022257,C000944,3,5
RV0003157,O0003158,C003992,3,5
RV0011295,O0011301,C002276,4,5
RV0022532,O0022542,C003883,5,5
RV0039277,O0039297,C002527,3,4
RV0011132,O0011138,C001971,5,3
RV0030626,O0030639,C004951,4,5
RV0044680,O0044705,C001317,4,4
RV0048200,O0048228,C001261,4,3
RV0015126,O0015134,C003092,5,3
RV0020515,O0020525,C000723,5,3
RV0043967,O0043991,C003342,4,5
RV0001834,O0001835,C004631,4,5
RV0033856,O0033871,C004886,4,3
RV0040444,O0040466,C002352,4,4
RV0020386,O0020396,C002683,3,4
RV0014132,O0014140,C004487,3,5
RV0011828,O0011835,C004286,4,5
RV0022522,O0022532,C004677,3,4
RV0007271,O0007274,C004995,3,3
RV0030417,O0030430,C002936,4,5
RV0006438,O0006441,C002101,3,4
RV0035717,O0035733,C004664,4,3
RV0022535,O0022545,C003948,4,3
RV0031583,O0031597,C003384,3,3
RV0028215,O0028228,C000044,4,4
RV0015117,O0015125,C004211,5,4
RV0049331,O0049360,C000050,4,5
RV0016908,O0016916,C002988,4,5
RV0024266,O0024276,C004905,4,5
RV0011473,O0011479,C004326,4,3
RV0038387,O0038405,C001054,4,4
RV0046172,O0046198,C000309,3,4
RV0027242,O0027255,C004195,5,4
RV0034847,O0034863,C002942,3,5
RV0036367,O0036385,C001334,4,3
RV0023841,O0023851,C003547,4,5
RV0003509,O0003510,C000431,4,5
RV0023338,O0023348,C003508,3,3
RV0031436,O0031450,C002684,4,3
RV0022468,O0022478,C004789,5,4
RV0018401,O0018411,C004707,5,3
RV0047168,O0047195,C003825,3,5
RV0005096,O0005098,C002689,3,5
RV0048692,O0048720,C001958,3,4
RV0014666,O0014674,C001999,5,4
RV0047911,O0047939,C002487,3,4
RV0012785,O0012792,C001714,3,4
RV0030727,O0030741,C003233,4,5
RV0019794,O0019804,C004009,5,5
RV0036341,O0036359,C000763,3,4
RV0035439,O0035455,C001223,3,3
RV0006672,O0006675,C002091,4,4
RV0041344,O0041366,C004902,4,5
RV0008197,O0008202,C004714,3,3
RV0044544,O0044569,C000186,5,3
RV0036974,O0036992,C001806,5,3
RV0033772,O0033787,C002067,5,5
RV0049764,O0049794,C002572,3,3
RV0001290,O0001291,C001316,3,5
RV0049202,O0049231,C003066,5,4
RV0002688,O0002689,C001321,5,5
RV0045135,O0045160,C000612,3,5
RV0028385,O0028398,C003889,5,4
RV0045670,O0045695,C004385,4,5
RV0040713,O0040735,C003434,4,4
RV0024103,O0024113,C000232,4,5
RV0011291,O0011297,C003914,3,5
RV0044453,O0044477,C001977,4,3
RV0025481,O0025491,C004648,4,3
RV0032032,O0032047,C001005,4,5
RV0031198,O0031212,C004148,4,4
RV0046343,O0046370,C000017,5,3
RV0041112,O0041134,C003550,4,4
RV0022774,O0022784,C000606,3,3
RV0024239,O0024249,C004777,4,4
RV0009853,O0009858,C000329,3,4
RV0045259,O0045284,C003253,5,3
RV0004186,O0004187,C004147,4,4
RV0007046,O0007049,C004160,3,4
RV0019098,O0019108,C002938,5,4
RV0029937,O0029950,C003844,3,5
RV0008174,O0008179,C002505,3,3
RV0004345,O0004346,C002099,3,4
RV0015468,O0015476,C000653,3,5
RV0018373,O0018383,C003117,4,4
RV0028120,O0028133,C000962,5,3
RV0041878,O0041900,C001502,4,3
RV0042033,O0042055,C004177,5,3
RV0009379,O0009384,C000804,5,3
RV0014176,O0014184,C000112,3,4
RV0022802,O0022812,C003386,5,4
RV0022645,O0022655,C004325,3,4
RV0013634,O0013641,C003961,5,5
RV0035368,O0035384,C003412,3,3
RV0006775,O0006778,C001863,5,5
RV0003518,O0003519,C000787,4,4
RV0035146,O0035162,C004198,4,3
RV0031990,O0032005,C002575,4,4
RV0040381,O0040402,C004578,3,3
RV0025528,O0025538,C002180,3,3
RV0033882,O0033897,C001454,5,4
RV0020414,O0020424,C002815,3,4
RV0035085,O0035101,C003526,4,5
RV0035306,O0035322,C001472,5,4
RV0048888,O0048916,C004952,4,4
RV0031167,O0031181,C001631,3,3
RV0047122,O0047149,C000962,4,4
RV0004547,O0004548,C003610,4,4
RV0003677,O0003678,C001249,3,5
RV0039329,O0039349,C003335,3,4
RV0046180,O0046206,C003417,3,3
RV0039612,O0039633,C003881,3,4
RV0016010,O0016018,C003936,3,3
RV0039585,O0039606,C000010,5,4
RV0037733,O0037751,C002376,3,3
RV0014075,O0014083,C001309,5,3
RV0029752,O0029765,C001586,5,3
RV0003463,O0003464,C001092,3,3
RV0011326,O0011332,C002526,3,4
RV0027455,O0027468,C002921,3,4
RV0017655,O0017664,C002300,5,5
RV0014853,O0014861,C002014,5,5
RV0012549,O0012556,C001660,5,3
RV0046041,O0046067,C003991,3,5
RV0013173,O0013180,C001610,5,5
RV0034267,O0034282,C002502,3,4
RV0037955,O0037973,C004915,4,3
RV0045787,O0045813,C001983,3,4
RV0008121,O0008126,C003352,5,5
RV0019108,O0019118,C001152,3,3
RV0018654,O0018664,C000607,4,4
RV0045776,O0045802,C003086,5,3
RV0033378,O0033393,C003197,5,3
RV0013430,O0013437,C003575,5,5
RV0001123,O0001124,C003704,4,4
RV0041342,O0041364,C004046,5,5
RV0002904,O0002905,C003258,3,4
RV0013086,O0013093,C004789,4,5
RV0042000,O0042022,C004445,4,4
RV0037728,O0037746,C001864,4,3
RV0031039,O0031053,C003971,3,4
RV0006260,O0006262,C001470,5,5
RV0031257,O0031271,C000605,4,4
RV0023217,O0023227,C000212,5,3
RV0011325,O0011331,C003606,4,5
RV0004888,O0004890,C003196,3,5
RV0010203,O0010208,C002467,3,4
RV0036689,O0036707,C000872,5,3
RV0032832,O0032847,C002619,5,5
RV0036596,O0036614,C001746,3,5
RV0014386,O0014394,C000912,4,5
RV0038286,O0038304,C001513,3,5
RV0008516,O0008521,C002455,3,5
RV0033235,O0033250,C001773,5,3
RV0010322,O0010327,C002726,4,3
RV0040835,O0040857,C001426,5,5
RV0010661,O0010666,C001830,4,5
RV0003864,O0003865,C004790,4,3
RV0029746,O0029759,C000724,5,3
RV0023379,O0023389,C000991,4,4
RV0024164,O0024174,C001501,3,4
RV0009210,O0009215,C003148,3,4
RV0008127,O0008132,C001711,4,4
RV0003079,O0003080,C004956,3,4
RV0029326,O0029339,C001590,4,4
RV0048068,O0048096,C001764,4,5
RV0042032,O0042054,C001328,5,4
RV0049620,O0049650,C002638,5,4
RV0011506,O0011512,C000005,4,5
RV0042744,O0042767,C004265,4,3
RV0011581,O0011587,C001016,3,5
RV0027179,O0027192,C002903,4,3
RV0024936,O0024946,C002100,4,4
RV0040641,O0040663,C000677,5,3
RV0010722,O0010727,C002873,3,3
RV0035357,O0035373,C000170,4,3
RV0043982,O0044006,C004727,4,3
RV0006830,O0006833,C000792,4,5
RV0012281,O0012288,C000546,4,4
RV0005334,O0005336,C002577,4,5
RV0039271,O0039291,C004109,4,5
RV0028929,O0028942,C002148,4,3
RV0011928,O0011935,C001429,5,3
RV0047155,O0047182,C002750,5,5
RV0047714,O0047742,C003087,3,4
RV0008534,O0008539,C004713,5,3
RV0002214,O0002215,C000667,3,5
RV0030481,O0030494,C002870,3,3
RV0046904,O0046931,C001242,5,5
RV0044353,O0044377,C004452,5,4
RV0048437,O0048465,C000130,3,3
RV0021375,O0021385,C000659,3,5
RV0019606,O0019616,C001453,4,3
RV0010705,O0010710,C004301,3,5
RV0002249,O0002250,C003575,4,5
RV0029209,O0029222,C002228,4,5
RV0049573,O0049603,C000183,3,4
RV0042673,O0042696,C001060,4,4
RV0006836,O0006839,C001009,4,4
RV0008185,O0008190,C003412,3,4
RV0036202,O0036220,C003704,4,5
RV0000701,O0000702,C003589,3,3
RV0010914,O0010920,C003009,5,3
RV0048168,O0048196,C002663,4,5
RV0015755,O0015763,C004298,3,3
RV0026158,O0026168,C002078,3,5
RV0036529,O0036547,C004429,5,3
RV0011629,O0011635,C003794,5,3
RV0013823,O0013830,C002579,3,5
RV0031144,O0031158,C002579,5,5
RV0046157,O0046183,C003063,3,3
RV0011693,O0011700,C002155,5,5
RV0016833,O0016841,C001168,4,4
RV0028776,O0028789,C001210,4,5
RV0006534,O0006537,C002275,4,3
RV0014531,O0014539,C001450,3,4
RV0028442,O0028455,C001865,4,4
RV0009504,O0009509,C003294,4,3
RV0004978,O0004980,C001663,3,5
RV0036778,O0036796,C004186,3,5
RV0036225,O0036243,C002384,3,4
RV0030213,O0030226,C001159,5,5
RV0006151,O0006153,C003718,3,3
RV0005403,O0005405,C002816,4,4
RV0011199,O0011205,C004307,5,3
RV0007726,O0007731,C004583,5,5
RV0041528,O0041550,C002405,3,3
RV0019132,O0019142,C002651,3,3
RV0003440,O0003441,C004691,5,4
RV0019638,O0019648,C001976,5,4
RV0032751,O0032766,C002067,5,3
RV0049177,O0049206,C002444,3,5
RV0049227,O0049256,C001503,4,5
RV0045842,O0045868,C004194,4,5
RV0000804,O0000805,C000432,4,3
RV0043244,O0043268,C000360,5,4
RV0030673,O0030686,C004712,3,4
RV0049187,O0049216,C003758,5,4
RV0019992,O0020002,C000883,4,5
RV0004624,O0004625,C000389,5,5
RV0027379,O0027392,C000797,3,3
RV0038190,O0038208,C000320,5,4
RV0023203,O0023213,C000672,3,4
RV0011679,O0011685,C003285,4,5
RV0018634,O0018644,C002228,3,3
RV0038516,O0038535,C003211,5,5
RV0038201,O0038219,C002104,3,4
RV0030503,O0030516,C001611,4,4
RV0001966,O0001967,C004229,3,5
RV0005621,O0005623,C004313,3,5
RV0039181,O0039201,C002481,3,3
RV0011727,O0011734,C002787,4,5
RV0027166,O0027178,C002125,3,3
RV0036508,O0036526,C003507,5,3
RV0017428,O0017437,C002001,3,3
RV0034472,O0034488,C002158,3,3
RV0010868,O0010874,C004185,5,4
RV0036759,O0036777,C002750,3,4
RV0043597,O0043621,C001050,3,4
RV0030842,O0030856,C002596,4,3
RV0003062,O0003063,C000576,5,4
RV0041232,O0041254,C004273,5,5
RV0018043,O0018053,C004933,4,4
RV0034918,O0034934,C003542,4,3
RV0033175,O0033190,C004828,4,4
RV0006673,O0006676,C000498,4,4
RV0013387,O0013394,C000043,3,5
RV0001322,O0001323,C002113,3,3
RV0017947,O0017957,C004063,3,5
RV0000789,O0000790,C004565,5,4
RV0032445,O0032460,C004072,3,4
RV0049960,O0049990,C003331,3,4
RV0003187,O0003188,C000685,3,4
RV0047447,O0047475,C001147,3,3
RV0047766,O0047794,C001051,4,5
RV0016461,O0016469,C000278,4,5
RV0041076,O0041098,C001102,4,3
RV0012228,O0012235,C002163,3,5
RV0027421,O0027434,C000445,5,3
RV0014171,O0014179,C003977,4,4
RV0004294,O0004295,C002246,3,4
RV0003865,O0003866,C000703,4,3
RV0021559,O0021569,C002581,3,5
RV0002061,O0002062,C000491,3,5
RV0024280,O0024290,C001196,4,5
RV0001964,O0001965,C001710,4,5
RV0005402,O0005404,C003829,3,3
RV0043977,O0044001,C000429,3,5
RV0004446,O0004447,C003783,4,4
RV0016664,O0016672,C000117,4,4
RV0009156,O0009161,C002145,4,5
RV0020341,O0020351,C002536,3,5
RV0015875,O0015883,C000275,5,3
RV0024684,O0024694,C003724,5,3
RV0024626,O0024636,C002975,5,3
RV0001690,O0001691,C000708,3,3
RV0026554,O0026565,C001265,4,5
RV0008862,O0008867,C001551,3,4
RV0027366,O0027379,C000527,4,4
RV0032382,O0032397,C001159,5,4
RV0010235,O0010240,C003910,3,4
RV0039331,O0039351,C000091,3,5
RV0026864,O0026875,C001083,5,4
RV0002641,O0002642,C003875,4,3
RV0046855,O0046882,C004928,4,5
RV0011631,O0011637,C003181,3,5
RV0034683,O0034699,C002878,4,3
RV0002063,O0002064,C000283,5,4
RV0016550,O0016558,C002027,5,4
RV0016384,O0016392,C004505,3,3
RV0030986,O0031000,C002124,3,5
RV0009071,O0009076,C002627,4,5
RV0022949,O0022959,C004028,3,3
RV0046874,O0046901,C000899,4,3
RV0026743,O0026754,C002637,4,5
RV0009973,O0009978,C000329,4,3
RV0038313,O0038331,C001763,3,5
RV0037993,O0038011,C003170,5,4
RV0008999,O0009004,C001072,3,4
RV0040709,O0040731,C003875,5,4
RV0012837,O0012844,C001442,5,3
RV0012405,O0012412,C000682,4,5
RV0007505,O0007509,C001146,3,5
RV0017953,O0017963,C004694,5,5
RV0016637,O0016645,C002880,3,4
RV0014805,O0014813,C000360,3,5
RV0048784,O0048812,C004226,5,4
RV0045309,O0045334,C000287,5,4
RV0049091,O0049120,C004613,4,3
RV0012255,O0012262,C001602,5,3
RV0044273,O0044297,C003756,5,5
RV0010443,O0010448,C004651,3,3
RV0013935,O0013942,C000546,4,3
RV0014383,O0014391,C004280,4,5
RV0048372,O0048400,C000530,4,5
RV0038264,O0038282,C000062,3,3
RV0048018,O0048046,C002222,5,5
RV0030118,O0030131,C001942,3,3
RV0040189,O0040210,C004750,5,3
RV0039364,O0039384,C001932,5,5
RV0036530,O0036548,C001982,3,5
RV0007929,O0007934,C000630,3,3
RV0002478,O0002479,C004140,3,5
RV0006639,O0006642,C001500,5,5
RV0006064,O0006066,C000665,4,3
RV0039869,O0039890,C004765,5,3
RV0028504,O0028517,C004445,4,5
RV0001393,O0001394,C003338,5,3
RV0018611,O0018621,C000098,5,3
RV0002959,O0002960,C004449,5,5
RV0010154,O0010159,C000947,4,5
RV0046931,O0046958,C002631,3,4
RV0027078,O0027090,C000172,4,5
RV0037287,O0037305,C000089,4,3
RV0046852,O0046879,C004095,4,4
RV0045448,O0045473,C001216,4,5
RV0021828,O0021838,C002467,3,3
RV0037849,O0037867,C001818,5,4
RV0049570,O0049600,C002815,3,5
RV0043443,O0043467,C002572,5,3
RV0008887,O0008892,C002517,5,3
RV0043449,O0043473,C004218,4,3
RV0031991,O0032006,C002698,3,4
RV0004961,O0004963,C001270,3,4
RV0046488,O0046515,C000158,5,4
RV0014046,O0014054,C001997,5,5
RV0029900,O0029913,C001014,4,5
RV0034089,O0034104,C000609,4,5
RV0031847,O0031862,C001048,5,4
RV0021620,O0021630,C003837,3,5
RV0010266,O0010271,C000876,3,3
RV0004902,O0004904,C000707,5,3
RV0041829,O0041851,C000552,5,3
RV0014053,O0014061,C001850,5,4
RV0003355,O0003356,C003632,4,3
RV0029162,O0029175,C004970,3,3
RV0010767,O0010773,C002159,3,5
RV0001625,O0001626,C001087,4,4
RV0034868,O0034884,C003122,5,5
RV0038321,O0038339,C000946,5,4
RV0033880,O0033895,C000608,3,3
RV0026757,O0026768,C004171,5,5
RV0024468,O0024478,C001368,4,4
RV0028480,O0028493,C000050,5,3
RV0045337,O0045362,C001323,3,5
RV0012034,O0012041,C001092,3,5
RV0014730,O0014738,C004163,5,4
RV0028473,O0028486,C000498,5,5
RV0023562,O0023572,C003698,3,3
RV0038175,O0038193,C001943,3,5
RV0012456,O0012463,C000681,5,4
RV0049078,O0049106,C003589,4,3
RV0047677,O0047705,C004552,5,4
RV0012548,O0012555,C001507,4,5
RV0044476,O0044500,C002948,5,4
RV0041586,O0041608,C001076,4,4
RV0046523,O0046550,C000587,4,3
RV0043294,O0043318,C003374,5,4
RV0031462,O0031476,C001608,5,5
RV0037739,O0037757,C002490,3,3
RV0041438,O0041460,C003471,3,3
RV0005429,O0005431,C001342,4,3
RV0021765,O0021775,C004787,3,3
RV0030534,O0030547,C000992,3,3
RV0047072,O0047099,C004031,4,3
RV0046341,O0046368,C001242,5,4
RV0030032,O0030045,C003077,3,3
RV0006842,O0006845,C000455,3,4
RV0035584,O0035600,C000997,3,5
RV0018723,O0018733,C003596,4,5
RV0035805,O0035821,C001890,4,5
RV0034109,O0034124,C001699,5,4
RV0009676,O0009681,C000953,4,4
RV0032709,O0032724,C004626,4,4
RV0006815,O0006818,C000060,4,5
RV0014903,O0014911,C003450,4,5
RV0035832,O0035848,C004569,3,3
RV0010155,O0010160,C003274,4,4
RV0036606,O0036624,C004287,3,5
RV0029804,O0029817,C001132,5,4
RV0002241,O0002242,C003787,5,3
RV0039191,O0039211,C002608,3,4
RV0047370,O0047398,C000551,3,4
RV0015326,O0015334,C001885,3,3
RV0034647,O0034663,C004805,5,4
RV0047912,O0047940,C000549,5,3
RV0022234,O0022244,C002529,3,4
RV0036228,O0036246,C003739,5,3
RV0032204,O0032219,C001256,3,5
RV0033437,O0033452,C004541,3,5
RV0014151,O0014159,C004255,3,3
RV0038624,O0038643,C000176,3,4
RV0004596,O0004597,C004675,5,3
RV0001038,O0001039,C001153,5,3
RV0004206,O0004207,C001237,5,5
RV0027173,O0027186,C001084,3,3
RV0034067,O0034082,C003441,3,5
RV0037215,O0037233,C004342,5,5
RV0045210,O0045235,C001051,3,5
RV0018078,O0018088,C003031,5,4
RV0003562,O0003563,C002917,4,3
RV0043772,O0043796,C002604,4,4
RV0027134,O0027146,C001955,3,3
RV0004999,O0005001,C004107,4,3
RV0010149,O0010154,C004062,3,5
RV0038865,O0038884,C001960,4,3
RV0028945,O0028958,C002386,3,3
RV0006795,O0006798,C004206,3,3
RV0022986,O0022996,C003602,4,5
RV0023579,O0023589,C003657,4,4
RV0046191,O0046217,C003866,3,3
RV0033585,O0033600,C003764,5,4
RV0026457,O0026467,C004738,4,5
RV0014867,O0014875,C003294,3,5
RV0016787,O0016795,C004804,3,4
RV0033883,O0033898,C003344,4,3
RV0014675,O0014683,C000263,4,3
RV0034037,O0034052,C003889,3,3
RV0014660,O0014668,C003977,5,4
RV0044603,O0044628,C001015,3,4
RV0045255,O0045280,C001339,4,3
RV0021914,O0021924,C000998,4,3
RV0017505,O0017514,C001903,3,4
RV0043671,O0043695,C004635,5,4
RV0009185,O0009190,C001912,4,5
RV0020952,O0020962,C004227,5,3
RV0015009,O0015017,C000284,5,5
RV0034338,O0034353,C001607,3,5
RV0040877,O0040899,C002262,5,4
RV0019777,O0019787,C001282,3,3
RV0035905,O0035922,C002536,5,4
RV0026304,O0026314,C001877,5,4
RV0039924,O0039945,C000031,3,4
RV0039843,O0039864,C001632,4,3
RV0035112,O0035128,C003333,4,4
RV0039248,O0039268,C003521,3,5
RV0011787,O0011794,C004243,5,4
RV0042233,O0042255,C001463,3,4
RV0007013,O0007016,C001927,3,5
RV0034637,O0034653,C000928,3,5
RV0043605,O0043629,C001070,3,5
RV0043822,O0043846,C002912,3,3
RV0041933,O0041955,C000091,3,4
RV0043459,O0043483,C004282,4,4
RV0047575,O0047603,C004424,5,5
RV0004618,O0004619,C001433,5,5
RV0015001,O0015009,C001971,3,3
RV0008011,O0008016,C003105,5,4
RV0038742,O0038761,C004724,4,4
RV0000905,O0000906,C000629,5,3
RV0025072,O0025082,C000101,4,3
RV0046035,O0046061,C003807,5,5
RV0019161,O0019171,C000484,5,4
RV0037683,O0037701,C002387,4,4
RV0041582,O0041604,C001591,4,5
RV0045578,O0045603,C004421,4,4
RV0020797,O0020807,C001982,5,4
RV0004167,O0004168,C000993,3,3
RV0040923,O0040945,C004079,3,3
RV0045416,O0045441,C004219,4,3
RV0045586,O0045611,C003666,3,4
RV0022985,O0022995,C004109,3,3
RV0025466,O0025476,C003615,3,4
RV0007997,O0008002,C000675,3,3
RV0049700,O0049730,C002995,5,3
RV0003322,O0003323,C004068,4,4
RV0026573,O0026584,C002712,4,5
RV0027779,O0027792,C000256,4,5
RV0043224,O0043248,C001308,3,3
RV0040949,O0040971,C001098,5,4
RV0045365,O0045390,C004943,4,4
RV0003741,O0003742,C000881,3,4
RV0030361,O0030374,C003007,3,3
RV0040561,O0040583,C004455,3,4
RV0024880,O0024890,C002954,3,3
RV0042952,O0042975,C004672,3,3
RV0000247,O0000248,C003919,3,5
RV0011188,O0011194,C004243,4,3
RV0025295,O0025305,C004441,3,4
RV0005422,O0005424,C003961,5,3
RV0010004,O0010009,C003282,5,3
RV0044145,O0044169,C004338,4,4
RV0049886,O0049916,C002180,3,4
RV0036356,O0036374,C000338,3,4
RV0045897,O0045923,C001193,4,4
RV0027063,O0027075,C000707,3,4
RV0039496,O0039517,C003783,4,5
RV0046261,O0046288,C002721,5,3
RV0009081,O0009086,C003877,4,5
RV0027841,O0027854,C002887,4,3
RV0039548,O0039569,C000919,3,3
RV0001716,O0001717,C000690,4,5
RV0024308,O0024318,C003048,4,3
RV0007430,O0007434,C001567,4,4
RV0026929,O0026940,C004112,3,5
RV0034432,O0034448,C003858,4,5
RV0009181,O0009186,C004881,3,5
RV0045946,O0045972,C002231,3,4
RV0035482,O0035498,C003476,5,5
RV0036453,O0036471,C003245,3,3
RV0008885,O0008890,C002856,5,3
RV0010023,O0010028,C001776,5,4
RV0030489,O0030502,C002065,3,3
RV0011112,O0011118,C002653,5,5
RV0023045,O0023055,C004266,5,3
RV0035975,O0035992,C001789,5,3
RV0028336,O0028349,C001214,4,3
RV0032633,O0032648,C000555,4,5
RV0027252,O0027265,C000126,5,3
RV0025620,O0025630,C002602,3,5
RV0027677,O0027690,C000608,5,4
RV0027275,O0027288,C004824,4,5
RV0022155,O0022165,C001397,4,3
RV0043159,O0043183,C000524,4,5
RV0037628,O0037646,C004559,4,3
RV0024121,O0024131,C001498,5,4
RV0007068,O0007071,C000596,5,3
RV0025612,O0025622,C004668,3,4
RV0003172,O0003173,C002815,3,4
RV0034644,O0034660,C004190,3,5
RV0011361,O0011367,C002817,5,3
RV0035290,O0035306,C004211,4,5
RV0011271,O0011277,C004381,4,4
RV0010112,O0010117,C001202,3,5
RV0002479,O0002480,C004664,5,5
RV0003769,O0003770,C003455,3,4
RV0040607,O0040629,C002953,3,5
RV0007486,O0007490,C002114,5,5
RV0008911,O0008916,C004156,3,5
RV0048989,O0049017,C003075,5,5
RV0005979,O0005981,C001107,3,5
RV0032114,O0032129,C000627,3,4
RV0035859,O0035875,C004713,4,3
RV0030631,O0030644,C004342,4,4
RV0039902,O0039923,C004916,5,5
RV0004706,O0004707,C001728,4,4
RV0021491,O0021501,C002133,5,5
RV0034218,O0034233,C000498,4,5
RV0028592,O0028605,C004872,5,5
RV0012657,O0012664,C003456,3,4
RV0017538,O0017547,C001601,4,3
RV0031671,O0031685,C004656,4,4
RV0028031,O0028044,C001487,3,3
RV0014970,O0014978,C001754,5,4
RV0043902,O0043926,C001874,4,4
RV0034070,O0034085,C003366,5,3
RV0047622,O0047650,C004877,4,5
RV0035821,O0035837,C002860,5,3
RV0028058,O0028071,C000999,5,5
RV0049364,O0049394,C004184,5,5
RV0040224,O0040245,C001353,3,4
RV0010856,O0010862,C003988,4,3
RV0028824,O0028837,C003176,5,4
RV0048242,O0048270,C000202,4,5
RV0028990,O0029003,C000221,5,4
RV0000318,O0000319,C002143,5,5
RV0038107,O0038125,C000960,4,5
RV0013952,O0013960,C002816,4,3
RV0026837,O0026848,C004326,4,5
RV0013348,O0013355,C001931,4,3
RV0008072,O0008077,C002288,3,3
RV0048534,O0048562,C001803,4,3
RV0002508,O0002509,C001282,5,4
RV0024353,O0024363,C004631,3,5
RV0005496,O0005498,C000373,3,3
RV0046195,O0046221,C004267,4,3
RV0038745,O0038764,C004549,4,4
RV0000039,O0000040,C000105,4,4
RV0039737,O0039758,C002589,4,3
RV0001371,O0001372,C001325,5,3
RV0015564,O0015572,C000944,5,5
RV0036798,O0036816,C001702,3,4
RV0042720,O0042743,C001748,3,5
RV0000288,O0000289,C001923,5,4
RV0041069,O0041091,C003839,3,3
RV0003492,O0003493,C000758,4,5
RV0010185,O0010190,C003881,5,4
RV0017405,O0017414,C004231,5,4
RV0049213,O0049242,C000129,5,4
RV0000832,O0000833,C002789,4,5
RV0024139,O0024149,C001399,3,3
RV0020232,O0020242,C001213,4,4
RV0021370,O0021380,C004168,5,5
RV0044866,O0044891,C001542,3,3
RV0020394,O0020404,C001115,5,4
RV0028934,O0028947,C002876,5,3
RV0025013,O0025023,C001138,3,4
RV0034226,O0034241,C001053,5,5
RV0032907,O0032922,C001697,3,5
RV0042593,O0042616,C001102,3,5
RV0025004,O0025014,C004414,3,3
RV0047493,O0047521,C004600,3,4
RV0044433,O0044457,C002285,5,5
RV0041695,O0041717,C000537,4,3
RV0037056,O0037074,C001837,3,4
RV0016975,O0016983,C004102,5,3
RV0035009,O0035025,C000599,4,4
RV0025999,O0026009,C001353,3,3
RV0021884,O0021894,C002133,3,4
RV0004484,O0004485,C001970,3,3
RV0035947,O0035964,C001147,3,3
RV0019616,O0019626,C000069,5,4
RV0022939,O0022949,C002337,3,3
RV0046878,O0046905,C001688,3,5
RV0038363,O0038381,C001118,4,4
RV0044221,O0044245,C002045,4,5
RV0021664,O0021674,C003341,5,4
RV0036293,O0036311,C003388,3,4
RV0005699,O0005701,C001326,5,5
RV0015337,O0015345,C004695,4,5
RV0041046,O0041068,C004388,3,4
RV0020533,O0020543,C004446,5,5
RV0023316,O0023326,C003246,3,3
RV0007129,O0007132,C004265,3,3
RV0026430,O0026440,C001233,3,5
RV0017460,O0017469,C002641,4,3
RV0020100,O0020110,C003646,4,5
RV0040274,O0040295,C000820,5,5
RV0034343,O0034359,C000102,4,4
RV0047608,O0047636,C003449,5,5
RV0001035,O0001036,C004478,5,4
RV0042922,O0042945,C001257,3,3
RV0000008,O0000009,C003342,5,3
RV0042504,O0042527,C004762,4,5
RV0044291,O0044315,C003894,5,4
RV0039311,O0039331,C002363,4,4
RV0031593,O0031607,C001032,3,4
RV0008762,O0008767,C002771,3,4
RV0029730,O0029743,C004942,3,4
RV0000941,O0000942,C002282,4,5
RV0029276,O0029289,C000203,3,5
RV0015661,O0015669,C000058,3,4
RV0013692,O0013699,C004012,5,5
RV0043302,O0043326,C003146,5,3
RV0035776,O0035792,C003067,4,4
RV0023272,O0023282,C003884,5,3
RV0029573,O0029586,C003913,4,5
RV0037077,O0037095,C002940,3,3
RV0034887,O0034903,C002156,3,4
RV0003522,O0003523,C000685,4,3
RV0009799,O0009804,C000026,3,4
RV0042741,O0042764,C003811,3,5
RV0040763,O0040785,C003561,4,5
RV0007261,O0007264,C001622,3,4
RV0010288,O0010293,C002024,3,3
RV0021440,O0021450,C002304,5,3
RV0013369,O0013376,C001079,5,5
RV0004742,O0004744,C004253,4,4
RV0028358,O0028371,C001384,3,5
RV0028421,O0028434,C002629,5,3
RV0017035,O0017043,C003878,3,5
RV0007992,O0007997,C004898,3,4
RV0013950,O0013958,C004805,4,4
RV0017931,O0017941,C004323,5,3
RV0024109,O0024119,C004349,5,5
RV0000715,O0000716,C004035,3,3
RV0015575,O0015583,C001543,5,4
RV0005383,O0005385,C003478,5,3
RV0008553,O0008558,C002293,3,4
RV0006790,O0006793,C003591,3,4
RV0009607,O0009612,C002476,5,3
RV0020040,O0020050,C002252,4,4
RV0048720,O0048748,C002122,4,3
RV0017315,O0017324,C001408,4,5
RV0018898,O0018908,C002163,5,3
RV0014544,O0014552,C003991,3,5
RV0045387,O0045412,C000663,3,3
RV0040178,O0040199,C000874,3,4
RV0040594,O0040616,C001279,3,5
RV0021928,O0021938,C000375,4,3
RV0044083,O0044107,C002058,5,5
RV0035158,O0035174,C002041,5,3
RV0008255,O0008260,C000181,4,5
RV0032895,O0032910,C000354,5,5
RV0019651,O0019661,C004738,3,3
RV0010038,O0010043,C001333,3,5
RV0043342,O0043366,C001833,3,4
RV0016236,O0016244,C002413,5,5
RV0037916,O0037934,C000740,3,5
RV0034025,O0034040,C002547,5,3
RV0009393,O0009398,C000451,3,5
RV0044305,O0044329,C004213,3,3
RV0013319,O0013326,C001260,3,5
RV0022122,O0022132,C001199,3,5
RV0021938,O0021948,C000925,5,5
RV0026524,O0026535,C003928,3,5
RV0015920,O0015928,C001101,5,5
RV0009251,O0009256,C000134,4,5
RV0034239,O0034254,C001147,5,5
RV0024781,O0024791,C003069,5,5
RV0032238,O0032253,C004926,3,3
RV0031035,O0031049,C001112,3,4
RV0007467,O0007471,C001616,3,3
RV0049270,O0049299,C003134,5,5
RV0027615,O0027628,C001265,4,5
RV0001857,O0001858,C000116,4,3
RV0008323,O0008328,C000652,5,5
RV0013766,O0013773,C003084,4,5
RV0018879,O0018889,C003004,3,4
RV0044793,O0044818,C002997,5,5
RV0019862,O0019872,C004582,3,5
RV0028515,O0028528,C002134,5,5
RV0020459,O0020469,C003603,4,5
RV0012749,O0012756,C000692,4,3
RV0004987,O0004989,C004443,3,4
RV0045943,O0045969,C001790,3,3
RV0007520,O0007524,C000694,3,4
RV0045018,O0045043,C003013,4,4
RV0046388,O0046415,C004364,4,3
RV0014672,O0014680,C003936,4,3
RV0001420,O0001421,C002524,3,5
RV0032794,O0032809,C002889,5,5
RV0046307,O0046334,C003099,3,5
RV0022524,O0022534,C003760,5,3
RV0035425,O0035441,C001418,4,5
RV0030715,O0030728,C002044,3,3
RV0019519,O0019529,C000991,4,3
RV0018505,O0018515,C004095,4,3
RV0046627,O0046654,C002078,5,4
RV0005431,O0005433,C004751,4,4
RV0028573,O0028586,C000195,3,5
RV0003319,O0003320,C004216,5,4
RV0037923,O0037941,C000692,4,5
RV0028886,O0028899,C003226,4,4
RV0044692,O0044717,C002666,3,3
RV0048767,O0048795,C001611,5,3
RV0024954,O0024964,C002494,4,3
RV0019695,O0019705,C001994,5,5
RV0036492,O0036510,C004344,3,4
RV0029147,O0029160,C003001,5,5
RV0032979,O0032994,C001547,4,5
RV0040582,O0040604,C001596,3,5
RV0044661,O0044686,C001470,4,5
RV0040002,O0040023,C004524,3,3
RV0025101,O0025111,C003462,3,4
RV0023892,O0023902,C000721,3,3
RV0022404,O0022414,C001214,5,4
RV0032529,O0032544,C000458,5,4
RV0034838,O0034854,C003991,3,5
RV0042612,O0042635,C003921,4,5
RV0004424,O0004425,C001863,4,4
RV0015560,O0015568,C002030,5,3
RV0016583,O0016591,C003312,3,3
RV0004560,O0004561,C003524,4,3
RV0043682,O0043706,C002552,3,4
RV0032452,O0032467,C000723,3,5
RV0008236,O0008241,C002514,4,4
RV0001352,O0001353,C001686,4,3
RV0017822,O0017831,C002220,3,4
RV0026101,O0026111,C004717,5,3
RV0046805,O0046832,C004575,5,5
RV0037670,O0037688,C003648,3,5
RV0042030,O0042052,C004060,5,5
RV0020769,O0020779,C001055,3,4
RV0029321,O0029334,C000291,4,4
RV0015238,O0015246,C000811,3,3
RV0025652,O0025662,C000456,4,5
RV0043081,O0043105,C001744,3,5
RV0039417,O0039438,C004602,5,5
RV0034452,O0034468,C001450,4,4
RV0015609,O0015617,C004314,5,5
RV0030647,O0030660,C002999,3,5
RV0002218,O0002219,C002095,4,4
RV0043261,O0043285,C000517,3,5
RV0008805,O0008810,C001823,4,4
RV0037256,O0037274,C001703,4,5
RV0004228,O0004229,C001522,3,4
RV0032527,O0032542,C001403,5,4
RV0001945,O0001946,C001796,5,3
RV0028782,O0028795,C003164,5,4
RV0000568,O0000569,C002124,5,4
RV0047643,O0047671,C000101,4,3
RV0017741,O0017750,C001621,4,3
RV0027305,O0027318,C002084,4,3
RV0030572,O0030585,C001880,5,4
RV0039319,O0039339,C003422,4,4
RV0030214,O0030227,C002650,3,3
RV0027739,O0027752,C001592,3,3
RV0027193,O0027206,C004946,5,4
RV0017798,O0017807,C000635,4,5
RV0048698,O0048726,C004754,4,3
RV0017056,O0017064,C004724,3,5
RV0026072,O0026082,C004866,3,5
RV0046210,O0046236,C001869,5,4
RV0008992,O0008997,C002249,3,5
RV0032412,O0032427,C000492,4,4
RV0031072,O0031086,C003330,5,3
RV0008336,O0008341,C001092,5,4
RV0027731,O0027744,C003264,3,3
RV0042044,O0042066,C003482,4,5
RV0021530,O0021540,C004241,3,4
RV0044233,O0044257,C002129,4,3
RV0001050,O0001051,C000111,5,4
RV0031388,O0031402,C001763,5,4
RV0030485,O0030498,C000436,4,3
RV0023976,O0023986,C004928,5,4
RV0014684,O0014692,C003304,4,3
RV0016942,O0016950,C002799,3,3
RV0024291,O0024301,C004577,4,4
RV0014813,O0014821,C001328,3,5
RV0017614,O0017623,C003613,5,5
RV0041007,O0041029,C003498,5,3
RV0013555,O0013562,C004927,4,5
RV0022830,O0022840,C003404,5,3
RV0019448,O0019458,C000382,3,4
RV0000544,O0000545,C004237,3,3
RV0016443,O0016451,C004439,3,4
RV0042170,O0042192,C000715,4,3
RV0001887,O0001888,C001895,4,5
RV0039855,O0039876,C000118,4,3
RV0010010,O0010015,C002353,5,3
RV0047085,O0047112,C001712,4,3
RV0044232,O0044256,C000843,5,3
RV0030188,O0030201,C001230,4,3
RV0032192,O0032207,C000556,4,5
RV0048633,O0048661,C001262,4,4
RV0009502,O0009507,C004998,4,4
RV0027400,O0027413,C001134,3,4
RV0036539,O0036557,C001790,5,5
RV0009655,O0009660,C001332,3,4
RV0013135,O0013142,C004692,3,5
RV0002477,O0002478,C000674,5,5
RV0039680,O0039701,C003391,4,4
RV0044628,O0044653,C000439,5,5
RV0008338,O0008343,C003500,3,4
RV0026163,O0026173,C002842,4,5
RV0004821,O0004823,C001994,3,3
RV0039097,O0039117,C001117,5,4
RV0009080,O0009085,C000940,4,4
RV0013930,O0013937,C002495,3,4
RV0035122,O0035138,C000247,5,5
RV0044980,O0045005,C002069,3,4
RV0040825,O0040847,C003569,3,4
RV0019801,O0019811,C000120,4,5
RV0048810,O0048838,C001462,3,5
RV0023452,O0023462,C004297,3,5
RV0004115,O0004116,C000542,4,4
RV0006051,O0006053,C002977,5,3
RV0017367,O0017376,C000088,3,4
RV0012142,O0012149,C004103,5,3
RV0049670,O0049700,C001332,4,3
RV0032138,O0032153,C004869,4,5
RV0035502,O0035518,C002370,3,3
RV0034102,O0034117,C001119,3,5
RV0018050,O0018060,C000293,3,4
RV0027164,O0027176,C003801,5,5
RV0008086,O0008091,C001994,3,5
RV0026333,O0026343,C003280,5,5
RV0021000,O0021010,C000392,3,3
RV0013710,O0013717,C004359,4,3
RV0012206,O0012213,C003127,3,4
RV0026923,O0026934,C003322,4,3
RV0045568,O0045593,C001974,3,3
RV0040303,O0040324,C001485,4,4
RV0041134,O0041156,C004107,4,3
RV0038497,O0038516,C002078,3,3
RV0043984,O0044008,C001507,5,5
RV0007255,O0007258,C002290,5,4
RV0000820,O0000821,C002699,3,4
RV0024839,O0024849,C004854,3,3
RV0046321,O0046348,C003530,4,3
RV0034702,O0034718,C004889,4,5
RV0049750,O0049780,C000218,4,5
RV0010408,O0010413,C001046,4,4
RV0048963,O0048991,C001789,5,3
RV0005210,O0005212,C002857,3,5
RV0036763,O0036781,C003550,5,5
RV0017751,O0017760,C001118,3,4
RV0038893,O0038912,C001483,3,3
RV0046360,O0046387,C003293,5,4
RV0042414,O0042436,C003197,5,3
RV0012077,O0012084,C000557,3,4
RV0027583,O0027596,C000612,3,3
RV0049826,O0049856,C002879,3,4
RV0013158,O0013165,C002304,4,5
RV0022166,O0022176,C003358,4,3
RV0009507,O0009512,C000774,3,4
RV0046890,O0046917,C001934,4,4
RV0044395,O0044419,C003990,4,4
RV0047257,O0047285,C004870,4,5
RV0025285,O0025295,C004783,5,4
RV0016587,O0016595,C000527,5,4
RV0019297,O0019307,C002646,5,3
RV0039816,O0039837,C003429,3,5
RV0005251,O0005253,C004258,5,3
RV0027975,O0027988,C000275,4,5
RV0044599,O0044624,C001449,5,4
RV0040965,O0040987,C004351,5,4
RV0019172,O0019182,C001424,3,3
RV0017539,O0017548,C004241,3,4
RV0005720,O0005722,C000986,4,4
RV0029085,O0029098,C002002,3,4
RV0010373,O0010378,C003121,3,4
RV0047809,O0047837,C002176,5,5
RV0023113,O0023123,C000801,3,3
RV0010328,O0010333,C003179,4,5
RV0025504,O0025514,C000413,3,3
RV0004113,O0004114,C004122,5,3
RV0024822,O0024832,C001284,5,4
RV0048294,O0048322,C004446,4,4
RV0046913,O0046940,C000793,5,5
RV0008218,O0008223,C000502,5,3
RV0034983,O0034999,C001736,3,3
RV0049036,O0049064,C000971,3,3
RV0000284,O0000285,C004771,3,5
RV0005093,O0005095,C002194,3,5
RV0024429,O0024439,C001672,3,5
RV0030430,O0030443,C001497,3,5
RV0032625,O0032640,C000629,3,4
RV0045446,O0045471,C000051,3,4
RV0027346,O0027359,C002695,4,3
RV0035987,O0036004,C003401,5,3
RV0049903,O0049933,C001784,4,4
RV0005917,O0005919,C004223,3,5
RV0019318,O0019328,C003212,5,3
RV0016046,O0016054,C000803,3,5
RV0029557,O0029570,C004762,4,3
RV0022900,O0022910,C002945,3,4
RV0040829,O0040851,C003621,5,4
RV0021571,O0021581,C003220,4,5
RV0029145,O0029158,C004011,3,4
RV0046813,O0046840,C002203,5,5
RV0036789,O0036807,C001610,5,3
RV0019425,O0019435,C001654,3,4
RV0013789,O0013796,C001907,4,5
RV0022732,O0022742,C004052,5,5
RV0006498,O0006501,C004602,3,5
RV0047761,O0047789,C002286,5,5
RV0048690,O0048718,C001443,3,3
RV0010645,O0010650,C000125,4,5
RV0048563,O0048591,C000069,4,3
RV0035652,O0035668,C000367,3,5
RV0032033,O0032048,C000943,4,3
RV0025387,O0025397,C004957,4,5
RV0017042,O0017050,C001986,3,4
RV0047804,O0047832,C002888,4,3
RV0000656,O0000657,C002860,4,3
RV0029353,O0029366,C001593,4,5
RV0049067,O0049095,C001452,5,5
RV0023961,O0023971,C004244,3,3
RV0033644,O0033659,C002182,4,3
RV0020563,O0020573,C003855,4,5
RV0007085,O0007088,C001035,5,4
RV0003413,O0003414,C001909,4,4
RV0005456,O0005458,C000859,5,5
RV0013482,O0013489,C001861,4,4
RV0039379,O0039399,C004127,5,4
RV0033854,O0033869,C002960,5,5
RV0038927,O0038946,C002188,4,5
RV0032592,O0032607,C003712,5,3
RV0003532,O0003533,C000848,5,3
RV0030814,O0030828,C003442,5,5
RV0012195,O0012202,C001306,5,5
RV0015306,O0015314,C002329,5,5
RV0033056,O0033071,C004092,4,4
RV0041904,O0041926,C003914,3,4
RV0014810,O0014818,C004028,3,4
RV0049948,O0049978,C000330,5,3
RV0040653,O0040675,C001694,4,4
RV0041782,O0041804,C003718,3,5
RV0042714,O0042737,C001332,3,4
RV0030850,O0030864,C002749,4,5
RV0012553,O0012560,C001711,3,4
RV0000803,O0000804,C001969,3,5
RV0013485,O0013492,C001601,3,5
RV0002784,O0002785,C001766,3,3
RV0042934,O0042957,C000526,3,3
RV0047152,O0047179,C002942,3,3
RV0045005,O0045030,C001242,3,4
RV0000230,O0000231,C001840,5,3
RV0000202,O0000203,C000864,4,4
RV0043385,O0043409,C002488,3,4
RV0016096,O0016104,C003602,3,5
RV0002334,O0002335,C003413,4,4
RV0013607,O0013614,C003623,3,5
RV0017873,O0017883,C004572,5,4
RV0031853,O0031868,C000179,4,5
RV0045366,O0045391,C000228,4,3
RV0044021,O0044045,C000490,5,5
RV0046217,O0046243,C004999,3,5
RV0022767,O0022777,C002115,3,5
RV0009214,O0009219,C004112,5,4
RV0034116,O0034131,C000528,3,4
RV0009558,O0009563,C002770,4,3
RV0035334,O0035350,C004116,5,4
RV0007417,O0007421,C004542,5,3
RV0031827,O0031841,C002676,5,4
RV0018749,O0018759,C000909,5,5
RV0042408,O0042430,C002700,5,4
RV0046582,O0046609,C001453,3,4
RV0037002,O0037020,C000965,3,5
RV0045006,O0045031,C000790,4,3
RV0032045,O0032060,C000934,3,5
RV0015475,O0015483,C000383,3,5
RV0014752,O0014760,C001506,4,5
RV0041527,O0041549,C003641,4,3
RV0034913,O0034929,C001539,4,4
RV0034238,O0034253,C001844,4,5
RV0030976,O0030990,C003079,4,4
RV0020640,O0020650,C000792,3,3
RV0034307,O0034322,C002714,3,5
RV0030315,O0030328,C000217,3,3
RV0019024,O0019034,C002118,4,5
RV0014897,O0014905,C004607,4,5
RV0015461,O0015469,C001598,4,3
RV0047351,O0047379,C001868,4,5
RV0022585,O0022595,C003159,3,4
RV0000367,O0000368,C002297,3,5
RV0032190,O0032205,C002903,4,3
RV0042564,O0042587,C004157,3,4
RV0044865,O0044890,C000756,5,4
RV0013020,O0013027,C001827,3,5
RV0048479,O0048507,C001651,4,3
RV0008319,O0008324,C004916,4,3
RV0007554,O0007558,C001047,5,4
RV0011623,O0011629,C003439,4,4
RV0012754,O0012761,C000430,5,5
RV0018186,O0018196,C003507,4,5
RV0030242,O0030255,C002450,3,3
RV0035534,O0035550,C003694,3,4
RV0042882,O0042905,C001033,5,5
RV0028994,O0029007,C000527,4,4
RV0000456,O0000457,C002459,3,4
RV0042242,O0042264,C001256,4,4
RV0043514,O0043538,C001172,3,5
RV0037827,O0037845,C000104,3,5
RV0042842,O0042865,C003908,4,4
RV0037446,O0037464,C004129,3,5
RV0018189,O0018199,C003025,3,5
RV0016210,O0016218,C004217,3,5
RV0047647,O0047675,C002924,3,4
RV0034498,O0034514,C001461,4,5
RV0033774,O0033789,C001572,3,3
RV0016414,O0016422,C003975,4,5
RV0034271,O0034286,C004980,4,3
RV0002137,O0002138,C001312,3,3
RV0013137,O0013144,C002603,3,3
RV0008306,O0008311,C001741,4,5
RV0003162,O0003163,C004208,4,5
RV0033935,O0033950,C000772,5,4
RV0023643,O0023653,C002492,5,4
RV0015834,O0015842,C003994,3,4
RV0013339,O0013346,C004741,5,3
RV0046347,O0046374,C000721,5,4
RV0018085,O0018095,C002153,3,4
RV0017389,O0017398,C001781,4,3
RV0002700,O0002701,C004050,5,4
RV0027175,O0027188,C000387,5,3
RV0039402,O0039422,C004587,3,3
RV0032153,O0032168,C001227,3,5
RV0042583,O0042606,C001802,5,3
RV0009112,O0009117,C004339,4,3
RV0003695,O0003696,C001353,5,5
RV0049854,O0049884,C004081,5,3
RV0033671,O0033686,C004882,5,5
RV0004171,O0004172,C003414,4,3
RV0004687,O0004688,C000973,3,5
RV0024705,O0024715,C004757,3,3
RV0018770,O0018780,C002427,3,5
RV0000299,O0000300,C002560,3,4
RV0046761,O0046788,C002358,4,5
RV0007587,O0007591,C001207,4,5
RV0018355,O0018365,C003181,5,5
RV0031534,O0031548,C003501,5,4
RV0007124,O0007127,C002669,4,4
RV0028479,O0028492,C002690,5,5
RV0047477,O0047505,C002881,3,4
RV0040614,O0040636,C004974,4,3
RV0001840,O0001841,C003538,5,3
RV0020162,O0020172,C000783,5,5
RV0010602,O0010607,C002172,5,5
RV0029161,O0029174,C004372,4,3
RV0027088,O0027100,C004987,4,5
RV0001718,O0001719,C003108,4,5
RV0046616,O0046643,C004954,5,3
RV0036767,O0036785,C004269,3,4
RV0010739,O0010744,C001871,3,5
RV0000964,O0000965,C001690,4,5
RV0034202,O0034217,C003800,4,5
RV0022129,O0022139,C004967,3,4
RV0017869,O0017879,C003464,4,3
RV0031580,O0031594,C004847,4,4
RV0007839,O0007844,C003143,5,5
RV0047472,O0047500,C001062,4,3
RV0038420,O0038438,C001511,4,4
RV0001581,O0001582,C003634,4,5
RV0041645,O0041667,C000078,3,3
RV0036812,O0036830,C004529,4,4
RV0010953,O0010959,C002188,4,4
RV0040455,O0040477,C000546,5,4
RV0002566,O0002567,C000137,3,4
RV0022586,O0022596,C000574,5,5
RV0014272,O0014280,C003743,4,4
RV0020303,O0020313,C000104,4,4
RV0025281,O0025291,C003018,5,5
RV0002183,O0002184,C002740,4,4
RV0010319,O0010324,C003169,4,5
RV0046783,O0046810,C004729,3,3
RV0024296,O0024306,C002684,4,5
RV0009570,O0009575,C004395,4,3
RV0037653,O0037671,C002188,3,3
RV0036036,O0036054,C004383,3,4
RV0032438,O0032453,C000143,5,4
RV0032532,O0032547,C001427,5,4
RV0043389,O0043413,C003408,4,3
RV0023530,O0023540,C003691,3,3
RV0008029,O0008034,C004448,3,5
RV0042297,O0042319,C000313,3,4
RV0036398,O0036416,C002909,5,4
RV0046330,O0046357,C003904,5,3
RV0034994,O0035010,C001487,3,3
RV0021487,O0021497,C003278,3,4
RV0035594,O0035610,C004744,5,3
RV0041299,O0041321,C004917,3,3
RV0006635,O0006638,C002671,4,5
RV0045954,O0045980,C004036,5,3
RV0015770,O0015778,C004684,5,3
RV0027789,O0027802,C001222,4,4
RV0035591,O0035607,C000266,3,5
RV0026758,O0026769,C000674,4,5
RV0044077,O0044101,C001188,5,5
RV0007488,O0007492,C003423,5,5
RV0000753,O0000754,C001424,3,3
RV0021997,O0022007,C002808,4,5
RV0010833,O0010839,C001743,3,3
RV0010205,O0010210,C003912,3,3
RV0021306,O0021316,C000675,5,4
RV0043489,O0043513,C002398,5,4
RV0026516,O0026527,C000193,4,3
RV0034034,O0034049,C002518,3,5
RV0045324,O0045349,C001561,5,4
RV0004125,O0004126,C002545,5,5
RV0002788,O0002789,C003526,4,3
RV0021451,O0021461,C004987,5,4
RV0041027,O0041049,C002837,4,4
RV0041792,O0041814,C000098,3,3
RV0031302,O0031316,C002752,5,4
RV0003371,O0003372,C002895,5,3
RV0040426,O0040447,C002427,4,3
RV0031861,O0031876,C003986,4,4
RV0029266,O0029279,C002007,5,5
RV0023268,O0023278,C002636,4,5
RV0018204,O0018214,C004115,5,3
RV0037308,O0037326,C001724,5,5
RV0015351,O0015359,C002444,5,4
RV0036687,O0036705,C003495,4,5
RV0039245,O0039265,C004867,5,4
RV0042174,O0042196,C001048,4,3
RV0047002,O0047029,C002315,3,3
RV0039686,O0039707,C003871,3,5
RV0043549,O0043573,C000092,4,5
RV0038280,O0038298,C001802,3,5
RV0018855,O0018865,C000096,5,4
RV0014415,O0014423,C001044,3,3
RV0043611,O0043635,C000771,5,3
RV0009646,O0009651,C004801,5,3
RV0028719,O0028732,C003951,5,3
RV0023363,O0023373,C002537,5,4
RV0003544,O0003545,C000836,3,3
RV0042031,O0042053,C000612,3,5
RV0003347,O0003348,C001677,5,3
RV0024169,O0024179,C004092,5,3
RV0011388,O0011394,C002833,5,5
RV0001714,O0001715,C002331,4,5
RV0029953,O0029966,C000068,3,5
RV0042454,O0042477,C004127,4,4
RV0049505,O0049535,C003531,3,4
RV0009933,O0009938,C003214,5,3
RV0026378,O0026388,C001488,5,3
RV0039378,O0039398,C001593,3,4
RV0033580,O0033595,C000107,5,5
RV0049326,O0049355,C004515,5,4
RV0035666,O0035682,C002140,4,4
RV0002583,O0002584,C004295,5,3
RV0036127,O0036145,C004447,5,4
RV0012951,O0012958,C000116,3,3
RV0023912,O0023922,C002579,3,4
RV0018113,O0018123,C002112,3,5
RV0023300,O0023310,C004678,4,4
RV0002957,O0002958,C004920,4,3
RV0003971,O0003972,C002885,3,3
RV0029368,O0029381,C000858,3,3
RV0002559,O0002560,C000329,5,5
RV0027611,O0027624,C004904,3,5
RV0006180,O0006182,C004768,5,4
RV0020826,O0020836,C004040,3,5
RV0045549,O0045574,C004086,5,5
RV0028586,O0028599,C004585,5,3
RV0042746,O0042769,C002783,3,5
RV0002684,O0002685,C004822,5,3
RV0030365,O0030378,C003290,5,5
RV0031571,O0031585,C001778,5,5
RV0004935,O0004937,C001940,3,4
RV0047634,O0047662,C004488,3,3
RV0036985,O0037003,C004989,5,4
RV0012410,O0012417,C004038,5,5
RV0028007,O0028020,C004288,4,3
RV0013218,O0013225,C004712,4,4
RV0030774,O0030788,C000959,4,3
RV0039124,O0039144,C001554,3,3
RV0009456,O0009461,C002703,5,3
RV0026695,O0026706,C002250,5,3
RV0047322,O0047350,C001786,5,3
RV0024024,O0024034,C002510,3,5
RV0012764,O0012771,C004666,3,5
RV0009509,O0009514,C001871,4,3
RV0048154,O0048182,C002129,4,4
RV0038723,O0038742,C001871,5,5
RV0048307,O0048335,C002238,5,4
RV0005284,O0005286,C004673,4,4
RV0014638,O0014646,C004937,4,3
RV0037021,O0037039,C001302,5,3
RV0035917,O0035934,C000756,3,4
RV0033530,O0033545,C004977,4,3
RV0048667,O0048695,C004289,3,4
RV0003334,O0003335,C004244,3,5
RV0002060,O0002061,C001902,3,5
RV0026876,O0026887,C003544,5,5
RV0007457,O0007461,C001111,3,4
RV0023662,O0023672,C004014,4,4
RV0015276,O0015284,C001522,4,4
RV0015528,O0015536,C003190,3,5
RV0043204,O0043228,C000576,3,3
RV0002171,O0002172,C002609,4,5
RV0040418,O0040439,C000770,4,5
RV0024777,O0024787,C004297,3,4
RV0040029,O0040050,C004336,4,3
RV0039400,O0039420,C001047,4,4
RV0030719,O0030732,C002530,3,4
RV0030922,O0030936,C003023,4,4
RV0030046,O0030059,C001375,3,5
RV0012891,O0012898,C000374,4,3
RV0005521,O0005523,C000014,3,5
RV0016317,O0016325,C003140,3,3
RV0033976,O0033991,C004387,4,5
RV0038706,O0038725,C001875,4,4
RV0028300,O0028313,C001761,3,5
RV0005973,O0005975,C000178,3,3
RV0022623,O0022633,C004901,4,5
RV0047408,O0047436,C002505,3,3
RV0045519,O0045544,C003761,4,3
RV0032306,O0032321,C003148,4,3
RV0031579,O0031593,C003025,5,5
RV0014702,O0014710,C002617,4,5
RV0032597,O0032612,C003257,3,4
RV0022887,O0022897,C001026,5,5
RV0025415,O0025425,C000070,5,3
RV0024208,O0024218,C003017,5,5
RV0043258,O0043282,C001373,3,3
RV0034127,O0034142,C004798,3,5
RV0030542,O0030555,C002573,3,4
RV0027562,O0027575,C002311,3,4
RV0049559,O0049589,C001087,4,3
RV0044019,O0044043,C004153,3,4
RV0046260,O0046287,C001587,3,5
RV0017125,O0017133,C000191,5,4
RV0021310,O0021320,C001125,5,5
RV0016487,O0016495,C001256,3,5
RV0008650,O0008655,C004601,3,4
RV0035249,O0035265,C000358,4,4
RV0028062,O0028075,C003093,4,3
RV0036288,O0036306,C004361,5,4
RV0031386,O0031400,C000123,5,4
RV0032091,O0032106,C002267,5,4
RV0006745,O0006748,C003524,4,4
RV0013271,O0013278,C002608,4,5
RV0007558,O0007562,C000876,5,4
RV0041300,O0041322,C000849,3,3
RV0018963,O0018973,C003490,3,4
RV0029582,O0029595,C001318,5,4
RV0031988,O0032003,C003259,3,3
RV0026203,O0026213,C003143,4,5
RV0033350,O0033365,C004186,3,4
RV0012268,O0012275,C002087,4,5
RV0017607,O0017616,C003941,4,3
RV0043180,O0043204,C001375,4,3
RV0001642,O0001643,C002020,4,3
RV0026821,O0026832,C001089,4,5
RV0003686,O0003687,C001603,3,5
RV0000291,O0000292,C002213,4,3
RV0031489,O0031503,C004124,3,5
RV0002085,O0002086,C003394,3,3
RV0046362,O0046389,C003131,3,3
RV0048222,O0048250,C002104,4,3
RV0043577,O0043601,C000578,3,4
RV0011747,O0011754,C001502,4,4
RV0041097,O0041119,C004720,3,4
RV0047486,O0047514,C004052,3,3
RV0036095,O0036113,C000266,5,4
RV0027688,O0027701,C001806,3,4
RV0040725,O0040747,C000387,4,4
RV0043460,O0043484,C002805,3,3
RV0001765,O0001766,C002341,3,5
RV0031953,O0031968,C000712,3,3
RV0038517,O0038536,C004496,5,3
RV0026948,O0026959,C003382,5,4
RV0026541,O0026552,C004629,4,3
RV0036813,O0036831,C001581,3,3
RV0020687,O0020697,C004181,3,3
RV0013292,O0013299,C001105,5,5
RV0022711,O0022721,C001443,4,5
RV0027325,O0027338,C003003,3,3
RV0034156,O0034171,C002713,5,3
RV0038456,O0038474,C004432,5,5
RV0022262,O0022272,C001061,4,4
RV0000689,O0000690,C001220,3,5
RV0039834,O0039855,C002932,4,4
RV0049757,O0049787,C002075,5,3
RV0019401,O0019411,C004701,4,3
RV0024772,O0024782,C003448,5,5
RV0005894,O0005896,C000198,5,4
RV0040250,O0040271,C001565,3,5
RV0042805,O0042828,C003694,4,5
RV0024724,O0024734,C001256,3,4
RV0007926,O0007931,C000810,5,3
RV0031832,O0031846,C003184,3,5
RV0049380,O0049410,C001156,5,3
RV0041312,O0041334,C002796,4,5
RV0040557,O0040579,C001622,4,3
RV0002797,O0002798,C001248,3,5
RV0012236,O0012243,C001534,5,3
RV0023609,O0023619,C003414,4,4
RV0021466,O0021476,C004163,5,3
RV0031908,O0031923,C000303,4,4
RV0044211,O0044235,C004967,5,5
RV0033559,O0033574,C000195,3,5
RV0023277,O0023287,C002231,5,4
RV0032297,O0032312,C004856,4,4
RV0004885,O0004887,C004748,3,4
RV0001216,O0001217,C003692,3,4
RV0018933,O0018943,C003130,3,3
RV0011773,O0011780,C001170,5,5
RV0046566,O0046593,C002633,4,5
RV0037186,O0037204,C002155,3,5
RV0023724,O0023734,C002253,5,5
RV0005605,O0005607,C002088,5,5
RV0002089,O0002090,C000095,5,4
RV0004739,O0004741,C003221,4,4
RV0004286,O0004287,C000145,5,3
RV0022584,O0022594,C002333,5,3
RV0035785,O0035801,C002126,4,5
RV0016088,O0016096,C000073,4,5
RV0046631,O0046658,C002438,4,4
RV0047238,O0047266,C000361,4,4
RV0046955,O0046982,C004234,4,4
RV0037152,O0037170,C001810,5,5
RV0012139,O0012146,C004684,4,3
RV0038852,O0038871,C000605,4,3
RV0004438,O0004439,C002038,4,5
RV0007202,O0007205,C004235,3,5
RV0034164,O0034179,C001878,4,3
RV0046065,O0046091,C002370,4,4
RV0021086,O0021096,C003810,3,3
RV0001827,O0001828,C004998,5,3
RV0005453,O0005455,C001211,5,3
RV0021878,O0021888,C004271,4,4
RV0028962,O0028975,C000375,4,3
RV0018408,O0018418,C003341,4,5
RV0033411,O0033426,C000002,5,4
RV0001870,O0001871,C002849,4,3
RV0049409,O0049439,C001441,5,4
RV0041211,O0041233,C003698,4,4
RV0025391,O0025401,C000147,4,4
RV0039126,O0039146,C000184,3,3
RV0019960,O0019970,C000961,3,4
RV0031874,O0031889,C000957,3,4
RV0014317,O0014325,C002891,4,5
RV0011524,O0011530,C000012,3,3
RV0012209,O0012216,C001104,3,3
RV0024201,O0024211,C004424,4,4
RV0027111,O0027123,C004726,3,3
RV0005927,O0005929,C002896,3,4
RV0037925,O0037943,C001047,3,4
RV0045121,O0045146,C001572,3,3
RV0041557,O0041579,C003518,4,3
RV0000188,O0000189,C002026,5,3
RV0014893,O0014901,C002329,5,3
RV0038551,O0038570,C004316,3,5
RV0031355,O0031369,C002588,5,4
RV0033445,O0033460,C000100,4,3
RV0016554,O0016562,C003303,3,4
RV0012273,O0012280,C002226,3,4
RV0034031,O0034046,C004818,4,4
RV0049143,O0049172,C003159,3,4
RV0044098,O0044122,C002937,4,5
RV0029988,O0030001,C001372,3,4
RV0030700,O0030713,C000235,3,3
RV0012232,O0012239,C002416,4,4
RV0048838,O0048866,C002650,3,4
RV0029981,O0029994,C002312,3,5
RV0025987,O0025997,C002781,5,4
RV0020846,O0020856,C004937,3,4
RV0019126,O0019136,C004316,3,5
RV0025356,O0025366,C003117,5,4
RV0031799,O0031813,C003991,5,5
RV0035915,O0035932,C001676,3,4
RV0005648,O0005650,C003618,3,3
RV0048211,O0048239,C004992,5,3
RV0044650,O0044675,C004906,5,4
RV0014257,O0014265,C000965,3,4
RV0036270,O0036288,C003605,5,4
RV0012583,O0012590,C004950,5,5
RV0042861,O0042884,C000380,5,4
RV0014696,O0014704,C000409,4,5
RV0017365,O0017374,C000476,3,3
RV0030623,O0030636,C003221,5,4
RV0019039,O0019049,C002890,4,3
RV0046458,O0046485,C000583,3,3
RV0028600,O0028613,C001643,5,5
RV0031905,O0031920,C003689,4,4
RV0044656,O0044681,C002721,5,4
RV0034040,O0034055,C003955,3,4
RV0029031,O0029044,C003334,3,3
RV0009053,O0009058,C002036,5,3
RV0020362,O0020372,C000204,4,3
RV0013215,O0013222,C001871,3,4
RV0024656,O0024666,C003123,5,4
RV0029021,O0029034,C001878,3,5
RV0035860,O0035876,C001328,4,5
RV0000714,O0000715,C001838,4,3
RV0031474,O0031488,C003477,5,3
RV0031124,O0031138,C003052,5,5
RV0023582,O0023592,C000706,3,5
RV0045786,O0045812,C000111,5,3
RV0009811,O0009816,C000218,3,3
RV0023124,O0023134,C001829,3,4
RV0044192,O0044216,C000277,4,3
RV0012530,O0012537,C003493,5,5
RV0038781,O0038800,C003229,3,4
RV0034237,O0034252,C002629,5,3
RV0038035,O0038053,C001453,5,3
RV0018970,O0018980,C002374,4,4
RV0034646,O0034662,C001474,4,5
RV0029540,O0029553,C003203,4,3
RV0005164,O0005166,C000412,3,5
RV0002221,O0002222,C004010,3,5
RV0006538,O0006541,C000472,3,5
RV0048604,O0048632,C003003,5,5
RV0032111,O0032126,C002759,4,4
RV0021769,O0021779,C001042,3,4
RV0045733,O0045759,C002423,3,5
RV0032522,O0032537,C004191,5,4
RV0029949,O0029962,C000081,4,3
RV0048802,O0048830,C001914,3,5
RV0002687,O0002688,C001914,3,4
RV0008704,O0008709,C001515,5,3
RV0013592,O0013599,C001391,3,4
RV0038444,O0038462,C002684,4,5
RV0002178,O0002179,C002276,5,5
RV0048664,O0048692,C004870,3,3
RV0020476,O0020486,C002687,4,5
RV0017083,O0017091,C003015,5,4
RV0044008,O0044032,C003403,4,3
RV0044570,O0044595,C002020,3,3
RV0048851,O0048879,C003880,3,4
RV0029615,O0029628,C002900,4,4
RV0021936,O0021946,C001238,3,5
RV0012825,O0012832,C003087,3,5
RV0031488,O0031502,C001155,5,4
RV0018952,O0018962,C002310,5,3
RV0017526,O0017535,C001728,5,5
RV0029558,O0029571,C001618,4,3
RV0011891,O0011898,C004695,5,5
RV0027415,O0027428,C004101,5,3
RV0002976,O0002977,C000692,4,3
RV0012672,O0012679,C002444,5,4
RV0049094,O0049123,C000765,3,5
RV0019417,O0019427,C001061,5,5
RV0033680,O0033695,C001990,5,3
RV0014843,O0014851,C003767,3,4
RV0045666,O0045691,C002806,5,3
RV0005589,O0005591,C001506,4,5
RV0045933,O0045959,C004798,3,5
RV0047676,O0047704,C000674,3,5
RV0006755,O0006758,C001312,3,4
RV0006632,O0006635,C001063,5,4
RV0010933,O0010939,C002865,5,5
RV0012842,O0012849,C002653,4,4
RV0022653,O0022663,C004975,4,3
RV0016326,O0016334,C002280,3,5
RV0030259,O0030272,C002031,5,3
RV0021012,O0021022,C004026,3,4
RV0011147,O0011153,C000996,3,3
RV0042001,O0042023,C001447,3,5
RV0007106,O0007109,C004105,5,3
RV0009173,O0009178,C003852,5,3
RV0038602,O0038621,C000878,3,4
RV0033269,O0033284,C004155,4,4
RV0049897,O0049927,C002373,3,4
RV0045388,O0045413,C001221,5,3
RV0024803,O0024813,C001743,5,4
RV0003101,O0003102,C002136,5,4
RV0038121,O0038139,C004111,3,5
RV0021901,O0021911,C004476,5,5
RV0019146,O0019156,C002668,5,3
RV0016009,O0016017,C004102,3,5
RV0026759,O0026770,C000871,5,3
RV0004807,O0004809,C004026,5,4
RV0030152,O0030165,C003524,5,3
RV0034463,O0034479,C003325,5,4
RV0043789,O0043813,C002890,4,5
RV0000124,O0000125,C000237,5,3
RV0021075,O0021085,C002678,3,3
RV0033903,O0033918,C004864,4,5
RV0002704,O0002705,C001456,3,5
RV0008759,O0008764,C003964,4,4
RV0041120,O0041142,C004526,3,3
RV0040193,O0040214,C004018,3,4
RV0045304,O0045329,C001687,3,5
RV0014535,O0014543,C000473,4,5
RV0011391,O0011397,C004665,3,3
RV0007962,O0007967,C004392,4,3
RV0046581,O0046608,C001789,3,5
RV0047132,O0047159,C001323,5,5
RV0001705,O0001706,C001366,5,3
RV0009434,O0009439,C002798,4,4
RV0049235,O0049264,C001126,4,3
RV0046769,O0046796,C002120,3,4
RV0030671,O0030684,C000684,4,5
RV0047429,O0047457,C001223,4,4
RV0017854,O0017864,C003359,4,3
RV0013812,O0013819,C001555,5,3
RV0033306,O0033321,C003664,5,5
RV0007322,O0007325,C002066,4,5
RV0006999,O0007002,C004482,5,5
RV0044149,O0044173,C001993,3,5
RV0024906,O0024916,C000518,3,3
RV0009212,O0009217,C002966,4,3
RV0015693,O0015701,C002920,3,3
RV0018026,O0018036,C000118,4,5
RV0014127,O0014135,C001779,3,5
RV0047073,O0047100,C002676,5,3
RV0015413,O0015421,C001732,3,5
RV0039262,O0039282,C001765,4,4
RV0048978,O0049006,C002282,5,3
RV0043534,O0043558,C003666,5,5
RV0022405,O0022415,C001216,3,4
RV0046995,O0047022,C004755,3,5
RV0022844,O0022854,C002197,3,5
RV0018308,O0018318,C002812,4,3
RV0010325,O0010330,C002536,3,4
RV0037535,O0037553,C001255,4,3
RV0042917,O0042940,C000522,4,5
RV0028973,O0028986,C002363,3,3
RV0025066,O0025076,C004036,5,3
RV0040918,O0040940,C003991,5,5
RV0047732,O0047760,C004849,4,4
RV0035274,O0035290,C000354,5,3
RV0045653,O0045678,C002783,3,5
RV0027921,O0027934,C003106,5,3
RV0028203,O0028216,C003698,5,5
RV0042382,O0042404,C000279,3,3
RV0044175,O0044199,C004375,4,5
RV0032759,O0032774,C003508,3,3
RV0008485,O0008490,C003051,3,4
RV0006120,O0006122,C002130,5,5
RV0007459,O0007463,C002904,4,5
RV0014003,O0014011,C001934,4,5
RV0002485,O0002486,C000281,3,3
RV0018290,O0018300,C003572,5,5
RV0014833,O0014841,C004470,5,5
RV0031231,O0031245,C000455,3,3
RV0016683,O0016691,C003119,5,5
RV0021783,O0021793,C002510,5,3
RV0009904,O0009909,C001349,3,4
RV0047874,O0047902,C000989,5,4
RV0048245,O0048273,C002363,3,5
RV0037697,O0037715,C003267,4,4
RV0004509,O0004510,C000707,4,3
RV0039745,O0039766,C003226,4,3
RV0022846,O0022856,C000478,4,4
RV0048504,O0048532,C001533,5,4
RV0003668,O0003669,C000865,4,4
RV0010971,O0010977,C002830,4,5
RV0024019,O0024029,C004600,4,3
RV0045931,O0045957,C001960,4,3
RV0013790,O0013797,C002806,4,3
RV0006947,O0006950,C000239,4,3
RV0005985,O0005987,C002310,5,4
RV0008865,O0008870,C002940,4,5
RV0013960,O0013968,C001936,4,4
RV0046288,O0046315,C001038,4,4
RV0034608,O0034624,C001149,3,3
RV0029640,O0029653,C000799,3,3
RV0006517,O0006520,C000757,5,5
RV0007930,O0007935,C002187,5,3
RV0023995,O0024005,C003298,5,3
RV0032028,O0032043,C002329,4,5
RV0028956,O0028969,C003707,4,4
RV0019866,O0019876,C002080,4,4
RV0033942,O0033957,C000583,3,3
RV0014525,O0014533,C000751,5,4
RV0008696,O0008701,C003583,4,3
RV0013981,O0013989,C001755,5,5
RV0048483,O0048511,C001764,5,5
RV0007556,O0007560,C004579,4,3
RV0000752,O0000753,C003304,4,3
RV0026095,O0026105,C003090,5,5
RV0015818,O0015826,C003697,5,4
RV0035765,O0035781,C001751,3,4
RV0046182,O0046208,C002060,3,4
RV0010572,O0010577,C001604,3,4
RV0047690,O0047718,C000100,4,3
RV0011740,O0011747,C003747,4,3
RV0009926,O0009931,C003996,3,3
RV0048544,O0048572,C001277,3,5
RV0033278,O0033293,C000679,5,3
RV0009805,O0009810,C002381,4,4
RV0024449,O0024459,C000311,5,5
RV0007286,O0007289,C004739,5,3
RV0000612,O0000613,C003887,4,4
RV0034050,O0034065,C000939,4,4
RV0015856,O0015864,C003063,3,4
RV0041764,O0041786,C004698,3,4
RV0035027,O0035043,C002806,3,5
RV0007098,O0007101,C003572,5,5
RV0027851,O0027864,C003631,4,5
RV0012850,O0012857,C002612,3,5
RV0048289,O0048317,C000280,3,3
RV0005406,O0005408,C004519,3,3
RV0049436,O0049466,C004650,5,5
RV0023448,O0023458,C001858,5,3
RV0020379,O0020389,C004434,4,5
RV0020042,O0020052,C003190,3,5
RV0016318,O0016326,C003304,5,3
RV0049440,O0049470,C001495,4,5
RV0017305,O0017314,C002108,5,4
RV0003552,O0003553,C002711,4,4
RV0033147,O0033162,C004328,3,4
RV0014864,O0014872,C002433,4,4
RV0009818,O0009823,C001322,3,5
RV0046135,O0046161,C000507,4,4
RV0012806,O0012813,C000596,4,3
RV0013355,O0013362,C000064,3,3
RV0037954,O0037972,C000665,3,4
RV0037692,O0037710,C002446,4,4
RV0028569,O0028582,C001325,5,4
RV0009542,O0009547,C003525,3,4
RV0043665,O0043689,C000437,5,4
RV0013333,O0013340,C004039,3,4
RV0025543,O0025553,C004881,4,4
RV0007662,O0007666,C004628,5,3
RV0007138,O0007141,C003903,4,3
RV0001586,O0001587,C003328,4,4
RV0046920,O0046947,C004905,5,4
RV0003711,O0003712,C001665,4,3
RV0010462,O0010467,C002530,3,4
RV0019776,O0019786,C001720,3,5
RV0014822,O0014830,C002672,5,3
RV0032431,O0032446,C001145,3,5
RV0049402,O0049432,C004348,5,4
RV0004397,O0004398,C002814,3,5
RV0026682,O0026693,C000104,3,4
RV0005106,O0005108,C003431,5,3
RV0007517,O0007521,C003700,5,3
RV0005952,O0005954,C004088,4,4
RV0019668,O0019678,C004775,4,4
RV0048014,O0048042,C001341,3,3
RV0003884,O0003885,C002025,3,4
RV0019078,O0019088,C001875,3,4
RV0030843,O0030857,C004648,5,4
RV0003658,O0003659,C002996,4,5
RV0009813,O0009818,C003403,4,3
RV0026510,O0026521,C004207,5,5
RV0046584,O0046611,C003686,3,3
RV0034304,O0034319,C003884,4,3
RV0039767,O0039788,C004963,5,3
RV0042255,O0042277,C003991,4,4
RV0031319,O0031333,C004823,5,3
RV0021117,O0021127,C003012,5,3
RV0021791,O0021801,C000114,3,4
RV0009249,O0009254,C003730,4,4
RV0033874,O0033889,C000054,5,5
RV0043500,O0043524,C000727,5,3
RV0030433,O0030446,C003689,4,4
RV0013730,O0013737,C002328,4,3
RV0032205,O0032220,C001141,5,3
RV0046114,O0046140,C002145,3,5
RV0029644,O0029657,C002525,4,4
RV0002991,O0002992,C000608,3,5
RV0036162,O0036180,C002355,5,3
RV0025311,O0025321,C000710,5,3
RV0032337,O0032352,C003317,5,3
RV0035768,O0035784,C002331,3,4
RV0041538,O0041560,C003087,5,4
RV0014465,O0014473,C001723,4,5
RV0032040,O0032055,C002671,3,3
RV0017977,O0017987,C001451,5,3
RV0021853,O0021863,C002119,3,3
RV0045065,O0045090,C004391,3,3
RV0028476,O0028489,C003576,3,3
RV0028027,O0028040,C001853,3,4
RV0043699,O0043723,C000509,3,4
RV0045647,O0045672,C000749,5,3
RV0047067,O0047094,C002477,3,4
RV0001947,O0001948,C001726,5,3
RV0015933,O0015941,C001591,3,3
RV0010018,O0010023,C004438,4,3
RV0027047,O0027059,C004308,5,3
RV0023810,O0023820,C000734,3,5
RV0045349,O0045374,C003883,5,5
RV0037280,O0037298,C002720,5,3
RV0002293,O0002294,C003942,5,5
RV0013887,O0013894,C004641,5,3
RV0024158,O0024168,C002770,4,3
RV0035601,O0035617,C001773,5,4
RV0048006,O0048034,C003251,4,5
RV0017410,O0017419,C001989,5,5
RV0014247,O0014255,C002437,3,3
RV0012860,O0012867,C003955,5,5
RV0022475,O0022485,C003335,4,5
RV0041838,O0041860,C001582,3,3
RV0035277,O0035293,C001309,4,3
RV0021098,O0021108,C003759,3,5
RV0002535,O0002536,C002432,4,3
RV0019501,O0019511,C000058,4,4
RV0033567,O0033582,C001931,4,5
RV0031893,O0031908,C002479,3,3
RV0046159,O0046185,C004529,5,4
RV0041101,O0041123,C002096,4,5
RV0000035,O0000036,C004083,3,3
RV0018114,O0018124,C003599,5,5
RV0013133,O0013140,C000643,5,5
RV0019564,O0019574,C003969,5,4
RV0042338,O0042360,C002967,4,4
RV0019865,O0019875,C002111,5,4
RV0038804,O0038823,C004774,4,3
RV0030440,O0030453,C000072,4,4
RV0049121,O0049150,C004650,3,5
RV0047180,O0047207,C004526,5,3
RV0039113,O0039133,C002926,3,3
RV0009614,O0009619,C002688,5,5
RV0018717,O0018727,C001294,4,4
RV0036717,O0036735,C000719,3,4
RV0003152,O0003153,C003170,3,3
RV0030169,O0030182,C002754,4,4
RV0013899,O0013906,C001470,4,5
RV0040727,O0040749,C000643,4,4
RV0036315,O0036333,C004672,3,5
RV0000349,O0000350,C004955,3,5
RV0048419,O0048447,C001165,3,4
RV0041823,O0041845,C001321,5,3
RV0005731,O0005733,C004846,4,5
RV0044209,O0044233,C004872,4,5
RV0033127,O0033142,C000152,3,5
RV0008063,O0008068,C004584,5,3
RV0005461,O0005463,C002481,5,4
RV0026518,O0026529,C000741,4,3
RV0002038,O0002039,C002083,4,4
RV0004323,O0004324,C001474,3,5
RV0042694,O0042717,C003395,4,4
RV0033020,O0033035,C002984,4,3
RV0023836,O0023846,C004690,4,4
RV0027861,O0027874,C000285,3,4
RV0045061,O0045086,C004541,3,5
RV0007790,O0007795,C004843,3,4
RV0039835,O0039856,C004535,4,5
RV0019553,O0019563,C000213,3,4
RV0048725,O0048753,C000815,4,4
RV0025029,O0025039,C004588,5,4
RV0005968,O0005970,C002504,4,5
RV0025990,O0026000,C003489,4,4
RV0040268,O0040289,C003716,5,3
RV0002870,O0002871,C000750,4,5
RV0007748,O0007753,C004542,4,4
RV0045218,O0045243,C003018,4,5
RV0042146,O0042168,C004510,5,4
RV0022416,O0022426,C004465,3,5
RV0039987,O0040008,C001557,4,5
RV0010605,O0010610,C001486,4,5
RV0016141,O0016149,C001123,5,5
RV0014262,O0014270,C002920,4,5
RV0012756,O0012763,C002758,5,5
RV0000502,O0000503,C004382,5,4
RV0024011,O0024021,C000739,5,5
RV0045332,O0045357,C002426,5,3
RV0003505,O0003506,C003482,5,3
RV0023083,O0023093,C002541,3,3
RV0022744,O0022754,C002565,3,5
RV0024739,O0024749,C004533,5,4
RV0023342,O0023352,C000491,4,3
RV0024761,O0024771,C002704,4,4
RV0035702,O0035718,C003928,3,5
RV0029620,O0029633,C001794,4,5
RV0025697,O0025707,C002485,3,3
RV0032508,O0032523,C000935,4,5
RV0026323,O0026333,C003304,3,4
RV0022235,O0022245,C002900,3,5
RV0035526,O0035542,C002678,4,3
RV0037294,O0037312,C001613,5,4
RV0022619,O0022629,C004471,3,5
RV0041177,O0041199,C004059,4,5
RV0011794,O0011801,C004439,5,3
RV0033101,O0033116,C002882,3,3
RV0010291,O0010296,C001354,3,5
RV0036548,O0036566,C002781,4,3
RV0026387,O0026397,C003062,5,3
RV0015546,O0015554,C004553,3,5
RV0018979,O0018989,C000862,3,5
RV0031884,O0031899,C000599,3,3
RV0038821,O0038840,C000948,4,4
RV0047535,O0047563,C002353,3,4
RV0022622,O0022632,C000627,5,4
RV0031751,O0031765,C000511,5,5
RV0048084,O0048112,C003241,5,5
RV0041233,O0041255,C002819,3,5
RV0014004,O0014012,C002447,4,5
RV0030956,O0030970,C001970,5,4
RV0016597,O0016605,C004377,3,4
RV0024110,O0024120,C003426,4,5
RV0027067,O0027079,C000816,5,5
RV0031539,O0031553,C002618,3,4
RV0000208,O0000209,C000522,3,3
RV0029770,O0029783,C001204,3,5
RV0006886,O0006889,C000396,3,4
RV0038956,O0038975,C003150,3,3
RV0027900,O0027913,C002971,5,4
RV0049838,O0049868,C001785,5,5
RV0011276,O0011282,C001110,4,5
RV0048171,O0048199,C003709,4,3
RV0010330,O0010335,C002346,5,4
RV0049684,O0049714,C002035,5,5
RV0008232,O0008237,C004192,3,4
RV0001747,O0001748,C001264,4,3
RV0004147,O0004148,C004359,5,5
RV0042231,O0042253,C000250,3,5
RV0002703,O0002704,C001194,4,5
RV0025410,O0025420,C000513,3,5
RV0016471,O0016479,C001712,5,4
RV0024352,O0024362,C003167,4,4
RV0009272,O0009277,C002555,5,5
RV0026803,O0026814,C002261,5,3
RV0005437,O0005439,C003759,4,4
RV0006115,O0006117,C001280,3,5
RV0041801,O0041823,C003812,5,5
RV0043018,O0043042,C000931,5,4
RV0045277,O0045302,C002563,4,5
RV0014338,O0014346,C001281,3,4
RV0034030,O0034045,C002173,3,3
RV0034970,O0034986,C000747,4,4
RV0001666,O0001667,C000649,4,5
RV0043246,O0043270,C004417,3,5
RV0003993,O0003994,C002372,3,3
RV0038560,O0038579,C002683,3,4
RV0012772,O0012779,C004484,3,3
RV0021077,O0021087,C002717,3,3
RV0010117,O0010122,C003273,3,3
RV0019654,O0019664,C000574,3,5
RV0044127,O0044151,C004545,4,5
RV0029242,O0029255,C004294,5,3
RV0013499,O0013506,C000283,5,3
RV0003888,O0003889,C004113,4,3
RV0015543,O0015551,C001817,5,3
RV0012129,O0012136,C001688,3,4
RV0038738,O0038757,C001469,4,4
RV0000221,O0000222,C003381,5,4
RV0048630,O0048658,C003170,4,3
RV0031531,O0031545,C003255,5,5
RV0026060,O0026070,C000761,3,5
RV0048198,O0048226,C001819,5,3
RV0024007,O0024017,C000031,3,5
RV0006586,O0006589,C004356,5,4
RV0011983,O0011990,C003553,3,3
RV0047659,O0047687,C000037,4,4
RV0042766,O0042789,C003630,4,5
RV0024539,O0024549,C000884,3,5
RV0033789,O0033804,C001005,4,3
RV0030691,O0030704,C003141,3,5
RV0013090,O0013097,C003887,5,5
RV0045393,O0045418,C003145,5,4
RV0012992,O0012999,C002872,5,3
RV0017877,O0017887,C003664,4,5
RV0026229,O0026239,C001926,4,3
RV0045643,O0045668,C001934,5,5
RV0038500,O0038519,C004359,5,4
RV0043100,O0043124,C000666,3,5
RV0022121,O0022131,C000559,5,5
RV0045036,O0045061,C003284,3,3
RV0006162,O0006164,C000391,4,3
RV0012778,O0012785,C003403,5,4
RV0004075,O0004076,C000740,3,3
RV0025615,O0025625,C003908,3,3
RV0014112,O0014120,C003376,3,4
RV0037932,O0037950,C002897,5,5
RV0042294,O0042316,C000615,5,3
RV0048031,O0048059,C003427,4,5
RV0024302,O0024312,C001126,5,4
RV0035644,O0035660,C002501,5,3
RV0030696,O0030709,C000384,5,5
RV0043005,O0043029,C003415,5,5
RV0034232,O0034247,C000999,4,3
RV0043324,O0043348,C003131,5,5
RV0045906,O0045932,C002877,5,5
RV0002250,O0002251,C002635,5,3
RV0043545,O0043569,C003462,3,4
RV0033764,O0033779,C000811,5,5
RV0003139,O0003140,C001506,4,5
RV0009789,O0009794,C002976,3,4
RV0035177,O0035193,C001267,5,3
RV0007907,O0007912,C003437,3,3
RV0038144,O0038162,C000455,4,5
RV0001628,O0001629,C002202,5,5
RV0009939,O0009944,C001542,3,5
RV0041482,O0041504,C004566,5,3
RV0020086,O0020096,C002537,5,3
RV0024438,O0024448,C002188,3,5
RV0003523,O0003524,C003162,4,4
RV0023612,O0023622,C000290,5,4
RV0000611,O0000612,C004038,3,4
RV0037557,O0037575,C002078,3,5
RV0013122,O0013129,C001603,5,4
RV0008030,O0008035,C004457,5,5
RV0008143,O0008148,C001008,5,4
RV0014107,O0014115,C004035,3,4
RV0047218,O0047245,C000535,4,5
RV0034096,O0034111,C002020,4,3
RV0041242,O0041264,C002870,4,4
RV0001265,O0001266,C004772,5,4
RV0008137,O0008142,C000177,3,3
RV0011829,O0011836,C003976,4,3
RV0023613,O0023623,C000036,3,5
RV0031038,O0031052,C002526,5,3
RV0037982,O0038000,C000109,5,5
RV0002316,O0002317,C003421,5,5
RV0033987,O0034002,C003478,5,5
RV0044155,O0044179,C001384,5,3
RV0020780,O0020790,C002260,4,4
RV0018059,O0018069,C000101,5,5
RV0019351,O0019361,C001230,5,3
RV0033113,O0033128,C002869,5,4
RV0033533,O0033548,C004180,3,4
RV0035128,O0035144,C002750,5,4
RV0043440,O0043464,C001935,3,5
RV0003329,O0003330,C002446,3,4
RV0045013,O0045038,C003092,4,4
RV0009593,O0009598,C000305,3,4
RV0049186,O0049215,C004465,4,5
RV0012332,O0012339,C001651,3,3
RV0014698,O0014706,C002574,3,5
RV0026369,O0026379,C000494,5,3
RV0003794,O0003795,C004083,3,5
RV0013667,O0013674,C002659,5,3
RV0025284,O0025294,C002261,4,4
RV0041907,O0041929,C001065,4,5
RV0028594,O0028607,C004223,5,3
RV0023898,O0023908,C001981,4,3
RV0031520,O0031534,C004504,5,5
RV0012490,O0012497,C000057,5,3
RV0016888,O0016896,C004695,4,3
RV0047625,O0047653,C001573,4,4
RV0005025,O0005027,C004150,3,3
RV0016643,O0016651,C003165,3,5
RV0029792,O0029805,C004038,5,5
RV0021896,O0021906,C004645,4,3
RV0038009,O0038027,C003093,4,5
RV0026410,O0026420,C004520,5,4
RV0002815,O0002816,C000188,4,4
RV0049119,O0049148,C003806,4,3
RV0040289,O0040310,C000593,3,3
RV0031611,O0031625,C001979,3,5
RV0005800,O0005802,C000747,4,5
RV0031034,O0031048,C002743,5,4
RV0032850,O0032865,C002043,4,3
RV0048904,O0048932,C001655,4,4
RV0033385,O0033400,C004467,4,4
RV0040136,O0040157,C002132,5,4
RV0045193,O0045218,C004213,3,4
RV0038389,O0038407,C003168,3,5
RV0031082,O0031096,C003786,3,5
RV0027011,O0027022,C002835,5,5
RV0037482,O0037500,C000332,5,4
RV0024675,O0024685,C004749,4,5
RV0033745,O0033760,C003748,5,3
RV0004554,O0004555,C003179,5,4
RV0024710,O0024720,C000871,5,4
RV0038297,O0038315,C001769,5,5
RV0023062,O0023072,C003977,4,3
RV0045407,O0045432,C001814,4,5
RV0042379,O0042401,C004192,4,3
RV0000965,O0000966,C003819,4,5
RV0022183,O0022193,C001337,3,5
RV0012669,O0012676,C001100,3,3
RV0038271,O0038289,C002584,5,4
RV0041355,O0041377,C003632,4,4
RV0029913,O0029926,C003506,4,4
RV0039128,O0039148,C004165,4,3
RV0036868,O0036886,C004046,5,4
RV0045148,O0045173,C001811,5,3
RV0004187,O0004188,C000913,3,3
RV0037817,O0037835,C002483,4,5
RV0024633,O0024643,C002231,4,3
RV0025554,O0025564,C003073,4,3
RV0035176,O0035192,C003040,3,3
RV0034750,O0034766,C000637,3,5
RV0012008,O0012015,C004462,3,4
RV0010415,O0010420,C002732,3,3
RV0044330,O0044354,C004506,3,5
RV0006488,O0006491,C003697,3,3
RV0032943,O0032958,C003951,4,3
RV0027395,O0027408,C003974,4,3
RV0009151,O0009156,C002272,5,3
RV0040513,O0040535,C000833,3,5
RV0032724,O0032739,C003009,4,5
RV0014464,O0014472,C002870,5,3
RV0043667,O0043691,C000974,5,4
RV0001592,O0001593,C003305,4,4
RV0014950,O0014958,C000115,5,5
RV0040517,O0040539,C000644,4,4
RV0013425,O0013432,C002186,5,5
RV0027707,O0027720,C002449,3,3
RV0024899,O0024909,C000772,3,4
RV0010643,O0010648,C003213,3,3
RV0006986,O0006989,C001218,4,5
RV0030376,O0030389,C001513,5,5
RV0037429,O0037447,C003290,5,5
RV0021648,O0021658,C000824,4,3
RV0044993,O0045018,C002549,3,3
RV0012723,O0012730,C001443,3,5
RV0032396,O0032411,C001962,4,4
RV0041866,O0041888,C003539,3,4
RV0006290,O0006292,C003470,5,5
RV0007518,O0007522,C002115,4,4
RV0031392,O0031406,C002865,3,5
RV0009355,O0009360,C001168,3,4
RV0017559,O0017568,C000205,5,4
RV0007391,O0007395,C001742,4,4
RV0027941,O0027954,C001769,3,3
RV0039506,O0039527,C001734,3,5
RV0034394,O0034410,C004415,4,3
RV0005880,O0005882,C004321,4,5
RV0011557,O0011563,C002072,5,3
RV0008351,O0008356,C002038,4,3
RV0031650,O0031664,C000190,4,5
RV0032434,O0032449,C003257,5,4
RV0005405,O0005407,C003695,4,4
RV0032732,O0032747,C004870,3,3
RV0024448,O0024458,C000596,3,4
RV0042253,O0042275,C002292,4,4
RV0005727,O0005729,C003541,5,4
RV0037347,O0037365,C004231,5,4
RV0036299,O0036317,C002962,5,4
RV0009944,O0009949,C001773,4,5
RV0009019,O0009024,C003236,5,3
RV0004163,O0004164,C001090,3,5
RV0045530,O0045555,C002840,5,3
RV0023539,O0023549,C002684,4,4
RV0005118,O0005120,C004061,3,5
RV0002170,O0002171,C002052,5,4
RV0049674,O0049704,C001273,5,3
RV0020335,O0020345,C001262,4,4
RV0020578,O0020588,C002193,3,3
RV0007071,O0007074,C003506,4,5
RV0006035,O0006037,C001538,4,3
RV0017943,O0017953,C002399,3,4
RV0021426,O0021436,C004264,4,3
RV0022682,O0022692,C000816,5,5
RV0038198,O0038216,C004566,3,3
RV0027988,O0028001,C002613,3,4
RV0015685,O0015693,C001769,3,5
RV0008941,O0008946,C002213,3,4
RV0029116,O0029129,C002764,3,4
RV0016809,O0016817,C003018,5,3
RV0030972,O0030986,C003509,5,3
RV0039347,O0039367,C004312,4,3
RV0004224,O0004225,C001375,3,4
RV0045638,O0045663,C002173,3,4
RV0031429,O0031443,C001412,3,3
RV0036841,O0036859,C001859,4,4
RV0012463,O0012470,C000803,4,4
RV0034946,O0034962,C002260,4,5
RV0044231,O0044255,C001842,5,4
RV0007316,O0007319,C003633,3,5
RV0011508,O0011514,C000229,4,3
RV0012032,O0012039,C001752,3,3
RV0046790,O0046817,C004053,4,4
RV0043090,O0043114,C000016,3,4
RV0039755,O0039776,C002366,4,5
RV0032503,O0032518,C003988,5,3
RV0004388,O0004389,C002161,3,3
RV0039972,O0039993,C003074,3,5
RV0036832,O0036850,C001156,4,3
RV0012131,O0012138,C001473,4,5
RV0024479,O0024489,C000694,3,3
RV0016349,O0016357,C004935,3,3
RV0036757,O0036775,C001710,4,3
RV0018484,O0018494,C000598,5,5
RV0027544,O0027557,C000631,4,5
RV0034345,O0034361,C002449,3,3
RV0044157,O0044181,C003418,5,4
RV0000421,O0000422,C000382,5,4
RV0049937,O0049967,C004648,5,4
RV0003595,O0003596,C004012,4,5
RV0002694,O0002695,C001141,4,5
RV0012238,O0012245,C002751,4,4
RV0002905,O0002906,C002045,4,3
RV0040820,O0040842,C003390,3,4
RV0011502,O0011508,C003462,3,3
RV0029013,O0029026,C003881,5,3
RV0029537,O0029550,C003243,5,3
RV0000937,O0000938,C003412,4,3
RV0018345,O0018355,C000004,5,5
RV0039475,O0039496,C002804,4,5
RV0023152,O0023162,C000859,3,5
RV0021079,O0021089,C000334,3,3
RV0009030,O0009035,C003607,3,4
RV0044070,O0044094,C000754,3,4
RV0023774,O0023784,C000768,3,4
RV0033689,O0033704,C003667,5,5
RV0005578,O0005580,C002362,3,4
RV0036761,O0036779,C002890,3,5
RV0037277,O0037295,C000251,4,4
RV0027046,O0027058,C004640,4,3
RV0033508,O0033523,C003283,3,4
RV0021668,O0021678,C000197,3,5
RV0014375,O0014383,C003388,4,5
RV0013184,O0013191,C001639,5,3
RV0048156,O0048184,C000593,3,3
RV0002045,O0002046,C001017,3,4
RV0047365,O0047393,C000719,4,3
RV0037673,O0037691,C003178,5,3
RV0023746,O0023756,C004630,3,4
RV0032855,O0032870,C002814,3,3
RV0019525,O0019535,C000652,5,5
RV0049054,O0049082,C003416,3,5
RV0005804,O0005806,C003874,5,4
RV0017382,O0017391,C001802,5,5
RV0008364,O0008369,C001434,5,4
RV0045471,O0045496,C001749,5,5
RV0024601,O0024611,C002862,5,3
RV0022055,O0022065,C002217,4,3
RV0038511,O0038530,C004142,4,4
RV0042631,O0042654,C004523,3,3
RV0004501,O0004502,C003717,4,4
RV0011883,O0011890,C003703,5,4
RV0029918,O0029931,C002659,5,4
RV0016684,O0016692,C002573,4,4
RV0015740,O0015748,C002205,4,3
RV0021943,O0021953,C003323,3,5
RV0001946,O0001947,C000694,3,5
RV0021482,O0021492,C002867,5,5
RV0047872,O0047900,C003039,5,3
RV0019279,O0019289,C004856,3,4
RV0041664,O0041686,C003451,5,3
RV0031869,O0031884,C003602,5,3
RV0034803,O0034819,C001728,3,5
RV0026406,O0026416,C000379,3,5
RV0032395,O0032410,C001748,4,3
RV0040687,O0040709,C001554,3,4
RV0042711,O0042734,C004978,5,5
RV0004670,O0004671,C004304,5,3
RV0025942,O0025952,C004321,5,4
RV0012826,O0012833,C000517,3,4
RV0037872,O0037890,C002704,5,5
RV0037677,O0037695,C002916,4,5
RV0026612,O0026623,C002594,5,5
RV0045383,O0045408,C004525,5,3
RV0041285,O0041307,C001392,5,3
RV0036619,O0036637,C002617,5,4
RV0002424,O0002425,C000286,3,5
RV0002131,O0002132,C000121,4,3
RV0037091,O0037109,C004582,5,5
RV0033699,O0033714,C000032,3,5
RV0033027,O0033042,C001063,5,5
RV0031959,O0031974,C000932,3,3
RV0026477,O0026488,C004471,5,4
RV0027422,O0027435,C003816,4,4
RV0010711,O0010716,C002538,4,3
RV0013808,O0013815,C002479,5,3
RV0015212,O0015220,C003687,5,5
RV0030588,O0030601,C001391,3,4
RV0007012,O0007015,C002049,4,5
RV0032078,O0032093,C000341,5,5
RV0042450,O0042473,C000101,5,3
RV0026231,O0026241,C002749,3,4
RV0039458,O0039479,C000553,3,5
RV0014155,O0014163,C003968,4,5
RV0045535,O0045560,C003668,4,5
RV0014808,O0014816,C004175,5,3
RV0026361,O0026371,C002087,4,3
RV0028427,O0028440,C003905,3,3
RV0040076,O0040097,C000038,3,5
RV0000503,O0000504,C000443,3,5
RV0021483,O0021493,C002098,3,5
RV0017371,O0017380,C004704,3,5
RV0007988,O0007993,C001069,5,3
RV0028124,O0028137,C001249,5,4
RV0041578,O0041600,C002550,3,5
RV0013361,O0013368,C004381,3,5
RV0044990,O0045015,C003695,5,4
RV0015201,O0015209,C002877,3,5
RV0032266,O0032281,C001832,4,4
RV0036235,O0036253,C000448,3,4
RV0008405,O0008410,C001531,3,3
RV0046520,O0046547,C000890,4,3
RV0048462,O0048490,C003721,3,3
RV0035857,O0035873,C001863,4,3
RV0037559,O0037577,C004076,5,5
RV0024641,O0024651,C000571,5,5
RV0034494,O0034510,C001021,4,3
RV0008300,O0008305,C000399,3,5
RV0018949,O0018959,C003362,4,5
RV0005338,O0005340,C003164,4,5
RV0006386,O0006389,C002116,4,4
RV0002099,O0002100,C004799,3,3
RV0031096,O0031110,C000148,4,5
RV0022519,O0022529,C002071,4,4
RV0015272,O0015280,C003221,3,3
RV0002706,O0002707,C003469,3,4
RV0025140,O0025150,C004609,4,3
RV0011866,O0011873,C000502,4,5
RV0040009,O0040030,C004464,5,5
RV0027704,O0027717,C000475,4,4
RV0024048,O0024058,C000155,4,3
RV0043915,O0043939,C002881,5,3
RV0010525,O0010530,C000239,5,5
RV0049195,O0049224,C002496,3,3
RV0034559,O0034575,C000736,5,4
RV0005982,O0005984,C004050,3,4
RV0013567,O0013574,C004058,3,5
RV0046119,O0046145,C002209,5,5
RV0043027,O0043051,C001594,4,5
RV0045689,O0045714,C000380,3,3
RV0040036,O0040057,C003759,5,3
RV0020970,O0020980,C004316,5,4
RV0002082,O0002083,C001632,5,3
RV0005708,O0005710,C001857,5,3
RV0011842,O0011849,C002423,5,4
RV0035202,O0035218,C000041,4,4
RV0015425,O0015433,C000121,5,4
RV0032056,O0032071,C001339,5,4
RV0019124,O0019134,C004261,3,5
RV0030258,O0030271,C003911,5,4
RV0015616,O0015624,C004168,3,5
RV0020371,O0020381,C000151,5,3
RV0025827,O0025837,C002042,5,3
RV0019565,O0019575,C002769,4,4
RV0015530,O0015538,C004643,5,3
RV0000546,O0000547,C003515,5,5
RV0048609,O0048637,C002078,3,3
RV0043997,O0044021,C003798,3,4
RV0043242,O0043266,C004062,5,5
RV0027418,O0027431,C002133,3,4
RV0031102,O0031116,C000587,3,4
RV0046348,O0046375,C001794,4,4
RV0049257,O0049286,C002909,5,4
RV0003844,O0003845,C000034,4,3
RV0048460,O0048488,C003795,4,4
RV0001020,O0001021,C003823,4,5
RV0023060,O0023070,C001911,3,3
RV0008769,O0008774,C002932,4,4
RV0033177,O0033192,C003256,5,5
RV0023081,O0023091,C003017,4,3
RV0010094,O0010099,C002825,3,5
RV0041220,O0041242,C002720,3,5
RV0011027,O0011033,C004114,5,5
RV0015175,O0015183,C000540,3,5
RV0048882,O0048910,C001776,3,3
RV0036891,O0036909,C000944,4,3
RV0003365,O0003366,C003707,5,5
RV0049466,O0049496,C002934,5,4
RV0007774,O0007779,C001953,5,3
RV0025623,O0025633,C001438,3,3
RV0002455,O0002456,C000231,5,5
RV0008390,O0008395,C004033,3,4
RV0024409,O0024419,C003923,3,4
RV0013764,O0013771,C003765,4,4
RV0019208,O0019218,C000554,5,3
RV0000907,O0000908,C001616,4,3
RV0013977,O0013985,C003280,4,4
RV0014268,O0014276,C000428,4,3
RV0042994,O0043018,C000206,5,5
RV0049019,O0049047,C002481,3,5
RV0037592,O0037610,C002650,3,5
RV0027237,O0027250,C003425,5,3
RV0049525,O0049555,C002466,5,3
RV0028347,O0028360,C001934,4,3
RV0049354,O0049384,C004533,4,3
RV0003080,O0003081,C004561,5,3
RV0010298,O0010303,C000263,4,4
RV0026643,O0026654,C004729,5,4
RV0022314,O0022324,C003796,5,4
RV0013622,O0013629,C004330,3,3
RV0042093,O0042115,C004807,5,4
RV0024721,O0024731,C003811,5,4
RV0002609,O0002610,C000242,4,4
RV0006145,O0006147,C002110,3,5
RV0016328,O0016336,C003738,5,4
RV0008540,O0008545,C002855,3,3
RV0026156,O0026166,C002312,4,4
RV0034669,O0034685,C004618,4,4
RV0039135,O0039155,C000116,5,5
RV0026294,O0026304,C003499,4,4
RV0026692,O0026703,C001164,5,4
RV0010300,O0010305,C001474,5,4
RV0041386,O0041408,C003149,4,3
RV0015746,O0015754,C000117,3,3
RV0026010,O0026020,C000899,3,3
RV0008342,O0008347,C001448,3,5
RV0006811,O0006814,C003914,3,4
RV0041487,O0041509,C001229,3,3
RV0029474,O0029487,C002195,4,5
RV0011311,O0011317,C001944,3,3
RV0023516,O0023526,C002625,4,5
RV0025030,O0025040,C001909,5,4
RV0001654,O0001655,C000211,5,4
RV0031506,O0031520,C003925,3,4
RV0043232,O0043256,C000586,3,3
RV0012700,O0012707,C002543,5,5
RV0007985,O0007990,C003280,3,3
RV0033460,O0033475,C000641,4,5
RV0045044,O0045069,C001688,4,3
RV0022170,O0022180,C000584,4,5
RV0034013,O0034028,C001145,3,4
RV0035064,O0035080,C002414,5,4
RV0049795,O0049825,C002388,3,5
RV0035160,O0035176,C000478,5,4
RV0003099,O0003100,C001939,4,5
RV0048693,O0048721,C002832,3,5
RV0020720,O0020730,C003523,3,4
RV0009322,O0009327,C000206,3,4
RV0013157,O0013164,C004362,4,4
RV0034099,O0034114,C003103,5,3
RV0042260,O0042282,C003033,5,5
RV0041747,O0041769,C003471,4,3
RV0028126,O0028139,C003999,4,3
RV0029350,O0029363,C004022,3,4
RV0038938,O0038957,C003718,4,4
RV0003816,O0003817,C002933,4,4
RV0025355,O0025365,C004661,5,3
RV0012445,O0012452,C000236,5,4
RV0019153,O0019163,C002798,4,5
RV0034356,O0034372,C002391,5,5
RV0023601,O0023611,C003894,3,5
RV0001790,O0001791,C002753,5,5
RV0033534,O0033549,C003603,4,4
RV0034374,O0034390,C000499,5,5
RV0027113,O0027125,C001580,5,3
RV0031550,O0031564,C004727,5,4
RV0034794,O0034810,C003425,3,3
RV0027507,O0027520,C003191,3,3
RV0034883,O0034899,C002567,4,3
RV0022236,O0022246,C003867,3,5
RV0005468,O0005470,C002952,3,3
RV0038794,O0038813,C000874,4,3
RV0048343,O0048371,C002396,4,4
RV0014436,O0014444,C001268,3,4
RV0021989,O0021999,C000535,3,3
RV0037578,O0037596,C000299,3,4
RV0023426,O0023436,C003621,4,4
RV0019907,O0019917,C002565,3,3
RV0044592,O0044617,C000735,3,4
RV0000547,O0000548,C002908,5,3
RV0040729,O0040751,C004709,3,4
RV0046296,O0046323,C002323,3,3
RV0033947,O0033962,C003523,4,5
RV0042851,O0042874,C000827,4,4
RV0013874,O0013881,C002533,4,5
RV0032942,O0032957,C001147,4,5
RV0035845,O0035861,C000205,5,3
RV0044893,O0044918,C002452,3,5
RV0038542,O0038561,C003740,3,5
RV0035044,O0035060,C002175,4,4
RV0004793,O0004795,C000406,5,5
RV0032061,O0032076,C003755,3,4
RV0000315,O0000316,C003453,4,4
RV0029286,O0029299,C001531,3,4
RV0032884,O0032899,C002334,5,3
RV0020006,O0020016,C000739,3,5
RV0009115,O0009120,C004992,3,5
RV0001915,O0001916,C003929,3,4
RV0025440,O0025450,C000230,5,3
RV0000450,O0000451,C003808,3,4
RV0030381,O0030394,C003883,5,5
RV0005760,O0005762,C001889,3,5
RV0020244,O0020254,C001496,4,3
RV0016847,O0016855,C004533,5,5
RV0038414,O0038432,C003858,5,5
RV0026414,O0026424,C002107,3,4
RV0047906,O0047934,C002566,3,5
RV0038886,O0038905,C002095,3,5
RV0006362,O0006364,C000617,3,5
RV0031632,O0031646,C004431,4,5
RV0012811,O0012818,C003401,5,3
RV0019237,O0019247,C003052,4,3
RV0027692,O0027705,C004574,3,5
RV0044375,O0044399,C001364,5,3
RV0019471,O0019481,C002360,5,4
RV0047094,O0047121,C004177,4,3
RV0043788,O0043812,C000244,4,3
RV0042345,O0042367,C004786,3,4
RV0010309,O0010314,C002299,5,5
RV0001237,O0001238,C003282,4,5
RV0019197,O0019207,C002957,5,4
RV0026632,O0026643,C004900,4,3
RV0041795,O0041817,C003279,4,5
RV0040741,O0040763,C004432,4,5
RV0010606,O0010611,C004426,5,3
RV0047594,O0047622,C003325,5,5
RV0019320,O0019330,C002784,4,3
RV0020263,O0020273,C000023,5,4
RV0018567,O0018577,C003126,3,4
RV0029771,O0029784,C003353,4,5
RV0044173,O0044197,C004641,3,3
RV0005196,O0005198,C000729,5,3
RV0006547,O0006550,C000940,4,5
RV0015014,O0015022,C003919,4,5
RV0047831,O0047859,C001423,4,5
RV0013891,O0013898,C001576,5,3
RV0026845,O0026856,C001426,3,4
RV0044295,O0044319,C004001,3,3
RV0008900,O0008905,C002109,4,3
RV0033524,O0033539,C000967,4,4
RV0000556,O0000557,C001354,3,3
RV0020380,O0020390,C003683,3,3
RV0007508,O0007512,C001290,3,5
RV0033790,O0033805,C000977,3,5
RV0031873,O0031888,C003245,3,3
RV0017259,O0017268,C001369,4,4
RV0019468,O0019478,C001058,4,5
RV0020377,O0020387,C004267,5,5
RV0030491,O0030504,C000368,4,4
RV0021808,O0021818,C003534,5,4
RV0047264,O0047292,C002806,5,3
RV0038042,O0038060,C001824,4,4
RV0045559,O0045584,C002992,5,5
RV0033695,O0033710,C000825,4,5
RV0007582,O0007586,C001759,3,4
RV0044758,O0044783,C004391,5,4
RV0036152,O0036170,C003950,5,3
RV0041194,O0041216,C003914,3,3
RV0022084,O0022094,C004917,4,4
RV0040482,O0040504,C000494,5,5
RV0008079,O0008084,C001325,4,4
RV0025944,O0025954,C002138,3,5
RV0005778,O0005780,C003048,4,3
RV0031377,O0031391,C003409,5,5
RV0018497,O0018507,C003278,3,4
RV0041656,O0041678,C000983,5,4
RV0035997,O0036014,C000544,4,5
RV0040006,O0040027,C002921,5,3
RV0006440,O0006443,C002381,3,3
RV0039303,O0039323,C000038,4,3
RV0013512,O0013519,C001551,5,3
RV0021388,O0021398,C000351,5,3
RV0042795,O0042818,C001116,3,4
RV0032693,O0032708,C002030,5,5
RV0012099,O0012106,C003710,4,4
RV0028547,O0028560,C000012,4,5
RV0015533,O0015541,C002397,5,5
RV0019749,O0019759,C003356,5,4
RV0009629,O0009634,C003932,4,5
RV0038573,O0038592,C004573,5,5
RV0047513,O0047541,C004705,3,3
RV0020264,O0020274,C000286,5,3
RV0007110,O0007113,C002005,5,4
RV0034250,O0034265,C003820,5,4
RV0005440,O0005442,C004157,4,4
RV0032997,O0033012,C003487,3,4
RV0037459,O0037477,C003671,5,4
RV0033694,O0033709,C002286,3,4
RV0010784,O0010790,C002645,4,4
RV0024807,O0024817,C004534,5,5
RV0040168,O0040189,C000461,3,4
RV0003345,O0003346,C002278,4,3
RV0018564,O0018574,C000907,5,5
RV0020883,O0020893,C003757,3,5
RV0042767,O0042790,C000038,5,5
RV0002769,O0002770,C003205,4,4
RV0031120,O0031134,C003695,5,4
RV0048539,O0048567,C002583,3,4
RV0011227,O0011233,C000852,4,4
RV0039759,O0039780,C004066,4,5
RV0025715,O0025725,C001294,3,5
RV0039529,O0039550,C001315,3,5
RV0008360,O0008365,C003666,3,3
RV0008629,O0008634,C002752,4,5
RV0018407,O0018417,C004416,5,4
RV0013416,O0013423,C001694,5,3
RV0039023,O0039042,C002323,3,3
RV0039450,O0039471,C002755,4,4
RV0014778,O0014786,C003560,4,3
RV0046782,O0046809,C003481,3,3
RV0038136,O0038154,C002170,5,3
RV0002309,O0002310,C002812,3,5
RV0047090,O0047117,C002339,3,3
RV0011537,O0011543,C002135,4,4
RV0042907,O0042930,C002975,4,3
RV0008914,O0008919,C001413,4,5
RV0034443,O0034459,C000347,4,5
RV0043989,O0044013,C001852,3,5
RV0039772,O0039793,C000187,3,5
RV0018928,O0018938,C000727,3,5
RV0045512,O0045537,C003562,5,4
RV0004182,O0004183,C002381,5,5
RV0023826,O0023836,C003552,4,4
RV0044577,O0044602,C004342,3,5
RV0016551,O0016559,C001155,5,5
RV0002193,O0002194,C000826,3,4
RV0018195,O0018205,C004129,5,4
RV0036215,O0036233,C003177,4,4
RV0013115,O0013122,C001760,4,3
RV0045199,O0045224,C001026,4,3
RV0001059,O0001060,C000275,3,4
RV0043832,O0043856,C001519,3,3
RV0031970,O0031985,C000119,3,4
RV0048988,O0049016,C003605,5,5
RV0031044,O0031058,C001971,3,5
RV0003612,O0003613,C004162,4,4
RV0040730,O0040752,C004529,5,5
RV0032654,O0032669,C000215,3,3
RV0001368,O0001369,C002632,5,3
RV0028653,O0028666,C003061,4,4
RV0042603,O0042626,C000490,3,5
RV0022324,O0022334,C000745,4,3
RV0039538,O0039559,C002059,3,4
RV0007968,O0007973,C000656,5,5
RV0012655,O0012662,C003942,3,5
RV0019144,O0019154,C003895,5,5
RV0026389,O0026399,C001057,3,3
RV0019887,O0019897,C000917,4,4
RV0016631,O0016639,C002741,5,3
RV0024271,O0024281,C003057,5,4
RV0011428,O0011434,C004184,3,4
RV0002367,O0002368,C000036,4,4
RV0001940,O0001941,C002500,4,3
RV0047528,O0047556,C000061,4,3
RV0013427,O0013434,C004590,4,4
RV0024928,O0024938,C003891,4,4
RV0016834,O0016842,C002511,5,5
RV0008679,O0008684,C004917,3,5
RV0025492,O0025502,C002729,5,4
RV0001374,O0001375,C001371,4,5
RV0021875,O0021885,C001726,3,3
RV0045215,O0045240,C001871,5,4
RV0038375,O0038393,C002767,3,3
RV0011870,O0011877,C004884,4,3
RV0012155,O0012162,C001830,4,4
RV0047845,O0047873,C004036,5,4
RV0004720,O0004722,C001078,3,3
RV0001872,O0001873,C001347,3,5
RV0002732,O0002733,C002211,3,5
RV0033224,O0033239,C002237,3,5
RV0045282,O0045307,C004083,3,3
RV0046052,O0046078,C000001,4,4
RV0013344,O0013351,C000802,5,3
RV0023043,O0023053,C004636,5,4
RV0001063,O0001064,C000938,3,5
RV0011282,O0011288,C000608,5,5
RV0040808,O0040830,C003792,5,3
RV0023234,O0023244,C004125,5,4
RV0024275,O0024285,C000697,4,3
RV0031077,O0031091,C001569,3,5
RV0025932,O0025942,C001327,3,3
RV0021756,O0021766,C001840,3,4
RV0031405,O0031419,C002127,5,4
RV0007552,O0007556,C001957,4,5
RV0039092,O0039112,C001904,4,3
RV0034439,O0034455,C002391,5,3
RV0026945,O0026956,C004638,4,5
RV0031197,O0031211,C004909,5,5
RV0042872,O0042895,C001889,4,3
RV0042848,O0042871,C004271,5,4
RV0006228,O0006230,C000172,3,3
RV0004087,O0004088,C002540,4,5
RV0023293,O0023303,C000179,4,3
RV0015281,O0015289,C002225,5,3
RV0036083,O0036101,C003246,4,5
RV0045404,O0045429,C003274,4,3
RV0031513,O0031527,C000837,4,3
RV0026100,O0026110,C003576,4,5
RV0046469,O0046496,C003669,3,4
RV0047279,O0047307,C000981,5,4
RV0027184,O0027197,C000636,3,3
RV0015879,O0015887,C002127,3,4
RV0038833,O0038852,C003383,5,3
RV0012738,O0012745,C003549,5,4
RV0011685,O0011692,C003769,3,3
RV0002428,O0002429,C003904,4,5
RV0008935,O0008940,C003833,4,5
RV0025390,O0025400,C000259,5,5
RV0034504,O0034520,C004345,4,4
RV0026358,O0026368,C002007,4,5
RV0046894,O0046921,C004991,5,4
RV0022045,O0022055,C000396,3,5
RV0024585,O0024595,C002180,4,5
RV0041561,O0041583,C003807,3,3
RV0041768,O0041790,C004257,5,3
RV0043388,O0043412,C004209,3,3
RV0011125,O0011131,C001756,3,5
RV0047024,O0047051,C000147,3,5
RV0041010,O0041032,C001381,5,3
RV0029359,O0029372,C004538,5,4
RV0043375,O0043399,C003153,3,4
RV0000761,O0000762,C004437,4,3
RV0047899,O0047927,C000631,4,3
RV0023627,O0023637,C004274,4,3
RV0011833,O0011840,C003278,3,5
RV0039569,O0039590,C004770,3,4
RV0043143,O0043167,C004966,5,4
RV0031731,O0031745,C000764,3,3
RV0041091,O0041113,C002254,5,3
RV0046215,O0046241,C002674,4,3
RV0015068,O0015076,C002714,5,4
RV0029387,O0029400,C001399,3,3
RV0009091,O0009096,C001598,5,3
RV0004198,O0004199,C002492,4,5
RV0004479,O0004480,C002462,4,4
RV0033611,O0033626,C003878,3,5
RV0033303,O0033318,C003915,3,5
RV0029339,O0029352,C001880,4,3
RV0042709,O0042732,C000617,5,3
RV0017147,O0017155,C004576,5,3
RV0013987,O0013995,C003087,5,3
RV0012603,O0012610,C004452,4,5
RV0021645,O0021655,C001623,4,5
RV0027671,O0027684,C003779,4,5
RV0027389,O0027402,C000702,5,4
RV0002005,O0002006,C004209,3,4
RV0030853,O0030867,C000725,4,3
RV0015316,O0015324,C000271,5,4
RV0024998,O0025008,C004466,4,3
RV0009563,O0009568,C004484,4,3
RV0042910,O0042933,C003640,5,4
RV0041403,O0041425,C001347,4,4
RV0032978,O0032993,C004615,5,4
RV0032738,O0032753,C003145,3,5
RV0017490,O0017499,C002359,4,4
RV0034940,O0034956,C004917,5,4
RV0041569,O0041591,C001672,5,4
RV0032799,O0032814,C000731,3,3
RV0004026,O0004027,C002114,5,4
RV0012568,O0012575,C003832,3,3
RV0028023,O0028036,C002867,4,5
RV0012554,O0012561,C001293,3,3
RV0006325,O0006327,C004132,3,5
RV0021459,O0021469,C003081,4,4
RV0000720,O0000721,C002480,3,3
RV0021894,O0021904,C001750,4,4
RV0006393,O0006396,C003484,4,5
RV0020708,O0020718,C004918,3,5
RV0036608,O0036626,C001158,5,4
RV0016477,O0016485,C002538,5,3
RV0034627,O0034643,C003686,4,4
RV0029015,O0029028,C002623,3,4
RV0023106,O0023116,C004301,4,5
RV0012797,O0012804,C002222,3,3
RV0005805,O0005807,C003690,5,3
RV0005194,O0005196,C002055,3,4
RV0028680,O0028693,C003973,3,3
RV0017470,O0017479,C004618,5,4
RV0022857,O0022867,C002597,5,4
RV0039069,O0039088,C002054,5,5
RV0022604,O0022614,C001244,4,4
RV0048694,O0048722,C004871,4,4
RV0008583,O0008588,C000421,3,4
RV0032493,O0032508,C001720,3,3
RV0041754,O0041776,C001593,5,3
RV0023163,O0023173,C000734,3,3
RV0027061,O0027073,C004688,5,3
RV0040527,O0040549,C004940,3,3
RV0002332,O0002333,C002886,3,4
RV0019070,O0019080,C000848,4,3
RV0029569,O0029582,C002235,3,4
RV0035011,O0035027,C000442,4,3
RV0003423,O0003424,C002964,3,3
RV0014284,O0014292,C004364,4,4
RV0027556,O0027569,C000536,3,4
RV0025713,O0025723,C003944,3,5
RV0036624,O0036642,C004333,3,4
RV0018529,O0018539,C004450,4,3
RV0015049,O0015057,C000644,4,3
RV0015050,O0015058,C000800,5,4
RV0001546,O0001547,C002492,4,3
RV0004834,O0004836,C002252,5,5
RV0040869,O0040891,C002478,3,5
RV0033945,O0033960,C000711,5,3
RV0009578,O0009583,C001612,5,5
RV0035003,O0035019,C003491,3,4
RV0044683,O0044708,C000228,5,3
RV0032035,O0032050,C002988,3,5
RV0029635,O0029648,C001802,4,4
RV0044178,O0044202,C001383,3,3
RV0021144,O0021154,C001298,3,4
RV0021733,O0021743,C002169,4,5
RV0038223,O0038241,C000944,3,4
RV0006878,O0006881,C002545,4,3
RV0003608,O0003609,C000542,3,3
RV0046585,O0046612,C004306,4,3
RV0044551,O0044576,C003278,5,4
RV0040332,O0040353,C003059,3,3
RV0034777,O0034793,C001666,5,3
RV0041149,O0041171,C002988,3,5
RV0012567,O0012574,C004061,5,3
RV0044242,O0044266,C003762,5,5
RV0049771,O0049801,C003938,4,4
RV0014370,O0014378,C002807,5,4
RV0043132,O0043156,C000730,5,4
RV0015462,O0015470,C003262,4,3
RV0021910,O0021920,C000029,5,5
RV0043581,O0043605,C003549,4,5
RV0048597,O0048625,C003700,3,3
RV0008674,O0008679,C002910,5,5
RV0026130,O0026140,C002776,3,5
RV0026151,O0026161,C002105,4,3
RV0036510,O0036528,C004155,5,4
RV0026438,O0026448,C004954,4,5
RV0029366,O0029379,C001098,5,3
RV0013257,O0013264,C002466,3,5
RV0015451,O0015459,C000339,4,4
RV0024318,O0024328,C000797,4,3
RV0000601,O0000602,C003853,4,5
RV0029232,O0029245,C004011,5,4
RV0002968,O0002969,C000755,3,3
RV0008214,O0008219,C003643,4,4
RV0047453,O0047481,C003160,3,5
RV0027986,O0027999,C001331,4,4
RV0031466,O0031480,C001201,4,5
RV0002859,O0002860,C004423,3,5
RV0020451,O0020461,C000017,3,3
RV0001916,O0001917,C000270,5,4
RV0016793,O0016801,C004178,4,3
RV0016257,O0016265,C002733,3,3
RV0020596,O0020606,C002550,3,5
RV0035841,O0035857,C003280,4,5
RV0003827,O0003828,C003533,3,4
RV0019734,O0019744,C002398,5,5
RV0028617,O0028630,C000654,4,3
RV0024520,O0024530,C000030,5,4
RV0029385,O0029398,C001499,5,5
RV0048259,O0048287,C004742,5,3
RV0023523,O0023533,C000981,5,4
RV0030212,O0030225,C004690,5,4
RV0006508,O0006511,C003144,4,3
RV0015569,O0015577,C002896,5,5
RV0007681,O0007685,C004308,5,5
RV0023808,O0023818,C002475,5,5
RV0016090,O0016098,C004482,4,3
RV0031117,O0031131,C000615,3,5
RV0044000,O0044024,C000650,5,4
RV0023536,O0023546,C002834,5,4
RV0033679,O0033694,C001601,3,3
RV0034829,O0034845,C002606,4,3
RV0040394,O0040415,C002419,4,4
RV0002790,O0002791,C001579,4,5
RV0019139,O0019149,C001972,4,4
RV0006309,O0006311,C000161,4,3
RV0028222,O0028235,C000574,3,3
RV0034746,O0034762,C001749,4,4
RV0000617,O0000618,C002904,3,3
RV0047043,O0047070,C003106,4,5
RV0015684,O0015692,C001204,4,3
RV0016605,O0016613,C001415,5,3
RV0019831,O0019841,C000183,5,3
RV0019374,O0019384,C001226,3,4
RV0031041,O0031055,C003543,5,5
RV0042246,O0042268,C004597,5,4
RV0044655,O0044680,C001635,5,3
RV0047124,O0047151,C002418,4,4
RV0042698,O0042721,C004355,3,3
RV0040611,O0040633,C002814,3,4
RV0021865,O0021875,C001632,4,4
RV0047056,O0047083,C004713,5,3
RV0025225,O0025235,C003522,4,3
RV0019836,O0019846,C001095,3,4
RV0030470,O0030483,C004736,3,3
RV0039561,O0039582,C001013,5,3
RV0019505,O0019515,C000408,3,4
RV0038062,O0038080,C004250,5,4
RV0026328,O0026338,C002365,5,3
RV0018206,O0018216,C004445,3,3
RV0047794,O0047822,C002563,4,4
RV0005474,O0005476,C002434,3,4
RV0010096,O0010101,C000901,4,5
RV0007888,O0007893,C003650,3,5
RV0042812,O0042835,C002741,4,4
RV0002152,O0002153,C001348,4,3
RV0021710,O0021720,C000256,3,4
RV0047990,O0048018,C003739,5,4
RV0020311,O0020321,C001415,4,3
RV0048519,O0048547,C004322,4,4
RV0045049,O0045074,C004156,5,5
RV0015987,O0015995,C001162,4,4
RV0032208,O0032223,C000126,3,5
RV0042383,O0042405,C000991,3,3
RV0046909,O0046936,C000695,5,5
RV0046202,O0046228,C003991,4,3
RV0005268,O0005270,C001758,3,4
RV0027282,O0027295,C002628,3,3
RV0031631,O0031645,C002998,4,4
RV0032605,O0032620,C003009,4,5
RV0026645,O0026656,C003072,4,5
RV0032554,O0032569,C002948,4,5
RV0042416,O0042438,C004229,4,5
RV0040471,O0040493,C000818,4,5
RV0039045,O0039064,C004687,5,4
RV0019637,O0019647,C000699,4,4
RV0040331,O0040352,C003758,5,3
RV0024698,O0024708,C003341,3,3
RV0002721,O0002722,C003117,5,5
RV0048901,O0048929,C001611,4,4
RV0003421,O0003422,C003338,3,3
RV0049729,O0049759,C002621,4,4
RV0022066,O0022076,C000832,5,4
RV0005449,O0005451,C003045,5,4
RV0040073,O0040094,C000820,5,5
RV0030645,O0030658,C001488,3,4
RV0012444,O0012451,C001209,5,5
RV0044943,O0044968,C001437,5,4
RV0036064,O0036082,C002883,3,3
RV0002862,O0002863,C003820,5,5
RV0043848,O0043872,C000875,5,4
RV0001649,O0001650,C001881,4,4
RV0023910,O0023920,C001342,5,5
RV0007502,O0007506,C004854,5,5
RV0048481,O0048509,C002475,3,3
RV0009530,O0009535,C000796,4,5
RV0041936,O0041958,C000029,3,5
RV0013531,O0013538,C003614,5,4
RV0025962,O0025972,C004276,3,3
RV0007318,O0007321,C004604,5,5
RV0013225,O0013232,C002161,4,4
RV0043593,O0043617,C004336,3,3
RV0046232,O0046259,C000884,4,3
RV0049779,O0049809,C001830,4,5
RV0024773,O0024783,C004454,5,3
RV0033167,O0033182,C003327,3,4
RV0044773,O0044798,C003827,4,5
RV0014954,O0014962,C004095,3,5
RV0008048,O0008053,C000074,5,5
RV0036309,O0036327,C002129,4,5
RV0010078,O0010083,C001387,5,4
RV0033335,O0033350,C002967,5,4
RV0031264,O0031278,C001339,4,5
RV0032704,O0032719,C002465,5,3
RV0000327,O0000328,C001400,5,3
RV0016615,O0016623,C000549,3,3
RV0014052,O0014060,C001625,4,3
RV0042780,O0042803,C004885,4,5
RV0036957,O0036975,C004233,5,4
RV0017865,O0017875,C000135,4,4
RV0028181,O0028194,C004211,3,5
RV0001186,O0001187,C004084,4,4
RV0025178,O0025188,C004508,3,3
RV0015147,O0015155,C000533,5,3
RV0016856,O0016864,C001571,4,3
RV0047884,O0047912,C003319,3,5
RV0010920,O0010926,C001887,3,4
RV0048627,O0048655,C001593,4,4
RV0005372,O0005374,C004130,3,4
RV0008267,O0008272,C000916,4,4
RV0008196,O0008201,C003082,3,5
RV0008681,O0008686,C001846,4,5
RV0022050,O0022060,C000395,5,5
RV0009300,O0009305,C002945,5,4
RV0007228,O0007231,C001167,4,4
RV0012060,O0012067,C002810,4,5
RV0046014,O0046040,C003189,5,4
RV0002209,O0002210,C002690,3,3
RV0035972,O0035989,C000283,4,3
RV0025106,O0025116,C000009,5,4
RV0045605,O0045630,C000845,5,5
RV0036806,O0036824,C003437,4,4
RV0025324,O0025334,C003944,4,4
RV0045857,O0045883,C003318,5,5
RV0011030,O0011036,C000685,4,3
RV0032292,O0032307,C004526,3,3
RV0006323,O0006325,C002724,3,5
RV0046962,O0046989,C002720,4,5
RV0017645,O0017654,C003951,5,5
RV0035982,O0035999,C002440,5,4
RV0007405,O0007409,C002206,4,3
RV0002359,O0002360,C001999,5,4
RV0009791,O0009796,C004274,5,5
RV0041292,O0041314,C000825,5,4
RV0016860,O0016868,C000111,3,4
RV0010950,O0010956,C001196,3,3
RV0030113,O0030126,C001899,5,3
RV0043812,O0043836,C001315,4,3
RV0020432,O0020442,C002211,4,5
RV0019639,O0019649,C004834,3,5
RV0007536,O0007540,C000453,4,4
RV0040704,O0040726,C003883,4,4
RV0037962,O0037980,C000020,4,3
RV0000259,O0000260,C004812,5,3
RV0010911,O0010917,C001791,3,5
RV0048499,O0048527,C001571,4,4
RV0014346,O0014354,C000245,4,5
RV0011079,O0011085,C000177,4,5
RV0029364,O0029377,C002134,5,3
RV0045427,O0045452,C004452,4,4
RV0033180,O0033195,C003840,3,4
RV0047582,O0047610,C003192,3,4
RV0016769,O0016777,C002035,5,4
RV0012269,O0012276,C001242,4,4
RV0000721,O0000722,C002776,4,5
RV0022812,O0022822,C002953,5,4
RV0003537,O0003538,C003814,3,4
RV0003147,O0003148,C000510,5,3
RV0038816,O0038835,C004408,3,3
RV0029716,O0029729,C001605,3,3
RV0046129,O0046155,C003609,3,4
RV0027813,O0027826,C004996,4,4
RV0027287,O0027300,C004774,5,5
RV0047044,O0047071,C001127,5,4
RV0045093,O0045118,C004462,5,5
RV0016719,O0016727,C001998,3,4
RV0025808,O0025818,C001886,4,4
RV0010122,O0010127,C000411,4,4
RV0034161,O0034176,C003344,5,4
RV0002701,O0002702,C002485,4,5
RV0006681,O0006684,C003174,4,3
RV0044465,O0044489,C004887,5,4
RV0047721,O0047749,C001994,5,5
RV0035753,O0035769,C002633,4,5
RV0037690,O0037708,C004418,5,4
RV0028241,O0028254,C002576,3,3
RV0003361,O0003362,C004636,4,4
RV0024934,O0024944,C002070,5,4
RV0012624,O0012631,C001362,4,4
RV0016931,O0016939,C000543,3,3
RV0031978,O0031993,C003954,3,4
RV0046961,O0046988,C003705,4,5
RV0031782,O0031796,C000102,3,4
RV0016354,O0016362,C002880,3,4
RV0014550,O0014558,C001946,4,3
RV0008081,O0008086,C004042,4,4
RV0031137,O0031151,C001128,3,3
RV0033442,O0033457,C004354,4,4
RV0039927,O0039948,C003280,4,3
RV0035088,O0035104,C000308,4,4
RV0015325,O0015333,C002811,5,5
RV0048403,O0048431,C000384,5,5
RV0021443,O0021453,C001548,3,5
RV0030724,O0030738,C002020,4,5
RV0010811,O0010817,C002864,3,3
RV0040085,O0040106,C002263,5,4
RV0004588,O0004589,C004962,3,5
RV0048362,O0048390,C002406,3,3
RV0018286,O0018296,C001447,4,5
RV0035216,O0035232,C001366,5,5
RV0043719,O0043743,C001275,5,4
RV0004941,O0004943,C003402,5,5
RV0003671,O0003672,C003460,5,3
RV0047771,O0047799,C000961,5,3
RV0043639,O0043663,C003709,4,4
RV0004221,O0004222,C004991,4,3
RV0039627,O0039648,C003278,5,5
RV0034075,O0034090,C000884,5,5
RV0032475,O0032490,C001030,4,5
RV0042521,O0042544,C001642,5,4
RV0027618,O0027631,C003535,4,5
RV0004685,O0004686,C004947,4,5
RV0037587,O0037605,C000619,3,3
RV0042212,O0042234,C002222,4,5
RV0006505,O0006508,C002459,5,4
RV0033059,O0033074,C001151,4,4
RV0044023,O0044047,C000790,5,3
RV0026178,O0026188,C002406,5,4
RV0047701,O0047729,C002420,3,3
RV0014510,O0014518,C000070,5,4
RV0021161,O0021171,C000959,4,5
RV0037828,O0037846,C004566,3,5
RV0023009,O0023019,C002940,3,4
RV0010932,O0010938,C002595,4,3
RV0041532,O0041554,C000941,5,3
RV0027148,O0027160,C004748,5,4
RV0036666,O0036684,C002352,4,5
RV0027198,O0027211,C002642,4,3
RV0017699,O0017708,C001391,3,4
RV0039054,O0039073,C001315,5,4
RV0038081,O0038099,C002353,4,4
RV0026253,O0026263,C003731,4,5
RV0040640,O0040662,C002277,3,5
RV0041461,O0041483,C001206,4,5
RV0018336,O0018346,C003577,3,3
RV0018835,O0018845,C003609,4,3
RV0014378,O0014386,C001522,5,5
RV0023143,O0023153,C002400,3,4
RV0008373,O0008378,C004060,4,4
RV0004690,O0004691,C002350,3,5
RV0030074,O0030087,C003723,3,4
RV0048790,O0048818,C000413,3,3
RV0019248,O0019258,C004776,5,3
RV0034224,O0034239,C001725,5,4
RV0013434,O0013441,C004906,5,5
RV0045180,O0045205,C002377,4,4
RV0042773,O0042796,C003268,3,4
RV0013688,O0013695,C001271,3,4
RV0020997,O0021007,C000351,3,4
RV0033985,O0034000,C002528,4,5
RV0038447,O0038465,C004076,5,3
RV0040914,O0040936,C003062,4,3
RV0010640,O0010645,C002643,3,4
RV0039917,O0039938,C003943,3,3
RV0009971,O0009976,C001217,3,4
RV0018734,O0018744,C004840,4,5
RV0014185,O0014193,C000250,5,3
RV0030019,O0030032,C003604,4,3
RV0005512,O0005514,C003755,5,3
RV0005156,O0005158,C004115,3,3
RV0037966,O0037984,C004813,5,3
RV0049185,O0049214,C004159,5,5
RV0040070,O0040091,C003100,3,5
RV0005214,O0005216,C002720,4,4
RV0025660,O0025670,C000086,3,3
RV0039918,O0039939,C001774,3,3
RV0033104,O0033119,C004698,5,4
RV0048681,O0048709,C001578,5,4
RV0036312,O0036330,C004406,3,4
RV0004623,O0004624,C003626,4,4
RV0018697,O0018707,C001766,5,4
RV0020387,O0020397,C002835,5,4
RV0010507,O0010512,C004802,5,4
RV0026760,O0026771,C000351,5,5
RV0007404,O0007408,C002597,5,3
RV0006625,O0006628,C001393,4,3
RV0014819,O0014827,C004363,4,5
RV0011194,O0011200,C002371,4,5
RV0019400,O0019410,C001937,4,3
RV0015148,O0015156,C001799,5,4
RV0018837,O0018847,C004340,3,5
RV0025310,O0025320,C000539,5,4
RV0038041,O0038059,C002954,5,3
RV0018234,O0018244,C002138,5,3
RV0042192,O0042214,C003031,5,3
RV0042118,O0042140,C002177,5,4
RV0026368,O0026378,C001468,5,4
RV0022406,O0022416,C002118,4,4
RV0045451,O0045476,C002511,4,3
RV0018893,O0018903,C004754,3,4
RV0016324,O0016332,C001996,3,4
RV0046361,O0046388,C001883,5,5
RV0026765,O0026776,C001687,3,4
RV0004843,O0004845,C004965,3,3
RV0006575,O0006578,C003946,3,4
RV0023547,O0023557,C003809,3,3
RV0041452,O0041474,C002521,4,3
RV0003472,O0003473,C002710,3,5
RV0048182,O0048210,C000061,4,3
RV0030610,O0030623,C004980,5,3
RV0028537,O0028550,C002795,5,5
RV0032098,O0032113,C001075,5,4
RV0021467,O0021477,C002617,3,4
RV0049128,O0049157,C004537,3,5
RV0022352,O0022362,C000059,5,5
RV0006634,O0006637,C004424,3,4
RV0022509,O0022519,C002018,3,4
RV0021169,O0021179,C002629,5,4
RV0013211,O0013218,C000444,4,4
RV0037615,O0037633,C001095,4,3
RV0003967,O0003968,C002156,3,4
RV0017619,O0017628,C001737,3,5
RV0041888,O0041910,C001545,4,5
RV0014517,O0014525,C000103,4,4
RV0017799,O0017808,C002855,3,4
RV0040649,O0040671,C004413,4,4
RV0028259,O0028272,C000446,5,5
RV0022934,O0022944,C000598,3,5
RV0036117,O0036135,C003460,4,4
RV0048848,O0048876,C004946,3,4
RV0000473,O0000474,C002238,3,5
RV0024130,O0024140,C004417,5,4
RV0033833,O0033848,C004408,5,5
RV0026180,O0026190,C004229,5,3
RV0027310,O0027323,C004311,4,3
RV0001580,O0001581,C004841,4,5
RV0007676,O0007680,C001173,4,5
RV0018720,O0018730,C001615,5,3
RV0045402,O0045427,C004258,4,5
RV0034424,O0034440,C001875,4,5
RV0000091,O0000092,C001359,5,3
RV0021990,O0022000,C000588,3,5
RV0032052,O0032067,C001170,4,4
RV0000830,O0000831,C001654,3,3
RV0034281,O0034296,C002964,4,5
RV0031630,O0031644,C001135,4,4
RV0045760,O0045786,C000868,3,4
RV0041809,O0041831,C001670,5,3
RV0011323,O0011329,C000660,5,4
RV0010479,O0010484,C004537,3,5
RV0038247,O0038265,C004060,5,4
RV0042840,O0042863,C004756,5,3
RV0040219,O0040240,C002719,3,3
RV0011544,O0011550,C004879,5,3
RV0048448,O0048476,C004156,4,5
RV0010275,O0010280,C004825,5,4
RV0020675,O0020685,C003405,5,4
RV0010701,O0010706,C002693,3,5
RV0049225,O0049254,C003933,5,5
RV0013725,O0013732,C004098,5,4
RV0016578,O0016586,C000271,3,5
RV0044806,O0044831,C001807,5,5
RV0011022,O0011028,C004709,5,3
RV0026043,O0026053,C003228,4,4
RV0008838,O0008843,C002873,5,4
RV0039482,O0039503,C001359,3,4
RV0022453,O0022463,C003356,3,3
RV0035022,O0035038,C004438,3,3
RV0015872,O0015880,C002853,5,3
RV0002516,O0002517,C003546,5,3
RV0019837,O0019847,C003943,5,3
RV0032545,O0032560,C001745,4,5
RV0025630,O0025640,C003333,4,5
RV0025332,O0025342,C001528,3,4
RV0005254,O0005256,C001115,5,5
RV0022793,O0022803,C000874,3,4
RV0048753,O0048781,C001124,3,5
RV0048313,O0048341,C003259,3,5
RV0010471,O0010476,C002655,5,3
RV0032417,O0032432,C003845,5,5
RV0023511,O0023521,C000241,5,3
RV0014512,O0014520,C004608,5,5
RV0046671,O0046698,C004827,4,5
RV0047758,O0047786,C003676,5,3
RV0003302,O0003303,C003862,4,3
RV0034266,O0034281,C001934,4,5
RV0013465,O0013472,C004894,5,4
RV0031868,O0031883,C000200,5,3
RV0018131,O0018141,C003186,4,4
RV0034401,O0034417,C004099,4,4
RV0047009,O0047036,C002880,5,5
RV0041783,O0041805,C003347,3,5
RV0005848,O0005850,C004196,4,3
RV0023887,O0023897,C002894,5,5
RV0005339,O0005341,C004012,5,5
RV0013223,O0013230,C003261,3,5
RV0012540,O0012547,C004548,5,3
RV0039031,O0039050,C000463,5,3
RV0047367,O0047395,C002284,5,3
RV0036858,O0036876,C000475,3,4
RV0002751,O0002752,C004626,5,5
RV0040646,O0040668,C002012,5,3
RV0029779,O0029792,C002669,3,4
RV0014062,O0014070,C004174,3,5
RV0025297,O0025307,C002938,4,4
RV0036359,O0036377,C002371,5,3
RV0047377,O0047405,C002867,4,4
RV0031515,O0031529,C003133,3,3
RV0002122,O0002123,C001780,5,4
RV0011522,O0011528,C004888,3,3
RV0042541,O0042564,C003727,4,5
RV0002986,O0002987,C002287,4,4
RV0001349,O0001350,C003050,3,3
RV0003553,O0003554,C002736,3,5
RV0029832,O0029845,C001126,3,4
RV0012922,O0012929,C002832,3,3
RV0049110,O0049139,C000578,5,5
RV0013460,O0013467,C000410,3,3
RV0029053,O0029066,C000169,3,5
RV0018927,O0018937,C002472,3,5
RV0009651,O0009656,C001416,3,4
RV0044439,O0044463,C004583,3,5
RV0033331,O0033346,C000009,5,3
RV0035286,O0035302,C004604,5,4
RV0036447,O0036465,C000296,4,4
RV0031333,O0031347,C003928,3,5
RV0038064,O0038082,C003054,3,5
RV0039230,O0039250,C000658,5,3
RV0003274,O0003275,C000465,4,5
RV0015288,O0015296,C004596,3,5
RV0041418,O0041440,C003708,4,3
RV0026882,O0026893,C002700,5,3
RV0020148,O0020158,C003681,4,3
RV0025940,O0025950,C001324,4,5
RV0004814,O0004816,C003354,3,3
RV0028989,O0029002,C000319,3,3
RV0040755,O0040777,C000348,4,5
RV0033310,O0033325,C002792,5,4
RV0007157,O0007160,C002577,5,4
RV0006503,O0006506,C002226,5,5
RV0043504,O0043528,C004141,4,5
RV0041423,O0041445,C004754,4,3
RV0000265,O0000266,C003855,4,5
RV0004433,O0004434,C004986,4,4
RV0032915,O0032930,C001834,4,5
RV0021355,O0021365,C002300,3,3
RV0016131,O0016139,C001362,3,5
RV0037915,O0037933,C001352,3,3
RV0022413,O0022423,C001545,5,3
RV0015640,O0015648,C004061,4,5
RV0026057,O0026067,C002195,3,4
RV0003301,O0003302,C004424,5,5
RV0026153,O0026163,C004373,3,4
RV0012998,O0013005,C004375,5,4
RV0013722,O0013729,C002393,3,5
RV0015197,O0015205,C001684,5,5
RV0041980,O0042002,C000437,4,3
RV0005202,O0005204,C003837,3,3
RV0027016,O0027027,C003044,3,3
RV0003233,O0003234,C003331,4,4
RV0040350,O0040371,C001521,5,4
RV0025829,O0025839,C002359,3,5
RV0048612,O0048640,C003769,5,3
RV0024868,O0024878,C000893,4,5
RV0010021,O0010026,C001518,3,5
RV0039679,O0039700,C002417,5,4
RV0004909,O0004911,C004930,3,5
RV0036709,O0036727,C003274,3,4
RV0005505,O0005507,C001481,3,3
RV0039154,O0039174,C001375,5,5
RV0047451,O0047479,C001967,3,4
RV0001809,O0001810,C000784,4,3
RV0013967,O0013975,C004137,5,5
RV0047587,O0047615,C002811,3,5
RV0035852,O0035868,C004292,5,3
RV0046999,O0047026,C003427,4,3
RV0047577,O0047605,C004694,3,5
RV0029979,O0029992,C001293,4,4
RV0038824,O0038843,C003775,5,5
RV0015836,O0015844,C000237,4,5
RV0036925,O0036943,C004515,3,5
RV0026011,O0026021,C003553,3,3
RV0024374,O0024384,C001441,5,3
RV0044919,O0044944,C002006,5,4
RV0018411,O0018421,C000306,3,5
RV0022635,O0022645,C002166,3,3
RV0012911,O0012918,C004625,4,3
RV0024586,O0024596,C001997,5,4
RV0012326,O0012333,C002164,4,5
RV0024325,O0024335,C001330,4,4
RV0044477,O0044501,C004591,3,4
RV0030785,O0030799,C000924,5,4
RV0036892,O0036910,C000675,5,5
RV0005353,O0005355,C004722,4,5
RV0007756,O0007761,C000269,4,5
RV0040174,O0040195,C001357,3,5
RV0040751,O0040773,C000459,4,3
RV0018223,O0018233,C003542,5,5
RV0025641,O0025651,C001253,4,3
RV0008794,O0008799,C002501,5,5
RV0015309,O0015317,C000076,3,4
RV0041059,O0041081,C004888,5,5
RV0000254,O0000255,C000691,3,4
RV0000969,O0000970,C004750,4,3
RV0045997,O0046023,C003851,3,3
RV0021336,O0021346,C004865,4,4
RV0041225,O0041247,C001811,3,4
RV0025447,O0025457,C000944,3,3
RV0021786,O0021796,C002009,5,4
RV0033773,O0033788,C000140,3,5
RV0014220,O0014228,C004135,3,3
RV0033131,O0033146,C000517,4,5
RV0049517,O0049547,C003620,3,4
RV0028739,O0028752,C002313,3,3
RV0001355,O0001356,C001021,3,3
RV0033112,O0033127,C002879,5,5
RV0026376,O0026386,C004743,4,4
RV0041184,O0041206,C001722,4,4
RV0024593,O0024603,C001488,5,4
RV0038161,O0038179,C004280,5,5
RV0008216,O0008221,C001246,4,4
RV0015266,O0015274,C004703,3,5
RV0009142,O0009147,C001289,4,3
RV0007353,O0007356,C003917,3,3
RV0010341,O0010346,C003186,3,5
RV0047443,O0047471,C003159,3,4
RV0045646,O0045671,C001102,5,4
RV0018404,O0018414,C001338,4,4
RV0018447,O0018457,C000387,5,4
RV0031322,O0031336,C002265,4,4
RV0039773,O0039794,C002430,3,4
RV0006688,O0006691,C000265,3,5
RV0022788,O0022798,C004574,4,3
RV0033260,O0033275,C003557,3,5
RV0043662,O0043686,C000436,3,5
RV0042643,O0042666,C003149,4,3
RV0005163,O0005165,C004468,3,5
RV0037884,O0037902,C004214,4,4
RV0031196,O0031210,C001439,3,5
RV0032381,O0032396,C003276,5,5
RV0001493,O0001494,C004647,3,4
RV0032552,O0032567,C004510,3,3
RV0045926,O0045952,C004965,4,5
RV0045254,O0045279,C003763,4,4
RV0033237,O0033252,C004065,4,4
RV0018220,O0018230,C000923,4,5
RV0032896,O0032911,C004340,3,4
RV0032825,O0032840,C002004,3,5
RV0006356,O0006358,C000341,4,4
RV0041231,O0041253,C004440,3,3
RV0024529,O0024539,C000655,4,5
RV0033468,O0033483,C004445,3,3
RV0040007,O0040028,C004727,4,3
RV0012366,O0012373,C003243,5,3
RV0010461,O0010466,C003747,4,4
RV0042220,O0042242,C003829,4,3
RV0044015,O0044039,C004871,4,4
RV0034564,O0034580,C001654,5,5
RV0009993,O0009998,C001366,3,5
RV0000461,O0000462,C002194,5,4
RV0019089,O0019099,C002564,3,5
RV0014987,O0014995,C004894,4,4
RV0029653,O0029666,C002590,3,5
RV0036742,O0036760,C000029,5,5
RV0032207,O0032222,C000732,5,5
RV0000392,O0000393,C002195,3,3
RV0024707,O0024717,C001395,4,3
RV0049106,O0049135,C002734,4,3
RV0014947,O0014955,C000948,5,5
RV0029625,O0029638,C000750,5,3
RV0010102,O0010107,C004086,3,4
RV0009730,O0009735,C001973,4,4
RV0002734,O0002735,C001480,3,5
RV0032655,O0032670,C000655,5,5
RV0033010,O0033025,C003576,5,5
RV0018930,O0018940,C004656,4,3
RV0041259,O0041281,C004520,3,5
RV0016909,O0016917,C004077,4,3
RV0001028,O0001029,C004489,5,3
RV0027473,O0027486,C003888,3,4
RV0043106,O0043130,C000651,5,3
RV0027162,O0027174,C002393,3,3
RV0010387,O0010392,C002471,4,4
RV0016245,O0016253,C004110,3,4
RV0047892,O0047920,C000263,3,3
RV0031356,O0031370,C001876,3,3
RV0018580,O0018590,C004187,5,4
RV0014105,O0014113,C003859,3,5
RV0009482,O0009487,C001695,4,5
RV0039648,O0039669,C002096,5,3
RV0001228,O0001229,C003065,5,4
RV0049040,O0049068,C003717,4,5
RV0023617,O0023627,C001438,5,4
RV0016517,O0016525,C003508,5,3
RV0049929,O0049959,C003293,3,4
RV0026961,O0026972,C004420,3,4
RV0018820,O0018830,C001924,4,4
RV0044710,O0044735,C001063,3,4
RV0019040,O0019050,C002838,4,4
RV0041468,O0041490,C001225,3,4
RV0041028,O0041050,C001457,4,5
RV0040533,O0040555,C001848,4,4
RV0016592,O0016600,C004176,4,3
RV0023135,O0023145,C003350,3,4
RV0043357,O0043381,C002019,5,3
RV0018796,O0018806,C004484,5,4
RV0001083,O0001084,C001340,4,4
RV0047569,O0047597,C000224,5,5
RV0010180,O0010185,C003922,4,4
RV0023592,O0023602,C002764,5,4
RV0012302,O0012309,C004728,3,4
RV0006944,O0006947,C004773,4,4
RV0042266,O0042288,C001759,3,4
RV0036489,O0036507,C002309,4,4
RV0041067,O0041089,C000406,5,3
RV0023320,O0023330,C002413,4,3
RV0027210,O0027223,C003191,3,5
RV0006845,O0006848,C004777,4,5
RV0002288,O0002289,C001068,3,3
RV0001595,O0001596,C000553,5,3
RV0034114,O0034129,C000581,5,5
RV0032840,O0032855,C002281,4,5
RV0014979,O0014987,C001085,5,4
RV0041985,O0042007,C004895,5,4
RV0028268,O0028281,C002020,5,5
RV0043724,O0043748,C000066,4,3
RV0023642,O0023652,C000551,5,4
RV0040700,O0040722,C000100,3,4
RV0041377,O0041399,C002356,3,4
RV0029745,O0029758,C000447,3,5
RV0009033,O0009038,C002722,3,5
RV0039701,O0039722,C001247,4,4
RV0012462,O0012469,C004554,5,4
RV0015430,O0015438,C000875,5,4
RV0019745,O0019755,C001116,4,5
RV0034662,O0034678,C004650,3,4
RV0009773,O0009778,C001643,4,5
RV0046498,O0046525,C003794,3,5
RV0040484,O0040506,C002912,5,3
RV0016866,O0016874,C000616,5,5
RV0014476,O0014484,C003342,5,5
RV0007914,O0007919,C000078,5,4
RV0008964,O0008969,C002322,3,5
RV0025585,O0025595,C004508,4,4
RV0014964,O0014972,C003270,4,3
RV0015091,O0015099,C001913,3,5
RV0048523,O0048551,C000787,5,4
RV0005391,O0005393,C000509,3,5
RV0044997,O0045022,C001400,4,5
RV0014637,O0014645,C002165,3,4
RV0024225,O0024235,C002545,5,3
RV0028623,O0028636,C000709,4,4
RV0032173,O0032188,C004940,4,4
RV0040562,O0040584,C004451,5,4
RV0042789,O0042812,C004962,4,4
RV0044082,O0044106,C000026,3,5
RV0022158,O0022168,C002500,4,5
RV0011959,O0011966,C003182,5,5
RV0009657,O0009662,C004351,5,5
RV0040458,O0040480,C004398,4,5
RV0017830,O0017839,C000593,4,5
RV0011654,O0011660,C002382,5,4
RV0018616,O0018626,C002003,3,3
RV0013165,O0013172,C004117,4,4
RV0039667,O0039688,C004053,4,4
RV0007097,O0007100,C000557,3,4
RV0035099,O0035115,C001473,4,4
RV0032717,O0032732,C001968,5,5
RV0047138,O0047165,C003202,4,4
RV0049683,O0049713,C003279,5,4
RV0042082,O0042104,C002592,5,5
RV0036625,O0036643,C001245,3,4
RV0026276,O0026286,C002932,4,4
RV0015973,O0015981,C000107,4,5
RV0027711,O0027724,C002159,4,5
RV0040858,O0040880,C003278,5,5
RV0033386,O0033401,C002451,3,5
RV0043532,O0043556,C004242,3,5
RV0003207,O0003208,C004862,3,4
RV0018703,O0018713,C004271,4,3
RV0006353,O0006355,C003187,3,3
RV0035970,O0035987,C004607,4,4
RV0036835,O0036853,C000543,3,3
RV0021543,O0021553,C004875,4,3
RV0046198,O0046224,C000773,3,4
RV0019720,O0019730,C001268,5,3
RV0019125,O0019135,C003499,3,4
RV0027493,O0027506,C004352,3,4
RV0046158,O0046184,C003417,3,5
RV0010056,O0010061,C001456,3,3
RV0028534,O0028547,C003949,3,4
RV0027880,O0027893,C004169,4,4
RV0015808,O0015816,C004915,3,5
RV0018780,O0018790,C002537,5,4
RV0007731,O0007736,C001457,4,5
RV0010957,O0010963,C001208,3,3
RV0007604,O0007608,C004306,3,5
RV0018241,O0018251,C000537,4,4
RV0036195,O0036213,C002482,3,4
RV0003399,O0003400,C003785,4,3
RV0009912,O0009917,C001002,4,3
RV0005834,O0005836,C002150,3,4
RV0023148,O0023158,C002135,4,3
RV0012111,O0012118,C004590,5,5
RV0012973,O0012980,C003628,5,3
RV0004607,O0004608,C002603,4,3
RV0028277,O0028290,C002165,3,5
RV0045794,O0045820,C004166,5,5
RV0021948,O0021958,C000879,5,5
RV0047665,O0047693,C004915,3,5
RV0019598,O0019608,C004842,5,3
RV0029420,O0029433,C000299,3,5
RV0013038,O0013045,C004525,5,4
RV0008148,O0008153,C000051,5,3
RV0026109,O0026119,C002231,5,5
RV0011431,O0011437,C004411,5,4
RV0043804,O0043828,C000152,5,3
RV0039038,O0039057,C004804,5,5
RV0017480,O0017489,C003128,4,4
RV0029206,O0029219,C003073,5,3
RV0013052,O0013059,C002316,3,3
RV0045045,O0045070,C001318,4,3
RV0003181,O0003182,C000338,4,4
RV0046465,O0046492,C002885,3,4
RV0002143,O0002144,C002202,5,4
RV0035579,O0035595,C001542,4,4
RV0044373,O0044397,C004433,5,3
RV0004281,O0004282,C002298,5,4
RV0041280,O0041302,C001460,3,3
RV0035350,O0035366,C002981,3,3
RV0041987,O0042009,C001521,3,4
RV0006227,O0006229,C003991,5,4
RV0044696,O0044721,C000841,4,3
RV0003894,O0003895,C004008,4,5
RV0030594,O0030607,C001759,3,4
RV0039631,O0039652,C001587,3,5
RV0019925,O0019935,C004424,3,4
RV0043970,O0043994,C001000,4,4
RV0001743,O0001744,C002945,5,4
RV0049084,O0049113,C003816,5,5
RV0012735,O0012742,C001585,5,3
RV0015441,O0015449,C002835,4,5
RV0026561,O0026572,C002447,5,5
RV0025591,O0025601,C002114,4,3
RV0004950,O0004952,C001146,5,5
RV0025896,O0025906,C003197,4,4
RV0034479,O0034495,C001578,4,4
RV0049518,O0049548,C003938,4,3
RV0018128,O0018138,C001556,4,4
RV0013239,O0013246,C000047,3,5
RV0010519,O0010524,C004525,4,3
RV0025746,O0025756,C002080,5,3
RV0021629,O0021639,C000127,4,5
RV0041329,O0041351,C002822,4,3
RV0044851,O0044876,C004283,4,5
RV0035943,O0035960,C001585,3,3
RV0034606,O0034622,C000291,5,4
RV0043490,O0043514,C004952,3,5
RV0013530,O0013537,C000411,3,5
RV0003501,O0003502,C003635,3,4
RV0042022,O0042044,C003821,5,4
RV0044338,O0044362,C003682,5,3
RV0016272,O0016280,C004081,4,4
RV0019526,O0019536,C001479,3,4
RV0005217,O0005219,C004804,3,3
RV0012164,O0012171,C002306,5,4
RV0006763,O0006766,C000085,4,5
RV0037353,O0037371,C002236,5,4
RV0048731,O0048759,C003960,5,4
RV0043149,O0043173,C002953,4,4
RV0006582,O0006585,C002136,5,5
RV0040302,O0040323,C002981,3,5
RV0000224,O0000225,C000959,4,3
RV0034427,O0034443,C002796,3,5
RV0026901,O0026912,C002910,4,5
RV0021521,O0021531,C004218,5,5
RV0033795,O0033810,C003965,3,3
RV0021065,O0021075,C004529,4,5
RV0010641,O0010646,C003243,4,3
RV0016291,O0016299,C002911,3,4
RV0021293,O0021303,C000469,4,3
RV0011452,O0011458,C003660,3,3
RV0046754,O0046781,C001121,4,5
RV0025014,O0025024,C004249,5,4
RV0046489,O0046516,C001945,5,4
RV0024171,O0024181,C003269,3,4
RV0000168,O0000169,C000328,4,3
RV0043830,O0043854,C000369,5,4
RV0028269,O0028282,C000268,3,5
RV0037368,O0037386,C000444,5,4
RV0038651,O0038670,C002494,5,4
RV0025775,O0025785,C001123,3,4
RV0030589,O0030602,C000664,5,5
RV0004696,O0004697,C002461,5,5
RV0038752,O0038771,C003982,4,5
RV0011453,O0011459,C002367,3,3
RV0042045,O0042067,C003273,5,3
RV0019518,O0019528,C002565,5,4
RV0025257,O0025267,C000339,4,3
RV0018007,O0018017,C002193,5,3
RV0035419,O0035435,C004704,4,5
RV0022943,O0022953,C004233,5,4
RV0046976,O0047003,C003558,5,5
RV0015866,O0015874,C004399,4,4
RV0036947,O0036965,C001523,5,3
RV0034705,O0034721,C001102,5,3
RV0006091,O0006093,C003208,3,4
RV0031927,O0031942,C002048,5,3
RV0033669,O0033684,C003304,3,4
RV0038101,O0038119,C004962,5,5
RV0009575,O0009580,C002955,4,4
RV0041584,O0041606,C004909,4,5
RV0037111,O0037129,C000981,3,3
RV0007344,O0007347,C002517,3,4
RV0049302,O0049331,C000822,5,3
RV0007636,O0007640,C002732,4,3
RV0021819,O0021829,C002077,5,3
RV0040018,O0040039,C003196,5,4
RV0031452,O0031466,C000793,4,5
RV0015745,O0015753,C001006,5,3
RV0036641,O0036659,C000105,3,4
RV0023066,O0023076,C000836,4,4
RV0025035,O0025045,C003592,4,5
RV0010194,O0010199,C004146,5,3
RV0048559,O0048587,C004140,3,4
RV0032569,O0032584,C004553,3,5
RV0001665,O0001666,C000375,5,4
RV0033388,O0033403,C004253,3,4
RV0004371,O0004372,C003960,3,5
RV0039087,O0039107,C003607,3,4
RV0029738,O0029751,C002616,3,5
RV0013684,O0013691,C001394,5,5
RV0030768,O0030782,C004897,4,4
RV0033136,O0033151,C003107,5,4
RV0000759,O0000760,C001210,5,5
RV0029772,O0029785,C000958,3,4
RV0035471,O0035487,C001447,4,5
RV0017585,O0017594,C000664,5,5
RV0032998,O0033013,C000407,3,4
RV0004284,O0004285,C001499,4,4
RV0026226,O0026236,C000540,5,4
RV0029273,O0029286,C003359,3,3
RV0039457,O0039478,C001269,5,4
RV0022817,O0022827,C001900,4,3
RV0019046,O0019056,C003405,5,4
RV0012675,O0012682,C001036,5,5
RV0032357,O0032372,C002527,4,4
RV0001978,O0001979,C002203,5,5
RV0028352,O0028365,C000540,3,3
RV0000955,O0000956,C003866,4,4
RV0011456,O0011462,C004145,5,5
RV0018721,O0018731,C000192,5,4
RV0000227,O0000228,C003240,5,4
RV0042568,O0042591,C001094,4,3
RV0024361,O0024371,C003796,5,5
RV0004317,O0004318,C002820,4,4
RV0018912,O0018922,C003963,3,4
RV0002420,O0002421,C004207,4,5
RV0030070,O0030083,C000613,5,4
RV0029576,O0029589,C004371,3,5
RV0027449,O0027462,C004581,3,3
RV0012368,O0012375,C004164,4,4
RV0048792,O0048820,C002449,4,3
RV0034279,O0034294,C000462,4,5
RV0004452,O0004453,C001120,5,5
RV0038722,O0038741,C003099,5,4
RV0027661,O0027674,C002205,4,5
RV0037608,O0037626,C003683,4,5
RV0001075,O0001076,C003847,3,3
RV0017188,O0017196,C000343,4,4
RV0016099,O0016107,C000531,4,5
RV0030402,O0030415,C001796,3,5
RV0030139,O0030152,C000100,4,4
RV0038514,O0038533,C000275,5,4
RV0025973,O0025983,C004965,4,3
RV0005312,O0005314,C000279,3,5
RV0041413,O0041435,C000934,4,3
RV0033636,O0033651,C001865,3,4
RV0011051,O0011057,C000104,4,5
RV0015432,O0015440,C001979,4,3
RV0047378,O0047406,C003740,3,5
RV0009028,O0009033,C003910,5,5
RV0026161,O0026171,C002397,4,4
RV0037507,O0037525,C001497,3,4
RV0000836,O0000837,C003416,3,4
RV0016037,O0016045,C001381,4,3
RV0023138,O0023148,C003071,5,3
RV0019757,O0019767,C001419,3,5
RV0004734,O0004736,C001532,3,4
RV0010212,O0010217,C003601,5,4
RV0041587,O0041609,C003732,4,5
RV0029421,O0029434,C003340,4,3
RV0025195,O0025205,C003714,4,4
RV0045041,O0045066,C002405,3,4
RV0042035,O0042057,C002687,4,3
RV0019300,O0019310,C000986,4,5
RV0046011,O0046037,C001685,4,3
RV0027934,O0027947,C004588,4,5
RV0031597,O0031611,C003082,3,3
RV0017495,O0017504,C001513,3,4
RV0033074,O0033089,C000187,5,3
RV0048055,O0048083,C004978,4,3
RV0033190,O0033205,C001423,3,4
RV0021472,O0021482,C003460,5,4
RV0024631,O0024641,C004384,5,4
RV0010624,O0010629,C003423,4,4
RV0041440,O0041462,C003760,5,5
RV0043278,O0043302,C004754,5,4
RV0017383,O0017392,C002677,4,3
RV0029762,O0029775,C004472,4,5
RV0030150,O0030163,C001311,4,5
RV0008638,O0008643,C003113,5,5
RV0026960,O0026971,C004918,4,5
RV0000234,O0000235,C000904,5,5
RV0032700,O0032715,C004646,3,4
RV0033384,O0033399,C003646,4,5
RV0003721,O0003722,C002324,4,3
RV0038471,O0038490,C004437,5,4
RV0049664,O0049694,C000337,5,3
RV0001394,O0001395,C002860,5,3
RV0004715,O0004716,C000126,4,5
RV0045683,O0045708,C003354,4,5
RV0046910,O0046937,C004360,5,4
RV0043523,O0043547,C000418,3,3
RV0005120,O0005122,C000544,4,4
RV0010555,O0010560,C001778,5,4
RV0025094,O0025104,C001479,3,4
RV0047255,O0047283,C003645,4,3
RV0039871,O0039892,C002033,4,4
RV0043210,O0043234,C004131,4,4
RV0040284,O0040305,C002527,3,4
RV0006602,O0006605,C004366,3,4
RV0034793,O0034809,C001210,4,3
RV0030877,O0030891,C001918,3,3
RV0007445,O0007449,C004641,4,3
RV0015778,O0015786,C000636,3,5
RV0009309,O0009314,C001416,3,5
RV0027131,O0027143,C003650,4,5
RV0023003,O0023013,C002827,5,5
RV0041590,O0041612,C004952,4,3
RV0034661,O0034677,C002241,3,3
RV0000635,O0000636,C003548,5,3
RV0020428,O0020438,C001361,3,4
RV0043234,O0043258,C000795,5,3
RV0021437,O0021447,C001331,5,4
RV0035692,O0035708,C002389,3,4
RV0006495,O0006498,C002873,4,4
RV0023891,O0023901,C000539,4,3
RV0045584,O0045609,C001792,5,5
RV0025246,O0025256,C003522,3,5
RV0036911,O0036929,C004782,4,5
RV0025540,O0025550,C001119,5,5
RV0035035,O0035051,C001498,5,3
RV0000529,O0000530,C004412,4,3
RV0032149,O0032164,C003296,5,5
RV0027448,O0027461,C000898,5,5
RV0045326,O0045351,C001056,4,4
RV0018317,O0018327,C004557,3,4
RV0031175,O0031189,C002511,3,5
RV0033931,O0033946,C004364,5,4
RV0024838,O0024848,C004284,5,3
RV0048713,O0048741,C004617,4,3
RV0022355,O0022365,C004324,5,5
RV0036459,O0036477,C000264,3,4
RV0048095,O0048123,C002586,4,5
RV0028957,O0028970,C001167,5,4
RV0043127,O0043151,C002685,5,3
RV0040832,O0040854,C002916,5,4
RV0044105,O0044129,C004504,5,5
RV0042537,O0042560,C004089,4,4
RV0010168,O0010173,C002709,5,5
RV0047937,O0047965,C001070,3,4
RV0011909,O0011916,C000018,5,5
RV0042902,O0042925,C004107,5,5
RV0034270,O0034285,C001801,3,5
RV0024873,O0024883,C004118,4,5
RV0021432,O0021442,C001096,5,5
RV0033279,O0033294,C002813,3,5
RV0006918,O0006921,C002773,3,5
RV0044978,O0045003,C000759,3,4
RV0041633,O0041655,C003233,3,5
RV0041324,O0041346,C000293,5,5
RV0033930,O0033945,C001821,4,4
RV0036601,O0036619,C003625,5,5
RV0042927,O0042950,C004858,4,5
RV0049210,O0049239,C000951,4,4
RV0024679,O0024689,C003354,5,5
RV0036481,O0036499,C003474,3,3
RV0021338,O0021348,C001401,5,3
RV0040999,O0041021,C003188,4,3
RV0009749,O0009754,C002627,5,5
RV0027627,O0027640,C002772,4,3
RV0018406,O0018416,C000153,5,3
RV0042090,O0042112,C001364,3,3
RV0000828,O0000829,C000135,5,4
RV0044509,O0044533,C004984,5,5
RV0049327,O0049356,C004847,5,5
RV0045037,O0045062,C001082,5,4
RV0042119,O0042141,C004620,5,4
RV0028518,O0028531,C001229,3,4
RV0004542,O0004543,C004557,5,4
RV0007153,O0007156,C001905,5,5
RV0016586,O0016594,C001460,3,5
RV0026207,O0026217,C000639,3,5
RV0005593,O0005595,C004095,5,4
RV0006919,O0006922,C000382,5,4
RV0049810,O0049840,C000883,3,5
RV0018818,O0018828,C003932,3,4
RV0011956,O0011963,C004627,5,5
RV0045077,O0045102,C000307,4,4
RV0023775,O0023785,C001925,3,5
RV0023169,O0023179,C003233,5,3
RV0018214,O0018224,C000580,4,4
RV0006335,O0006337,C004936,3,5
RV0021005,O0021015,C001785,5,5
RV0044756,O0044781,C000894,3,5
RV0006357,O0006359,C003723,4,5
RV0022521,O0022531,C004915,4,5
RV0011006,O0011012,C003651,3,3
RV0018934,O0018944,C003050,5,3
RV0035242,O0035258,C003246,4,5
RV0030478,O0030491,C003919,3,3
RV0030599,O0030612,C003269,3,4
RV0014331,O0014339,C000518,4,5
RV0007716,O0007721,C003376,4,3
RV0019750,O0019760,C000532,4,5
RV0040365,O0040386,C004316,3,5
RV0033721,O0033736,C003140,3,3
RV0035210,O0035226,C003912,4,3
RV0020233,O0020243,C002353,3,4
RV0034819,O0034835,C002128,4,3
RV0021485,O0021495,C004380,4,5
RV0034496,O0034512,C000184,4,3
RV0024144,O0024154,C000028,5,5
RV0019057,O0019067,C004453,3,3
RV0038398,O0038416,C003640,3,4
RV0046284,O0046311,C000219,4,3
RV0047591,O0047619,C000034,4,4
RV0040925,O0040947,C002270,3,4
RV0023538,O0023548,C004713,4,3
RV0033720,O0033735,C003641,5,5
RV0012394,O0012401,C001186,3,3
RV0048173,O0048201,C000587,5,5
RV0023295,O0023305,C004018,4,5
RV0013351,O0013358,C003534,4,5
RV0001119,O0001120,C004971,3,4
RV0041050,O0041072,C000960,4,5
RV0029574,O0029587,C000150,4,4
RV0030195,O0030208,C003505,5,3
RV0038477,O0038496,C002785,3,4
RV0021821,O0021831,C004765,4,4
RV0017001,O0017009,C004709,3,5
RV0043249,O0043273,C001115,4,3
RV0006157,O0006159,C002496,4,5
RV0022849,O0022859,C002699,5,3
RV0006685,O0006688,C001532,3,4
RV0002030,O0002031,C004661,5,5
RV0034880,O0034896,C000965,5,4
RV0027488,O0027501,C003669,3,5
RV0045858,O0045884,C003207,3,3
RV0013366,O0013373,C003288,3,5
RV0029931,O0029944,C001251,4,3
RV0009881,O0009886,C002288,3,4
RV0023907,O0023917,C002807,5,4
RV0032239,O0032254,C002966,3,3
RV0002225,O0002226,C000856,3,3
RV0032116,O0032131,C002996,3,4
RV0022006,O0022016,C002029,5,4
RV0043992,O0044016,C001978,4,4
RV0018422,O0018432,C001610,3,5
RV0019147,O0019157,C001995,4,3
RV0037312,O0037330,C000706,3,4
RV0025262,O0025272,C002125,5,3
RV0025261,O0025271,C000298,3,5
RV0040259,O0040280,C002306,5,3
RV0003328,O0003329,C004289,3,5
RV0041946,O0041968,C002909,3,3
RV0041920,O0041942,C000361,3,3
RV0007299,O0007302,C003219,5,5
RV0002324,O0002325,C002210,5,5
RV0024740,O0024750,C000857,4,5
RV0027461,O0027474,C000807,3,5
RV0037928,O0037946,C002085,5,5
RV0042651,O0042674,C001803,3,5
RV0004043,O0004044,C004888,4,3
RV0024812,O0024822,C001298,4,4
RV0046342,O0046369,C002521,3,5
RV0027013,O0027024,C004778,4,4
RV0009329,O0009334,C003201,4,3
RV0016862,O0016870,C001080,5,4
RV0034573,O0034589,C002924,5,3
RV0005043,O0005045,C003071,5,5
RV0044355,O0044379,C002575,3,3
RV0032139,O0032154,C002656,4,3
RV0019845,O0019855,C004638,4,3
RV0025308,O0025318,C000968,3,4
RV0036827,O0036845,C000722,3,3
RV0015161,O0015169,C004107,4,5
RV0021572,O0021582,C001885,3,3
RV0039096,O0039116,C003369,3,5
RV0039926,O0039947,C002401,5,4
RV0034991,O0035007,C001497,3,5
RV0002047,O0002048,C002896,3,4
RV0001495,O0001496,C001757,5,5
RV0035417,O0035433,C000222,3,3
RV0043486,O0043510,C003203,3,5
RV0014450,O0014458,C003214,3,4
RV0017329,O0017338,C002381,3,4
RV0013813,O0013820,C004202,5,4
RV0008839,O0008844,C004769,3,3
RV0000970,O0000971,C004506,4,5
RV0020642,O0020652,C002392,3,4
RV0028446,O0028459,C001370,5,4
RV0026507,O0026518,C000013,4,5
RV0023950,O0023960,C002990,3,4
RV0019765,O0019775,C004445,5,4
RV0041698,O0041720,C003179,3,4
RV0027555,O0027568,C001822,4,5
RV0008773,O0008778,C004842,3,5
RV0044718,O0044743,C002462,4,5
RV0043660,O0043684,C001105,4,3
RV0029934,O0029947,C001911,4,4
RV0019941,O0019951,C002137,4,4
RV0023167,O0023177,C002652,4,4
RV0009201,O0009206,C001042,3,4
RV0007826,O0007831,C002974,4,4
RV0035658,O0035674,C002745,4,4
RV0008242,O0008247,C003640,3,5
RV0043929,O0043953,C001109,4,3
RV0021836,O0021846,C002641,4,5
RV0004015,O0004016,C001419,4,3
RV0007500,O0007504,C003271,3,4
RV0020934,O0020944,C000268,4,5
RV0004278,O0004279,C001976,3,5
RV0046400,O0046427,C000172,3,5
RV0018784,O0018794,C001724,4,3
RV0016710,O0016718,C003508,5,4
RV0022628,O0022638,C004178,3,5
RV0034260,O0034275,C000336,3,3
RV0046063,O0046089,C000040,3,3
RV0037787,O0037805,C004008,4,3
RV0018277,O0018287,C001484,4,5
RV0029891,O0029904,C004419,4,3
RV0047518,O0047546,C001550,3,4
RV0030701,O0030714,C000557,3,5
RV0038896,O0038915,C001137,4,3
RV0031200,O0031214,C002362,3,5
RV0037440,O0037458,C004376,3,5
RV0021129,O0021139,C003300,3,5
RV0035276,O0035292,C004219,5,4
RV0049511,O0049541,C003999,3,4
RV0004313,O0004314,C002691,5,3
RV0020678,O0020688,C004609,5,5
RV0032202,O0032217,C002709,5,5
RV0005870,O0005872,C004376,4,4
RV0023179,O0023189,C000499,5,4
RV0041544,O0041566,C001065,3,4
RV0036651,O0036669,C001385,5,3
RV0039991,O0040012,C004101,5,4
RV0004698,O0004699,C003503,4,5
RV0011137,O0011143,C000102,5,4
RV0021138,O0021148,C004092,4,3
RV0043981,O0044005,C000588,3,4
RV0000275,O0000276,C001403,5,5
RV0035441,O0035457,C002650,3,4
RV0043713,O0043737,C001230,3,3
RV0022549,O0022559,C003916,5,3
RV0015133,O0015141,C001753,5,4
RV0026482,O0026493,C002716,5,4
RV0013309,O0013316,C004576,4,3
RV0045149,O0045174,C003659,4,4
RV0036119,O0036137,C002799,3,4
RV0012698,O0012705,C002448,4,5
RV0032039,O0032054,C003484,4,5
RV0011599,O0011605,C001316,3,3
RV0033801,O0033816,C002594,4,4
RV0042048,O0042070,C002483,3,4
RV0022843,O0022853,C004219,5,5
RV0022759,O0022769,C000282,3,4
RV0049017,O0049045,C002309,4,5
RV0036240,O0036258,C002796,3,5
RV0002661,O0002662,C001613,4,5
RV0023076,O0023086,C004260,4,5
RV0002748,O0002749,C003400,5,4
RV0019449,O0019459,C002684,4,5
RV0041592,O0041614,C004859,4,3
RV0024213,O0024223,C002705,5,3
RV0007669,O0007673,C001655,3,4
RV0033928,O0033943,C002940,4,3
RV0036580,O0036598,C003253,3,4
RV0024292,O0024302,C003914,5,3
RV0017390,O0017399,C004452,5,3
RV0010232,O0010237,C002965,3,5
RV0033199,O0033214,C002886,3,4
RV0009668,O0009673,C001987,4,5
RV0011454,O0011460,C004430,4,3
RV0012367,O0012374,C004360,4,5
RV0034659,O0034675,C002770,3,4
RV0041489,O0041511,C004059,5,3
RV0021002,O0021012,C001168,5,4
RV0016518,O0016526,C000408,5,3
RV0045482,O0045507,C002117,4,5
RV0011169,O0011175,C001183,4,4
RV0003351,O0003352,C004944,3,4
RV0000435,O0000436,C001888,3,5
RV0040913,O0040935,C002273,3,4
RV0022661,O0022671,C003098,3,3
RV0036231,O0036249,C000951,5,3
RV0017148,O0017156,C000619,3,4
RV0028186,O0028199,C002229,3,3
RV0011074,O0011080,C004626,3,3
RV0002594,O0002595,C003395,5,5
RV0003422,O0003423,C000388,4,5
RV0011518,O0011524,C002913,3,3
RV0047743,O0047771,C003033,4,5
RV0048775,O0048803,C000808,5,5
RV0008797,O0008802,C002137,5,3
RV0037255,O0037273,C004086,4,3
RV0016700,O0016708,C002478,5,4
RV0038966,O0038985,C000879,5,4
RV0000146,O0000147,C001403,4,3
RV0044643,O0044668,C004113,4,3
RV0026282,O0026292,C000337,5,3
RV0010495,O0010500,C002221,4,4
RV0022737,O0022747,C000836,3,5
RV0011114,O0011120,C004816,3,4
RV0043014,O0043038,C002256,5,3
RV0013481,O0013488,C003541,4,3
RV0025043,O0025053,C001198,5,3
RV0030830,O0030844,C004809,3,3
RV0044288,O0044312,C004077,4,3
RV0049181,O0049210,C002807,4,3
RV0026687,O0026698,C004298,3,4
RV0031771,O0031785,C002080,4,4
RV0005359,O0005361,C003549,5,5
RV0048323,O0048351,C001822,3,3
RV0044904,O0044929,C001359,4,5
RV0025147,O0025157,C002867,4,4
RV0008614,O0008619,C003908,3,4
RV0038926,O0038945,C000339,4,4
RV0017386,O0017395,C003972,4,5
RV0049293,O0049322,C000166,4,5
RV0007799,O0007804,C004315,5,4
RV0045429,O0045454,C003141,5,5
RV0007824,O0007829,C001338,4,4
RV0035930,O0035947,C004184,4,4
RV0003868,O0003869,C003100,3,5
RV0004649,O0004650,C004988,4,4
RV0048670,O0048698,C001730,3,3
RV0036236,O0036254,C004815,5,3
RV0009544,O0009549,C003248,5,3
RV0002737,O0002738,C003972,5,5
RV0003111,O0003112,C002920,3,5
RV0011862,O0011869,C002028,5,3
RV0035575,O0035591,C001030,5,4
RV0034363,O0034379,C004655,5,3
RV0007952,O0007957,C001647,5,3
RV0005970,O0005972,C001621,5,5
RV0014994,O0015002,C004437,3,5
RV0034691,O0034707,C000957,5,4
RV0017956,O0017966,C002063,4,5
RV0030487,O0030500,C004060,3,3
RV0040769,O0040791,C003010,3,5
RV0000076,O0000077,C002145,3,3
RV0006628,O0006631,C001738,3,3
RV0044112,O0044136,C004575,3,5
RV0047120,O0047147,C002872,3,4
RV0014147,O0014155,C000308,4,3
RV0010687,O0010692,C000299,5,4
RV0035952,O0035969,C002307,5,5
RV0044784,O0044809,C002411,4,3
RV0003005,O0003006,C001029,3,5
RV0010543,O0010548,C003598,3,3
RV0009276,O0009281,C004114,4,4
RV0002345,O0002346,C002519,5,3
RV0006088,O0006090,C000138,3,4
RV0010269,O0010274,C001032,3,3
RV0016271,O0016279,C001438,5,4
RV0038923,O0038942,C001525,5,5
RV0015803,O0015811,C001463,5,3
RV0030054,O0030067,C001559,4,3
RV0026741,O0026752,C003066,5,5
RV0010658,O0010663,C004543,3,4
RV0000988,O0000989,C001862,3,3
RV0015179,O0015187,C001687,4,4
RV0033925,O0033940,C003425,3,4
RV0018428,O0018438,C001018,3,3
RV0049827,O0049857,C000199,3,3
RV0006717,O0006720,C002625,4,5
RV0014816,O0014824,C002611,3,3
RV0037691,O0037709,C004930,3,3
RV0028616,O0028629,C000141,4,5
RV0037322,O0037340,C002442,5,4
RV0045700,O0045725,C000489,4,3
RV0009005,O0009010,C002814,5,5
RV0009727,O0009732,C003600,4,3
RV0016060,O0016068,C003443,3,5
RV0009226,O0009231,C003151,3,4
RV0038648,O0038667,C003715,4,5
RV0000696,O0000697,C003780,4,3
RV0033517,O0033532,C003036,3,3
RV0023753,O0023763,C000326,4,3
RV0023087,O0023097,C000842,4,5
RV0021931,O0021941,C001868,3,5
RV0011896,O0011903,C000222,5,4
RV0025789,O0025799,C002000,5,3
RV0047868,O0047896,C000704,3,4
RV0017835,O0017844,C004060,4,3
RV0039788,O0039809,C000043,3,5
RV0037379,O0037397,C002553,5,4
RV0042389,O0042411,C004591,4,3
RV0039286,O0039306,C002028,3,4
RV0005516,O0005518,C001645,4,4
RV0046299,O0046326,C003156,3,3
RV0033946,O0033961,C004704,3,5
RV0009176,O0009181,C000749,3,5
RV0045798,O0045824,C000610,5,3
RV0032168,O0032183,C003680,5,4
RV0015208,O0015216,C001469,3,4
RV0009691,O0009696,C002849,5,4
RV0021805,O0021815,C002866,3,4
RV0006173,O0006175,C002883,5,4
RV0016287,O0016295,C000432,4,4
RV0009991,O0009996,C002989,4,3
RV0002667,O0002668,C000217,5,4
RV0033288,O0033303,C000108,5,4
RV0036691,O0036709,C003613,4,5
RV0016565,O0016573,C002489,4,5
RV0036422,O0036440,C001563,5,3
RV0026464,O0026475,C001512,4,4
RV0025196,O0025206,C001604,3,4
RV0015391,O0015399,C000925,5,3
RV0036825,O0036843,C004645,5,5
RV0042354,O0042376,C002933,4,3
RV0013742,O0013749,C001554,4,5
RV0023226,O0023236,C001162,5,4
RV0043576,O0043600,C001976,4,3
RV0047691,O0047719,C000577,4,5
RV0015428,O0015436,C004155,3,5
RV0033873,O0033888,C003752,3,5
RV0022888,O0022898,C002164,5,4
RV0045010,O0045035,C000957,3,5
RV0017797,O0017806,C001088,5,3
RV0013127,O0013134,C004821,3,3
RV0047511,O0047539,C000503,4,4
RV0006417,O0006420,C001882,5,3
RV0028895,O0028908,C000863,4,5
RV0020016,O0020026,C004659,5,4
RV0007854,O0007859,C003468,4,4
RV0004684,O0004685,C003616,4,5
RV0026873,O0026884,C002678,3,4
RV0024413,O0024423,C000847,3,5
RV0021643,O0021653,C003990,3,3
RV0032480,O0032495,C000353,4,3
RV0037017,O0037035,C002606,5,5
RV0020007,O0020017,C004191,4,5
RV0032616,O0032631,C004694,3,3
RV0045510,O0045535,C003524,3,4
RV0026978,O0026989,C001830,3,5
RV0016564,O0016572,C004399,5,5
RV0036300,O0036318,C004386,5,4
RV0030695,O0030708,C001339,4,3
RV0041172,O0041194,C000842,4,5
RV0027645,O0027658,C003388,3,5
RV0045052,O0045077,C000437,4,5
RV0026793,O0026804,C000574,4,3
RV0024289,O0024299,C000995,3,4
RV0030915,O0030929,C003877,5,3
RV0049529,O0049559,C000141,3,5
RV0013781,O0013788,C004997,4,4
RV0016853,O0016861,C004977,3,5
RV0038955,O0038974,C003327,3,3
RV0027819,O0027832,C003683,3,4
RV0048341,O0048369,C003425,3,5
RV0001027,O0001028,C002743,4,4
RV0033479,O0033494,C001758,3,3
RV0029919,O0029932,C001112,4,5
RV0044034,O0044058,C002165,5,5
RV0023886,O0023896,C001099,5,3
RV0035978,O0035995,C001177,3,3
RV0000253,O0000254,C000406,4,3
RV0015270,O0015278,C000925,4,4
RV0001795,O0001796,C000570,3,5
RV0036578,O0036596,C004673,3,4
RV0028382,O0028395,C004824,3,5
RV0000333,O0000334,C001394,4,4
RV0040369,O0040390,C004336,4,5
RV0029316,O0029329,C003093,5,5
RV0031031,O0031045,C001462,5,5
RV0044776,O0044801,C003674,3,3
RV0045498,O0045523,C002694,3,3
RV0007092,O0007095,C002887,3,4
RV0048445,O0048473,C003041,4,4
RV0006174,O0006176,C000543,4,5
RV0037569,O0037587,C001470,3,3
RV0044271,O0044295,C004405,4,5
RV0021899,O0021909,C004859,5,4
RV0012349,O0012356,C002888,4,5
RV0031023,O0031037,C001090,4,5
RV0031554,O0031568,C001008,3,5
RV0007167,O0007170,C002908,3,3
RV0029440,O0029453,C001204,3,4
RV0036516,O0036534,C001291,3,4
RV0037658,O0037676,C002075,3,4
RV0001967,O0001968,C002198,5,5
RV0016521,O0016529,C002047,5,4
RV0020523,O0020533,C004141,5,4
RV0004447,O0004448,C002821,5,3
RV0012443,O0012450,C003443,5,4
RV0003860,O0003861,C004432,4,3
RV0044730,O0044755,C003043,5,3
RV0008115,O0008120,C001072,4,4
RV0018210,O0018220,C003721,4,5
RV0038564,O0038583,C002712,4,3
RV0035648,O0035664,C000807,4,3
RV0016624,O0016632,C001478,3,3
RV0021486,O0021496,C000598,3,3
RV0014433,O0014441,C000256,3,3
RV0016300,O0016308,C000583,3,3
RV0000357,O0000358,C000400,4,4
RV0043587,O0043611,C004402,5,3
RV0001297,O0001298,C000014,3,5
RV0045911,O0045937,C001492,3,5
RV0010804,O0010810,C001222,4,4
RV0033549,O0033564,C001454,5,4
RV0024097,O0024107,C003950,5,5
RV0043743,O0043767,C002862,4,3
RV0008827,O0008832,C000423,3,4
RV0025935,O0025945,C000144,3,5
RV0028545,O0028558,C001822,5,4
RV0006153,O0006155,C001579,5,4
RV0048311,O0048339,C003958,5,5
RV0014413,O0014421,C003244,4,4
RV0049260,O0049289,C001496,5,5
RV0048545,O0048573,C000118,5,3
RV0009485,O0009490,C002576,5,3
RV0014070,O0014078,C003681,3,4
RV0043685,O0043709,C002476,4,5
RV0034760,O0034776,C000536,5,4
RV0017626,O0017635,C000530,5,4
RV0049123,O0049152,C003449,5,5
RV0038608,O0038627,C002716,5,5
RV0029041,O0029054,C002213,5,5
RV0042064,O0042086,C001354,3,3
RV0031378,O0031392,C001623,3,3
RV0027511,O0027524,C003443,3,5
RV0026114,O0026124,C000380,5,4
RV0046311,O0046338,C000162,3,5
RV0039526,O0039547,C004590,5,4
RV0049161,O0049190,C001473,3,4
RV0011285,O0011291,C004548,4,3
RV0004059,O0004060,C001627,5,5
RV0030455,O0030468,C001692,3,3
RV0007739,O0007744,C002469,3,5
RV0020203,O0020213,C003657,5,3
RV0044110,O0044134,C002090,3,5
RV0034123,O0034138,C002711,3,5
RV0043075,O0043099,C000906,3,5
RV0008806,O0008811,C001868,5,3
RV0015502,O0015510,C001002,4,4
RV0000029,O0000030,C000389,4,4
RV0037234,O0037252,C004427,5,4
RV0041188,O0041210,C000838,3,3
RV0034313,O0034328,C004395,3,3
RV0043759,O0043783,C000174,4,4
RV0011554,O0011560,C003320,5,5
RV0006032,O0006034,C003355,4,5
RV0035671,O0035687,C000010,5,4
RV0045518,O0045543,C003137,5,3
RV0024459,O0024469,C001811,3,3
RV0011860,O0011867,C003261,4,4
RV0037666,O0037684,C001828,3,5
RV0035087,O0035103,C003286,5,4
RV0020729,O0020739,C004780,4,3
RV0013550,O0013557,C002228,5,5
RV0044972,O0044997,C001926,3,4
RV0019028,O0019038,C000235,3,5
RV0001869,O0001870,C001360,4,4
RV0033179,O0033194,C001515,4,5
RV0030187,O0030200,C000074,4,4
RV0032253,O0032268,C004373,5,5
RV0001782,O0001783,C002088,3,3
RV0024434,O0024444,C003419,4,4
RV0017344,O0017353,C003733,4,4
RV0000984,O0000985,C002383,4,3
RV0045109,O0045134,C000944,3,5
RV0038114,O0038132,C002068,3,3
RV0029133,O0029146,C003552,4,5
RV0045521,O0045546,C004284,5,3
RV0024589,O0024599,C001624,4,3
RV0023107,O0023117,C003401,4,5
RV0017301,O0017310,C003306,4,5
RV0016838,O0016846,C003843,3,3
RV0009892,O0009897,C000258,5,3
RV0004122,O0004123,C004502,5,3
RV0007585,O0007589,C002708,5,5
RV0017876,O0017886,C004866,4,4
RV0047598,O0047626,C004399,4,5
RV0010218,O0010223,C000381,5,5
RV0033425,O0033440,C003424,4,4
RV0032674,O0032689,C003314,4,5
RV0039478,O0039499,C001020,5,3
RV0027895,O0027908,C000170,4,5
RV0008158,O0008163,C004983,3,5
RV0018773,O0018783,C004696,3,4
RV0012579,O0012586,C003400,4,5
RV0025800,O0025810,C001944,5,5
RV0003554,O0003555,C001517,5,4
RV0038685,O0038704,C000294,3,5
RV0002981,O0002982,C001015,3,4
RV0046036,O0046062,C001830,3,5
RV0013783,O0013790,C004283,4,3
RV0022074,O0022084,C000388,3,4
RV0015362,O0015370,C000451,3,3
RV0045949,O0045975,C002658,5,5
RV0035589,O0035605,C004213,3,4
RV0013959,O0013967,C002244,5,5
RV0017643,O0017652,C001358,3,4
RV0049633,O0049663,C003930,5,5
RV0003408,O0003409,C001876,5,4
RV0007798,O0007803,C001261,4,3
RV0013910,O0013917,C003837,4,3
RV0038557,O0038576,C003023,5,4
RV0007882,O0007887,C004927,5,5
RV0022773,O0022783,C003762,3,3
RV0015498,O0015506,C001416,3,4
RV0049332,O0049361,C002427,5,5
RV0011622,O0011628,C003699,4,3
RV0048308,O0048336,C004480,5,5
RV0034137,O0034152,C004661,5,5
RV0011117,O0011123,C003495,5,5
RV0021578,O0021588,C000516,3,5
RV0020441,O0020451,C003132,3,4
RV0019807,O0019817,C001627,3,4
RV0020575,O0020585,C000200,4,5
RV0026042,O0026052,C000232,5,5
RV0041180,O0041202,C001048,5,4
RV0002906,O0002907,C004236,3,4
RV0029365,O0029378,C003553,5,5
RV0024727,O0024737,C002417,5,4
RV0031851,O0031866,C002440,3,4
RV0006844,O0006847,C004419,5,5
RV0048465,O0048493,C000773,3,3
RV0034571,O0034587,C002655,4,4
RV0002068,O0002069,C000533,4,5
RV0037562,O0037580,C004960,4,3
RV0027010,O0027021,C004790,3,5
RV0036348,O0036366,C004589,4,5
RV0017813,O0017822,C004395,5,4
RV0030506,O0030519,C002255,4,4
RV0025432,O0025442,C002463,5,4
RV0032287,O0032302,C003456,5,5
RV0035117,O0035133,C000646,4,5
RV0010924,O0010930,C003846,4,5
RV0013706,O0013713,C003694,4,5
RV0032131,O0032146,C002404,4,4
RV0022428,O0022438,C003543,5,5
RV0009755,O0009760,C004701,4,5
RV0020020,O0020030,C002118,3,4
RV0039573,O0039594,C004820,5,3
RV0012592,O0012599,C000438,4,4
RV0029724,O0029737,C004666,3,3
RV0007150,O0007153,C004379,4,3
RV0009450,O0009455,C000084,5,5
RV0048793,O0048821,C003067,5,5
RV0040952,O0040974,C002894,5,5
RV0035963,O0035980,C001249,4,3
RV0018462,O0018472,C003551,5,4
RV0001611,O0001612,C001046,4,3
RV0047568,O0047596,C001197,3,5
RV0034444,O0034460,C000417,3,5
RV0015099,O0015107,C004913,5,3
RV0018301,O0018311,C003423,3,5
RV0001345,O0001346,C003075,4,5
RV0013627,O0013634,C004538,4,5
RV0021103,O0021113,C002895,5,4
RV0044540,O0044565,C001467,3,4
RV0045170,O0045195,C003288,4,3
RV0045001,O0045026,C001228,4,3
RV0043407,O0043431,C003345,3,5
RV0030184,O0030197,C001507,4,3
RV0033824,O0033839,C002657,5,3
RV0024715,O0024725,C000279,5,5
RV0040610,O0040632,C001085,3,4
RV0046915,O0046942,C001414,3,3
RV0048854,O0048882,C003143,5,5
RV0042452,O0042475,C001316,3,5
RV0023224,O0023234,C001275,4,3
RV0007807,O0007812,C004112,4,4
RV0040535,O0040557,C002307,4,3
RV0016306,O0016314,C004198,3,3
RV0026082,O0026092,C000804,4,3
RV0032492,O0032507,C001194,4,4
RV0043218,O0043242,C002142,4,5
RV0018638,O0018648,C000247,4,4
RV0042325,O0042347,C004046,5,3
RV0042421,O0042443,C001464,5,3
RV0030925,O0030939,C002471,4,3
RV0009574,O0009579,C000701,5,4
RV0029528,O0029541,C001705,4,4
RV0035681,O0035697,C002494,5,5
RV0041446,O0041468,C001662,5,3
RV0000154,O0000155,C003234,5,5
RV0019513,O0019523,C002900,3,4
RV0011610,O0011616,C001328,3,4
RV0039945,O0039966,C002312,4,4
RV0012094,O0012101,C003936,3,3
RV0031022,O0031036,C002868,4,5
RV0036406,O0036424,C004525,5,4
RV0006817,O0006820,C004522,5,4
RV0043422,O0043446,C000701,4,4
RV0034538,O0034554,C000441,5,3
RV0034843,O0034859,C002264,4,3
RV0020070,O0020080,C000600,4,4
RV0008005,O0008010,C003216,5,3
RV0029710,O0029723,C000616,5,4
RV0004510,O0004511,C003647,3,4
RV0047059,O0047086,C003302,3,4
RV0042993,O0043017,C003569,4,3
RV0026866,O0026877,C001139,4,5
RV0001037,O0001038,C001255,4,3
RV0034024,O0034039,C001214,3,5
RV0024193,O0024203,C003793,5,3
RV0017752,O0017761,C001886,3,3
RV0019760,O0019770,C002892,3,4
RV0036514,O0036532,C001600,5,4
RV0034575,O0034591,C002823,5,3
RV0004153,O0004154,C000320,4,5
RV0007408,O0007412,C002913,5,3
RV0043122,O0043146,C004129,4,4
RV0038116,O0038134,C002274,3,5
RV0049417,O0049447,C000243,3,3
RV0008400,O0008405,C003674,4,4
RV0014301,O0014309,C004204,3,5
RV0030238,O0030251,C003999,3,5
RV0018989,O0018999,C002577,5,3
RV0006669,O0006672,C001742,4,4
RV0010574,O0010579,C000201,5,4
RV0002587,O0002588,C002308,4,5
RV0038697,O0038716,C003074,4,5
RV0003140,O0003141,C000628,3,3
RV0012719,O0012726,C000078,5,5
RV0015723,O0015731,C004071,5,3
RV0011892,O0011899,C002658,5,3
RV0009209,O0009214,C003387,5,3
RV0025794,O0025804,C002643,5,3
RV0004225,O0004226,C000215,3,4
RV0016520,O0016528,C001472,5,3
RV0011310,O0011316,C002117,4,3
RV0028729,O0028742,C003410,4,4
RV0043452,O0043476,C001800,3,4
RV0022728,O0022738,C004569,4,5
RV0043315,O0043339,C002170,5,4
RV0034813,O0034829,C000264,3,5
RV0002021,O0002022,C001600,4,3
RV0033395,O0033410,C000211,4,4
RV0032796,O0032811,C001778,5,3
RV0034379,O0034395,C002219,4,3
RV0012259,O0012266,C002159,4,4
RV0014542,O0014550,C000968,5,5
RV0019289,O0019299,C004536,3,5
RV0008835,O0008840,C004896,4,4
RV0002702,O0002703,C004772,3,4
RV0011315,O0011321,C001568,3,3
RV0017673,O0017682,C004641,5,5
RV0049088,O0049117,C001238,4,4
RV0024455,O0024465,C000226,4,5
RV0018735,O0018745,C001381,5,3
RV0005524,O0005526,C004391,5,4
RV0022507,O0022517,C001906,3,3
RV0012167,O0012174,C001180,3,5
RV0043886,O0043910,C003391,3,4
RV0001751,O0001752,C000486,3,3
RV0035565,O0035581,C000184,5,5
RV0028785,O0028798,C002526,3,4
RV0049268,O0049297,C000440,4,5
RV0038263,O0038281,C003040,3,5
RV0035813,O0035829,C003573,3,4
RV0016333,O0016341,C004022,3,3
RV0016802,O0016810,C003563,5,5
RV0033129,O0033144,C003233,3,5
RV0028159,O0028172,C004482,4,4
RV0044121,O0044145,C002436,3,3
RV0012626,O0012633,C003166,4,3
RV0014640,O0014648,C002527,5,3
RV0009832,O0009837,C002575,5,4
RV0035101,O0035117,C001354,5,4
RV0034244,O0034259,C001819,3,3
RV0046662,O0046689,C003007,3,4
RV0036030,O0036048,C001666,3,4
RV0010684,O0010689,C004132,3,3
RV0044677,O0044702,C004728,4,5
RV0022202,O0022212,C000118,5,4
RV0048842,O0048870,C002077,5,3
RV0012128,O0012135,C003833,4,4
RV0033887,O0033902,C003869,4,4
RV0027375,O0027388,C002315,3,3
RV0019848,O0019858,C003296,4,5
RV0001891,O0001892,C003099,4,4
RV0002634,O0002635,C003587,5,5
RV0028857,O0028870,C002935,5,3
RV0018801,O0018811,C003617,4,5
RV0006261,O0006263,C003945,4,4
RV0005032,O0005034,C002255,4,5
RV0016273,O0016281,C002490,4,4
RV0038023,O0038041,C004777,5,3
RV0019494,O0019504,C004234,5,4
RV0016639,O0016647,C003277,5,5
RV0034879,O0034895,C003711,5,4
RV0011750,O0011757,C002527,5,3
RV0008348,O0008353,C004188,4,4
RV0033940,O0033955,C001797,4,4
RV0014015,O0014023,C002506,5,3
RV0024649,O0024659,C001968,5,4
RV0001943,O0001944,C000998,5,3
RV0022972,O0022982,C000363,3,4
RV0049970,O0050000,C003273,4,3
RV0008803,O0008808,C003580,5,3
RV0046725,O0046752,C004657,3,3
RV0016187,O0016195,C003897,5,4
RV0048477,O0048505,C000916,5,3
RV0039429,O0039450,C000547,3,5
RV0031507,O0031521,C002291,3,5
RV0011356,O0011362,C004484,3,3
RV0035637,O0035653,C002747,4,4
RV0011333,O0011339,C000366,4,3
RV0016685,O0016693,C000766,5,3
RV0008173,O0008178,C000418,4,4
RV0024827,O0024837,C000394,4,5
RV0017553,O0017562,C004162,4,5
RV0025194,O0025204,C000610,3,4
RV0040466,O0040488,C002771,5,3
RV0025926,O0025936,C001020,4,3
RV0030901,O0030915,C003965,3,5
RV0014358,O0014366,C000276,3,3
RV0008834,O0008839,C001075,5,4
RV0037616,O0037634,C002313,5,5
RV0036604,O0036622,C004216,4,3
RV0011491,O0011497,C003825,3,4
RV0004275,O0004276,C002807,3,4
RV0030267,O0030280,C002835,5,5
RV0006761,O0006764,C000685,4,3
RV0048480,O0048508,C004149,3,5
RV0049279,O0049308,C002023,3,5
RV0014630,O0014638,C001861,4,5
RV0033465,O0033480,C002106,3,4
RV0010664,O0010669,C003066,4,4
RV0026050,O0026060,C002397,4,4
RV0030871,O0030885,C004826,3,3
RV0030064,O0030077,C004485,4,4
RV0039362,O0039382,C000942,3,3
RV0035130,O0035146,C001962,3,3
RV0032221,O0032236,C002928,5,4
RV0010673,O0010678,C001750,3,3
RV0035083,O0035099,C004764,4,5
RV0024320,O0024330,C001216,4,4
RV0034174,O0034189,C004735,4,5
RV0001713,O0001714,C001264,4,5
RV0025676,O0025686,C002512,4,3
RV0033401,O0033416,C000327,3,4
RV0046690,O0046717,C000012,4,3
RV0006950,O0006953,C003231,3,5
RV0026197,O0026207,C001848,3,3
RV0045442,O0045467,C001990,3,3
RV0017092,O0017100,C003354,3,3
RV0030168,O0030181,C001112,5,5
RV0036802,O0036820,C001461,3,4
RV0030959,O0030973,C004566,4,5
RV0049916,O0049946,C000182,4,3
RV0043272,O0043296,C004273,3,3
RV0048994,O0049022,C001314,5,5
RV0001256,O0001257,C001416,5,5
RV0019390,O0019400,C003961,5,5
RV0025231,O0025241,C000762,5,3
RV0028122,O0028135,C000495,3,4
RV0004708,O0004709,C003044,3,3
RV0012054,O0012061,C001947,4,4
RV0039161,O0039181,C002203,3,3
RV0022094,O0022104,C004217,4,5
RV0040119,O0040140,C002954,3,3
RV0043437,O0043461,C003646,5,4
RV0027474,O0027487,C002321,4,3
RV0006122,O0006124,C000102,5,3
RV0019653,O0019663,C004119,5,5
RV0024293,O0024303,C004855,4,4
RV0029274,O0029287,C001184,3,5
RV0034399,O0034415,C002326,3,4
RV0034786,O0034802,C003435,3,4
RV0001036,O0001037,C002113,4,5
RV0045775,O0045801,C001853,5,3
RV0045396,O0045421,C001361,4,3
RV0028692,O0028705,C000198,4,3
RV0007089,O0007092,C003006,5,4
RV0002550,O0002551,C000038,4,4
RV0005365,O0005367,C003239,5,3
RV0034626,O0034642,C002680,3,4
RV0036002,O0036019,C000192,5,3
RV0037183,O0037201,C000780,5,3
RV0049760,O0049790,C001072,3,4
RV0022273,O0022283,C001649,3,3
RV0011057,O0011063,C004574,4,3
RV0017425,O0017434,C002208,5,5
RV0033495,O0033510,C000726,5,3
RV0045187,O0045212,C000300,3,4
RV0031244,O0031258,C003334,4,3
RV0020220,O0020230,C000964,4,4
RV0022582,O0022592,C001551,3,3
RV0044252,O0044276,C000838,5,4
RV0047531,O0047559,C001988,4,4
RV0016092,O0016100,C003944,4,5
RV0000683,O0000684,C004706,3,4
RV0033685,O0033700,C004226,5,3
RV0007763,O0007768,C002724,4,5
RV0001787,O0001788,C001286,3,3
RV0038354,O0038372,C002528,3,4
RV0023189,O0023199,C001926,3,5
RV0033227,O0033242,C002678,4,3
RV0049365,O0049395,C001053,5,5
RV0034748,O0034764,C002938,3,4
RV0018456,O0018466,C000278,3,5
RV0048064,O0048092,C004916,4,4
RV0027284,O0027297,C002780,4,5
RV0004100,O0004101,C000193,5,3
RV0020572,O0020582,C003604,4,4
RV0002782,O0002783,C004629,4,4
RV0039324,O0039344,C003545,3,4
RV0025084,O0025094,C001963,3,5
RV0023193,O0023203,C004117,3,5
RV0032947,O0032962,C001041,4,4
RV0040351,O0040372,C004654,5,5
RV0026865,O0026876,C003163,3,5
RV0042426,O0042448,C002214,5,3
RV0038436,O0038454,C002687,5,5
RV0044896,O0044921,C004201,4,3
RV0021855,O0021865,C003126,4,4
RV0030896,O0030910,C001116,5,3
RV0004210,O0004211,C003823,4,3
RV0005957,O0005959,C000992,3,4
RV0007363,O0007367,C002824,3,3
RV0019430,O0019440,C000570,5,5
RV0024082,O0024092,C002136,3,4
RV0026321,O0026331,C002619,5,4
RV0046740,O0046767,C002044,3,4
RV0021858,O0021868,C004255,3,4
RV0022941,O0022951,C002858,4,3
RV0020001,O0020011,C000650,3,5
RV0005099,O0005101,C002382,5,5
RV0028097,O0028110,C001488,3,3
RV0014895,O0014903,C002589,5,5
RV0000014,O0000015,C001698,4,3
RV0029645,O0029658,C001830,5,4
RV0017767,O0017776,C004041,3,4
RV0032466,O0032481,C001415,3,4
RV0003297,O0003298,C000727,5,5
RV0037200,O0037218,C001415,3,4
RV0030272,O0030285,C004113,5,4
RV0028686,O0028699,C004930,4,5
RV0001641,O0001642,C003950,5,3
RV0033600,O0033615,C002202,5,4
RV0034124,O0034139,C003601,4,5
RV0039785,O0039806,C000420,5,4
RV0040529,O0040551,C001180,3,3
RV0027600,O0027613,C001760,5,5
RV0043497,O0043521,C001499,3,3
RV0024088,O0024098,C003574,5,3
RV0048636,O0048664,C004851,3,3
RV0005184,O0005186,C002512,3,4
RV0012863,O0012870,C002134,4,3
RV0007381,O0007385,C002576,3,4
RV0009822,O0009827,C000926,3,4
RV0034201,O0034216,C004473,4,4
RV0028944,O0028957,C003027,3,3
RV0011253,O0011259,C002439,5,4
RV0027552,O0027565,C000880,5,3
RV0022023,O0022033,C002690,4,4
RV0019106,O0019116,C004006,5,4
RV0025007,O0025017,C002283,5,4
RV0024937,O0024947,C001658,4,3
RV0007663,O0007667,C001365,3,3
RV0044406,O0044430,C002949,5,4
RV0019135,O0019145,C003016,5,5
RV0025005,O0025015,C004130,3,5
RV0011726,O0011733,C004619,4,5
RV0025482,O0025492,C004546,5,5
RV0001683,O0001684,C002733,3,3
RV0006250,O0006252,C001233,4,3
RV0046532,O0046559,C002441,5,4
RV0010556,O0010561,C002937,4,3
RV0045915,O0045941,C003696,3,4
RV0008316,O0008321,C002668,5,3
RV0008643,O0008648,C001009,5,3
RV0001606,O0001607,C003398,4,5
RV0007923,O0007928,C003977,4,4
RV0028056,O0028069,C004185,5,4
RV0031718,O0031732,C001356,5,3
RV0032765,O0032780,C000033,4,3
RV0009670,O0009675,C001050,3,4
RV0001405,O0001406,C001625,5,5
RV0012193,O0012200,C000226,4,4
RV0006287,O0006289,C002892,3,3
RV0041724,O0041746,C001912,5,5
RV0014949,O0014957,C002872,3,5
RV0040758,O0040780,C003994,4,5
RV0013855,O0013862,C002841,4,3
RV0005903,O0005905,C002538,3,4
RV0007546,O0007550,C003296,5,3
RV0012491,O0012498,C004845,5,3
RV0026704,O0026715,C003343,4,5
RV0027486,O0027499,C004206,5,4
RV0047515,O0047543,C003537,3,4
RV0029170,O0029183,C003358,3,3
RV0017791,O0017800,C004020,5,5
RV0023157,O0023167,C002968,5,5
RV0031805,O0031819,C004705,3,3
RV0047850,O0047878,C000288,3,3
RV0016513,O0016521,C002571,4,5
RV0009857,O0009862,C000644,5,5
RV0000826,O0000827,C001228,4,4
RV0048572,O0048600,C002861,4,5
RV0041492,O0041514,C002037,3,5
RV0003991,O0003992,C001377,5,3
RV0011946,O0011953,C002003,5,5
RV0023095,O0023105,C002052,3,3
RV0026349,O0026359,C004847,4,5
RV0038474,O0038493,C004138,4,3
RV0024313,O0024323,C004447,3,4
RV0006993,O0006996,C001591,4,4
RV0043173,O0043197,C003568,3,3
RV0000170,O0000171,C001864,3,5
RV0030576,O0030589,C002686,4,4
RV0046770,O0046797,C002648,5,3
RV0009443,O0009448,C003488,4,3
RV0005480,O0005482,C003282,5,5
RV0046973,O0047000,C003244,4,3
RV0023427,O0023437,C000237,3,5
RV0031798,O0031812,C002435,5,4
RV0042420,O0042442,C004506,4,3
RV0032603,O0032618,C003005,3,5
RV0037752,O0037770,C001091,5,3
RV0030110,O0030123,C001310,3,5
RV0003348,O0003349,C000649,4,4
RV0029130,O0029143,C000494,4,4
RV0026919,O0026930,C001736,4,5
RV0030404,O0030417,C000952,4,4
RV0002910,O0002911,C000319,5,4
RV0038504,O0038523,C002894,4,3
RV0048662,O0048690,C004578,3,4
RV0008144,O0008149,C003005,4,5
RV0030708,O0030721,C001720,3,5
RV0049486,O0049516,C003291,5,3
RV0034792,O0034808,C000842,5,5
RV0011701,O0011708,C001895,4,5
RV0008376,O0008381,C004667,5,3
RV0006714,O0006717,C004806,3,4
RV0037227,O0037245,C000887,4,3
RV0025076,O0025086,C002260,5,3
RV0036581,O0036599,C001938,5,4
RV0029996,O0030009,C003937,5,4
RV0029123,O0029136,C004779,4,5
RV0000602,O0000603,C001546,5,4
RV0005998,O0006000,C004477,4,3
RV0007477,O0007481,C004560,4,4
RV0023505,O0023515,C004664,4,5
RV0018368,O0018378,C003784,4,5
RV0018016,O0018026,C004600,3,4
RV0038076,O0038094,C003707,4,4
RV0025379,O0025389,C004140,4,3
RV0018419,O0018429,C004577,5,3
RV0049963,O0049993,C003671,3,4
RV0015164,O0015172,C004641,4,5
RV0039706,O0039727,C001556,4,3
RV0046473,O0046500,C000153,3,5
RV0026094,O0026104,C004523,5,4
RV0009757,O0009762,C000720,4,5
RV0003393,O0003394,C001325,5,5
RV0005176,O0005178,C002297,4,5
RV0028433,O0028446,C004391,3,4
RV0000466,O0000467,C004372,3,4
RV0031760,O0031774,C002968,3,4
RV0024419,O0024429,C004490,5,4
RV0028009,O0028022,C003617,3,5
RV0037821,O0037839,C003863,5,3
RV0030512,O0030525,C002964,5,4
RV0013784,O0013791,C002521,4,4
RV0015144,O0015152,C004615,5,4
RV0005301,O0005303,C004927,5,5
RV0016813,O0016821,C000686,3,5
RV0037209,O0037227,C004408,4,5
RV0004338,O0004339,C004869,3,5
RV0008523,O0008528,C002209,3,3
RV0040931,O0040953,C001428,4,4
RV0011766,O0011773,C001487,3,4
RV0011820,O0011827,C000489,4,5
RV0035847,O0035863,C000716,5,3
RV0007198,O0007201,C000179,4,4
RV0028972,O0028985,C000656,3,3
RV0011955,O0011962,C001330,5,4
RV0000906,O0000907,C000758,5,5
RV0008345,O0008350,C001325,3,4
RV0044685,O0044710,C000815,5,4
RV0013868,O0013875,C003850,4,3
RV0026703,O0026714,C000899,4,4
RV0044013,O0044037,C001364,3,3
RV0020857,O0020867,C004026,3,3
RV0037512,O0037530,C003105,3,3
RV0047693,O0047721,C002367,5,5
RV0043506,O0043530,C004149,4,4
RV0031956,O0031971,C004205,4,5
RV0028218,O0028231,C000921,5,4
RV0038692,O0038711,C003067,4,5
RV0036326,O0036344,C003305,3,4
RV0049611,O0049641,C003116,4,4
RV0007590,O0007594,C002979,3,4
RV0019914,O0019924,C000992,5,5
RV0011611,O0011617,C004672,3,4
RV0025420,O0025430,C001645,4,5
RV0043468,O0043492,C003194,3,3
RV0032538,O0032553,C004491,5,3
RV0024378,O0024388,C001343,5,3
RV0038416,O0038434,C002033,3,5
RV0017999,O0018009,C002477,4,3
RV0012437,O0012444,C002531,4,3
RV0031935,O0031950,C000941,3,5
RV0011589,O0011595,C001235,3,5
RV0025974,O0025984,C002691,5,3
RV0049763,O0049793,C001620,3,3
RV0012409,O0012416,C002223,3,4
RV0048676,O0048704,C004109,4,4
RV0032754,O0032769,C004930,3,4
RV0028585,O0028598,C003795,4,3
RV0031529,O0031543,C002666,5,4
RV0038085,O0038103,C002762,4,4
RV0009762,O0009767,C002858,5,5
RV0032593,O0032608,C003778,4,5
RV0029103,O0029116,C003224,4,4
RV0035701,O0035717,C004530,4,5
RV0004692,O0004693,C003416,5,5
RV0034151,O0034166,C001801,3,5
RV0036465,O0036483,C003527,4,4
RV0034942,O0034958,C004300,5,5
RV0000948,O0000949,C004513,3,4
RV0032008,O0032023,C004063,3,4
RV0002014,O0002015,C001092,5,5
RV0040335,O0040356,C000554,3,4
RV0046827,O0046854,C001800,5,5
RV0029435,O0029448,C003186,4,5
RV0024227,O0024237,C004160,3,3
RV0015565,O0015573,C000747,5,4
RV0045102,O0045127,C000744,4,4
RV0001249,O0001250,C002525,3,3
RV0031903,O0031918,C004703,5,5
RV0033281,O0033296,C000233,3,5
RV0037447,O0037465,C003674,4,3
RV0004052,O0004053,C002676,4,3
RV0034438,O0034454,C003966,5,4
RV0002598,O0002599,C003822,4,4
RV0041049,O0041071,C003977,4,5
RV0046801,O0046828,C001260,4,3
RV0049060,O0049088,C003767,5,4
RV0049140,O0049169,C004324,5,3
RV0013229,O0013236,C003063,3,4
RV0007224,O0007227,C001074,3,3
RV0041753,O0041775,C000800,4,5
RV0020077,O0020087,C003403,4,4
RV0047784,O0047812,C002241,4,5
RV0027994,O0028007,C001243,5,4
RV0013720,O0013727,C004739,5,4
RV0049859,O0049889,C003227,3,4
RV0007208,O0007211,C002596,5,3
RV0019077,O0019087,C001554,5,5
RV0023721,O0023731,C002803,3,5
RV0002349,O0002350,C003214,3,4
RV0006880,O0006883,C001703,4,4
RV0017701,O0017710,C004190,4,4
RV0025583,O0025593,C001202,4,3
RV0007583,O0007587,C004598,4,4
RV0017468,O0017477,C000726,5,3
RV0024205,O0024215,C004909,4,4
RV0004610,O0004611,C004372,4,4
RV0031588,O0031602,C000593,5,4
RV0022442,O0022452,C003877,4,5
RV0042529,O0042552,C000431,5,4
RV0011505,O0011511,C000317,3,4
RV0033670,O0033685,C000418,3,3
RV0028299,O0028312,C000346,4,4
RV0013243,O0013250,C004835,4,4
RV0025994,O0026004,C003904,4,4
RV0047956,O0047984,C001444,5,4
RV0049371,O0049401,C000570,4,5
RV0031352,O0031366,C002007,4,4
RV0018069,O0018079,C002917,4,5
RV0031701,O0031715,C004073,4,5
RV0023050,O0023060,C000955,4,5
RV0003784,O0003785,C000424,4,4
RV0028923,O0028936,C000608,3,4
RV0000391,O0000392,C004958,5,5
RV0023145,O0023155,C004881,3,4
RV0047589,O0047617,C001082,4,5
RV0002766,O0002767,C002898,4,4
RV0040267,O0040288,C000758,5,5
RV0013190,O0013197,C003759,5,4
RV0013220,O0013227,C001179,5,4
RV0034909,O0034925,C004546,4,4
RV0008922,O0008927,C004965,5,3
RV0040876,O0040898,C004662,5,5
RV0035792,O0035808,C003849,5,4
RV0013551,O0013558,C003620,3,5
RV0002909,O0002910,C002165,3,4
RV0004904,O0004906,C000729,4,3
RV0031176,O0031190,C000273,5,5
RV0007428,O0007432,C001400,5,5
RV0039669,O0039690,C002623,5,4
RV0011608,O0011614,C004984,5,5
RV0020521,O0020531,C003876,5,4
RV0026493,O0026504,C001040,3,4
RV0016915,O0016923,C003916,4,4
RV0031061,O0031075,C000333,4,5
RV0025979,O0025989,C004336,3,4
RV0037607,O0037625,C004141,5,3
RV0032988,O0033003,C004834,5,3
RV0011512,O0011518,C001282,5,5
RV0033711,O0033726,C002538,5,4
RV0027545,O0027558,C002723,5,4
RV0009980,O0009985,C003243,3,3
RV0006485,O0006488,C001138,5,5
RV0032318,O0032333,C000895,3,3
RV0020198,O0020208,C002984,5,3
RV0029786,O0029799,C001957,3,3
RV0022098,O0022108,C004742,5,5
RV0038552,O0038571,C003745,4,3
RV0017734,O0017743,C004815,5,4
RV0016310,O0016318,C000064,3,3
RV0035823,O0035839,C004274,3,5
RV0039076,O0039096,C002720,4,4
RV0006121,O0006123,C000207,3,5
RV0014578,O0014586,C002834,3,3
RV0037179,O0037197,C001016,3,5
RV0014601,O0014609,C003666,3,3
RV0024821,O0024831,C001623,5,4
RV0046131,O0046157,C000883,4,5
RV0041705,O0041727,C001354,5,3
RV0008676,O0008681,C001220,4,3
RV0047970,O0047998,C003005,4,5
RV0037680,O0037698,C004222,4,5
RV0044053,O0044077,C003125,5,3
RV0025978,O0025988,C002214,4,5
RV0044818,O0044843,C001653,4,3
RV0017421,O0017430,C002293,4,5
RV0048053,O0048081,C004406,3,3
RV0046916,O0046943,C003549,4,4
RV0033516,O0033531,C004540,5,4
RV0023500,O0023510,C001089,3,5
RV0018187,O0018197,C001425,3,4
RV0030758,O0030772,C000214,5,4
RV0021891,O0021901,C004752,5,5
RV0023082,O0023092,C002719,3,4
RV0028139,O0028152,C003866,4,3
RV0025172,O0025182,C004460,4,3
RV0001879,O0001880,C004578,5,4
RV0002614,O0002615,C003881,3,3
RV0049875,O0049905,C002924,3,3
RV0002297,O0002298,C004748,4,3
RV0032841,O0032856,C002453,3,4
RV0041935,O0041957,C000164,4,3
RV0002151,O0002152,C003189,5,3
RV0009863,O0009868,C001114,4,3
RV0004558,O0004559,C000988,4,5
RV0041657,O0041679,C002016,3,3
RV0034417,O0034433,C003178,3,5
RV0002206,O0002207,C002154,4,3
RV0023726,O0023736,C000495,3,3
RV0010001,O0010006,C004299,4,4
RV0039637,O0039658,C004082,5,5
RV0008309,O0008314,C004612,3,5
RV0026592,O0026603,C001010,5,4
RV0022827,O0022837,C002068,3,4
RV0027858,O0027871,C000039,5,3
RV0043770,O0043794,C000987,5,3
RV0046463,O0046490,C000976,5,5
RV0047383,O0047411,C002846,4,5
RV0022163,O0022173,C002252,3,4
RV0003550,O0003551,C002441,3,3
RV0046107,O0046133,C000409,3,4
RV0005123,O0005125,C004267,3,4
RV0018604,O0018614,C001902,4,4
RV0016045,O0016053,C003666,3,3
RV0037296,O0037314,C002977,5,4
RV0032866,O0032881,C002900,5,5
RV0029596,O0029609,C003293,5,3
RV0004881,O0004883,C003743,4,4
RV0008847,O0008852,C002342,5,5
RV0044731,O0044756,C001222,3,3
RV0021773,O0021783,C004159,4,3
RV0048102,O0048130,C003951,3,5
RV0035719,O0035735,C003550,3,3
RV0016706,O0016714,C002415,3,4
RV0047597,O0047625,C004936,5,4
RV0028508,O0028521,C003949,4,3
RV0043306,O0043330,C002381,5,4
RV0039586,O0039607,C003617,4,4
RV0032229,O0032244,C004806,3,5
RV0016990,O0016998,C000353,5,5
RV0035495,O0035511,C000418,5,4
RV0009849,O0009854,C004320,5,3
RV0026278,O0026288,C004341,3,4
RV0031206,O0031220,C000398,4,5
RV0004374,O0004375,C003539,4,3
RV0014202,O0014210,C003885,5,3
RV0046937,O0046964,C001084,4,5
RV0013498,O0013505,C000490,3,4
RV0036822,O0036840,C001670,3,5
RV0046563,O0046590,C000460,4,5
RV0013359,O0013366,C000466,3,3
RV0042774,O0042797,C002666,3,5
RV0030097,O0030110,C001453,3,3
RV0020828,O0020838,C004984,4,3
RV0049430,O0049460,C004103,4,4
RV0017957,O0017967,C000751,5,5
RV0010034,O0010039,C004244,4,5
RV0025707,O0025717,C001964,3,4
RV0048782,O0048810,C000643,4,4
RV0023941,O0023951,C003599,5,3
RV0035720,O0035736,C003311,5,3
RV0014770,O0014778,C001951,3,5
RV0016757,O0016765,C002478,4,3
RV0010690,O0010695,C000820,3,4
RV0012086,O0012093,C004417,5,4
RV0005817,O0005819,C003422,3,5
RV0048639,O0048667,C000531,4,5
RV0011869,O0011876,C003852,4,3
RV0023750,O0023760,C001695,4,3
RV0028162,O0028175,C002686,5,5
RV0013830,O0013837,C003635,3,3
RV0018459,O0018469,C001106,5,4
RV0007550,O0007554,C004461,4,3
RV0041593,O0041615,C000792,5,4
RV0034612,O0034628,C000581,3,5
RV0041922,O0041944,C003453,5,5
RV0022347,O0022357,C003329,3,5
RV0029549,O0029562,C003263,4,4
RV0045675,O0045700,C002269,4,4
RV0009610,O0009615,C001101,5,5
RV0003533,O0003534,C004294,3,4
RV0003837,O0003838,C003861,3,3
RV0024603,O0024613,C000234,5,3
RV0045229,O0045254,C002990,5,5
RV0033144,O0033159,C001043,3,5
RV0032211,O0032226,C002870,5,3
RV0027186,O0027199,C000388,4,3
RV0003613,O0003614,C000727,4,4
RV0000115,O0000116,C001983,3,5
RV0045247,O0045272,C002656,5,3
RV0036678,O0036696,C002226,4,5
RV0007795,O0007800,C001605,4,5
RV0042954,O0042977,C001239,4,3
RV0031227,O0031241,C001007,3,4
RV0019524,O0019534,C001755,3,5
RV0009315,O0009320,C003382,4,4
RV0004031,O0004032,C004953,4,3
RV0000054,O0000055,C003890,5,4
RV0013441,O0013448,C004963,3,3
RV0035913,O0035930,C001194,3,4
RV0049678,O0049708,C003341,3,4
RV0021983,O0021993,C003973,5,5
RV0017938,O0017948,C004742,5,4
RV0030621,O0030634,C000437,3,5
RV0024763,O0024773,C002905,4,4
RV0047503,O0047531,C000091,5,4
RV0010188,O0010193,C003323,5,4
RV0038940,O0038959,C002126,5,5
RV0037675,O0037693,C000436,3,4
RV0041166,O0041188,C001821,3,5
RV0016472,O0016480,C003925,4,5
RV0016585,O0016593,C001670,3,3
RV0014931,O0014939,C004828,3,3
RV0025254,O0025264,C004817,4,3
RV0047211,O0047238,C000461,4,3
RV0011940,O0011947,C000345,3,3
RV0003070,O0003071,C003642,3,3
RV0004862,O0004864,C000630,4,5
RV0021589,O0021599,C000177,3,4
RV0017467,O0017476,C002459,3,3
RV0028566,O0028579,C004374,4,3
RV0038435,O0038453,C001770,5,4
RV0024233,O0024243,C000825,5,3
RV0009161,O0009166,C000248,5,4
RV0026618,O0026629,C004352,5,5
RV0021708,O0021718,C004044,3,5
RV0045173,O0045198,C002690,3,4
RV0033938,O0033953,C000645,5,4
RV0025352,O0025362,C002003,5,3
RV0003185,O0003186,C004969,5,4
RV0033315,O0033330,C004477,3,5
RV0049221,O0049250,C004639,3,3
RV0028171,O0028184,C000348,5,4
RV0044952,O0044977,C001824,4,4
RV0033466,O0033481,C003144,5,5
RV0008874,O0008879,C001308,3,3
RV0011004,O0011010,C001995,3,5
RV0002912,O0002913,C002777,3,5
RV0042553,O0042576,C001334,4,5
RV0020781,O0020791,C000255,5,4
RV0033917,O0033932,C002164,4,5
RV0035253,O0035269,C001026,5,5
RV0046086,O0046112,C001878,3,3
RV0048192,O0048220,C002334,3,4
RV0011248,O0011254,C000665,5,4
RV0026456,O0026466,C002738,4,5
RV0001797,O0001798,C003715,4,5
RV0010366,O0010371,C003115,5,5
RV0018974,O0018984,C002955,5,5
RV0019368,O0019378,C003688,4,4
RV0038112,O0038130,C004699,5,3
RV0031208,O0031222,C000744,5,5
RV0025123,O0025133,C003288,4,5
RV0011290,O0011296,C002504,5,5
RV0014118,O0014126,C004724,5,5
RV0023552,O0023562,C002600,5,3
RV0037231,O0037249,C002744,5,4
RV0019812,O0019822,C003909,4,5
RV0000945,O0000946,C004842,5,4
RV0030205,O0030218,C001658,5,4
RV0008972,O0008977,C003763,4,5
RV0014602,O0014610,C004988,4,4
RV0034968,O0034984,C004520,4,5
RV0010937,O0010943,C004015,5,3
RV0044938,O0044963,C000773,4,5
RV0023839,O0023849,C001287,3,4
RV0003352,O0003353,C003250,4,5
RV0027985,O0027998,C001084,3,5
RV0009872,O0009877,C000523,3,5
RV0038718,O0038737,C001680,5,3
RV0017941,O0017951,C000933,4,4
RV0038475,O0038494,C004847,3,4
RV0014055,O0014063,C000257,4,4
RV0009202,O0009207,C004469,3,3
RV0011566,O0011572,C000306,4,3
RV0002698,O0002699,C004441,4,5
RV0037970,O0037988,C001366,4,4
RV0014395,O0014403,C000604,4,3
RV0036252,O0036270,C003653,3,3
RV0013820,O0013827,C004643,3,5
RV0013845,O0013852,C001232,4,3
RV0048076,O0048104,C001521,5,5
RV0005293,O0005295,C003966,5,3
RV0022101,O0022111,C003040,3,3
RV0037801,O0037819,C003466,3,4
RV0028356,O0028369,C001895,5,4
RV0010851,O0010857,C003398,4,4
RV0044607,O0044632,C004026,4,3
RV0011924,O0011931,C001764,5,4
RV0034672,O0034688,C004906,3,3
RV0034789,O0034805,C001363,5,3
RV0026295,O0026305,C004156,4,4
RV0032526,O0032541,C004954,4,3
RV0003963,O0003964,C001636,3,5
RV0030905,O0030919,C004427,3,5
RV0048832,O0048860,C004856,4,5
RV0041460,O0041482,C003485,5,3
RV0007125,O0007128,C001865,3,3
RV0039180,O0039200,C000345,5,4
RV0011305,O0011311,C002538,4,5
RV0034505,O0034521,C002582,5,4
RV0013829,O0013836,C000469,3,3
RV0017882,O0017892,C001461,3,3
RV0029431,O0029444,C003531,3,5
RV0015688,O0015696,C000423,5,3
RV0024490,O0024500,C003538,3,4
RV0013770,O0013777,C004738,3,4
RV0007691,O0007695,C004229,3,5
RV0043797,O0043821,C003900,5,4
RV0011073,O0011079,C002895,4,3
RV0042201,O0042223,C000184,5,4
RV0024041,O0024051,C002611,4,3
RV0010935,O0010941,C001824,3,4
RV0023098,O0023108,C003383,5,5
RV0007053,O0007056,C000205,3,3
RV0010923,O0010929,C000209,5,4
RV0037237,O0037255,C001109,5,3
RV0041628,O0041650,C003735,3,3
RV0030765,O0030779,C001734,5,5
RV0015756,O0015764,C000267,4,5
RV0045227,O0045252,C002776,5,5
RV0036680,O0036698,C001850,3,4
RV0012840,O0012847,C000133,5,3
RV0025524,O0025534,C000420,3,3
RV0031092,O0031106,C002335,3,4
RV0043552,O0043576,C000558,4,5
RV0044867,O0044892,C004026,3,3
RV0030495,O0030508,C000727,4,3
RV0024356,O0024366,C002109,3,5
RV0038668,O0038687,C003351,4,4
RV0001340,O0001341,C001437,5,4
RV0023997,O0024007,C004016,5,4
RV0014560,O0014568,C000261,3,5
RV0043089,O0043113,C004388,3,3
RV0015794,O0015802,C002338,3,3
RV0043571,O0043595,C004746,4,3
RV0015955,O0015963,C000940,5,4
RV0016340,O0016348,C004219,3,5
RV0022688,O0022698,C004779,3,4
RV0025139,O0025149,C003456,3,3
RV0023586,O0023596,C002138,5,4
RV0015669,O0015677,C002236,3,3
RV0029386,O0029399,C003584,4,5
RV0013537,O0013544,C001281,3,5
RV0025802,O0025812,C001309,4,5
RV0017760,O0017769,C001320,4,5
RV0013044,O0013051,C000493,3,4
RV0005290,O0005292,C002180,3,3
RV0047386,O0047414,C004367,5,4
RV0026449,O0026459,C001495,3,3
RV0034976,O0034992,C003851,3,3
RV0031268,O0031282,C003020,3,5
RV0013341,O0013348,C002656,4,3
RV0020592,O0020602,C002166,3,4
RV0039077,O0039097,C004919,3,3
RV0022885,O0022895,C003231,3,4
RV0020734,O0020744,C002379,5,4
RV0012614,O0012621,C000464,4,3
RV0048251,O0048279,C002081,4,5
RV0032665,O0032680,C004067,5,3
RV0024925,O0024935,C002312,5,4
RV0017739,O0017748,C000841,4,5
RV0005072,O0005074,C000663,5,5
RV0030904,O0030918,C004219,4,4
RV0025365,O0025375,C001630,5,3
RV0000688,O0000689,C000001,4,4
RV0005761,O0005763,C004728,4,5
RV0025152,O0025162,C004475,4,4
RV0033914,O0033929,C004737,5,5
RV0019913,O0019923,C000983,3,5
RV0033713,O0033728,C000371,5,5
RV0026227,O0026237,C000920,3,3
RV0014705,O0014713,C004729,5,4
RV0040090,O0040111,C001382,3,3
RV0042376,O0042398,C004837,4,3
RV0017981,O0017991,C003186,5,5
RV0042073,O0042095,C001111,5,4
RV0040180,O0040201,C002965,3,4
RV0036684,O0036702,C003737,4,5
RV0045598,O0045623,C000631,5,4
RV0010958,O0010964,C000958,5,3
RV0026944,O0026955,C001295,5,4
RV0041020,O0041042,C002913,3,3
RV0022143,O0022153,C004223,5,5
RV0010191,O0010196,C000306,4,3
RV0027279,O0027292,C003330,4,4
RV0033587,O0033602,C004345,3,4
RV0018878,O0018888,C002420,4,3
RV0008616,O0008621,C004657,3,5
RV0008580,O0008585,C002354,4,4
RV0008299,O0008304,C003935,3,3
RV0015843,O0015851,C000984,4,4
RV0046608,O0046635,C000511,3,3
RV0046983,O0047010,C000860,4,5
RV0030779,O0030793,C002187,3,4
RV0012436,O0012443,C004118,5,5
RV0040642,O0040664,C004407,3,3
RV0025597,O0025607,C001523,5,3
RV0046373,O0046400,C000356,4,5
RV0010806,O0010812,C004747,4,5
RV0001861,O0001862,C004760,5,5
RV0014102,O0014110,C003950,5,3
RV0037499,O0037517,C003549,3,3
RV0021185,O0021195,C002292,5,3
RV0047561,O0047589,C004006,4,3
RV0019779,O0019789,C001732,4,3
RV0032110,O0032125,C001420,3,4
RV0003450,O0003451,C000033,4,4
RV0037907,O0037925,C001444,5,3
RV0037377,O0037395,C003730,4,5
RV0002930,O0002931,C004040,3,4
RV0032343,O0032358,C004298,3,5
RV0023672,O0023682,C004033,3,5
RV0040112,O0040133,C004621,3,3
RV0024404,O0024414,C000071,4,4
RV0024020,O0024030,C002926,5,5
RV0012381,O0012388,C004435,3,3
RV0034481,O0034497,C000543,5,3
RV0004464,O0004465,C003945,3,3
RV0031397,O0031411,C001522,3,4
RV0048327,O0048355,C001208,5,5
RV0014911,O0014919,C003535,4,5
RV0003739,O0003740,C002023,3,3
RV0041009,O0041031,C001752,4,3
RV0025144,O0025154,C000899,3,3
RV0025700,O0025710,C004444,4,4
RV0048254,O0048282,C004591,5,3
RV0029731,O0029744,C000626,4,4
RV0013030,O0013037,C004003,4,3
RV0013103,O0013110,C003299,4,4
RV0042250,O0042272,C000760,5,5
RV0009717,O0009722,C003525,3,5
RV0022562,O0022572,C002554,3,5
RV0033514,O0033529,C004102,5,5
RV0018731,O0018741,C002782,4,4
RV0003624,O0003625,C000282,4,3
RV0010902,O0010908,C001234,3,4
RV0000166,O0000167,C000468,5,4
RV0027411,O0027424,C004204,3,5
RV0033186,O0033201,C003780,3,5
RV0009585,O0009590,C001969,5,4
RV0002226,O0002227,C000261,4,4
RV0002534,O0002535,C003044,5,4
RV0006369,O0006371,C002382,4,5
RV0003336,O0003337,C003379,4,4
RV0008298,O0008303,C004314,3,4
RV0026479,O0026490,C002792,3,4
RV0016938,O0016946,C004398,3,5
RV0014368,O0014376,C003188,4,3
RV0037248,O0037266,C003884,3,3
RV0005663,O0005665,C004719,5,5
RV0022252,O0022262,C003387,4,5
RV0009099,O0009104,C001977,4,5
RV0030778,O0030792,C004072,3,3
RV0038767,O0038786,C002772,4,4
RV0031994,O0032009,C000003,3,5
RV0036361,O0036379,C002830,3,5
RV0041958,O0041980,C003421,4,5
RV0011809,O0011816,C000682,4,4
RV0039985,O0040006,C001343,4,4
RV0048485,O0048513,C003456,5,5
RV0030357,O0030370,C003671,4,3
RV0008778,O0008783,C004437,3,5
RV0028059,O0028072,C002332,5,4
RV0044572,O0044597,C003216,5,5
RV0043055,O0043079,C000692,4,4
RV0048203,O0048231,C004118,3,5
RV0047640,O0047668,C002882,3,5
RV0002727,O0002728,C000729,3,3
RV0006913,O0006916,C002092,3,3
RV0017253,O0017262,C001999,3,4
RV0048896,O0048924,C000189,3,3
RV0045403,O0045428,C003829,3,5
RV0020948,O0020958,C001129,4,3
RV0031716,O0031730,C001262,5,4
RV0048056,O0048084,C002776,4,5
RV0003182,O0003183,C000707,5,4
RV0018535,O0018545,C001177,5,5
RV0016093,O0016101,C003290,3,3
RV0002412,O0002413,C004373,5,4
RV0020941,O0020951,C003572,3,4
RV0010199,O0010204,C004129,4,3
RV0019722,O0019732,C000718,4,5
RV0027850,O0027863,C004436,5,3
RV0014212,O0014220,C003257,5,3
RV0027001,O0027012,C002211,3,5
RV0043731,O0043755,C003086,4,5
RV0003173,O0003174,C004881,4,4
RV0025100,O0025110,C004792,5,5
RV0026648,O0026659,C000663,3,3
RV0003807,O0003808,C003564,4,5
RV0020791,O0020801,C001863,3,4
RV0011041,O0011047,C002330,4,3
RV0034756,O0034772,C002480,4,4
RV0040654,O0040676,C000451,4,5
RV0015833,O0015841,C001198,5,3
RV0015012,O0015020,C001625,4,5
RV0025191,O0025201,C001722,3,4
RV0033888,O0033903,C002515,4,3
RV0039510,O0039531,C001728,3,3
RV0049954,O0049984,C001877,4,3
RV0043036,O0043060,C002532,4,3
RV0027170,O0027183,C000353,5,5
RV0024149,O0024159,C003940,5,5
RV0040348,O0040369,C004370,3,5
RV0022118,O0022128,C001645,5,3
RV0016400,O0016408,C000395,3,5
RV0005022,O0005024,C004697,5,3
RV0027891,O0027904,C000029,5,3
RV0008863,O0008868,C000192,4,5
RV0000606,O0000607,C001474,3,4
RV0014870,O0014878,C004566,3,5
RV0028986,O0028999,C001981,5,4
RV0020658,O0020668,C004667,5,4
RV0046142,O0046168,C002617,3,4
RV0011080,O0011086,C004948,3,4
RV0045443,O0045468,C004394,5,3
RV0024231,O0024241,C004768,4,4
RV0008743,O0008748,C003020,5,3
RV0048305,O0048333,C004630,5,4
RV0000856,O0000857,C004339,4,5
RV0001926,O0001927,C003777,5,3
RV0014581,O0014589,C004036,3,5
RV0048569,O0048597,C002322,3,3
RV0026000,O0026010,C000484,4,5
RV0008785,O0008790,C001248,5,3
RV0019152,O0019162,C000717,3,3
RV0027817,O0027830,C002016,5,5
RV0009402,O0009407,C001673,4,3
RV0017017,O0017025,C004885,5,4
RV0030864,O0030878,C004385,4,5
RV0000044,O0000045,C004638,4,3
RV0043599,O0043623,C002364,4,3
RV0043236,O0043260,C004657,5,4
RV0023566,O0023576,C002916,5,3
RV0031841,O0031855,C004893,4,4
RV0011861,O0011868,C000190,3,4
RV0034499,O0034515,C000610,3,5
RV0039258,O0039278,C003542,3,5
RV0004604,O0004605,C004875,4,3
RV0005816,O0005818,C002224,5,3
RV0019729,O0019739,C000922,5,5
RV0042961,O0042984,C002008,4,3
RV0013170,O0013177,C003592,3,5
RV0015492,O0015500,C000868,5,4
RV0036130,O0036148,C001245,5,4
RV0035770,O0035786,C000865,3,3
RV0006435,O0006438,C000124,3,5
RV0048946,O0048974,C001875,5,4
RV0035619,O0035635,C000738,4,3
RV0019742,O0019752,C002772,3,5
RV0031595,O0031609,C002362,3,3
RV0034613,O0034629,C000003,4,4
RV0024776,O0024786,C003808,5,5
RV0044090,O0044114,C003039,5,4
RV0038550,O0038569,C001485,3,3
RV0002051,O0002052,C000234,4,5
RV0001025,O0001026,C000258,3,5
RV0042731,O0042754,C004071,4,4
RV0003073,O0003074,C001364,5,5
RV0009467,O0009472,C002544,4,5
RV0019481,O0019491,C000748,4,3
RV0031942,O0031957,C002532,5,3
RV0039944,O0039965,C003097,4,4
RV0006881,O0006884,C003192,3,5
RV0043673,O0043697,C001013,4,5
RV0007884,O0007889,C001523,3,4
RV0031505,O0031519,C002157,3,3
RV0000535,O0000536,C001251,4,5
RV0049943,O0049973,C003775,3,3
RV0018648,O0018658,C001249,5,5
RV0017616,O0017625,C000874,4,3
RV0010053,O0010058,C004615,3,3
RV0008823,O0008828,C002137,4,5
RV0003796,O0003797,C000129,4,4
RV0010244,O0010249,C001250,5,4
RV0003926,O0003927,C001330,3,3
RV0032566,O0032581,C004378,5,4
RV0005597,O0005599,C004837,3,4
RV0001573,O0001574,C002891,3,5
RV0012339,O0012346,C003346,3,3
RV0007343,O0007346,C001428,4,3
RV0024195,O0024205,C001057,4,5
RV0014142,O0014150,C000510,4,3
RV0039675,O0039696,C002258,3,4
RV0017899,O0017909,C003318,5,4
RV0032831,O0032846,C003760,5,5
RV0046589,O0046616,C002800,5,3
RV0014570,O0014578,C004476,4,4
RV0049787,O0049817,C000787,3,4
RV0028130,O0028143,C001416,4,3
RV0010296,O0010301,C000628,5,5
RV0036283,O0036301,C001195,3,3
RV0027176,O0027189,C004530,5,4
RV0013805,O0013812,C004216,4,3
RV0027635,O0027648,C000849,4,4
RV0047951,O0047979,C001899,3,5
RV0022450,O0022460,C000673,4,3
RV0009257,O0009262,C004295,4,5
RV0011047,O0011053,C003542,5,5
RV0048099,O0048127,C003942,5,4
RV0031219,O0031233,C003963,5,4
RV0016760,O0016768,C003456,4,5
RV0008819,O0008824,C002343,4,5
RV0031834,O0031848,C000015,3,3
RV0033446,O0033461,C003821,5,4
RV0037717,O0037735,C000719,5,5
RV0042086,O0042108,C003971,4,4
RV0017151,O0017159,C003141,5,5
RV0013948,O0013956,C001515,3,3
RV0005050,O0005052,C004230,5,3
RV0040300,O0040321,C003892,4,5
RV0009216,O0009221,C003103,3,4
RV0021460,O0021470,C000385,5,4
RV0035922,O0035939,C002525,3,4
RV0012402,O0012409,C003790,4,4
RV0044694,O0044719,C003451,4,4
RV0022659,O0022669,C001755,5,4
RV0029484,O0029497,C000709,5,3
RV0028909,O0028922,C004546,5,4
RV0004954,O0004956,C003214,5,5
RV0043046,O0043070,C004237,4,3
RV0026748,O0026759,C004942,3,4
RV0049873,O0049903,C004109,4,4
RV0046451,O0046478,C004254,4,3
RV0013193,O0013200,C000951,4,4
RV0029279,O0029292,C004107,5,4
RV0038053,O0038071,C003733,4,5
RV0027906,O0027919,C004158,3,3
RV0021108,O0021118,C004209,3,3
RV0028416,O0028429,C004023,3,3
RV0019507,O0019517,C002060,5,4
RV0036554,O0036572,C003792,4,4
RV0028613,O0028626,C001967,4,5
RV0042734,O0042757,C000994,5,3
RV0045297,O0045322,C001283,3,3
RV0001739,O0001740,C004923,3,5
RV0044188,O0044212,C000398,5,5
RV0030466,O0030479,C003994,3,3
RV0029983,O0029996,C001330,4,3
RV0008203,O0008208,C001106,4,3
RV0022088,O0022098,C000084,4,4
RV0010256,O0010261,C000520,5,5
RV0022457,O0022467,C000069,4,4
RV0016611,O0016619,C004138,4,4
RV0023151,O0023161,C004407,3,5
RV0035977,O0035994,C003033,5,5
RV0039803,O0039824,C004814,5,3
RV0037323,O0037341,C002922,5,5
RV0026440,O0026450,C002382,3,3
RV0032030,O0032045,C003656,4,4
RV0003429,O0003430,C002285,4,3
RV0005248,O0005250,C000978,5,4
RV0038025,O0038043,C001842,3,3
RV0046942,O0046969,C004217,3,5
RV0049675,O0049705,C001844,5,4
RV0005884,O0005886,C001788,4,4
RV0045082,O0045107,C001943,5,3
RV0025305,O0025315,C001507,4,3
RV0016697,O0016705,C000546,5,3
RV0013978,O0013986,C004251,5,4
RV0030190,O0030203,C004766,3,5
RV0025793,O0025803,C000251,5,5
RV0019210,O0019220,C002140,5,3
RV0009800,O0009805,C004372,3,3
RV0042777,O0042800,C000509,3,4
RV0033820,O0033835,C002876,3,5
RV0007513,O0007517,C004514,4,4
RV0042629,O0042652,C002010,4,5
RV0040432,O0040453,C001759,4,3
RV0023391,O0023401,C003925,3,5
RV0003059,O0003060,C000499,4,3
RV0017475,O0017484,C004997,3,5
RV0040915,O0040937,C004274,3,5
RV0044431,O0044455,C001427,4,3
RV0006711,O0006714,C002853,4,3
RV0003433,O0003434,C003777,3,3
RV0004044,O0004045,C000659,5,4
RV0030965,O0030979,C000077,4,4
RV0013572,O0013579,C002369,4,4
RV0042510,O0042533,C004498,5,3
RV0026154,O0026164,C001865,4,3
RV0018926,O0018936,C004648,3,4
RV0012291,O0012298,C002039,4,4
RV0031210,O0031224,C000063,4,4
RV0029914,O0029927,C004707,4,3
RV0002897,O0002898,C003784,3,4
RV0033527,O0033542,C000040,5,5
RV0014225,O0014233,C001761,3,3
RV0007784,O0007789,C003664,4,5
RV0040974,O0040996,C002783,4,5
RV0008917,O0008922,C001275,5,5
RV0012810,O0012817,C002696,4,3
RV0013599,O0013606,C004404,4,4
RV0023160,O0023170,C004447,4,5
RV0023304,O0023314,C004306,5,3
RV0048298,O0048326,C002681,3,3
RV0039501,O0039522,C000868,5,4
RV0027429,O0027442,C000574,3,4
RV0028811,O0028824,C004537,4,3
RV0000974,O0000975,C003675,5,3
RV0014905,O0014913,C000295,3,3
RV0022210,O0022220,C000104,4,4
RV0015455,O0015463,C001623,5,3
RV0042445,O0042468,C003933,3,3
RV0036038,O0036056,C004638,3,5
RV0000620,O0000621,C001192,5,5
RV0031714,O0031728,C003361,3,3
RV0003597,O0003598,C004527,4,5
RV0009952,O0009957,C000532,5,5
RV0021321,O0021331,C004507,5,4
RV0038918,O0038937,C001614,3,5
RV0005418,O0005420,C002850,4,4
RV0045147,O0045172,C004907,5,5
RV0033570,O0033585,C003324,4,4
RV0038003,O0038021,C000552,5,5
RV0035876,O0035892,C002580,5,5
RV0039744,O0039765,C004808,3,3
RV0048496,O0048524,C002523,5,3
RV0016022,O0016030,C000864,4,3
RV0047167,O0047194,C004378,5,4
RV0036279,O0036297,C000059,5,4
RV0022617,O0022627,C000241,5,5
RV0002028,O0002029,C004619,4,5
RV0012544,O0012551,C001325,4,5
RV0045456,O0045481,C001029,5,3
RV0028821,O0028834,C002653,3,5
RV0030658,O0030671,C003092,3,5
RV0031549,O0031563,C003231,3,4
RV0023735,O0023745,C001314,4,5
RV0003763,O0003764,C002216,3,4
RV0011007,O0011013,C004558,5,4
RV0033974,O0033989,C004743,4,5
RV0017477,O0017486,C003140,5,4
RV0040531,O0040553,C004937,5,5
RV0007280,O0007283,C004362,3,3
RV0015416,O0015424,C004747,3,5
RV0045157,O0045182,C002543,5,5
RV0036420,O0036438,C003292,4,5
RV0021912,O0021922,C004380,3,3
RV0015446,O0015454,C001550,4,4
RV0002512,O0002513,C003841,3,4
RV0004852,O0004854,C002894,3,4
RV0020467,O0020477,C002987,3,3
RV0040960,O0040982,C001066,4,5
RV0033960,O0033975,C000872,3,5
RV0015571,O0015579,C002006,3,5
RV0023640,O0023650,C000518,3,4
RV0024887,O0024897,C000401,3,3
RV0042580,O0042603,C002749,5,4
RV0033032,O0033047,C003993,3,4
RV0035621,O0035637,C001146,4,3
RV0024630,O0024640,C002570,3,5
RV0035412,O0035428,C000240,4,3
RV0015139,O0015147,C000645,4,5
RV0044180,O0044204,C002085,5,3
RV0011655,O0011661,C004860,4,3
RV0006706,O0006709,C002270,5,5
RV0004570,O0004571,C002310,5,4
RV0039792,O0039813,C002736,3,5
RV0040659,O0040681,C000053,5,3
RV0013677,O0013684,C002133,4,5
RV0007197,O0007200,C004867,4,3
RV0017918,O0017928,C000371,4,4
RV0029029,O0029042,C004108,4,4
RV0049691,O0049721,C004963,5,3
RV0041947,O0041969,C000094,3,3
RV0012406,O0012413,C001655,5,3
RV0009639,O0009644,C004016,5,3
RV0007453,O0007457,C001393,4,5
RV0035902,O0035918,C003303,5,3
RV0027435,O0027448,C003161,5,3
RV0000102,O0000103,C001956,3,5
RV0017282,O0017291,C000698,5,5
RV0028728,O0028741,C002286,3,3
RV0013885,O0013892,C003978,3,4
RV0001722,O0001723,C001046,5,5
RV0017178,O0017186,C000144,5,3
RV0039718,O0039739,C000399,5,5
RV0018360,O0018370,C003639,3,3
RV0035513,O0035529,C001037,4,5
RV0035928,O0035945,C001018,3,4
RV0041676,O0041698,C004198,5,3
RV0042007,O0042029,C002457,4,4
RV0045276,O0045301,C002738,5,5
RV0048812,O0048840,C001385,5,3
RV0025646,O0025656,C003376,4,5
RV0020009,O0020019,C003598,4,3
RV0043045,O0043069,C000688,4,4
RV0024116,O0024126,C000762,4,5
RV0008581,O0008586,C004851,5,5
RV0045796,O0045822,C003072,5,3
RV0043353,O0043377,C003249,4,3
RV0009700,O0009705,C000830,3,5
RV0042680,O0042703,C001632,4,5
RV0021694,O0021704,C004998,3,5
RV0038092,O0038110,C001711,3,5
RV0039453,O0039474,C004440,5,3
RV0010272,O0010277,C004803,4,4
RV0016004,O0016012,C002787,3,5
RV0028871,O0028884,C004650,5,4
RV0013707,O0013714,C002292,4,3
RV0033230,O0033245,C000934,3,3
RV0019988,O0019998,C000853,5,4
RV0029616,O0029629,C001195,3,4
RV0000920,O0000921,C002843,5,3
RV0000805,O0000806,C004611,3,4
RV0048381,O0048409,C000965,5,3
RV0012159,O0012166,C001927,5,3
RV0032437,O0032452,C002765,4,4
RV0037426,O0037444,C004339,5,3
RV0013483,O0013490,C002755,3,4
RV0040358,O0040379,C003688,3,5
RV0034478,O0034494,C004574,4,4
RV0033681,O0033696,C001590,5,5
RV0038587,O0038606,C003366,5,3
RV0024475,O0024485,C000947,4,3
RV0023922,O0023932,C002799,5,4
RV0035994,O0036011,C003385,4,3
RV0031626,O0031640,C000235,4,4
RV0049588,O0049618,C003943,4,4
RV0018629,O0018639,C003812,4,4
RV0021857,O0021867,C004798,4,3
RV0001153,O0001154,C001389,4,3
RV0021944,O0021954,C000597,4,4
RV0031544,O0031558,C003678,5,4
RV0019889,O0019899,C004506,5,3
RV0032472,O0032487,C002836,5,4
RV0003097,O0003098,C001977,4,4
RV0023785,O0023795,C001893,3,4
RV0044748,O0044773,C000830,4,5
RV0025120,O0025130,C001466,5,5
RV0042550,O0042573,C003278,5,5
RV0016219,O0016227,C004071,5,5
RV0036296,O0036314,C001327,5,5
RV0004489,O0004490,C003750,4,5
RV0032653,O0032668,C002726,5,5
RV0030377,O0030390,C003583,3,4
RV0004476,O0004477,C003824,4,3
RV0030710,O0030723,C004225,4,4
RV0003072,O0003073,C003929,4,3
RV0043913,O0043937,C000073,3,4
RV0007527,O0007531,C001014,3,4
RV0018944,O0018954,C002868,4,4
RV0045287,O0045312,C003274,3,5
RV0029623,O0029636,C004714,3,3
RV0001880,O0001881,C000847,3,5
RV0043441,O0043465,C000696,3,3
RV0012729,O0012736,C004492,4,5
RV0029107,O0029120,C002688,3,3
RV0047940,O0047968,C001946,4,3
RV0002998,O0002999,C004816,3,4
RV0010899,O0010905,C001594,3,4
RV0008714,O0008719,C004402,5,4
RV0016058,O0016066,C002126,5,5
RV0045159,O0045184,C002789,3,4
RV0018426,O0018436,C000461,5,3
RV0020110,O0020120,C002676,3,5
RV0013447,O0013454,C000026,4,3
RV0004966,O0004968,C000626,4,3
RV0047004,O0047031,C000457,5,5
RV0042041,O0042063,C003598,3,4
RV0012636,O0012643,C000382,5,5
RV0033343,O0033358,C004631,4,3
RV0011058,O0011064,C001532,3,5
RV0006945,O0006948,C002417,4,3
RV0019686,O0019696,C000754,3,5
RV0032156,O0032171,C002776,5,4
RV0004465,O0004466,C001552,3,5
RV0038863,O0038882,C000173,3,4
RV0005905,O0005907,C001498,3,5
RV0003974,O0003975,C001753,4,4
RV0044335,O0044359,C000803,3,4
RV0033936,O0033951,C000589,3,3
RV0004385,O0004386,C000527,5,4
RV0025904,O0025914,C001030,5,3
RV0037264,O0037282,C002092,4,4
RV0039866,O0039887,C001446,3,4
RV0020591,O0020601,C001726,5,4
RV0025894,O0025904,C001542,3,5
RV0001775,O0001776,C002958,3,4
RV0040967,O0040989,C003170,4,5
RV0047046,O0047073,C003598,5,5
RV0021892,O0021902,C003244,4,4
RV0011375,O0011381,C004662,5,4
RV0023170,O0023180,C000756,4,4
RV0046512,O0046539,C003602,3,5
RV0003877,O0003878,C000102,4,4
RV0005493,O0005495,C002853,5,5
RV0019121,O0019131,C000130,3,4
RV0010193,O0010198,C000817,3,3
RV0022232,O0022242,C004738,3,5
RV0028293,O0028306,C002335,5,4
RV0008503,O0008508,C002463,3,3
RV0040971,O0040993,C003042,4,4
RV0000057,O0000058,C000638,4,4
RV0049455,O0049485,C003092,5,3
RV0012319,O0012326,C001015,5,3
RV0019009,O0019019,C000464,5,5
RV0038217,O0038235,C004675,3,5
RV0026110,O0026120,C003732,5,3
RV0029893,O0029906,C001213,3,4
RV0037324,O0037342,C004238,3,4
RV0043855,O0043879,C000778,3,5
RV0017744,O0017753,C002438,5,4
RV0041133,O0041155,C002911,5,4
RV0013884,O0013891,C003336,4,5
RV0043565,O0043589,C003394,5,3
RV0011615,O0011621,C003890,3,4
RV0040209,O0040230,C004679,5,4
RV0041659,O0041681,C001307,3,5
RV0047946,O0047974,C002008,5,5
RV0009913,O0009918,C001370,3,5
RV0015448,O0015456,C003831,4,4
RV0013357,O0013364,C001010,3,3
RV0042567,O0042590,C004913,5,3
RV0022240,O0022250,C001360,4,5
RV0040661,O0040683,C001256,4,3
RV0019955,O0019965,C000234,5,3
RV0016073,O0016081,C003955,4,5
RV0038920,O0038939,C004099,3,5
RV0038992,O0039011,C000581,3,5
RV0003649,O0003650,C003594,3,4
RV0017268,O0017277,C004952,5,4
RV0023652,O0023662,C004441,5,4
RV0049120,O0049149,C003223,3,5
RV0035705,O0035721,C002940,5,4
RV0016926,O0016934,C002233,4,5
RV0009014,O0009019,C004227,3,4
RV0012610,O0012617,C004131,3,4
RV0026339,O0026349,C000236,4,3
RV0004226,O0004227,C003783,4,5
RV0001862,O0001863,C001143,4,3
RV0004836,O0004838,C000634,3,4
RV0001272,O0001273,C003682,4,5
RV0003906,O0003907,C001264,4,4
RV0036440,O0036458,C000689,4,5
RV0002562,O0002563,C002467,4,3
RV0000735,O0000736,C000597,5,3
RV0037120,O0037138,C003745,4,3
RV0022953,O0022963,C002053,5,3
RV0017885,O0017895,C000178,4,3
RV0023133,O0023143,C003406,4,4
RV0009713,O0009718,C004636,5,3
RV0011604,O0011610,C001296,3,3
RV0032122,O0032137,C003175,4,4
RV0047334,O0047362,C002437,4,4
RV0000084,O0000085,C003603,3,5
RV0005013,O0005015,C002914,3,3
RV0043881,O0043905,C002671,5,3
RV0020158,O0020168,C003502,3,4
RV0045934,O0045960,C002224,3,5
RV0011646,O0011652,C003106,5,4
RV0008607,O0008612,C002917,5,5
RV0031291,O0031305,C001470,5,5
RV0032938,O0032953,C001655,4,5
RV0047987,O0048015,C003715,5,5
RV0002736,O0002737,C004909,4,5
RV0049131,O0049160,C000951,5,3
RV0044610,O0044635,C002194,5,4
RV0010128,O0010133,C001071,4,4
RV0036696,O0036714,C003322,4,5
RV0013343,O0013350,C004949,4,3
RV0034322,O0034337,C004715,5,4
RV0000149,O0000150,C002552,5,3
RV0023667,O0023677,C002435,5,4
RV0009380,O0009385,C003075,4,3
RV0038570,O0038589,C000650,4,4
RV0024903,O0024913,C003438,3,4
RV0013860,O0013867,C001595,5,4
RV0000553,O0000554,C001544,3,3
RV0036623,O0036641,C001018,5,3
RV0028267,O0028280,C000301,4,4
RV0042796,O0042819,C000663,5,3
RV0028603,O0028616,C000244,3,5
RV0040813,O0040835,C001438,5,3
RV0048210,O0048238,C003116,3,3
RV0029775,O0029788,C001973,5,4
RV0048011,O0048039,C001251,4,3
RV0021717,O0021727,C000685,4,5
RV0030556,O0030569,C002859,3,5
RV0033526,O0033541,C004098,4,3
RV0035193,O0035209,C001359,5,4
RV0039992,O0040013,C002458,4,4
RV0037655,O0037673,C003968,3,4
RV0020694,O0020704,C003158,3,5
RV0000356,O0000357,C004892,5,4
RV0004587,O0004588,C002948,5,3
RV0036817,O0036835,C004309,3,4
RV0039861,O0039882,C002386,5,3
RV0032610,O0032625,C002344,4,5
RV0047405,O0047433,C002227,3,5
RV0044935,O0044960,C003737,3,5
RV0044576,O0044601,C004894,3,4
RV0035455,O0035471,C000027,4,3
RV0009688,O0009693,C001408,3,3
RV0018651,O0018661,C003511,5,5
RV0002267,O0002268,C001607,4,4
RV0034117,O0034132,C000912,3,4
RV0018499,O0018509,C001497,4,3
RV0020161,O0020171,C000270,5,5
RV0003879,O0003880,C004525,4,5
RV0026933,O0026944,C002628,4,5
RV0039912,O0039933,C001001,5,4
RV0001745,O0001746,C004500,5,4
RV0032631,O0032646,C002648,5,5
RV0023451,O0023461,C001094,4,4
RV0041493,O0041515,C001960,3,4
RV0006964,O0006967,C003688,3,3
RV0019851,O0019861,C001392,4,4
RV0046291,O0046318,C000096,3,3
RV0041057,O0041079,C002245,3,5
RV0040873,O0040895,C001114,4,4
RV0048398,O0048426,C000118,4,3
RV0004973,O0004975,C000647,4,3
RV0026828,O0026839,C003894,5,5
RV0033728,O0033743,C002403,5,4
RV0029822,O0029835,C000168,5,4
RV0020645,O0020655,C003725,5,5
RV0027365,O0027378,C001879,3,4
RV0047885,O0047913,C001269,4,3
RV0004549,O0004550,C001377,5,4
RV0047158,O0047185,C000262,5,3
RV0048673,O0048701,C004977,3,4
RV0030196,O0030209,C001553,3,4
RV0007977,O0007982,C004275,5,4
RV0012770,O0012777,C002449,3,4
RV0030900,O0030914,C004333,4,3
RV0042321,O0042343,C001327,5,5
RV0008207,O0008212,C000738,3,3
RV0037386,O0037404,C002548,5,4
RV0034653,O0034669,C002006,3,3
RV0018802,O0018812,C002488,4,5
RV0040204,O0040225,C003519,5,5
RV0002488,O0002489,C003287,4,4
RV0011603,O0011609,C003596,4,3
RV0022196,O0022206,C003820,3,5
RV0022120,O0022130,C001839,4,3
RV0017489,O0017498,C003546,5,3
RV0028536,O0028549,C004824,3,5
RV0035118,O0035134,C003308,3,4
RV0005064,O0005066,C004859,5,3
RV0019088,O0019098,C002235,5,3
RV0046831,O0046858,C002838,5,5
RV0033211,O0033226,C002531,5,5
RV0019817,O0019827,C001065,5,5
RV0028983,O0028996,C003399,3,5
RV0045571,O0045596,C002394,5,3
RV0042135,O0042157,C000734,5,5
RV0047976,O0048004,C003958,5,4
RV0000218,O0000219,C001673,3,4
RV0032962,O0032977,C000989,5,4
RV0014902,O0014910,C000082,5,3
RV0001314,O0001315,C003772,3,5
RV0037365,O0037383,C002960,4,5
RV0024984,O0024994,C001447,4,3
RV0002655,O0002656,C004511,4,3
RV0049031,O0049059,C000474,4,5
RV0041064,O0041086,C000895,5,4
RV0020508,O0020518,C000331,5,4
RV0042360,O0042382,C004968,3,5
RV0022487,O0022497,C003784,5,4
RV0004451,O0004452,C003823,4,5
RV0035019,O0035035,C002388,4,3
RV0046434,O0046461,C000475,4,3
RV0005412,O0005414,C001937,5,5
RV0040681,O0040703,C004530,3,3
RV0048562,O0048590,C003037,5,5
RV0037542,O0037560,C000333,3,3
RV0017763,O0017772,C000307,5,4
RV0005180,O0005182,C003062,5,5
RV0046713,O0046740,C000919,5,5
RV0023430,O0023440,C002540,4,4
RV0025110,O0025120,C002702,5,5
RV0035360,O0035376,C004211,5,4
RV0036222,O0036240,C001414,3,4
RV0037515,O0037533,C002843,3,4
RV0041086,O0041108,C004080,5,4
RV0043124,O0043148,C004244,5,4
RV0028323,O0028336,C004654,3,5
RV0043364,O0043388,C002902,3,4
RV0030824,O0030838,C004589,5,3
RV0004099,O0004100,C004660,3,3
RV0025649,O0025659,C003609,3,5
RV0043591,O0043615,C004287,4,3
RV0007131,O0007134,C001975,4,3
RV0020032,O0020042,C003036,4,5
RV0021318,O0021328,C002374,3,4
RV0006609,O0006612,C002846,4,5
RV0027823,O0027836,C001046,5,3
RV0007728,O0007733,C004596,4,4
RV0007004,O0007007,C003198,4,4
RV0004767,O0004769,C001451,5,3
RV0025852,O0025862,C003728,4,3
RV0005945,O0005947,C002046,3,4
RV0005587,O0005589,C002638,4,3
RV0043445,O0043469,C004320,5,4
RV0018823,O0018833,C000578,4,3
RV0000675,O0000676,C003060,4,5
RV0038585,O0038604,C000426,4,4
RV0030789,O0030803,C001211,3,5
RV0005019,O0005021,C004438,3,4
RV0039841,O0039862,C002748,4,5
RV0024136,O0024146,C000506,4,4
RV0021367,O0021377,C004640,5,5
RV0031152,O0031166,C003503,4,3
RV0048133,O0048161,C000780,5,4
RV0023134,O0023144,C004181,3,4
RV0039931,O0039952,C000874,3,4
RV0045868,O0045894,C002317,4,5
RV0047177,O0047204,C001650,5,3
RV0038364,O0038382,C000370,5,4
RV0004334,O0004335,C004415,3,5
RV0049547,O0049577,C001191,4,3
RV0021933,O0021943,C003599,4,5
RV0028370,O0028383,C004628,3,3
RV0029551,O0029564,C002810,3,5
RV0015396,O0015404,C002748,4,4
RV0026908,O0026919,C000798,4,4
RV0015904,O0015912,C000841,4,4
RV0009453,O0009458,C002684,3,5
RV0038037,O0038055,C002855,3,3
RV0041497,O0041519,C003544,3,4
RV0008673,O0008678,C002197,4,4
RV0025436,O0025446,C001821,4,5
RV0008460,O0008465,C002251,3,3
RV0027664,O0027677,C002182,4,5
RV0017677,O0017686,C003150,4,3
RV0000668,O0000669,C000566,5,4
RV0013939,O0013947,C004051,3,5
RV0032859,O0032874,C000222,3,5
RV0030302,O0030315,C003149,3,4
RV0015227,O0015235,C002503,3,3
RV0010130,O0010135,C001334,3,4
RV0026320,O0026330,C003714,3,5
RV0024284,O0024294,C002291,3,4
RV0000812,O0000813,C004414,3,5
RV0024040,O0024050,C002014,4,3
RV0039292,O0039312,C004801,3,5
RV0017843,O0017853,C002891,5,5
RV0037053,O0037071,C001120,3,5
RV0026953,O0026964,C003206,3,3
RV0029895,O0029908,C002868,3,3
RV0014681,O0014689,C003867,4,4
RV0002101,O0002102,C001931,4,5
RV0045495,O0045520,C003717,4,5
RV0027709,O0027722,C004489,3,5
RV0011403,O0011409,C003347,4,5
RV0009421,O0009426,C003142,4,5
RV0047823,O0047851,C004406,5,5
RV0023237,O0023247,C003794,3,3
RV0048588,O0048616,C001505,5,3
RV0032657,O0032672,C002824,4,3
RV0041286,O0041308,C001512,3,3
RV0009439,O0009444,C004184,3,3
RV0005737,O0005739,C001738,5,4
RV0024836,O0024846,C003613,5,3
RV0032572,O0032587,C002965,5,3
RV0046295,O0046322,C001855,3,3
RV0011579,O0011585,C002041,3,3
RV0006251,O0006253,C003539,4,3
RV0004069,O0004070,C003714,5,5
RV0005635,O0005637,C000935,3,5
RV0019795,O0019805,C004852,3,4
RV0011888,O0011895,C002282,3,3
RV0007983,O0007988,C003528,5,3
RV0044794,O0044819,C002467,3,5
RV0003369,O0003370,C003981,3,3
RV0008649,O0008654,C000335,5,3
RV0029636,O0029649,C002277,3,4
RV0031657,O0031671,C004783,3,3
RV0041942,O0041964,C002351,5,3
RV0039819,O0039840,C002241,5,5
RV0036941,O0036959,C000120,4,5
RV0005320,O0005322,C003521,3,4
RV0008441,O0008446,C002746,3,3
RV0022226,O0022236,C002256,4,4
RV0045139,O0045164,C003783,5,4
RV0024387,O0024397,C004626,4,5
RV0044734,O0044759,C003375,5,3
RV0017783,O0017792,C002618,4,4
RV0011880,O0011887,C003081,5,4
RV0011366,O0011372,C004320,4,3
RV0049629,O0049659,C002976,5,4
RV0026701,O0026712,C003889,3,3
RV0023756,O0023766,C004574,3,5
RV0028819,O0028832,C004423,5,5
RV0042875,O0042898,C001713,3,3
RV0042920,O0042943,C003946,5,5
RV0003008,O0003009,C004556,3,5
RV0038831,O0038850,C002232,4,5
RV0005866,O0005868,C003979,5,3
RV0032183,O0032198,C002094,5,4
RV0030114,O0030127,C004613,5,5
RV0024314,O0024324,C000234,3,5
RV0040450,O0040472,C004589,3,3
RV0046179,O0046205,C003734,3,5
RV0046780,O0046807,C001796,4,5
RV0028935,O0028948,C002413,4,5
RV0049504,O0049534,C003224,4,3
RV0024467,O0024477,C002989,4,3
RV0017074,O0017082,C002006,5,4
RV0039606,O0039627,C000720,5,5
RV0036540,O0036558,C001731,3,4
RV0039166,O0039186,C002312,3,3
RV0006864,O0006867,C004973,3,4
RV0042618,O0042641,C001594,4,3
RV0036409,O0036427,C002381,4,4
RV0048990,O0049018,C003820,4,4
RV0020004,O0020014,C003791,4,4
RV0008678,O0008683,C004228,5,5
RV0040170,O0040191,C002310,4,3
RV0032180,O0032195,C001050,5,5
RV0019264,O0019274,C003896,3,4
RV0010227,O0010232,C002166,3,4
RV0040766,O0040788,C003977,4,5
RV0042168,O0042190,C004946,5,3
RV0015301,O0015309,C004205,4,4
RV0030875,O0030889,C002790,4,3
RV0032688,O0032703,C000447,3,3
RV0023971,O0023981,C003455,4,4
RV0035188,O0035204,C002109,5,4
RV0024117,O0024127,C000858,4,3
RV0012707,O0012714,C001450,5,3
RV0019578,O0019588,C003041,3,3
RV0022251,O0022261,C002550,5,5
RV0035642,O0035658,C000366,5,4
RV0015925,O0015933,C003510,4,5
RV0042193,O0042215,C001241,5,4
RV0033366,O0033381,C004381,4,5
RV0022945,O0022955,C001893,4,3
RV0018328,O0018338,C002445,5,3
RV0030627,O0030640,C001793,4,4
RV0016623,O0016631,C001652,3,4
RV0002002,O0002003,C001827,3,5
RV0008937,O0008942,C002833,3,4
RV0046021,O0046047,C002631,5,4
RV0028256,O0028269,C003272,4,4
RV0032418,O0032433,C002399,3,4
RV0021557,O0021567,C000765,3,5
RV0028863,O0028876,C003025,4,4
RV0015573,O0015581,C003716,5,5
RV0038629,O0038648,C003654,3,5
RV0008843,O0008848,C003559,4,4
RV0047920,O0047948,C000760,3,5
RV0024655,O0024665,C002036,4,4
RV0036192,O0036210,C002728,3,4
RV0014636,O0014644,C000106,5,3
RV0014097,O0014105,C000462,4,3
RV0015860,O0015868,C000412,5,4
RV0016203,O0016211,C003777,4,5
RV0014426,O0014434,C003735,5,5
RV0022421,O0022431,C004986,5,4
RV0013848,O0013855,C002593,5,4
RV0013711,O0013718,C003999,3,5
RV0013502,O0013509,C000027,4,3
RV0014347,O0014355,C004979,5,4
RV0021771,O0021781,C004288,3,3
RV0040759,O0040781,C003864,3,5
RV0017085,O0017093,C003781,5,5
RV0041053,O0041075,C000955,3,5
RV0041728,O0041750,C000044,4,3
RV0006405,O0006408,C000571,5,4
RV0010133,O0010138,C003003,4,5
RV0030674,O0030687,C000934,4,4
RV0022345,O0022355,C001823,4,4
RV0014992,O0015000,C000240,4,5
RV0009500,O0009505,C004455,3,5
RV0027795,O0027808,C000481,3,4
RV0015716,O0015724,C001698,3,3
RV0046397,O0046424,C004177,3,4
RV0032147,O0032162,C004660,4,4
RV0044675,O0044700,C001869,5,4
RV0022017,O0022027,C000664,3,3
RV0028907,O0028920,C003173,4,3
RV0013191,O0013198,C001507,5,5
RV0034261,O0034276,C002798,5,4
RV0021084,O0021094,C001031,5,4
RV0008056,O0008061,C004423,4,4
RV0031664,O0031678,C001510,3,5
RV0035463,O0035479,C001595,3,5
RV0034855,O0034871,C003012,5,5
RV0016641,O0016649,C003577,3,5
RV0044705,O0044730,C000166,4,5
RV0043474,O0043498,C002740,5,4
RV0016464,O0016472,C004460,3,5
RV0039584,O0039605,C003997,4,4
RV0000335,O0000336,C000964,3,4
RV0017399,O0017408,C001799,5,5
RV0031430,O0031444,C003565,4,4
RV0047802,O0047830,C002197,5,3
RV0005768,O0005770,C004588,4,5
RV0040431,O0040452,C004420,4,3
RV0009567,O0009572,C004560,5,4
RV0015642,O0015650,C004596,5,3
RV0029285,O0029298,C001613,4,5
RV0014790,O0014798,C001278,5,3
RV0031767,O0031781,C001632,3,5
RV0043104,O0043128,C001146,4,3
RV0047100,O0047127,C000304,4,4
RV0022991,O0023001,C002496,3,4
RV0031914,O0031929,C003755,5,3
RV0021807,O0021817,C002318,4,5
RV0045544,O0045569,C001992,5,3
RV0004245,O0004246,C001329,3,4
RV0012102,O0012109,C004071,4,3
RV0015279,O0015287,C000397,3,5
RV0028281,O0028294,C002361,5,3
RV0014466,O0014474,C004267,5,4
RV0001224,O0001225,C001046,4,5
RV0005143,O0005145,C002504,4,4
RV0007709,O0007714,C003458,4,5
RV0000638,O0000639,C003478,3,4
RV0036829,O0036847,C003602,5,5
RV0021088,O0021098,C002174,4,5
RV0012633,O0012640,C000448,5,3
RV0010318,O0010323,C000251,5,4
RV0034900,O0034916,C004595,4,4
RV0031685,O0031699,C004383,5,3
RV0007733,O0007738,C002069,4,5
RV0023699,O0023709,C002376,4,5
RV0027263,O0027276,C002015,4,5
RV0026221,O0026231,C002309,5,4
RV0024075,O0024085,C000950,3,4
RV0005130,O0005132,C003211,3,4
RV0026509,O0026520,C002052,5,5
RV0019974,O0019984,C000427,4,5
RV0035910,O0035927,C003503,5,5
RV0045554,O0045579,C002594,5,5
RV0033967,O0033982,C000141,5,4
RV0038240,O0038258,C002049,3,4
RV0020368,O0020378,C000628,3,5
RV0007447,O0007451,C000744,5,5
RV0038446,O0038464,C000662,3,3
RV0034251,O0034266,C003984,4,4
RV0003381,O0003382,C004702,5,5
RV0029564,O0029577,C000189,3,3
RV0028239,O0028252,C000769,5,4
RV0034567,O0034583,C000787,3,3
RV0028210,O0028223,C000072,5,5
RV0023306,O0023316,C003342,5,3
RV0016547,O0016555,C004236,4,5
RV0039626,O0039647,C002424,5,4
RV0006104,O0006106,C000363,3,5
RV0010659,O0010664,C004423,4,5
RV0019906,O0019916,C004406,4,5
RV0040587,O0040609,C004208,3,5
RV0027922,O0027935,C001580,3,3
RV0034203,O0034218,C000885,4,3
RV0012679,O0012686,C002835,4,3
RV0029588,O0029601,C004874,5,5
RV0046064,O0046090,C000009,5,3
RV0006799,O0006802,C003687,4,4
RV0032505,O0032520,C000832,5,5
RV0002480,O0002481,C003906,4,5
RV0027863,O0027876,C001550,4,5
RV0010830,O0010836,C003999,3,5
RV0032459,O0032474,C000427,4,4
RV0038589,O0038608,C001633,5,4
RV0010515,O0010520,C000312,5,4
RV0033207,O0033222,C003754,3,5
RV0040593,O0040615,C004092,5,3
RV0013982,O0013990,C003911,3,5
RV0008973,O0008978,C003821,3,4
RV0013838,O0013845,C001406,5,4
RV0001639,O0001640,C000112,5,3
RV0011374,O0011380,C000907,4,3
RV0010083,O0010088,C002672,5,4
RV0038487,O0038506,C001296,5,4
RV0035672,O0035688,C003342,5,3
RV0029788,O0029801,C003259,3,5
RV0011614,O0011620,C004208,3,5
RV0013228,O0013235,C002930,3,5
RV0014081,O0014089,C003774,3,5
RV0038857,O0038876,C003534,5,3
RV0049555,O0049585,C001735,3,3
RV0012849,O0012856,C000185,4,5
RV0022316,O0022326,C001075,4,3
RV0007509,O0007513,C003220,5,4
RV0041071,O0041093,C000443,4,3
RV0035073,O0035089,C001688,4,4
RV0031612,O0031626,C001892,5,5
RV0033469,O0033484,C003112,4,4
RV0033137,O0033152,C002365,5,3
RV0045030,O0045055,C004630,5,5
RV0019661,O0019671,C000054,5,3
RV0002465,O0002466,C002668,3,5
RV0016777,O0016785,C000780,5,4
RV0031720,O0031734,C000144,5,3
RV0044186,O0044210,C002477,4,3
RV0039428,O0039449,C002321,5,4
RV0013613,O0013620,C003864,3,3
RV0041369,O0041391,C004286,5,5
RV0038339,O0038357,C001966,3,5
RV0048850,O0048878,C002725,4,3
RV0028755,O0028768,C000445,4,5
RV0049590,O0049620,C001067,4,4
RV0020550,O0020560,C004556,4,5
RV0008808,O0008813,C002630,3,4
RV0045391,O0045416,C001289,4,5
RV0005566,O0005568,C001114,5,3
RV0022381,O0022391,C004887,4,4
RV0007608,O0007612,C003117,4,4
RV0049449,O0049479,C002008,3,4
RV0020888,O0020898,C002601,3,5
RV0024946,O0024956,C004047,5,3
RV0001437,O0001438,C000245,5,5
RV0043247,O0043271,C002771,5,4
RV0042326,O0042348,C003293,5,4
RV0019754,O0019764,C004884,3,4
RV0018081,O0018091,C004810,4,4
RV0042226,O0042248,C002055,5,4
RV0040679,O0040701,C000449,3,4
RV0000531,O0000532,C002053,4,4
RV0010768,O0010774,C000050,4,5
RV0045823,O0045849,C004180,4,3
RV0040280,O0040301,C003253,4,3
RV0029950,O0029963,C000589,3,5
RV0022231,O0022241,C001172,4,3
RV0038183,O0038201,C002748,4,4
RV0035279,O0035295,C001313,4,4
RV0045118,O0045143,C004447,3,5
RV0037662,O0037680,C004782,3,4
RV0009812,O0009817,C002732,3,4
RV0011054,O0011060,C004382,3,5
RV0041965,O0041987,C004090,3,5
RV0030079,O0030092,C001109,4,5
RV0016263,O0016271,C000287,4,4
RV0007034,O0007037,C004538,3,5
RV0005802,O0005804,C002927,3,4
RV0033753,O0033768,C001789,3,4
RV0035986,O0036003,C003682,3,5
RV0020741,O0020751,C004728,3,5
RV0029517,O0029530,C001391,4,3
RV0049167,O0049196,C001820,5,4
RV0003217,O0003218,C002333,3,3
RV0016949,O0016957,C001298,4,4
RV0000175,O0000176,C000112,5,4
RV0041803,O0041825,C002594,5,3
RV0041635,O0041657,C004754,3,3
RV0041566,O0041588,C001765,4,3
RV0019314,O0019324,C000776,4,3
RV0038969,O0038988,C004295,4,4
RV0039590,O0039611,C000822,5,3
RV0000744,O0000745,C001637,5,4
RV0043575,O0043599,C004361,4,5
RV0035397,O0035413,C001981,3,5
RV0043978,O0044002,C004578,3,3
RV0041212,O0041234,C001778,3,5
RV0022801,O0022811,C002708,3,5
RV0007703,O0007708,C003444,5,3
RV0020271,O0020281,C001067,3,5
RV0031648,O0031662,C003105,4,5
RV0036290,O0036308,C000811,5,3
RV0002570,O0002571,C003750,3,3
RV0046223,O0046249,C002693,4,5
RV0011845,O0011852,C004358,5,4
RV0002519,O0002520,C004977,4,5
RV0037197,O0037215,C003521,4,4
RV0005058,O0005060,C004609,5,5
RV0040670,O0040692,C004596,4,5
RV0023032,O0023042,C001661,3,5
RV0001957,O0001958,C004921,3,5
RV0047875,O0047903,C002775,3,4
RV0029923,O0029936,C000868,4,3
RV0024104,O0024114,C004194,3,3
RV0012023,O0012030,C004708,4,4
RV0007095,O0007098,C000027,5,4
RV0015426,O0015434,C002812,4,4
RV0015674,O0015682,C000544,5,5
RV0040035,O0040056,C004352,4,5
RV0026799,O0026810,C002921,4,5
RV0001574,O0001575,C002852,3,3
RV0034422,O0034438,C002383,4,5
RV0009541,O0009546,C003765,5,5
RV0029438,O0029451,C003724,4,5
RV0042219,O0042241,C003738,4,3
RV0021455,O0021465,C003737,3,4
RV0022511,O0022521,C000536,5,3
RV0003223,O0003224,C000931,5,5
RV0037436,O0037454,C003900,5,3
RV0008457,O0008462,C001738,4,5
RV0021313,O0021323,C003009,5,5
RV0033173,O0033188,C004939,3,4
RV0015512,O0015520,C002489,5,5
RV0001927,O0001928,C000596,5,4
RV0045205,O0045230,C004115,3,3
RV0024584,O0024594,C002790,5,3
RV0004488,O0004489,C002217,4,5
RV0011088,O0011094,C004139,5,3
RV0037468,O0037486,C003352,4,4
RV0026165,O0026175,C003010,5,5
RV0044317,O0044341,C004426,3,3
RV0008058,O0008063,C001298,5,5
RV0010483,O0010488,C003937,5,5
RV0001842,O0001843,C000542,5,3
RV0038295,O0038313,C004135,3,3
RV0005690,O0005692,C004628,4,5
RV0044182,O0044206,C002398,4,4
RV0038255,O0038273,C004167,5,3
RV0001601,O0001602,C000865,5,3
RV0018511,O0018521,C004188,3,5
RV0029818,O0029831,C004578,3,3
RV0024179,O0024189,C004853,3,4
RV0032469,O0032484,C002986,4,4
RV0037917,O0037935,C003609,3,4
RV0024337,O0024347,C004028,5,5
RV0048276,O0048304,C000205,4,3
RV0044586,O0044611,C001961,5,5
RV0025090,O0025100,C002136,4,5
RV0022720,O0022730,C002273,5,5
RV0003244,O0003245,C001090,3,3
RV0022327,O0022337,C000955,5,4
RV0042681,O0042704,C003560,3,5
RV0029903,O0029916,C000361,4,5
RV0018283,O0018293,C004592,4,5
RV0043824,O0043848,C001548,5,5
RV0049109,O0049138,C000558,3,5
RV0037421,O0037439,C002336,4,4
RV0026056,O0026066,C001746,4,5
RV0003962,O0003963,C004158,5,5
RV0021741,O0021751,C001594,3,4
RV0000849,O0000850,C002762,5,5
RV0011818,O0011825,C002263,5,3
RV0029940,O0029953,C004053,4,3
RV0010022,O0010027,C000360,4,3
RV0047725,O0047753,C003093,5,3
RV0037882,O0037900,C001653,5,3
RV0016516,O0016524,C001967,3,5
RV0014144,O0014152,C003355,3,4
RV0024418,O0024428,C002601,5,4
RV0001304,O0001305,C004264,4,3
RV0003019,O0003020,C004416,4,5
RV0036402,O0036420,C000605,5,3
RV0014546,O0014554,C002189,4,3
RV0029748,O0029761,C001249,4,5
RV0001233,O0001234,C000144,5,3
RV0011992,O0011999,C003857,5,4
RV0046535,O0046562,C001147,5,4
RV0047125,O0047152,C001703,4,5
RV0039024,O0039043,C001081,4,5
RV0024112,O0024122,C001970,5,4
RV0033907,O0033922,C000588,4,3
RV0031530,O0031544,C002966,3,3
RV0049600,O0049630,C000643,5,4
RV0040571,O0040593,C000535,4,5
RV0000424,O0000425,C002266,3,4
RV0016879,O0016887,C004638,4,3
RV0013083,O0013090,C002712,4,3
RV0028095,O0028108,C000437,5,4
RV0030571,O0030584,C003772,3,5
RV0004118,O0004119,C001346,4,3
RV0027648,O0027661,C001827,3,5
RV0000809,O0000810,C001341,5,3
RV0024274,O0024284,C003346,5,4
RV0028517,O0028530,C004894,3,4
RV0047026,O0047053,C004818,4,5
RV0015067,O0015075,C001483,3,3
RV0045962,O0045988,C003719,3,4
RV0019725,O0019735,C000917,5,3
RV0011252,O0011258,C002882,3,3
RV0040621,O0040643,C004528,3,3
RV0038691,O0038710,C002236,5,5
RV0045214,O0045239,C003046,5,4
RV0001208,O0001209,C003954,5,4
RV0011203,O0011209,C004201,4,5
RV0023867,O0023877,C003666,4,4
RV0046667,O0046694,C000278,5,3
RV0042214,O0042236,C000262,5,5
RV0036984,O0037002,C000892,5,4
RV0049797,O0049827,C003289,3,5
RV0044871,O0044896,C002513,4,5
RV0047626,O0047654,C003825,5,3
RV0025977,O0025987,C000142,4,4
RV0017098,O0017106,C001394,4,4
RV0024332,O0024342,C003239,5,3
RV0049723,O0049753,C000311,3,4
RV0035072,O0035088,C003612,5,4
RV0014244,O0014252,C004439,3,5
RV0029503,O0029516,C003711,5,4
RV0037647,O0037665,C002622,5,5
RV0044775,O0044800,C001797,3,3
RV0001929,O0001930,C002158,4,5
RV0033379,O0033394,C002821,3,3
RV0046490,O0046517,C002388,3,4
RV0014392,O0014400,C000640,3,5
RV0043096,O0043120,C002202,4,4
RV0022729,O0022739,C001980,5,5
RV0049162,O0049191,C001784,4,4
RV0047949,O0047977,C000528,3,5
RV0011780,O0011787,C001943,4,5
RV0025946,O0025956,C003681,5,5
RV0027051,O0027063,C000349,3,4
RV0018992,O0019002,C003057,4,5
RV0024401,O0024411,C000439,5,3
RV0005701,O0005703,C001285,5,5
RV0025564,O0025574,C002302,5,5
RV0002216,O0002217,C003233,4,4
RV0025073,O0025083,C000773,3,4
RV0011320,O0011326,C003339,3,4
RV0035437,O0035453,C004626,5,4
RV0022966,O0022976,C000880,4,4
RV0031224,O0031238,C004523,4,3
RV0029444,O0029457,C003822,5,4
RV0016314,O0016322,C001104,4,4
RV0004568,O0004569,C000979,5,3
RV0029270,O0029283,C004501,4,4
RV0045996,O0046022,C004370,3,3
RV0018359,O0018369,C003844,3,3
RV0006599,O0006602,C001013,5,4
RV0001847,O0001848,C001976,5,5
RV0000881,O0000882,C000644,4,4
RV0015615,O0015623,C001008,5,3
RV0006063,O0006065,C003600,3,4
RV0002188,O0002189,C004973,3,3
RV0046317,O0046344,C002412,3,5
RV0021481,O0021491,C000722,4,5
RV0035736,O0035752,C002055,3,5
RV0040712,O0040734,C003155,5,3
RV0017330,O0017339,C004289,5,4
RV0002781,O0002782,C004408,5,4
RV0038204,O0038222,C000177,4,5
RV0030591,O0030604,C004020,3,3
RV0042498,O0042521,C001062,5,5
RV0045340,O0045365,C000915,3,5
RV0018561,O0018571,C002394,4,4
RV0002560,O0002561,C002419,4,3
RV0016216,O0016224,C003296,5,3
RV0049689,O0049719,C003469,3,3
RV0028394,O0028407,C004567,4,4
RV0009551,O0009556,C002556,3,4
RV0000530,O0000531,C001045,4,5
RV0027265,O0027278,C004822,5,5
RV0042804,O0042827,C002408,5,4
RV0005612,O0005614,C000719,5,5
RV0023022,O0023032,C000368,5,3
RV0039995,O0040016,C000086,5,3
RV0040179,O0040200,C001180,5,5
RV0018146,O0018156,C000512,5,5
RV0044072,O0044096,C004716,3,3
RV0009978,O0009983,C001917,4,3
RV0018390,O0018400,C000304,5,3
RV0047355,O0047383,C003027,3,4
RV0012432,O0012439,C002660,4,5
RV0011363,O0011369,C002906,3,4
RV0035452,O0035468,C003190,5,4
RV0002401,O0002402,C001428,4,3
RV0048316,O0048344,C004656,3,4
RV0020064,O0020074,C003946,4,5
RV0009635,O0009640,C001241,3,3
RV0044966,O0044991,C004810,5,4
RV0010549,O0010554,C001464,4,4
RV0018764,O0018774,C002180,5,3
RV0017124,O0017132,C004726,3,4
RV0048815,O0048843,C003430,5,4
RV0005928,O0005930,C000921,5,4
RV0001833,O0001834,C004476,4,3
RV0004753,O0004755,C001943,4,5
RV0011482,O0011488,C002002,4,4
RV0013691,O0013698,C001234,3,5
RV0031599,O0031613,C000285,3,4
RV0027547,O0027560,C003833,3,3
RV0004872,O0004874,C003456,3,5
RV0049540,O0049570,C000372,5,3
RV0046669,O0046696,C003131,5,3
RV0001472,O0001473,C001177,3,3
RV0033692,O0033707,C004398,5,3
RV0019617,O0019627,C004619,4,5
RV0036448,O0036466,C001598,3,4
RV0011746,O0011753,C003737,4,4
RV0043176,O0043200,C001114,5,5
RV0006692,O0006695,C004288,3,5
RV0019943,O0019953,C004101,4,3
RV0030248,O0030261,C001997,4,5
RV0041320,O0041342,C002529,4,5
RV0025247,O0025257,C000362,3,4
RV0039699,O0039720,C002458,4,3
RV0047510,O0047538,C004227,3,5
RV0036017,O0036035,C000612,4,5
RV0008662,O0008667,C004616,4,5
RV0018840,O0018850,C002644,3,5
RV0005314,O0005316,C000116,4,3
RV0025347,O0025357,C000640,3,5
RV0011657,O0011663,C002388,3,4
RV0039490,O0039511,C002156,5,5
RV0010459,O0010464,C003952,5,3
RV0043980,O0044004,C004978,5,4
RV0005560,O0005562,C001701,5,4
RV0025773,O0025783,C000241,5,3
RV0042331,O0042353,C004019,4,5
RV0018420,O0018430,C004323,5,4
RV0012769,O0012776,C002536,5,5
RV0005819,O0005821,C003545,3,3
RV0013188,O0013195,C000172,5,4
RV0037217,O0037235,C004350,4,3
RV0012331,O0012338,C002332,4,4
RV0011446,O0011452,C002639,5,5
RV0005136,O0005138,C004521,3,5
RV0008746,O0008751,C002574,5,4
RV0036804,O0036822,C001318,5,4
RV0009147,O0009152,C003551,5,4
RV0021568,O0021578,C003991,3,4
RV0028110,O0028123,C001955,5,5
RV0013714,O0013721,C001894,3,4
RV0009696,O0009701,C000169,3,4
RV0029068,O0029081,C003715,5,5
RV0001206,O0001207,C003705,3,5
RV0040852,O0040874,C003228,5,5
RV0012473,O0012480,C003707,5,3
RV0045296,O0045321,C002725,5,4
RV0045553,O0045578,C003058,3,4
RV0049057,O0049085,C003571,3,3
RV0047752,O0047780,C000736,4,4
RV0016648,O0016656,C002363,5,4
RV0011932,O0011939,C002328,3,3
RV0009600,O0009605,C002271,4,4
RV0039315,O0039335,C002964,5,3
RV0012827,O0012834,C002521,3,3
RV0027347,O0027360,C002291,5,5
RV0012333,O0012340,C003287,5,3
RV0027245,O0027258,C004143,3,5
RV0043245,O0043269,C001035,3,4
RV0013479,O0013486,C004608,3,3
RV0042912,O0042935,C001813,3,4
RV0027925,O0027938,C004926,3,3
RV0042820,O0042843,C000728,4,5
RV0027910,O0027923,C000842,5,5
RV0023103,O0023113,C004791,3,4
RV0014724,O0014732,C002943,5,4
RV0037206,O0037224,C002813,3,5
RV0012271,O0012278,C000596,3,3
RV0010197,O0010202,C000229,3,4
RV0015807,O0015815,C000972,5,4
RV0035741,O0035757,C001720,3,5
RV0040377,O0040398,C000379,5,5
RV0041720,O0041742,C000786,4,3
RV0037920,O0037938,C002265,4,3
RV0038184,O0038202,C000149,4,3
RV0014187,O0014195,C000268,4,4
RV0049531,O0049561,C002350,4,5
RV0031043,O0031057,C001291,4,4
RV0016469,O0016477,C000509,4,4
RV0039981,O0040002,C004238,5,3
RV0031229,O0031243,C004942,3,5
RV0034073,O0034088,C001511,5,4
RV0014910,O0014918,C004745,3,5
RV0024689,O0024699,C001799,5,3
RV0016795,O0016803,C002162,5,5
RV0045220,O0045245,C002383,3,3
RV0004240,O0004241,C003244,4,5
RV0005090,O0005092,C004629,5,3
RV0025197,O0025207,C000196,5,5
RV0044681,O0044706,C004383,3,4
RV0006466,O0006469,C004222,5,5
RV0030729,O0030743,C003194,3,3
RV0008936,O0008941,C000196,4,5
RV0039399,O0039419,C000748,3,4
RV0031161,O0031175,C001208,5,5
RV0032000,O0032015,C000530,4,4
RV0040337,O0040358,C004614,5,4
RV0019672,O0019682,C003756,5,4
RV0009223,O0009228,C004481,5,4
RV0038241,O0038259,C000693,5,5
RV0010352,O0010357,C001656,5,5
RV0008074,O0008079,C004225,3,3
RV0034098,O0034113,C003994,3,3
RV0015598,O0015606,C002335,3,3
RV0041467,O0041489,C000713,4,3
RV0036337,O0036355,C001539,4,5
RV0043248,O0043272,C000374,4,5
RV0049793,O0049823,C003933,3,5
RV0028599,O0028612,C003170,5,5
RV0041257,O0041279,C000329,3,4
RV0023368,O0023378,C004393,3,3
RV0013578,O0013585,C001817,5,5
RV0014909,O0014917,C001314,3,3
RV0001046,O0001047,C004319,5,4
RV0023435,O0023445,C000712,5,4
RV0026001,O0026011,C000972,4,5
RV0014941,O0014949,C001448,4,5
RV0040981,O0041003,C001987,5,5
RV0003138,O0003139,C002103,4,4
RV0042647,O0042670,C004052,5,3
RV0032268,O0032283,C002800,5,5
RV0038426,O0038444,C000001,5,4
RV0022110,O0022120,C004586,3,3
RV0020286,O0020296,C003036,5,3
RV0039566,O0039587,C001869,3,5
RV0033652,O0033667,C003952,5,3
RV0014590,O0014598,C000475,4,3
RV0023420,O0023430,C000535,3,5
RV0035241,O0035257,C002095,5,3
RV0036498,O0036516,C004481,5,4
RV0001287,O0001288,C000264,5,5
RV0003948,O0003949,C001937,4,3
RV0036800,O0036818,C001521,4,5
RV0002621,O0002622,C000664,4,4
RV0013291,O0013298,C002638,5,3
RV0024627,O0024637,C003059,5,3
RV0024536,O0024546,C001320,3,4
RV0014814,O0014822,C000332,4,3
RV0040089,O0040110,C002794,4,4
RV0028428,O0028441,C002841,4,3
RV0022984,O0022994,C003643,4,5
RV0023682,O0023692,C004494,4,4
RV0041602,O0041624,C000105,3,4
RV0036559,O0036577,C004753,3,3
RV0038684,O0038703,C002423,5,4
RV0012017,O0012024,C002134,4,3
RV0047318,O0047346,C004912,3,5
RV0048230,O0048258,C002547,4,5
RV0017544,O0017553,C002108,4,4
RV0002238,O0002239,C001793,4,3
RV0044800,O0044825,C002748,4,5
RV0049563,O0049593,C000407,4,4
RV0028609,O0028622,C003931,4,5
RV0001205,O0001206,C001220,3,4
RV0004664,O0004665,C000120,5,3
RV0046170,O0046196,C003013,4,5
RV0039047,O0039066,C004324,4,4
RV0024497,O0024507,C003064,4,5
RV0040470,O0040492,C001584,4,3
RV0032935,O0032950,C001153,5,4
RV0031522,O0031536,C000854,3,3
RV0027147,O0027159,C000583,3,5
RV0042029,O0042051,C001148,4,3
RV0025914,O0025924,C001234,5,5
RV0047113,O0047140,C004276,5,4
RV0046029,O0046055,C003394,4,3
RV0035761,O0035777,C003954,5,3
RV0029383,O0029396,C003020,5,3
RV0034042,O0034057,C000954,3,5
RV0039354,O0039374,C004509,4,3
RV0045862,O0045888,C001253,3,4
RV0017246,O0017255,C001817,5,4
RV0025131,O0025141,C002620,3,4
RV0024101,O0024111,C002693,4,5
RV0015737,O0015745,C001592,3,5
RV0042516,O0042539,C001236,4,4
RV0048814,O0048842,C004013,3,4
RV0032853,O0032868,C001356,3,3
RV0012964,O0012971,C002696,4,5
RV0020854,O0020864,C004724,5,4
RV0031535,O0031549,C000240,3,4
RV0036253,O0036271,C001254,5,4
RV0003825,O0003826,C004221,5,4
RV0004958,O0004960,C001806,5,3
RV0029952,O0029965,C001185,5,3
RV0002777,O0002778,C003328,4,5
RV0024719,O0024729,C004791,5,3
RV0047411,O0047439,C002415,3,3
RV0048786,O0048814,C000562,4,3
RV0009144,O0009149,C001621,3,4
RV0046194,O0046220,C002673,4,4
RV0049566,O0049596,C000294,3,5
RV0014582,O0014590,C001436,4,5
RV0008896,O0008901,C000685,4,5
RV0046226,O0046252,C001379,4,3
RV0010011,O0010016,C004369,5,5
RV0029791,O0029804,C004355,3,5
RV0007683,O0007687,C004027,5,3
RV0021500,O0021510,C000385,5,5
RV0033111,O0033126,C002856,3,5
RV0015070,O0015078,C003630,3,5
RV0045815,O0045841,C000120,3,4
RV0045575,O0045600,C003577,4,4
RV0041079,O0041101,C001303,5,3
RV0030812,O0030826,C004935,5,3
RV0003054,O0003055,C003022,5,3
RV0011686,O0011693,C003633,4,4
RV0006917,O0006920,C001996,5,5
RV0040686,O0040708,C001376,3,4
RV0000885,O0000886,C004530,4,4
RV0022713,O0022723,C001609,3,4
RV0006288,O0006290,C002913,4,3
RV0018599,O0018609,C003641,3,4
RV0006409,O0006412,C000209,4,4
RV0014007,O0014015,C003389,3,4
RV0035538,O0035554,C003407,4,4
RV0005274,O0005276,C001474,3,5
RV0014529,O0014537,C001443,4,5
RV0024403,O0024413,C003715,5,4
RV0035697,O0035713,C004230,4,3
RV0032468,O0032483,C004326,3,3
RV0029020,O0029033,C001595,3,4
RV0035353,O0035369,C003949,5,3
RV0034984,O0035000,C000741,5,4
RV0048264,O0048292,C004201,4,3
RV0005758,O0005760,C001392,4,4
RV0012847,O0012854,C003839,5,4
RV0019948,O0019958,C001869,4,5
RV0024147,O0024157,C000240,5,5
RV0012965,O0012972,C004389,3,3
RV0033965,O0033980,C004271,4,4
RV0000749,O0000750,C003283,3,4
RV0021965,O0021975,C000300,4,4
RV0002355,O0002356,C002683,5,5
RV0003437,O0003438,C003365,5,5
RV0012344,O0012351,C004872,5,5
RV0023631,O0023641,C002888,3,3
RV0020407,O0020417,C002516,5,4
RV0039621,O0039642,C003931,5,3
RV0012059,O0012066,C001890,3,4
RV0047887,O0047915,C000632,5,4
RV0008912,O0008917,C000084,3,3
RV0017991,O0018001,C000590,4,4
RV0047326,O0047354,C004000,5,5
RV0003976,O0003977,C002416,5,3
RV0012620,O0012627,C000927,4,3
RV0031482,O0031496,C000104,4,4
RV0012517,O0012524,C001265,3,3
RV0006210,O0006212,C000996,4,5
RV0013616,O0013623,C004861,5,4
RV0032789,O0032804,C001798,3,3
RV0016881,O0016889,C003476,4,4
RV0023459,O0023469,C001178,4,4
RV0009347,O0009352,C004785,4,5
RV0042982,O0043006,C001072,4,4
RV0024634,O0024644,C002350,4,4
RV0039491,O0039512,C000985,4,4
RV0006027,O0006029,C004713,5,5
RV0003699,O0003700,C004666,5,3
RV0035542,O0035558,C001632,5,3
RV0008652,O0008657,C002884,5,5
RV0019997,O0020007,C001306,3,4
RV0032519,O0032534,C002161,4,4
RV0014034,O0014042,C002832,4,4
RV0045032,O0045057,C000176,5,3
RV0018543,O0018553,C002552,3,5
RV0021553,O0021563,C003611,4,4
RV0049454,O0049484,C001682,5,4
RV0039266,O0039286,C002639,5,3
RV0005125,O0005127,C001553,5,3
RV0001571,O0001572,C002276,4,5
RV0035638,O0035654,C003467,3,5
RV0039158,O0039178,C004812,5,5
RV0015698,O0015706,C004800,4,3
RV0029143,O0029156,C002218,3,3
RV0027655,O0027668,C003642,4,4
RV0019549,O0019559,C002248,4,3
RV0033103,O0033118,C002684,4,4
RV0039022,O0039041,C000763,4,5
RV0029464,O0029477,C002850,4,3
RV0028544,O0028557,C004889,3,5
RV0040956,O0040978,C003261,5,4
RV0024038,O0024048,C004762,3,3
RV0018458,O0018468,C003530,5,4
RV0028325,O0028338,C000547,4,3
RV0039929,O0039950,C004053,3,4
RV0049325,O0049354,C001107,3,3
RV0039708,O0039729,C000954,3,3
RV0024718,O0024728,C004858,4,5
RV0035164,O0035180,C002679,4,4
RV0029671,O0029684,C002964,5,5
RV0045356,O0045381,C002813,3,3
RV0032985,O0033000,C004695,3,5
RV0031412,O0031426,C000999,5,4
RV0042908,O0042931,C000302,5,3
RV0020809,O0020819,C000883,5,5
RV0046666,O0046693,C001976,5,3
RV0011850,O0011857,C001003,5,5
RV0008449,O0008454,C001231,5,5
RV0034795,O0034811,C000369,5,5
RV0015542,O0015550,C004791,4,5
RV0002202,O0002203,C000050,3,4
RV0003477,O0003478,C000002,4,5
RV0037162,O0037180,C002580,3,4
RV0024671,O0024681,C000345,3,3
RV0008265,O0008270,C001490,4,4
RV0027546,O0027559,C000469,5,4
RV0015628,O0015636,C001371,3,3
RV0025843,O0025853,C004370,3,4
RV0036838,O0036856,C001031,4,4
RV0012049,O0012056,C002859,4,4
RV0000201,O0000202,C000197,5,5
RV0021044,O0021054,C003880,3,3
RV0041583,O0041605,C003932,5,5
RV0000695,O0000696,C002765,3,5
RV0013776,O0013783,C004344,5,3
RV0043765,O0043789,C002588,3,4
RV0001428,O0001429,C001509,3,5
RV0016868,O0016876,C001944,3,3
RV0032905,O0032920,C004109,4,4
RV0008551,O0008556,C001777,4,4
RV0003733,O0003734,C000919,4,4
RV0041272,O0041294,C000849,3,5
RV0032118,O0032133,C003009,5,5
RV0028250,O0028263,C000050,4,4
RV0041264,O0041286,C002164,5,5
RV0014213,O0014221,C002033,3,4
RV0013002,O0013009,C004728,3,5
RV0042822,O0042845,C004390,5,3
RV0029797,O0029810,C000274,5,3
RV0033304,O0033319,C002579,3,5
RV0010719,O0010724,C002754,4,3
RV0017691,O0017700,C003415,4,5
RV0015264,O0015272,C001895,3,3
RV0036786,O0036804,C001349,5,4
RV0006019,O0006021,C002517,3,4
RV0044563,O0044588,C002470,4,4
RV0018417,O0018427,C000183,3,3
RV0039597,O0039618,C000270,4,3
RV0002450,O0002451,C004245,3,4
RV0049217,O0049246,C004870,4,3
RV0001504,O0001505,C001658,3,5
RV0003768,O0003769,C001546,5,3
RV0039507,O0039528,C001026,5,3
RV0006990,O0006993,C003438,5,4
RV0034859,O0034875,C000476,4,4
RV0041200,O0041222,C002824,4,4
RV0021218,O0021228,C001306,5,5
RV0011804,O0011811,C003749,3,4
RV0032291,O0032306,C002145,5,3
RV0036862,O0036880,C002263,3,5
RV0037596,O0037614,C003483,3,3
RV0045234,O0045259,C002362,3,4
RV0018757,O0018767,C002729,3,4
RV0011758,O0011765,C002978,3,4
RV0004129,O0004130,C003302,5,4
RV0017872,O0017882,C002609,5,3
RV0011021,O0011027,C002438,4,4
RV0043747,O0043771,C000234,5,5
RV0003527,O0003528,C004301,4,3
RV0036544,O0036562,C000113,5,4
RV0000766,O0000767,C003118,3,5
RV0031687,O0031701,C000156,3,3
RV0017187,O0017195,C002861,3,4
RV0034717,O0034733,C002143,4,4
RV0031093,O0031107,C002827,5,4
RV0024910,O0024920,C003099,4,5
RV0015213,O0015221,C000346,4,3
RV0048291,O0048319,C004499,4,4
RV0038221,O0038239,C000224,5,5
RV0006294,O0006296,C003672,4,3
RV0010870,O0010876,C002160,4,3
RV0038626,O0038645,C000360,5,5
RV0048825,O0048853,C002761,4,3
RV0023589,O0023599,C000961,4,3
RV0029838,O0029851,C003961,4,3
RV0014687,O0014695,C003499,4,3
RV0007595,O0007599,C001612,5,4
RV0003689,O0003690,C003755,5,5
RV0033271,O0033286,C000905,5,3
RV0033532,O0033547,C001082,5,5
RV0036165,O0036183,C001201,5,3
RV0028864,O0028877,C000340,4,3
RV0034595,O0034611,C001205,3,5
RV0031366,O0031380,C001632,3,3
RV0037965,O0037983,C002320,4,4
RV0011186,O0011192,C000213,5,3
RV0000041,O0000042,C002554,4,4
RV0005831,O0005833,C000476,3,3
RV0022214,O0022224,C004981,3,3
RV0024678,O0024688,C000966,5,4
RV0010158,O0010163,C003907,5,4
RV0034128,O0034143,C000455,3,3
RV0005108,O0005110,C001096,5,4
RV0019597,O0019607,C002782,3,5
RV0041234,O0041256,C000094,4,5
RV0033926,O0033941,C002726,3,4
RV0006595,O0006598,C001622,4,4
RV0040692,O0040714,C002966,3,5
RV0026274,O0026284,C002866,4,5
RV0020249,O0020259,C003971,4,5
RV0034652,O0034668,C002669,5,5
RV0027830,O0027843,C000460,3,4
RV0019307,O0019317,C001630,4,4
RV0011612,O0011618,C003806,5,3
RV0032067,O0032082,C000050,4,3
RV0032285,O0032300,C000966,4,3
RV0029144,O0029157,C002745,5,5
RV0019343,O0019353,C003262,5,4
RV0045826,O0045852,C003576,5,3
RV0023688,O0023698,C003629,3,3
RV0025317,O0025327,C000601,3,4
RV0046643,O0046670,C001604,3,5
RV0027581,O0027594,C001839,4,4
RV0044350,O0044374,C000553,3,4
RV0021320,O0021330,C002397,3,4
RV0043994,O0044018,C000478,4,4
RV0009760,O0009765,C000496,4,3
RV0030277,O0030290,C003928,5,4
RV0026576,O0026587,C002474,4,4
RV0011233,O0011239,C001181,5,3
RV0023230,O0023240,C004811,4,5
RV0049944,O0049974,C004576,4,5
RV0018929,O0018939,C000456,5,5
RV0019112,O0019122,C000198,4,3
RV0049135,O0049164,C001824,4,5
RV0014328,O0014336,C001228,5,4
RV0016485,O0016493,C004026,5,3
RV0037575,O0037593,C001798,5,5
RV0047509,O0047537,C003213,3,5
RV0022768,O0022778,C004665,5,3
RV0016913,O0016921,C004790,4,5
RV0032051,O0032066,C000892,3,3
RV0008414,O0008419,C001055,5,5
RV0010019,O0010024,C000911,3,3
RV0045031,O0045056,C002108,3,4
RV0019209,O0019219,C004741,4,4
RV0014371,O0014379,C001157,5,3
RV0040845,O0040867,C003154,5,4
RV0037431,O0037449,C003821,5,5
RV0011675,O0011681,C001174,3,5
RV0022296,O0022306,C004384,4,4
RV0049399,O0049429,C002241,5,4
RV0018327,O0018337,C000931,4,3
RV0010573,O0010578,C003045,3,3
RV0002720,O0002721,C004097,4,3
RV0031003,O0031017,C004636,4,4
RV0010162,O0010167,C002295,3,3
RV0005955,O0005957,C001143,3,4
RV0012912,O0012919,C004645,5,4
RV0018563,O0018573,C002951,5,5
RV0011728,O0011735,C004337,4,4
RV0035934,O0035951,C000777,4,3
RV0031683,O0031697,C004504,5,4
RV0016189,O0016197,C000520,5,3
RV0031732,O0031746,C004215,4,3
RV0043371,O0043395,C003156,3,4
RV0043503,O0043527,C000327,5,4
RV0019612,O0019622,C000720,4,3
RV0027855,O0027868,C000648,4,5
RV0033566,O0033581,C002309,4,3
RV0032590,O0032605,C001882,3,3
RV0024623,O0024633,C000626,3,3
RV0044598,O0044623,C003027,3,5
RV0047703,O0047731,C001780,3,5
RV0036807,O0036825,C003790,5,4
RV0037489,O0037507,C002599,5,5
RV0031636,O0031650,C004245,4,4
RV0006084,O0006086,C003689,3,3
RV0015763,O0015771,C003530,5,3
RV0011716,O0011723,C003828,5,4
RV0036924,O0036942,C001089,3,4
RV0006952,O0006955,C003134,5,4
RV0047294,O0047322,C001895,4,4
RV0017251,O0017260,C000443,5,3
RV0018831,O0018841,C001247,5,3
RV0043631,O0043655,C000497,5,5
RV0032507,O0032522,C003002,3,5
RV0009690,O0009695,C004057,5,3
RV0029358,O0029371,C001497,3,5
RV0027246,O0027259,C004644,5,3
RV0049196,O0049225,C004893,4,3
RV0020804,O0020814,C002472,4,3
RV0019117,O0019127,C000799,3,3
RV0044506,O0044530,C002234,4,3
RV0002844,O0002845,C001085,3,4
RV0047538,O0047566,C000183,5,3
RV0013043,O0013050,C002059,3,4
RV0036115,O0036133,C003991,4,5
RV0047657,O0047685,C003323,5,4
RV0048945,O0048973,C002229,4,4
RV0035416,O0035432,C000405,3,5
RV0035925,O0035942,C001000,4,5
RV0049638,O0049668,C003244,4,3
RV0034430,O0034446,C003778,3,3
RV0011540,O0011546,C001159,3,5
RV0011520,O0011526,C002417,3,5
RV0048157,O0048185,C003731,5,4
RV0024392,O0024402,C004950,3,5
RV0042004,O0042026,C002792,5,5
RV0019903,O0019913,C001403,3,4
RV0000829,O0000830,C001956,3,5
RV0028564,O0028577,C000946,4,4
RV0007808,O0007813,C003001,4,4
RV0020925,O0020935,C003080,5,3
RV0018364,O0018374,C003312,4,3
RV0021037,O0021047,C004057,3,4
RV0000185,O0000186,C000020,3,3
RV0021280,O0021290,C002648,3,3
RV0039950,O0039971,C003511,5,5
RV0005546,O0005548,C000083,3,4
RV0019562,O0019572,C004692,3,3
RV0026076,O0026086,C003399,5,3
RV0023390,O0023400,C003797,4,4
RV0024737,O0024747,C004538,4,3
RV0022676,O0022686,C002703,3,4
RV0024008,O0024018,C002361,3,4
RV0028598,O0028611,C000340,5,4
RV0022755,O0022765,C004277,3,5
RV0004574,O0004575,C001358,5,5
RV0043289,O0043313,C000517,3,5
RV0014491,O0014499,C002193,5,3
RV0048905,O0048933,C000095,5,3
RV0014533,O0014541,C001839,4,3
RV0034190,O0034205,C004308,4,4
RV0003960,O0003961,C001754,3,5
RV0033029,O0033044,C004796,4,4
RV0029621,O0029634,C000580,4,4
RV0049448,O0049478,C000907,4,4
RV0043211,O0043235,C003367,3,3
RV0035348,O0035364,C002813,5,4
RV0020962,O0020972,C000787,3,5
RV0024083,O0024093,C004580,3,3
RV0020905,O0020915,C001399,5,3
RV0011621,O0011627,C003196,3,4
RV0037700,O0037718,C003382,4,4
RV0037041,O0037059,C004806,4,3
RV0013141,O0013148,C003209,4,5
RV0028429,O0028442,C004573,4,4
RV0012189,O0012196,C001219,4,5
RV0039101,O0039121,C002895,5,4
RV0012056,O0012063,C000963,4,3
RV0026686,O0026697,C001627,5,4
RV0044087,O0044111,C004049,5,3
RV0000393,O0000394,C004729,4,4
RV0022148,O0022158,C004966,4,3
RV0042068,O0042090,C001450,5,4
RV0047265,O0047293,C002284,4,4
RV0049850,O0049880,C001021,3,5
RV0038528,O0038547,C003416,5,4
RV0027182,O0027195,C002264,4,4
RV0000867,O0000868,C002717,5,5
RV0024834,O0024844,C000457,4,3
RV0011144,O0011150,C004969,4,3
RV0000433,O0000434,C000458,5,4
RV0034004,O0034019,C004623,3,3
RV0047639,O0047667,C003225,5,4
RV0027866,O0027879,C000370,3,4
RV0016737,O0016745,C002154,4,5
RV0014689,O0014697,C000413,4,3
RV0008365,O0008370,C004837,3,4
RV0040930,O0040952,C004818,5,4
RV0000604,O0000605,C004525,5,5
RV0014048,O0014056,C000426,4,4
RV0043694,O0043718,C000718,5,4
RV0002774,O0002775,C000021,4,3
RV0035646,O0035662,C004775,3,4
RV0005029,O0005031,C000456,3,4
RV0037247,O0037265,C003419,3,4
RV0042841,O0042864,C000972,5,3
RV0048172,O0048200,C001284,3,3
RV0025706,O0025716,C003139,5,5
RV0009680,O0009685,C004029,4,4
RV0021337,O0021347,C002173,4,5
RV0047901,O0047929,C002959,5,5
RV0003571,O0003572,C004198,5,4
RV0008452,O0008457,C001635,5,5
RV0024638,O0024648,C000910,5,3
RV0023054,O0023064,C001863,4,5
RV0019918,O0019928,C001493,3,4
RV0018208,O0018218,C003474,5,3
RV0038096,O0038114,C001167,4,4
RV0009989,O0009994,C002845,5,5
RV0036209,O0036227,C004652,3,5
RV0048299,O0048327,C001317,3,4
RV0043572,O0043596,C002725,4,3
RV0045071,O0045096,C004925,4,5
RV0018500,O0018510,C000547,5,3
RV0017423,O0017432,C000536,5,5
RV0048552,O0048580,C002189,4,3
RV0030122,O0030135,C003082,5,5
RV0034330,O0034345,C004903,3,3
RV0006185,O0006187,C001179,4,5
RV0029154,O0029167,C003092,4,4
RV0018041,O0018051,C003339,3,5
RV0035493,O0035509,C004375,5,5
RV0021715,O0021725,C000788,3,4
RV0025831,O0025841,C001570,4,3
RV0036638,O0036656,C001584,5,4
RV0003859,O0003860,C004101,3,5
RV0015412,O0015420,C003152,3,5
RV0003958,O0003959,C003081,3,4
RV0020319,O0020329,C003145,5,5
RV0010282,O0010287,C004100,3,5
RV0024866,O0024876,C000338,5,3
RV0045712,O0045737,C004730,5,3
RV0039216,O0039236,C004723,5,4
RV0000540,O0000541,C003534,4,5
RV0043276,O0043300,C001822,3,4
RV0001749,O0001750,C002709,5,4
RV0025165,O0025175,C001069,4,3
RV0036170,O0036188,C004844,4,3
RV0045645,O0045670,C000777,4,3
RV0007483,O0007487,C003228,5,5
RV0048423,O0048451,C003705,5,4
RV0026135,O0026145,C004706,4,4
RV0046441,O0046468,C000257,4,5
RV0006664,O0006667,C000049,4,5
RV0013134,O0013141,C003027,5,4
RV0048511,O0048539,C003892,3,3
RV0010301,O0010306,C003758,3,3
RV0037278,O0037296,C002870,3,3
RV0038555,O0038574,C002341,3,5
RV0017171,O0017179,C000438,5,5
RV0041246,O0041268,C001659,5,5
RV0002313,O0002314,C003513,3,3
RV0022307,O0022317,C001619,3,5
RV0032509,O0032524,C002437,5,4
RV0016265,O0016273,C001707,5,3
RV0000975,O0000976,C000397,4,4
RV0023359,O0023369,C002532,5,3
RV0014900,O0014908,C004543,3,5
RV0012953,O0012960,C001264,4,3
RV0035206,O0035222,C002761,4,3
RV0022410,O0022420,C002229,4,4
RV0005119,O0005121,C004108,4,5
RV0007818,O0007823,C000202,5,3
RV0018140,O0018150,C001571,4,5
RV0040285,O0040306,C004055,5,3
RV0018008,O0018018,C001110,5,5
RV0041667,O0041689,C001338,4,5
RV0015346,O0015354,C001315,4,4
RV0004948,O0004950,C002457,4,5
RV0041042,O0041064,C000334,4,3
RV0002632,O0002633,C002412,5,5
RV0000360,O0000361,C001739,5,4
RV0034972,O0034988,C003940,5,3
RV0019228,O0019238,C004502,4,5
RV0020126,O0020136,C000398,3,3
RV0049544,O0049574,C001816,4,5
RV0008550,O0008555,C001613,5,3
RV0015793,O0015801,C003041,5,3
RV0039977,O0039998,C000814,4,4
RV0020415,O0020425,C003214,5,3
RV0038324,O0038342,C004299,3,4
RV0041956,O0041978,C002790,3,4
RV0045774,O0045800,C001407,3,3
RV0039535,O0039556,C002722,3,3
RV0007039,O0007042,C004869,3,4
RV0017111,O0017119,C003128,3,5
RV0009373,O0009378,C003711,4,3
RV0033657,O0033672,C002185,4,4
RV0047775,O0047803,C004210,4,3
RV0003896,O0003897,C003380,5,5
RV0028028,O0028041,C002651,3,4
RV0005909,O0005911,C004847,3,5
RV0015626,O0015634,C001735,5,5
RV0020381,O0020391,C001413,3,4
RV0000123,O0000124,C002557,4,4
RV0017789,O0017798,C000695,3,5
RV0044835,O0044860,C002390,3,4
RV0016770,O0016778,C000197,4,3
RV0031396,O0031410,C004970,4,5
RV0027008,O0027019,C003269,4,3
RV0021094,O0021104,C003570,4,3
RV0032525,O0032540,C004970,4,3
RV0014460,O0014468,C004321,5,5
RV0010494,O0010499,C000672,5,4
RV0011855,O0011862,C000654,3,5
RV0046227,O0046253,C004655,4,4
RV0006096,O0006098,C003250,5,3
RV0001768,O0001769,C000139,3,3
RV0032295,O0032310,C004288,4,3
RV0010219,O0010224,C004980,4,4
RV0041879,O0041901,C002130,5,4
RV0047041,O0047068,C001214,5,3
RV0001452,O0001453,C002010,3,4
RV0036086,O0036104,C000032,4,3
RV0043544,O0043568,C003265,4,5
RV0027871,O0027884,C003225,3,5
RV0021283,O0021293,C001297,4,5
RV0009942,O0009947,C004706,3,5
RV0040624,O0040646,C001984,3,3
RV0009092,O0009097,C003908,5,3
RV0045805,O0045831,C000430,4,4
RV0011961,O0011968,C004176,4,5
RV0002806,O0002807,C003432,5,5
RV0002681,O0002682,C001187,3,5
RV0012927,O0012934,C002798,3,4
RV0023358,O0023368,C003036,4,3
RV0048804,O0048832,C003138,3,4
RV0036535,O0036553,C004173,3,3
RV0027102,O0027114,C000123,3,3
RV0003314,O0003315,C004301,3,4
RV0035942,O0035959,C003688,4,5
RV0016945,O0016953,C000643,3,5
RV0010563,O0010568,C002474,4,4
RV0020978,O0020988,C003916,4,4
RV0008396,O0008401,C004324,5,3
RV0049727,O0049757,C001644,3,5
RV0028588,O0028601,C002831,4,4
RV0034935,O0034951,C003520,5,3
RV0020497,O0020507,C003956,5,4
RV0023084,O0023094,C003502,5,3
RV0046555,O0046582,C004079,4,5
RV0026447,O0026457,C000753,3,3
RV0009292,O0009297,C003784,5,3
RV0015773,O0015781,C000705,4,4
RV0000135,O0000136,C004311,4,5
RV0006077,O0006079,C003678,4,5
RV0024222,O0024232,C001600,4,3
RV0012652,O0012659,C000628,4,4
RV0028789,O0028802,C001839,4,5
RV0011996,O0012003,C002908,3,4
RV0024336,O0024346,C001365,5,5
RV0002944,O0002945,C000470,3,5
RV0027944,O0027957,C000638,3,3
RV0035729,O0035745,C000218,5,5
RV0005465,O0005467,C001607,3,5
RV0032071,O0032086,C002312,4,3
RV0010224,O0010229,C001359,5,4
RV0027470,O0027483,C004358,3,4
RV0022696,O0022706,C000572,3,4
RV0015941,O0015949,C001485,4,4
RV0046421,O0046448,C002347,4,4
RV0037230,O0037248,C003926,3,3
RV0035004,O0035020,C004757,4,3
RV0012433,O0012440,C002257,3,4
RV0003237,O0003238,C003996,5,4
RV0026635,O0026646,C002099,3,4
RV0023492,O0023502,C004313,5,5
RV0048487,O0048515,C000652,5,3
RV0044920,O0044945,C001764,5,5
RV0030989,O0031003,C001597,5,5
RV0034957,O0034973,C001597,5,4
RV0017711,O0017720,C002315,4,3
RV0036522,O0036540,C004658,4,4
RV0035899,O0035915,C004547,3,3
RV0013712,O0013719,C001080,5,5
RV0014574,O0014582,C003771,4,3
RV0016747,O0016755,C003167,4,4
RV0035896,O0035912,C000707,3,5
RV0018913,O0018923,C003919,4,5
RV0015105,O0015113,C003233,4,4
RV0024522,O0024532,C000802,5,4
RV0023565,O0023575,C001852,3,5
RV0023033,O0023043,C000019,3,3
RV0014410,O0014418,C000324,3,5
RV0026847,O0026858,C000898,4,3
RV0044463,O0044487,C003993,3,4
RV0033815,O0033830,C001728,4,5
RV0017461,O0017470,C000208,5,3
RV0031266,O0031280,C001086,4,5
RV0036585,O0036603,C000864,4,3
RV0012018,O0012025,C004906,5,3
RV0032719,O0032734,C004612,3,4
RV0022241,O0022251,C001925,4,5
RV0012685,O0012692,C003298,5,4
RV0006061,O0006063,C002014,5,3
RV0011399,O0011405,C004735,4,5
RV0021344,O0021354,C002564,3,3
RV0049375,O0049405,C000810,4,3
RV0011423,O0011429,C002704,3,3
RV0031620,O0031634,C000326,4,3
RV0047913,O0047941,C001858,5,4
RV0018534,O0018544,C004988,4,4
RV0049833,O0049863,C004998,4,5
RV0035663,O0035679,C004382,5,5
RV0028521,O0028534,C000555,4,3
RV0045652,O0045677,C002563,3,3
RV0033472,O0033487,C004662,5,3
RV0037648,O0037666,C003452,5,3
RV0011486,O0011492,C001223,5,5
RV0005887,O0005889,C001428,5,4
RV0017917,O0017927,C000028,3,4
RV0001517,O0001518,C003819,4,3
RV0010297,O0010302,C003910,4,4
RV0011971,O0011978,C003547,4,4
RV0014538,O0014546,C000516,4,5
RV0007177,O0007180,C003625,4,5
RV0002380,O0002381,C004089,3,4
RV0001236,O0001237,C002635,4,4
RV0035370,O0035386,C000958,4,4
RV0042181,O0042203,C001835,5,5
RV0035578,O0035594,C001052,5,5
RV0028105,O0028118,C004580,4,5
RV0047150,O0047177,C003274,4,4
RV0039928,O0039949,C004550,5,3
RV0008796,O0008801,C001764,4,5
RV0028725,O0028738,C003650,4,4
RV0000571,O0000572,C002929,3,5
RV0005404,O0005406,C003424,3,3
RV0007765,O0007770,C000139,4,5
RV0048059,O0048087,C001449,5,4
RV0009133,O0009138,C000596,4,3
RV0048976,O0049004,C003369,4,4
RV0023362,O0023372,C002570,4,5
RV0013217,O0013224,C004489,3,5
RV0025461,O0025471,C001332,4,4
RV0023973,O0023983,C001600,3,3
RV0038430,O0038448,C001074,5,3
RV0024453,O0024463,C003403,3,3
RV0042715,O0042738,C000250,5,4
RV0047420,O0047448,C002241,5,3
RV0036755,O0036773,C003075,4,3
RV0031766,O0031780,C001919,5,4
RV0022977,O0022987,C003137,4,3
RV0049480,O0049510,C004703,5,3
RV0031886,O0031901,C001770,3,3
