rider_id,rider_name,city,vehicle_type,experience_years,joining_year,shift_type
D00001,Gauri Chakraborty,Bangalore,Bike,5,2025,Afternoon
D00002,Rajata Barad,Bangalore,Bike,3,2025,Afternoon
D00003,Mohammed Mohanty,Bangalore,Scooter,1,2023,Night
D00004,Isaiah Brahmbhatt,Hyderabad,Bike,4,2021,Evening
D00005,Vrishti Patil,Hyderabad,Bike,6,2025,Evening
D00006,Lavanya Sem,Bangalore,Bike,6,2023,Evening
D00007,Charles Karnik,Chennai,Bike,8,2025,Morning
D00008,Sathvik Lad,Hyderabad,Scooter,4,2022,Morning
D00009,Warda Majumdar,Bangalore,Bike,8,2022,Evening
D00010,Simon Som,Bangalore,Bike,7,2020,Evening
D00011,George Soni,Chennai,Bike,0,2021,Evening
D00012,Abeer Bawa,Coimbatore,Scooter,7,2023,Afternoon
D00013,Yutika Khanna,Chennai,Bike,3,2023,Afternoon
D00014,Rachit Divan,Chennai,Bike,6,2021,Morning
D00015,Zilmil Agarwal,Bangalore,Scooter,2,2025,Evening
D00016,Ojasvi Garde,Chennai,Bike,4,2022,Afternoon
D00017,Daniel Suresh,Chennai,Scooter,6,2022,Afternoon
D00018,Yahvi Sabharwal,Bangalore,Scooter,1,2024,Night
D00019,Qadim Prakash,Chennai,Bike,4,2021,Evening
D00020,Faqid Subramaniam,Coimbatore,Bike,7,2021,Morning
D00021,Tara Palla,Chennai,Scooter,6,2022,Morning
D00022,Tanveer Shroff,Hyderabad,Bike,8,2024,Evening
D00023,Urvashi Cherian,Hyderabad,Bike,2,2022,Afternoon
D00024,Jeevika Bose,Chennai,Scooter,6,2025,Morning
D00025,Mugdha Ram,Hyderabad,Scooter,6,2026,Evening
D00026,Lohit Nagarajan,Vijayawada,Bike,0,2023,Night
D00027,Bhavna Oommen,Bangalore,Bike,1,2021,Afternoon
D00028,Yadavi Amble,Hyderabad,Scooter,6,2021,Evening
D00029,Zansi Dubey,Chennai,Bike,8,2021,Morning
D00030,Anmol Hari,Coimbatore,Scooter,5,2021,Morning
D00031,Yug Panchal,Bangalore,Scooter,7,2022,Night
D00032,Logan D’Alia,Hyderabad,Bike,2,2021,Morning
D00033,Oeshi Bhattacharyya,Chennai,Scooter,6,2026,Evening
D00034,Luke Sarin,Bangalore,Scooter,0,2020,Morning
D00035,Upkaar Pathak,Bangalore,Scooter,5,2022,Morning
D00036,Wahab Sen,Chennai,Scooter,3,2024,Morning
D00037,David Biswas,Bangalore,Scooter,3,2025,Afternoon
D00038,Maya Prabhu,Chennai,Scooter,0,2026,Night
D00039,Jai Mangal,Hyderabad,Bike,1,2023,Morning
D00040,Nathan Nagarajan,Hyderabad,Bike,4,2022,Afternoon
D00041,Dhruv Baral,Chennai,Bike,8,2025,Night
D00042,Falan Pingle,Bangalore,Bike,5,2022,Night
D00043,Balendra Baral,Bangalore,Bike,1,2020,Afternoon
D00044,Samar Bhatia,Vijayawada,Bike,7,2021,Afternoon
D00045,Rajata Dugar,Coimbatore,Bike,2,2022,Morning
D00046,Ayushman Bhavsar,Bangalore,Scooter,2,2022,Morning
D00047,Ethan Bal,Chennai,Bike,5,2021,Night
D00048,Isaac Goswami,Bangalore,Bike,1,2025,Afternoon
D00049,Sudiksha Puri,Coimbatore,Bike,4,2022,Morning
D00050,Indrajit Basak,Bangalore,Scooter,2,2024,Afternoon
D00051,Tanmayi Dhar,Vijayawada,Scooter,7,2020,Afternoon
D00052,Krishna Rajan,Bangalore,Scooter,4,2022,Afternoon
D00053,Udant Uppal,Chennai,Bike,5,2021,Night
D00054,Yatan Jaggi,Vijayawada,Scooter,0,2025,Morning
D00055,Vasatika Nadkarni,Bangalore,Bike,0,2023,Afternoon
D00056,Tejas Sharaf,Coimbatore,Bike,4,2026,Morning
D00057,Banjeet Butala,Hyderabad,Scooter,7,2020,Morning
D00058,Jai Nadig,Chennai,Bike,3,2023,Night
D00059,Reyansh Dara,Chennai,Scooter,8,2026,Afternoon
D00060,Ishwar Shanker,Coimbatore,Bike,5,2020,Afternoon
D00061,Vanya Sheth,Bangalore,Scooter,6,2026,Afternoon
D00062,Udant Mittal,Chennai,Scooter,3,2023,Evening
D00063,Udyati Vyas,Hyderabad,Bike,3,2020,Night
D00064,Jeet Borde,Bangalore,Scooter,6,2025,Evening
D00065,Chandani Choudhary,Bangalore,Scooter,3,2023,Morning
D00066,Yashodhara Nagy,Coimbatore,Scooter,4,2023,Morning
D00067,Ethan Khosla,Chennai,Bike,4,2025,Evening
D00068,Watika Chandra,Coimbatore,Bike,3,2020,Afternoon
D00069,Abeer Ghosh,Vijayawada,Scooter,5,2021,Morning
D00070,Neel Nagarajan,Chennai,Scooter,0,2023,Morning
D00071,Shivansh Sha,Chennai,Scooter,5,2026,Evening
D00072,Girindra Barman,Chennai,Bike,0,2026,Night
D00073,Raagini Kar,Bangalore,Scooter,1,2021,Morning
D00074,Ekaja Ahuja,Chennai,Scooter,6,2024,Afternoon
D00075,Warda Korpal,Bangalore,Scooter,7,2022,Night
D00076,Fiyaz Cherian,Bangalore,Scooter,5,2026,Evening
D00077,Eiravati Din,Chennai,Bike,8,2026,Afternoon
D00078,Victor Bhardwaj,Bangalore,Bike,7,2024,Morning
D00079,Vanya Divan,Bangalore,Bike,5,2020,Morning
D00080,Amruta Chowdhury,Bangalore,Scooter,8,2022,Afternoon
D00081,Nikita Thakkar,Coimbatore,Scooter,0,2023,Morning
D00082,Dominic Mukherjee,Chennai,Bike,1,2021,Night
D00083,Lohit Raghavan,Bangalore,Scooter,6,2024,Afternoon
D00084,Ethan Rajagopal,Chennai,Scooter,1,2020,Morning
D00085,Udyati Hora,Hyderabad,Scooter,3,2023,Night
D00086,Aarnav Mangal,Chennai,Bike,4,2024,Morning
D00087,Divya Sani,Hyderabad,Bike,3,2025,Night
D00088,Tarak Venkataraman,Bangalore,Scooter,3,2025,Afternoon
D00089,Yadavi Vora,Coimbatore,Scooter,6,2023,Night
D00090,Brinda Bir,Chennai,Scooter,5,2021,Evening
D00091,Ronith Aggarwal,Chennai,Scooter,5,2026,Afternoon
D00092,Unni Prasad,Chennai,Bike,2,2024,Afternoon
D00093,Lakshit Chahal,Chennai,Bike,2,2024,Evening
D00094,Vrinda Sahota,Chennai,Scooter,0,2026,Morning
D00095,Pooja Vaidya,Chennai,Bike,0,2024,Evening
D00096,Xalak Rama,Chennai,Bike,8,2020,Afternoon
D00097,Siya Tata,Coimbatore,Bike,2,2022,Afternoon
D00098,Nirja Halder,Coimbatore,Scooter,7,2026,Morning
D00099,Rajata Prasad,Chennai,Scooter,1,2022,Morning
D00100,Jyoti Kibe,Chennai,Scooter,6,2025,Afternoon
D00101,Tanmayi Sachdeva,Chennai,Bike,6,2022,Evening
D00102,Siya Sastry,Bangalore,Scooter,8,2025,Night
D00103,Faraj Aurora,Vijayawada,Scooter,3,2023,Morning
D00104,Yachana Desai,Chennai,Bike,3,2025,Morning
D00105,Laksh Panchal,Chennai,Scooter,6,2024,Afternoon
D00106,Harrison Sidhu,Coimbatore,Scooter,1,2020,Afternoon
D00107,Nathan Mittal,Bangalore,Scooter,3,2026,Evening
D00108,Janya Wagle,Hyderabad,Scooter,0,2024,Night
D00109,Chatresh Mistry,Bangalore,Bike,1,2022,Evening
D00110,Samar Bhatnagar,Hyderabad,Scooter,5,2023,Morning
D00111,Sanaya Gandhi,Chennai,Bike,1,2023,Night
D00112,Jackson Patel,Bangalore,Bike,5,2024,Morning
D00113,Meera Kulkarni,Hyderabad,Bike,0,2020,Evening
D00114,Isaiah Master,Bangalore,Bike,1,2026,Afternoon
D00115,Meera Virk,Coimbatore,Bike,0,2026,Afternoon
D00116,Farhan Uppal,Hyderabad,Bike,0,2022,Morning
D00117,Tejas Dora,Coimbatore,Bike,6,2023,Evening
D00118,Dakshesh Tella,Chennai,Bike,5,2025,Morning
D00119,Zashil Dey,Vijayawada,Bike,5,2025,Morning
D00120,Aarnav Bajwa,Bangalore,Bike,7,2024,Morning
D00121,Ekbal Lalla,Coimbatore,Bike,3,2024,Night
D00122,Ucchal Krishnamurthy,Chennai,Bike,6,2020,Evening
D00123,Darpan Mane,Vijayawada,Bike,4,2022,Afternoon
D00124,Girish Butala,Chennai,Scooter,0,2025,Night
D00125,Daniel Vohra,Vijayawada,Scooter,2,2020,Evening
D00126,Gayathri Sekhon,Chennai,Bike,7,2023,Afternoon
D00127,Yashvi Ravel,Coimbatore,Scooter,8,2020,Night
D00128,Anusha Wable,Chennai,Scooter,3,2024,Night
D00129,Varenya Kapoor,Coimbatore,Scooter,7,2022,Evening
D00130,Devansh Ghosh,Bangalore,Bike,4,2023,Evening
D00131,Rajeshri Prabhu,Hyderabad,Scooter,7,2024,Morning
D00132,Bhavna Mody,Hyderabad,Scooter,4,2020,Night
D00133,Benjamin Nadig,Chennai,Bike,0,2023,Morning
D00134,Champak Narain,Coimbatore,Scooter,6,2025,Morning
D00135,Krisha Boase,Chennai,Bike,5,2024,Afternoon
D00136,Kamya Chaudhuri,Bangalore,Scooter,2,2021,Morning
D00137,Warda Rai,Bangalore,Scooter,5,2026,Morning
D00138,Chaman Mody,Vijayawada,Bike,6,2026,Evening
D00139,Dalbir Ramesh,Bangalore,Scooter,5,2020,Morning
D00140,Nimrat Goda,Coimbatore,Scooter,6,2020,Night
D00141,Wridesh Setty,Coimbatore,Scooter,5,2022,Evening
D00142,Unni Dada,Vijayawada,Scooter,1,2024,Evening
D00143,Suhani Chacko,Chennai,Scooter,3,2020,Evening
D00144,Ayushman Bahri,Bangalore,Bike,8,2025,Evening
D00145,Manbir Varkey,Coimbatore,Scooter,5,2023,Night
D00146,Reva Chaudry,Chennai,Scooter,8,2023,Morning
D00147,Anusha Salvi,Chennai,Scooter,7,2020,Evening
D00148,Kritika Shukla,Bangalore,Bike,2,2022,Afternoon
D00149,Wyatt Karan,Bangalore,Scooter,2,2025,Evening
D00150,Hardik Solanki,Bangalore,Scooter,8,2020,Afternoon
D00151,Advay Choudhury,Chennai,Scooter,8,2026,Morning
D00152,Niharika Tandon,Bangalore,Scooter,4,2026,Evening
D00153,Keya Shenoy,Bangalore,Bike,5,2023,Night
D00154,Thomas Jaggi,Bangalore,Bike,6,2025,Evening
D00155,Siya Rajagopal,Chennai,Bike,8,2023,Night
D00156,Nimrat Ahluwalia,Chennai,Bike,1,2020,Night
D00157,Vihaan Palan,Coimbatore,Scooter,5,2020,Night
D00158,Utkarsh Bhardwaj,Bangalore,Scooter,6,2022,Night
D00159,Bahadurjit Shanker,Bangalore,Scooter,3,2020,Evening
D00160,Warjas Datta,Bangalore,Bike,7,2024,Morning
D00161,Ijaya Tata,Bangalore,Scooter,1,2026,Morning
D00162,Ekbal Halder,Chennai,Bike,6,2025,Evening
D00163,Yug Naidu,Chennai,Scooter,5,2022,Night
D00164,Logan Bhalla,Chennai,Bike,1,2021,Afternoon
D00165,Nachiket Arora,Chennai,Bike,5,2020,Afternoon
D00166,Daniel Dash,Chennai,Scooter,0,2023,Evening
D00167,Manan Gill,Vijayawada,Scooter,6,2020,Morning
D00168,Avi Memon,Bangalore,Scooter,1,2025,Afternoon
D00169,Bina Ben,Hyderabad,Scooter,3,2025,Night
D00170,Laksh Bhatnagar,Bangalore,Bike,6,2020,Night
D00171,Anthony Saraf,Coimbatore,Scooter,7,2021,Morning
D00172,Harita Iyer,Vijayawada,Bike,8,2026,Night
D00173,Upasna Garde,Hyderabad,Scooter,1,2022,Afternoon
D00174,Ishaan Rattan,Bangalore,Scooter,4,2025,Afternoon
D00175,Varenya Patla,Chennai,Bike,3,2022,Night
D00176,Dalbir Pal,Hyderabad,Bike,5,2022,Night
D00177,Daniel Issac,Chennai,Bike,5,2022,Night
D00178,Raagini Sani,Bangalore,Scooter,0,2020,Morning
D00179,Gaurika Hayer,Chennai,Scooter,6,2023,Morning
D00180,Laban Shah,Chennai,Bike,4,2020,Afternoon
D00181,Sarthak Shukla,Bangalore,Bike,7,2024,Night
D00182,Matthew Parekh,Hyderabad,Bike,0,2024,Evening
D00183,Agastya Parekh,Chennai,Bike,8,2021,Evening
D00184,Rachita Naik,Coimbatore,Scooter,1,2021,Evening
D00185,Bhavini Nagi,Chennai,Scooter,4,2020,Evening
D00186,Jatin Radhakrishnan,Bangalore,Bike,8,2023,Night
D00187,Atharv Gill,Hyderabad,Bike,3,2025,Evening
D00188,Matthew Mall,Vijayawada,Bike,6,2026,Night
D00189,Yutika Chandra,Bangalore,Scooter,1,2020,Night
D00190,Falguni Choudhury,Hyderabad,Bike,0,2026,Afternoon
D00191,Udant Shenoy,Bangalore,Bike,1,2022,Evening
D00192,Parth Kota,Coimbatore,Scooter,1,2023,Morning
D00193,Tarak Goel,Bangalore,Bike,0,2026,Afternoon
D00194,Ayaan Naidu,Vijayawada,Bike,7,2020,Morning
D00195,Urishilla Manda,Chennai,Scooter,3,2025,Evening
D00196,Omkaar Sabharwal,Coimbatore,Scooter,0,2021,Evening
D00197,Jalsa Divan,Vijayawada,Scooter,8,2023,Afternoon
D00198,Neel Cheema,Bangalore,Scooter,6,2025,Morning
D00199,Shravya Dugar,Coimbatore,Bike,2,2020,Night
D00200,Laksh Narula,Bangalore,Scooter,1,2026,Afternoon
D00201,Bahadurjit Oak,Vijayawada,Bike,2,2023,Afternoon
D00202,Jatin Munshi,Chennai,Bike,3,2022,Afternoon
D00203,Teerth Bal,Chennai,Bike,2,2025,Afternoon
D00204,Panini Dar,Chennai,Scooter,1,2022,Morning
D00205,Wazir Ganesan,Bangalore,Bike,3,2024,Afternoon
D00206,Prisha Bir,Coimbatore,Scooter,2,2020,Night
D00207,Nimrat Deshmukh,Hyderabad,Scooter,4,2022,Morning
D00208,Gaurav Ravel,Chennai,Bike,6,2026,Night
D00209,Vihaan Sharaf,Hyderabad,Scooter,5,2026,Morning
D00210,Amruta Dyal,Vijayawada,Scooter,8,2022,Afternoon
D00211,Rayaan Dey,Coimbatore,Bike,1,2024,Night
D00212,Vrishti Kanda,Chennai,Scooter,7,2024,Afternoon
D00213,Yoshita Dugal,Vijayawada,Bike,3,2025,Afternoon
D00214,Radhika Lall,Chennai,Scooter,4,2021,Afternoon
D00215,Yoshita Walla,Chennai,Scooter,4,2025,Night
D00216,Arya Chakraborty,Hyderabad,Scooter,8,2026,Afternoon
D00217,Advika Minhas,Bangalore,Scooter,0,2024,Evening
D00218,Wakeeta Rattan,Chennai,Scooter,3,2025,Night
D00219,Logan Rao,Bangalore,Scooter,6,2024,Night
D00220,Ganga Ramanathan,Bangalore,Scooter,5,2025,Evening
D00221,Gautam Aurora,Coimbatore,Bike,0,2022,Afternoon
D00222,Hardik Garde,Hyderabad,Bike,1,2024,Night
D00223,Avi Prabhakar,Coimbatore,Bike,7,2025,Night
D00224,Wazir Chowdhury,Coimbatore,Scooter,2,2023,Afternoon
D00225,Aarav Barman,Hyderabad,Scooter,2,2022,Evening
D00226,Rachita Bhatnagar,Chennai,Bike,5,2025,Afternoon
D00227,Yadavi Bhatti,Vijayawada,Bike,4,2020,Night
D00228,Nisha Goyal,Chennai,Bike,5,2020,Afternoon
D00229,Harini Wagle,Coimbatore,Bike,0,2025,Night
D00230,Pranit Goswami,Hyderabad,Scooter,7,2020,Afternoon
D00231,Arjun Jhaveri,Coimbatore,Scooter,7,2022,Evening
D00232,Manbir Chana,Hyderabad,Bike,4,2024,Night
D00233,David Goel,Chennai,Scooter,4,2020,Night
D00234,Bhanumati Mane,Bangalore,Bike,3,2020,Night
D00235,Dayita Mane,Vijayawada,Bike,8,2025,Morning
D00236,Hema Mohanty,Coimbatore,Bike,3,2023,Morning
D00237,Anika Batra,Bangalore,Bike,2,2024,Morning
D00238,Dominic Bhalla,Hyderabad,Scooter,1,2026,Afternoon
D00239,Krishna Savant,Chennai,Scooter,8,2023,Afternoon
D00240,Dalaja Patil,Hyderabad,Bike,3,2021,Evening
D00241,Prisha Peri,Vijayawada,Scooter,4,2025,Night
D00242,Bimala Chand,Coimbatore,Bike,4,2023,Night
D00243,Gaurang Magar,Bangalore,Scooter,1,2025,Morning
D00244,Girindra Salvi,Chennai,Bike,6,2020,Evening
D00245,Vasudha Nigam,Bangalore,Scooter,4,2026,Morning
D00246,Elijah Kara,Hyderabad,Bike,8,2024,Afternoon
D00247,Indali Bobal,Chennai,Scooter,1,2020,Evening
D00248,Yochana Barman,Coimbatore,Scooter,1,2021,Evening
D00249,Triveni Bobal,Chennai,Bike,5,2020,Morning
D00250,Anmol Muni,Chennai,Bike,1,2025,Morning
D00251,Hritik Pandit,Bangalore,Scooter,1,2023,Afternoon
D00252,Ubika Merchant,Vijayawada,Bike,7,2021,Morning
D00253,Qabil Lala,Bangalore,Scooter,8,2022,Evening
D00254,Mason Sanghvi,Hyderabad,Scooter,0,2022,Evening
D00255,Yutika Mane,Chennai,Bike,7,2021,Morning
D00256,Odika Om,Coimbatore,Bike,0,2021,Evening
D00257,Amrita Ramaswamy,Hyderabad,Scooter,6,2020,Night
D00258,Ishani Dara,Vijayawada,Scooter,8,2023,Afternoon
D00259,Bahadurjit Narula,Bangalore,Bike,3,2026,Night
D00260,Lavanya Mangal,Chennai,Scooter,1,2022,Evening
D00261,Vedant Chand,Chennai,Scooter,7,2021,Afternoon
D00262,Finn Natt,Hyderabad,Bike,8,2025,Night
D00263,Pavani Khare,Bangalore,Bike,7,2026,Afternoon
D00264,Balhaar Gulati,Chennai,Scooter,3,2021,Afternoon
D00265,Janani Mand,Coimbatore,Scooter,4,2026,Evening
D00266,Dipta Prabhakar,Chennai,Bike,2,2024,Evening
D00267,Janaki Manda,Bangalore,Bike,5,2021,Morning
D00268,Chandran Jhaveri,Hyderabad,Scooter,0,2026,Night
D00269,Yoshita Sanghvi,Chennai,Scooter,4,2025,Evening
D00270,Ekta Chana,Bangalore,Scooter,2,2021,Evening
D00271,Tanay Peri,Coimbatore,Scooter,5,2026,Night
D00272,Anita Krishna,Hyderabad,Scooter,5,2024,Morning
D00273,Shaurya Bail,Chennai,Bike,1,2022,Night
D00274,Ekaja Sheth,Bangalore,Scooter,1,2023,Evening
D00275,Hamsini Pillay,Hyderabad,Scooter,5,2023,Evening
D00276,Niharika Buch,Hyderabad,Scooter,7,2025,Night
D00277,Zinal Gola,Chennai,Scooter,8,2021,Afternoon
D00278,Tanveer Datta,Bangalore,Bike,7,2022,Evening
D00279,Indrajit Mahajan,Coimbatore,Bike,5,2022,Evening
D00280,Hardik Sharaf,Hyderabad,Scooter,1,2022,Morning
D00281,Ekta Virk,Chennai,Bike,8,2025,Night
D00282,Manthan Rau,Hyderabad,Bike,6,2024,Evening
D00283,Chaman Biswas,Chennai,Bike,0,2020,Morning
D00284,Mahika Sunder,Vijayawada,Bike,3,2021,Morning
D00285,Azaan Chhabra,Coimbatore,Bike,2,2026,Evening
D00286,Andrew Hans,Vijayawada,Bike,1,2023,Afternoon
D00287,Jonathan Thaman,Vijayawada,Bike,5,2025,Afternoon
D00288,Ishwar Samra,Hyderabad,Scooter,8,2024,Evening
D00289,Samesh Pathak,Chennai,Scooter,7,2021,Night
D00290,Chandresh Memon,Bangalore,Scooter,4,2022,Night
D00291,Ekapad Korpal,Bangalore,Scooter,7,2021,Morning
D00292,Sara Dey,Chennai,Scooter,2,2025,Evening
D00293,Lakshit Dhar,Vijayawada,Bike,7,2020,Evening
D00294,Reva Tripathi,Chennai,Scooter,6,2024,Afternoon
D00295,Irya Agate,Hyderabad,Bike,2,2026,Evening
D00296,Praneel Mutti,Chennai,Scooter,1,2026,Afternoon
D00297,Charan Talwar,Hyderabad,Scooter,4,2021,Afternoon
D00298,Darsh Prabhakar,Vijayawada,Bike,7,2022,Evening
D00299,Bakhshi Dara,Hyderabad,Scooter,6,2023,Morning
D00300,Sai Agrawal,Chennai,Bike,2,2020,Evening
D00301,Kalpit Cherian,Hyderabad,Bike,2,2026,Afternoon
D00302,Chakrika Ganesh,Bangalore,Bike,5,2023,Night
D00303,Radha Chaudhry,Bangalore,Bike,6,2021,Morning
D00304,Hemal Dutta,Chennai,Bike,2,2021,Night
D00305,Kritika Dar,Coimbatore,Bike,5,2020,Morning
D00306,Aradhana Chaudhari,Chennai,Scooter,4,2025,Afternoon
D00307,Geetika Upadhyay,Coimbatore,Scooter,6,2021,Afternoon
D00308,Qushi Gaba,Chennai,Scooter,3,2023,Night
D00309,Ladli Sawhney,Coimbatore,Bike,0,2025,Afternoon
D00310,Hitesh Chaudhry,Bangalore,Bike,8,2022,Night
D00311,Gaurav D’Alia,Hyderabad,Scooter,2,2024,Afternoon
D00312,Jeevika Hayre,Hyderabad,Bike,3,2024,Night
D00313,Aarini Sandal,Chennai,Scooter,8,2022,Night
D00314,Azaan Vaidya,Coimbatore,Bike,3,2023,Night
D00315,Tamanna Banik,Vijayawada,Scooter,4,2023,Morning
D00316,Xavier Jha,Chennai,Bike,7,2022,Evening
D00317,Girish Edwin,Vijayawada,Bike,4,2026,Night
D00318,Champak Lalla,Chennai,Bike,3,2023,Morning
D00319,Arin Kari,Chennai,Scooter,7,2026,Afternoon
D00320,Caleb Memon,Hyderabad,Scooter,1,2024,Afternoon
D00321,Osha Karpe,Chennai,Bike,7,2023,Morning
D00322,Ayaan Dora,Chennai,Bike,0,2021,Evening
D00323,Avni Chatterjee,Coimbatore,Scooter,2,2022,Morning
D00324,Gautam Doctor,Bangalore,Bike,1,2023,Evening
D00325,Mason Bajwa,Chennai,Scooter,5,2024,Evening
D00326,Utkarsh Handa,Vijayawada,Scooter,5,2022,Afternoon
D00327,Eshana Thakkar,Bangalore,Scooter,8,2020,Night
D00328,Naksh Thaman,Bangalore,Scooter,7,2023,Night
D00329,Isaac Jain,Bangalore,Scooter,6,2020,Night
D00330,Ishaan Vaidya,Vijayawada,Bike,3,2022,Night
D00331,Brijesh Yadav,Coimbatore,Bike,6,2026,Afternoon
D00332,Ira Chanda,Chennai,Scooter,5,2026,Afternoon
D00333,Indrajit Borra,Chennai,Bike,6,2023,Evening
D00334,Ekanta Mani,Hyderabad,Bike,1,2020,Morning
D00335,Maanav Rao,Chennai,Scooter,1,2023,Morning
D00336,Owen Ben,Bangalore,Scooter,6,2020,Afternoon
D00337,Barkha Yohannan,Coimbatore,Scooter,5,2025,Afternoon
D00338,Daniel Agarwal,Hyderabad,Scooter,0,2022,Evening
D00339,Eta Jayaraman,Coimbatore,Bike,7,2020,Evening
D00340,Veer Purohit,Coimbatore,Bike,3,2025,Morning
D00341,Ati Saraf,Chennai,Bike,3,2026,Morning
D00342,Neha Mani,Vijayawada,Scooter,4,2026,Afternoon
D00343,Chandresh Rattan,Hyderabad,Scooter,0,2022,Evening
D00344,Warinder Kant,Chennai,Scooter,5,2020,Afternoon
D00345,Gaurika Loyal,Chennai,Scooter,6,2023,Night
D00346,Ojas Upadhyay,Coimbatore,Bike,5,2022,Night
D00347,Forum Kalita,Bangalore,Bike,7,2020,Morning
D00348,Harish Baria,Chennai,Bike,8,2023,Morning
D00349,Faraj Panchal,Bangalore,Scooter,1,2024,Morning
D00350,Patrick Merchant,Bangalore,Scooter,7,2025,Afternoon
D00351,Odika Bedi,Bangalore,Bike,6,2021,Morning
D00352,Samar Bhavsar,Bangalore,Scooter,0,2021,Night
D00353,Frado Gara,Bangalore,Scooter,6,2022,Evening
D00354,Naksh Maharaj,Chennai,Scooter,5,2025,Afternoon
D00355,Urmi Prabhakar,Vijayawada,Scooter,7,2021,Afternoon
D00356,Oni Mander,Coimbatore,Scooter,2,2024,Morning
D00357,Gaurang Sharaf,Bangalore,Bike,3,2025,Night
D00358,Tara Thakur,Chennai,Bike,3,2022,Night
D00359,Nirja Srivastava,Chennai,Bike,1,2026,Morning
D00360,Kala Soni,Coimbatore,Scooter,5,2020,Evening
D00361,Aishani Das,Vijayawada,Scooter,4,2020,Night
D00362,Kashvi Murthy,Chennai,Bike,2,2026,Morning
D00363,Noah Grover,Coimbatore,Bike,5,2021,Morning
D00364,Falan Kumar,Bangalore,Bike,6,2023,Evening
D00365,Aarna Bains,Chennai,Bike,2,2021,Morning
D00366,Laban Mani,Hyderabad,Scooter,3,2023,Evening
D00367,Yutika Wadhwa,Chennai,Scooter,3,2025,Afternoon
D00368,Jai Oak,Hyderabad,Bike,0,2022,Afternoon
D00369,Priya Baral,Chennai,Bike,0,2022,Morning
D00370,Krishna Borra,Chennai,Bike,2,2025,Afternoon
D00371,Turvi Bail,Chennai,Bike,6,2021,Afternoon
D00372,Abha Sarraf,Chennai,Bike,4,2023,Afternoon
D00373,Anya Chaudhry,Bangalore,Bike,7,2020,Evening
D00374,Rachita Bal,Coimbatore,Bike,8,2022,Night
D00375,Daksh Sibal,Bangalore,Bike,4,2024,Morning
D00376,Orinder Swamy,Chennai,Bike,6,2023,Morning
D00377,Umang Chaudhary,Bangalore,Scooter,0,2021,Evening
D00378,Falan Narayanan,Bangalore,Bike,5,2024,Night
D00379,Kabir Jayaraman,Bangalore,Bike,2,2020,Afternoon
D00380,Wriddhish Chaudhari,Coimbatore,Scooter,2,2024,Evening
D00381,Dalbir Karnik,Chennai,Scooter,3,2020,Evening
D00382,Ganga Halder,Coimbatore,Bike,7,2020,Evening
D00383,Hemang Dube,Hyderabad,Bike,8,2021,Morning
D00384,Barkha Raval,Chennai,Scooter,3,2022,Afternoon
D00385,Jeremiah Parmar,Chennai,Scooter,5,2022,Night
D00386,Wishi Malhotra,Chennai,Bike,0,2022,Night
D00387,Isaac Nazareth,Chennai,Bike,6,2021,Evening
D00388,Zaitra Brahmbhatt,Vijayawada,Scooter,0,2020,Night
D00389,Balhaar Bajwa,Bangalore,Bike,2,2020,Evening
D00390,Anirudh Buch,Chennai,Scooter,6,2024,Morning
D00391,Nilima Ramakrishnan,Coimbatore,Scooter,3,2021,Evening
D00392,Viraj Sandhu,Hyderabad,Scooter,4,2026,Night
D00393,Oscar Doctor,Chennai,Scooter,4,2024,Morning
D00394,Samuel Dey,Chennai,Scooter,4,2024,Afternoon
D00395,Ayush Boase,Bangalore,Scooter,3,2023,Morning
D00396,Krisha Babu,Bangalore,Bike,5,2022,Evening
D00397,Tamanna Jha,Vijayawada,Scooter,6,2022,Afternoon
D00398,Daksh Gole,Hyderabad,Scooter,7,2020,Afternoon
D00399,Chameli Shan,Hyderabad,Bike,4,2024,Night
D00400,Bhavika Doctor,Hyderabad,Scooter,5,2026,Night
D00401,Vamakshi Warrior,Bangalore,Bike,6,2020,Night
D00402,Sai Choudhury,Bangalore,Scooter,3,2026,Night
D00403,Yoshita Sandal,Hyderabad,Bike,0,2024,Night
D00404,Gaurang D’Alia,Chennai,Bike,0,2026,Morning
D00405,Dayamai Bedi,Bangalore,Bike,7,2024,Afternoon
D00406,Yochana Hari,Bangalore,Bike,6,2022,Afternoon
D00407,Mugdha Aurora,Hyderabad,Bike,7,2023,Night
D00408,Faras Reddy,Bangalore,Bike,7,2020,Evening
D00409,Anusha Mangal,Bangalore,Scooter,1,2026,Morning
D00410,Aarini Keer,Bangalore,Bike,5,2023,Afternoon
D00411,Oeshi Singhal,Bangalore,Bike,1,2026,Morning
D00412,Wyatt Banik,Bangalore,Scooter,7,2025,Morning
D00413,Wriddhish Sangha,Chennai,Bike,2,2026,Morning
D00414,Idika Jhaveri,Hyderabad,Bike,4,2023,Morning
D00415,Vedhika Tank,Hyderabad,Scooter,5,2022,Afternoon
D00416,Jhalak Dua,Bangalore,Bike,4,2025,Night
D00417,Ria Gara,Hyderabad,Bike,6,2024,Night
D00418,Meghana Balan,Vijayawada,Scooter,3,2020,Afternoon
D00419,Pallavi Patel,Chennai,Scooter,1,2021,Morning
D00420,Indira Dube,Hyderabad,Bike,2,2024,Afternoon
D00421,Ayushman Baria,Chennai,Bike,2,2025,Morning
D00422,Bishakha Majumdar,Bangalore,Scooter,3,2022,Morning
D00423,Bhavika Dutt,Chennai,Bike,8,2025,Morning
D00424,Aryan Nadig,Bangalore,Scooter,0,2024,Evening
D00425,Lajita Suresh,Chennai,Bike,3,2023,Morning
D00426,Harinakshi Dave,Hyderabad,Bike,3,2021,Night
D00427,Wridesh Bhavsar,Bangalore,Scooter,1,2021,Evening
D00428,Damyanti Kumer,Bangalore,Bike,7,2020,Night
D00429,Rachana Madan,Coimbatore,Scooter,2,2023,Evening
D00430,Atharv Kumar,Coimbatore,Scooter,6,2023,Morning
D00431,Nisha Gulati,Chennai,Scooter,7,2020,Evening
D00432,Nitara Chopra,Coimbatore,Bike,8,2025,Evening
D00433,Advika Grewal,Chennai,Scooter,0,2020,Night
D00434,Vasatika Wagle,Chennai,Scooter,4,2023,Evening
D00435,Yochana Kala,Coimbatore,Bike,5,2026,Night
D00436,Yasti Bhatt,Chennai,Scooter,4,2023,Night
D00437,Vanya Batta,Chennai,Bike,8,2022,Night
D00438,Joshua Randhawa,Bangalore,Scooter,8,2021,Evening
D00439,Meghana Parmar,Bangalore,Bike,0,2023,Night
D00440,Ishita Oommen,Chennai,Bike,3,2021,Afternoon
D00441,Ekaja Mistry,Bangalore,Scooter,3,2025,Morning
D00442,Ekanta Sibal,Vijayawada,Scooter,6,2024,Evening
D00443,Abdul Naidu,Hyderabad,Scooter,1,2024,Afternoon
D00444,Lila Murthy,Bangalore,Bike,7,2020,Evening
D00445,Omkaar Dubey,Coimbatore,Bike,2,2025,Evening
D00446,Orinder Dasgupta,Bangalore,Scooter,8,2026,Evening
D00447,Jagat Kapadia,Hyderabad,Bike,0,2023,Evening
D00448,Zaid Singh,Chennai,Scooter,7,2023,Morning
D00449,Farhan Golla,Bangalore,Bike,5,2021,Morning
D00450,Zaid Hayer,Hyderabad,Scooter,8,2021,Night
D00451,Mekhala Dave,Coimbatore,Bike,3,2021,Night
D00452,Vincent Choudhury,Chennai,Bike,0,2020,Afternoon
D00453,Nidra Edwin,Bangalore,Bike,6,2026,Night
D00454,Shivansh Parmar,Vijayawada,Bike,3,2021,Night
D00455,Isaiah Hari,Hyderabad,Bike,2,2025,Evening
D00456,Balveer Cherian,Chennai,Scooter,8,2023,Afternoon
D00457,Quincy Dhar,Chennai,Bike,6,2023,Morning
D00458,Damyanti Varty,Coimbatore,Scooter,8,2020,Evening
D00459,Manthan Deshmukh,Chennai,Scooter,2,2022,Evening
D00460,Simon Anand,Vijayawada,Scooter,5,2026,Night
D00461,Qushi Bobal,Coimbatore,Bike,8,2024,Evening
D00462,Yug Memon,Vijayawada,Scooter,8,2020,Evening
D00463,Turvi Dalal,Bangalore,Bike,5,2025,Afternoon
D00464,Irya Narula,Hyderabad,Scooter,5,2026,Night
D00465,Harshil Mahajan,Chennai,Bike,6,2026,Evening
D00466,Rishi Aurora,Bangalore,Bike,4,2022,Afternoon
D00467,Xavier Prabhu,Bangalore,Scooter,8,2024,Morning
D00468,Bhavani Morar,Bangalore,Scooter,3,2023,Morning
D00469,William Bahl,Chennai,Scooter,0,2023,Evening
D00470,Urvashi Barman,Hyderabad,Bike,0,2021,Afternoon
D00471,Mahika Kale,Bangalore,Bike,6,2024,Evening
D00472,Jackson Vasa,Bangalore,Bike,4,2024,Afternoon
D00473,Patrick Verma,Coimbatore,Bike,6,2022,Afternoon
D00474,Nihal Baral,Bangalore,Bike,8,2024,Night
D00475,Indrajit Jayaraman,Bangalore,Bike,7,2026,Night
D00476,Nicholas Kar,Vijayawada,Bike,7,2024,Evening
D00477,Ekavir Ranganathan,Bangalore,Scooter,2,2024,Night
D00478,Edhitha Banerjee,Bangalore,Scooter,2,2021,Evening
D00479,Harshil Ravi,Hyderabad,Scooter,2,2021,Night
D00480,Jagrati Narula,Coimbatore,Bike,7,2022,Afternoon
D00481,Laban Das,Bangalore,Scooter,7,2020,Evening
D00482,Sarthak Dasgupta,Chennai,Bike,5,2026,Evening
D00483,Neel Sastry,Bangalore,Scooter,6,2025,Morning
D00484,Samesh Prashad,Coimbatore,Bike,8,2020,Afternoon
D00485,Atharv Dass,Hyderabad,Bike,8,2022,Morning
D00486,Wahab Rai,Bangalore,Scooter,3,2025,Night
D00487,Forum Ramesh,Coimbatore,Bike,4,2023,Evening
D00488,Oeshi Zacharia,Chennai,Bike,1,2026,Night
D00489,Viraj Mand,Vijayawada,Scooter,6,2025,Evening
D00490,Hema Kurian,Chennai,Scooter,5,2026,Evening
D00491,Devika Edwin,Vijayawada,Bike,3,2021,Evening
D00492,Inaya Tailor,Vijayawada,Scooter,3,2023,Morning
D00493,Nidhi Chaudry,Chennai,Scooter,5,2020,Morning
D00494,Brinda Andra,Bangalore,Scooter,8,2022,Afternoon
D00495,Oni Kashyap,Hyderabad,Scooter,5,2023,Night
D00496,Nidra Basu,Coimbatore,Scooter,3,2023,Night
D00497,Jagvi Chauhan,Chennai,Scooter,0,2022,Night
D00498,Widisha Pandit,Vijayawada,Bike,3,2022,Afternoon
D00499,Nitesh Dhar,Hyderabad,Bike,3,2024,Evening
D00500,Tanish Garde,Bangalore,Scooter,7,2024,Afternoon
D00501,Ansh Dani,Bangalore,Scooter,7,2021,Evening
D00502,Timothy Bava,Hyderabad,Scooter,4,2026,Afternoon
D00503,Ranveer Ramanathan,Vijayawada,Scooter,0,2020,Night
D00504,Vritti Gopal,Bangalore,Scooter,7,2020,Evening
D00505,Vincent Kale,Coimbatore,Scooter,8,2021,Night
D00506,Aarna Johal,Bangalore,Scooter,2,2021,Morning
D00507,Alexander Pingle,Bangalore,Scooter,4,2024,Afternoon
D00508,Gautam Mukherjee,Chennai,Bike,8,2023,Morning
D00509,Parth Pant,Vijayawada,Bike,2,2025,Night
D00510,Tamanna Karan,Coimbatore,Scooter,6,2026,Afternoon
D00511,Anjali Solanki,Hyderabad,Bike,6,2022,Night
D00512,Zayan Borde,Bangalore,Bike,5,2026,Night
D00513,Ojas Shenoy,Hyderabad,Bike,0,2021,Night
D00514,Watika Gandhi,Chennai,Bike,3,2021,Evening
D00515,Qasim Mallick,Bangalore,Bike,2,2020,Evening
D00516,Laksh Bajwa,Bangalore,Bike,6,2025,Evening
D00517,Noah Khanna,Bangalore,Bike,8,2026,Night
D00518,Harrison Hayer,Vijayawada,Bike,1,2023,Afternoon
D00519,Oni Gour,Chennai,Scooter,8,2024,Night
D00520,Prisha Reddy,Chennai,Bike,3,2025,Night
D00521,Lakshmi Buch,Coimbatore,Bike,1,2025,Evening
D00522,Abdul Sridhar,Vijayawada,Bike,8,2024,Night
D00523,Karan Bassi,Chennai,Scooter,5,2026,Morning
D00524,Darpan Prakash,Hyderabad,Bike,2,2020,Afternoon
D00525,Jagat Yohannan,Bangalore,Bike,4,2021,Night
D00526,Praneel Saini,Bangalore,Scooter,8,2023,Afternoon
D00527,Dakshesh Bhatnagar,Chennai,Bike,6,2024,Morning
D00528,Pratyush Bose,Hyderabad,Bike,0,2022,Morning
D00529,Sarthak Chakraborty,Chennai,Bike,0,2026,Morning
D00530,Chandran Kala,Chennai,Bike,3,2023,Morning
D00531,Sarthak Malhotra,Coimbatore,Scooter,2,2025,Morning
D00532,Dayita Prashad,Hyderabad,Scooter,5,2026,Afternoon
D00533,Damini Pillai,Hyderabad,Scooter,3,2020,Evening
D00534,Upadhriti Vyas,Bangalore,Scooter,2,2022,Afternoon
D00535,Yatin Saran,Coimbatore,Bike,6,2022,Evening
D00536,Radha Barad,Bangalore,Bike,2,2022,Night
D00537,Isha Kurian,Bangalore,Bike,5,2022,Evening
D00538,Ikbal Batra,Hyderabad,Bike,4,2021,Evening
D00539,Onkar Dhar,Chennai,Scooter,5,2022,Night
D00540,Veer Pillai,Hyderabad,Scooter,5,2025,Night
D00541,Luke Goel,Chennai,Bike,1,2022,Afternoon
D00542,Jalsa Mittal,Bangalore,Bike,3,2021,Morning
D00543,Aarna Kapadia,Bangalore,Bike,7,2024,Evening
D00544,Faris Dara,Coimbatore,Scooter,7,2023,Morning
D00545,Laksh Banerjee,Chennai,Scooter,6,2026,Morning
D00546,Xiti Dara,Coimbatore,Bike,5,2021,Morning
D00547,Amara Wadhwa,Chennai,Bike,3,2020,Morning
D00548,Zaitra Sankar,Bangalore,Bike,6,2021,Morning
D00549,Varsha Nath,Bangalore,Bike,2,2023,Evening
D00550,Meghana Chopra,Hyderabad,Bike,2,2026,Afternoon
D00551,Dhruv Dhar,Hyderabad,Bike,5,2023,Evening
D00552,Jhalak Khatri,Bangalore,Bike,6,2021,Night
D00553,Darsh Lad,Bangalore,Scooter,3,2025,Night
D00554,Arjun Gulati,Hyderabad,Scooter,8,2023,Evening
D00555,Varenya Gopal,Vijayawada,Bike,6,2020,Night
D00556,Falguni Kapoor,Chennai,Scooter,3,2023,Morning
D00557,Praneel Bhatia,Chennai,Bike,1,2026,Morning
D00558,Dalaja Ranganathan,Hyderabad,Scooter,8,2024,Evening
D00559,Ekapad Saraf,Hyderabad,Bike,7,2022,Night
D00560,Madhavi Pai,Vijayawada,Scooter,3,2020,Afternoon
D00561,Qasim Murty,Coimbatore,Bike,7,2023,Afternoon
D00562,Jeevika Memon,Hyderabad,Scooter,1,2026,Morning
D00563,Odika Nayak,Vijayawada,Scooter,0,2026,Morning
D00564,Bhavya Bawa,Chennai,Scooter,1,2024,Night
D00565,Nikita Sawhney,Chennai,Bike,7,2023,Evening
D00566,Megha Rajagopalan,Coimbatore,Bike,4,2026,Evening
D00567,Urmi Ratta,Hyderabad,Bike,3,2026,Night
D00568,Bishakha Tiwari,Chennai,Bike,8,2025,Afternoon
D00569,Ekanta Vig,Coimbatore,Scooter,2,2024,Morning
D00570,Nathaniel Dave,Bangalore,Scooter,1,2022,Afternoon
D00571,Oni Buch,Chennai,Scooter,2,2022,Evening
D00572,Jackson Doshi,Chennai,Bike,7,2025,Afternoon
D00573,Chandran Prabhakar,Coimbatore,Scooter,4,2025,Night
D00574,Megha Shenoy,Chennai,Scooter,8,2020,Morning
D00575,Lavanya Dada,Bangalore,Bike,1,2024,Afternoon
D00576,Jagrati Lad,Bangalore,Bike,0,2026,Afternoon
D00577,Aayush Mangat,Bangalore,Bike,7,2025,Morning
D00578,Brinda Raj,Hyderabad,Scooter,3,2023,Evening
D00579,Upasna Nigam,Chennai,Bike,8,2020,Afternoon
D00580,Vasatika Balan,Chennai,Bike,3,2025,Afternoon
D00581,Charles Khosla,Coimbatore,Bike,5,2025,Afternoon
D00582,Patrick Khatri,Bangalore,Bike,7,2025,Night
D00583,Sanaya Bath,Bangalore,Scooter,1,2022,Morning
D00584,Harita Gade,Vijayawada,Scooter,8,2026,Afternoon
D00585,Harshil Sathe,Hyderabad,Bike,5,2021,Morning
D00586,Ganga Sarraf,Bangalore,Scooter,4,2025,Afternoon
D00587,Ubika Sridhar,Coimbatore,Bike,7,2026,Night
D00588,Yoshita Thakur,Chennai,Bike,5,2020,Night
D00589,Tanveer Sridhar,Coimbatore,Scooter,1,2021,Evening
D00590,Ganga Subramanian,Chennai,Scooter,1,2026,Morning
D00591,Gabriel Khurana,Chennai,Scooter,1,2022,Morning
D00592,Adya Chauhan,Coimbatore,Bike,1,2022,Morning
D00593,Kai Srivastava,Bangalore,Scooter,0,2022,Afternoon
D00594,Chakrika Salvi,Chennai,Scooter,0,2024,Evening
D00595,Logan Yogi,Chennai,Scooter,6,2021,Morning
D00596,Chanakya Samra,Bangalore,Scooter,0,2026,Evening
D00597,Mugdha Kala,Bangalore,Bike,7,2020,Morning
D00598,Ekaraj Bhandari,Coimbatore,Bike,1,2020,Morning
D00599,Udyati Doctor,Chennai,Bike,2,2024,Afternoon
D00600,Arya Wali,Chennai,Scooter,5,2024,Morning
D00601,Dayita Hayre,Chennai,Scooter,7,2020,Evening
D00602,Manya Parmer,Chennai,Bike,3,2021,Afternoon
D00603,Ria Hari,Vijayawada,Scooter,7,2023,Night
D00604,Tripti Barman,Bangalore,Scooter,0,2023,Night
D00605,Indira Ramachandran,Bangalore,Bike,1,2024,Evening
D00606,Bhavini Vaidya,Chennai,Bike,7,2020,Afternoon
D00607,Shaurya Dalal,Vijayawada,Bike,0,2020,Evening
D00608,Ekavir Natt,Hyderabad,Bike,3,2024,Evening
D00609,Kai Bhakta,Bangalore,Bike,8,2021,Afternoon
D00610,Nathan Ahuja,Chennai,Scooter,1,2021,Afternoon
D00611,Aarush Panchal,Vijayawada,Bike,6,2023,Evening
D00612,Shivani Murthy,Hyderabad,Scooter,4,2022,Night
D00613,Chanchal Sama,Chennai,Scooter,4,2024,Evening
D00614,Baljiwan Barad,Coimbatore,Scooter,1,2025,Afternoon
D00615,Edhitha Majumdar,Hyderabad,Bike,1,2026,Evening
D00616,Orinder Rao,Bangalore,Bike,3,2022,Afternoon
D00617,Raghav Natt,Coimbatore,Bike,6,2022,Afternoon
D00618,Mekhala Devan,Vijayawada,Bike,1,2023,Afternoon
D00619,Radhika Gupta,Chennai,Scooter,4,2026,Night
D00620,Mohini Sahota,Coimbatore,Scooter,8,2023,Night
D00621,Yatin Balakrishnan,Bangalore,Bike,7,2024,Afternoon
D00622,Krisha Zachariah,Hyderabad,Scooter,7,2024,Night
D00623,Yashvi Bhatti,Chennai,Scooter,1,2026,Afternoon
D00624,Oni Apte,Vijayawada,Scooter,1,2021,Afternoon
D00625,Krishna Rajan,Hyderabad,Bike,7,2021,Morning
D00626,Tamanna Banerjee,Bangalore,Bike,6,2023,Morning
D00627,Frado Chad,Coimbatore,Bike,0,2026,Night
D00628,Ati Bhardwaj,Coimbatore,Bike,8,2025,Morning
D00629,Rushil Som,Hyderabad,Bike,0,2021,Afternoon
D00630,Madhavi Bail,Chennai,Scooter,3,2026,Afternoon
D00631,Hemang Ramakrishnan,Coimbatore,Scooter,1,2022,Afternoon
D00632,Varsha Dora,Hyderabad,Bike,8,2021,Night
D00633,Yashvi Oak,Vijayawada,Bike,5,2023,Afternoon
D00634,Laban Sibal,Coimbatore,Scooter,7,2021,Night
D00635,Benjamin Muni,Chennai,Bike,5,2021,Afternoon
D00636,Ekbal Sagar,Chennai,Bike,3,2024,Evening
D00637,Krishna Borde,Chennai,Scooter,8,2020,Afternoon
D00638,Utkarsh Sahni,Bangalore,Bike,6,2020,Morning
D00639,Vincent Borra,Coimbatore,Bike,5,2021,Afternoon
D00640,Zayyan Savant,Vijayawada,Scooter,8,2022,Night
D00641,Faraj Korpal,Bangalore,Bike,7,2025,Evening
D00642,Upasna Khanna,Bangalore,Scooter,2,2021,Night
D00643,Caleb Jain,Hyderabad,Bike,3,2023,Afternoon
D00644,Kabir Bhandari,Vijayawada,Bike,2,2026,Afternoon
D00645,Libni Gaba,Bangalore,Bike,2,2021,Evening
D00646,Abdul Mohan,Chennai,Bike,5,2023,Night
D00647,Anita Randhawa,Coimbatore,Bike,0,2022,Evening
D00648,Akshay Butala,Vijayawada,Scooter,1,2020,Morning
D00649,Netra Kalita,Bangalore,Scooter,7,2022,Night
D00650,Warinder Comar,Coimbatore,Bike,0,2024,Afternoon
D00651,Yamini Lad,Bangalore,Bike,3,2024,Night
D00652,Aayush Dani,Coimbatore,Bike,0,2025,Night
D00653,Bachittar Keer,Coimbatore,Bike,5,2020,Evening
D00654,Advik Golla,Vijayawada,Bike,6,2021,Afternoon
D00655,Gautami Dave,Hyderabad,Scooter,0,2026,Evening
D00656,Neha Sarma,Hyderabad,Scooter,4,2024,Afternoon
D00657,Qarin Sharma,Coimbatore,Bike,1,2026,Afternoon
D00658,Aradhana Dave,Chennai,Bike,2,2022,Night
D00659,Nidhi Gopal,Coimbatore,Bike,3,2020,Night
D00660,Zansi Bir,Bangalore,Scooter,6,2026,Morning
D00661,Amol Venkatesh,Vijayawada,Bike,0,2022,Morning
D00662,Baghyawati Balakrishnan,Coimbatore,Bike,6,2026,Morning
D00663,Naksh Yohannan,Chennai,Scooter,3,2025,Night
D00664,Rajeshri Chakraborty,Hyderabad,Bike,7,2020,Night
D00665,Jairaj Seshadri,Chennai,Bike,1,2025,Evening
D00666,Anika Malhotra,Coimbatore,Scooter,5,2026,Night
D00667,Meghana Prabhakar,Bangalore,Bike,3,2022,Night
D00668,Lavanya Oak,Chennai,Scooter,6,2024,Morning
D00669,Eesha Naidu,Bangalore,Scooter,8,2023,Afternoon
D00670,Nitesh De,Chennai,Bike,6,2020,Morning
D00671,Forum Dar,Bangalore,Scooter,4,2024,Evening
D00672,Adweta Gaba,Vijayawada,Bike,8,2022,Afternoon
D00673,Tanmayi Bail,Coimbatore,Scooter,2,2023,Afternoon
D00674,Harish Chatterjee,Vijayawada,Bike,3,2022,Afternoon
D00675,Samar Nayak,Bangalore,Scooter,5,2021,Night
D00676,Isaac Chanda,Bangalore,Bike,2,2020,Evening
D00677,Umang Char,Hyderabad,Bike,0,2021,Night
D00678,Abhiram Varma,Vijayawada,Scooter,5,2022,Afternoon
D00679,Logan Nigam,Hyderabad,Bike,3,2023,Night
D00680,Parth Desai,Hyderabad,Bike,7,2024,Afternoon
D00681,Qushi Sagar,Hyderabad,Bike,8,2026,Afternoon
D00682,Tara Rau,Bangalore,Bike,0,2023,Night
D00683,Yauvani Butala,Hyderabad,Scooter,8,2021,Evening
D00684,Amrita Kala,Hyderabad,Bike,3,2023,Evening
D00685,Xavier Kamdar,Hyderabad,Bike,1,2024,Morning
D00686,Osha Anand,Coimbatore,Bike,4,2023,Afternoon
D00687,Hitesh Peri,Hyderabad,Scooter,6,2020,Afternoon
D00688,Omya Datta,Bangalore,Bike,0,2023,Evening
D00689,Veer Bala,Hyderabad,Bike,0,2026,Morning
D00690,Forum Mander,Vijayawada,Bike,0,2026,Night
D00691,Theodore Narain,Hyderabad,Scooter,7,2023,Night
D00692,Omaja Yadav,Vijayawada,Scooter,8,2022,Morning
D00693,Bhavika Shere,Hyderabad,Bike,3,2026,Night
D00694,Qadim Bhandari,Hyderabad,Bike,6,2023,Evening
D00695,Ekavir Ghose,Hyderabad,Bike,4,2024,Night
D00696,Zaid Merchant,Coimbatore,Scooter,2,2026,Morning
D00697,Noah Kale,Coimbatore,Bike,0,2022,Morning
D00698,Anita Agate,Chennai,Bike,5,2020,Evening
D00699,Jeet Subramanian,Coimbatore,Scooter,8,2020,Evening
D00700,Yatin More,Vijayawada,Scooter,0,2023,Evening
D00701,Lakshmi Kurian,Bangalore,Scooter,5,2022,Night
D00702,Omya Madan,Chennai,Bike,6,2025,Morning
D00703,Pavani Nadkarni,Hyderabad,Bike,6,2025,Afternoon
D00704,Lucky Merchant,Bangalore,Scooter,8,2022,Evening
D00705,Bakhshi Som,Coimbatore,Scooter,4,2026,Evening
D00706,Isaac Upadhyay,Chennai,Scooter,3,2026,Night
D00707,Om Comar,Hyderabad,Bike,3,2025,Morning
D00708,Nidhi Ben,Bangalore,Bike,1,2024,Night
D00709,Peter Nair,Chennai,Bike,5,2026,Night
D00710,Orinder Sarma,Chennai,Scooter,1,2025,Night
D00711,Arjun Lala,Vijayawada,Bike,7,2025,Night
D00712,Edhitha Mani,Bangalore,Bike,4,2025,Morning
D00713,Manthan Mohan,Chennai,Scooter,7,2026,Afternoon
D00714,Rudra Chad,Bangalore,Scooter,7,2026,Morning
D00715,Tanmayi Bose,Bangalore,Bike,8,2024,Morning
D00716,Arunima Reddy,Chennai,Scooter,5,2021,Evening
D00717,Hardik Bakshi,Coimbatore,Bike,4,2020,Evening
D00718,Ronith Mishra,Coimbatore,Scooter,2,2022,Morning
D00719,Vedant Prasad,Coimbatore,Bike,3,2026,Morning
D00720,Abhiram Master,Chennai,Bike,1,2026,Morning
D00721,Udarsh Anand,Coimbatore,Bike,4,2021,Afternoon
D00722,Zansi Suresh,Vijayawada,Scooter,0,2025,Night
D00723,Onveer Lad,Chennai,Scooter,8,2021,Afternoon
D00724,Azad Raju,Chennai,Scooter,5,2023,Afternoon
D00725,Daksh Sethi,Hyderabad,Bike,7,2021,Night
D00726,Siddharth Ganguly,Chennai,Scooter,4,2025,Afternoon
D00727,Xalak Balan,Coimbatore,Scooter,2,2022,Morning
D00728,Om Sankar,Coimbatore,Scooter,4,2021,Afternoon
D00729,Isaac Puri,Bangalore,Scooter,8,2026,Afternoon
D00730,Vritti Sankar,Coimbatore,Bike,0,2023,Night
D00731,Ishwar Bail,Coimbatore,Scooter,5,2020,Night
D00732,Watika Prakash,Bangalore,Bike,6,2021,Night
D00733,Xavier Kannan,Bangalore,Bike,5,2023,Afternoon
D00734,Mohammed Chaudhary,Hyderabad,Scooter,7,2020,Morning
D00735,Gabriel Divan,Chennai,Scooter,4,2024,Night
D00736,Ekantika Bassi,Bangalore,Bike,8,2023,Night
D00737,Aashi Bhargava,Hyderabad,Bike,7,2020,Evening
D00738,Osha Bhargava,Chennai,Scooter,0,2023,Evening
D00739,Vedhika Ratta,Vijayawada,Bike,3,2024,Evening
D00740,Max Sankar,Bangalore,Bike,4,2025,Afternoon
D00741,Jagvi Bora,Chennai,Bike,7,2025,Morning
D00742,Vidhi Sane,Coimbatore,Scooter,2,2020,Afternoon
D00743,Yash Radhakrishnan,Coimbatore,Bike,0,2021,Evening
D00744,Saumya Jain,Vijayawada,Bike,1,2022,Afternoon
D00745,Chaman Sunder,Coimbatore,Scooter,2,2025,Evening
D00746,Lila Datta,Hyderabad,Bike,3,2026,Morning
D00747,Aarush Bhatti,Bangalore,Bike,4,2021,Afternoon
D00748,Yadavi Om,Bangalore,Scooter,5,2020,Night
D00749,Priya Prabhu,Bangalore,Scooter,7,2021,Afternoon
D00750,Ridhi Karnik,Hyderabad,Scooter,6,2026,Night
D00751,Mahika Menon,Chennai,Scooter,8,2024,Afternoon
D00752,Oviya Ben,Chennai,Scooter,5,2020,Evening
D00753,Arya Kumar,Vijayawada,Bike,7,2026,Night
D00754,Nicholas Hora,Chennai,Scooter,8,2023,Morning
D00755,Hema Gulati,Chennai,Bike,7,2026,Evening
D00756,Tamanna Kala,Hyderabad,Bike,3,2021,Evening
D00757,Azaan Sridhar,Hyderabad,Scooter,4,2026,Afternoon
D00758,Wazir Lad,Vijayawada,Scooter,7,2026,Morning
D00759,Garima Rastogi,Bangalore,Scooter,1,2020,Morning
D00760,Reva Edwin,Chennai,Bike,2,2022,Night
D00761,Neel Konda,Bangalore,Scooter,4,2024,Night
D00762,Jonathan Dutta,Hyderabad,Bike,5,2024,Afternoon
D00763,Tripti Setty,Vijayawada,Bike,2,2022,Evening
D00764,Ronith Sandal,Bangalore,Bike,4,2024,Afternoon
D00765,Akshay Ramaswamy,Coimbatore,Bike,5,2024,Morning
D00766,Shivansh Bhatt,Chennai,Scooter,0,2025,Evening
D00767,Naveen Koshy,Chennai,Scooter,1,2020,Afternoon
D00768,Anay Mallick,Vijayawada,Scooter,0,2025,Evening
D00769,Veda Ramachandran,Bangalore,Bike,5,2020,Morning
D00770,Triveni Bhardwaj,Bangalore,Scooter,1,2024,Night
D00771,Ekani Sinha,Vijayawada,Scooter,0,2024,Evening
D00772,Gagan Varma,Chennai,Scooter,0,2023,Night
D00773,Vincent Deo,Vijayawada,Scooter,5,2020,Night
D00774,Pushti Bora,Bangalore,Scooter,2,2020,Evening
D00775,Jack Parmar,Vijayawada,Scooter,7,2023,Night
D00776,Damyanti Varkey,Hyderabad,Bike,7,2024,Afternoon
D00777,Praneel Barad,Bangalore,Bike,1,2024,Afternoon
D00778,Turvi Rao,Bangalore,Bike,2,2023,Evening
D00779,Anya Rout,Hyderabad,Scooter,7,2023,Night
D00780,Nikita Bansal,Coimbatore,Scooter,4,2023,Evening
D00781,Jagdish Chowdhury,Chennai,Scooter,0,2022,Evening
D00782,Bahadurjit Datta,Chennai,Bike,3,2025,Evening
D00783,Simon Keer,Coimbatore,Scooter,0,2021,Afternoon
D00784,Upasna Bhatt,Coimbatore,Bike,2,2021,Afternoon
D00785,Avi Divan,Bangalore,Bike,5,2024,Evening
D00786,Tanmayi Naidu,Vijayawada,Bike,2,2025,Night
D00787,Chaaya Wadhwa,Chennai,Scooter,4,2022,Night
D00788,Aradhana Sahni,Bangalore,Scooter,1,2024,Night
D00789,Michael Krishnamurthy,Bangalore,Scooter,0,2022,Evening
D00790,Harini Palan,Bangalore,Bike,2,2024,Evening
D00791,Indali Mangal,Chennai,Scooter,0,2025,Evening
D00792,Shaurya Sen,Hyderabad,Bike,1,2026,Evening
D00793,Ryan Khare,Coimbatore,Scooter,1,2025,Morning
D00794,Advik Zachariah,Bangalore,Scooter,5,2025,Night
D00795,Kamala Natarajan,Chennai,Bike,0,2025,Night
D00796,Kashish Kumer,Hyderabad,Scooter,5,2021,Morning
D00797,Meghana Bajwa,Hyderabad,Bike,0,2020,Morning
D00798,Vyanjana Ratti,Chennai,Bike,1,2024,Night
D00799,Ikshita Sanghvi,Chennai,Bike,6,2026,Morning
D00800,Upasna Ahuja,Coimbatore,Scooter,5,2026,Morning
D00801,Samar Bhargava,Bangalore,Bike,5,2024,Morning
D00802,Watika Karnik,Chennai,Scooter,2,2026,Afternoon
D00803,Darpan Brahmbhatt,Bangalore,Bike,5,2020,Night
D00804,Hema Pant,Bangalore,Scooter,8,2022,Afternoon
D00805,Harshil Prakash,Chennai,Scooter,6,2022,Morning
D00806,Advika Badal,Vijayawada,Bike,5,2024,Night
D00807,Ubika Nadkarni,Bangalore,Scooter,2,2023,Morning
D00808,Zinal Wadhwa,Bangalore,Scooter,8,2026,Morning
D00809,Yoshita Kala,Hyderabad,Bike,0,2025,Morning
D00810,Jyoti Mallick,Chennai,Bike,6,2020,Afternoon
D00811,Varenya Panchal,Coimbatore,Bike,8,2021,Afternoon
D00812,Isha Chopra,Hyderabad,Bike,1,2026,Afternoon
D00813,Ayaan Sodhi,Coimbatore,Bike,8,2024,Afternoon
D00814,Oliver Patla,Hyderabad,Scooter,8,2023,Evening
D00815,Ojas Gour,Bangalore,Bike,6,2025,Evening
D00816,Advik Sachdev,Coimbatore,Bike,7,2025,Night
D00817,Nitara Roy,Vijayawada,Scooter,8,2024,Afternoon
D00818,Sai Wadhwa,Bangalore,Scooter,3,2025,Night
D00819,Mitesh Sem,Coimbatore,Scooter,1,2026,Afternoon
D00820,Kamala Dyal,Hyderabad,Bike,3,2024,Afternoon
D00821,Raksha Goel,Bangalore,Scooter,3,2020,Night
D00822,Hitesh Kade,Hyderabad,Scooter,6,2022,Night
D00823,Mahika Bera,Hyderabad,Scooter,4,2020,Morning
D00824,Mekhala Wadhwa,Chennai,Scooter,4,2026,Night
D00825,Zaid Rau,Hyderabad,Scooter,6,2022,Afternoon
D00826,Balveer Bora,Hyderabad,Scooter,6,2023,Evening
D00827,Harinakshi Patil,Bangalore,Scooter,0,2022,Afternoon
D00828,Yagnesh Vala,Hyderabad,Bike,5,2022,Afternoon
D00829,Sarthak Ramachandran,Chennai,Bike,5,2022,Night
D00830,Ekantika Varty,Bangalore,Scooter,8,2026,Evening
D00831,Rishi Salvi,Hyderabad,Bike,0,2025,Evening
D00832,Samaksh Yohannan,Bangalore,Scooter,4,2020,Morning
D00833,Ekta Garg,Bangalore,Scooter,0,2022,Evening
D00834,Urmi Vasa,Vijayawada,Bike,4,2024,Afternoon
D00835,Jeevika Karan,Vijayawada,Bike,6,2021,Afternoon
D00836,Nimrat Krishnamurthy,Bangalore,Scooter,5,2022,Evening
D00837,Orinder Murty,Vijayawada,Scooter,2,2023,Night
D00838,Abdul Ram,Chennai,Bike,1,2020,Morning
D00839,Onveer Rattan,Coimbatore,Bike,5,2021,Night
D00840,Champak Kar,Bangalore,Scooter,2,2023,Morning
D00841,Meghana Kade,Hyderabad,Scooter,3,2024,Morning
D00842,Sanaya Lala,Hyderabad,Bike,1,2025,Afternoon
D00843,Chameli Dey,Coimbatore,Bike,0,2026,Evening
D00844,Brijesh Rau,Hyderabad,Bike,0,2023,Afternoon
D00845,Siddharth Kumer,Bangalore,Bike,1,2021,Night
D00846,Aadi Bajaj,Bangalore,Scooter,0,2025,Afternoon
D00847,Rushil Guha,Bangalore,Scooter,1,2023,Evening
D00848,Ladli Sharaf,Vijayawada,Bike,8,2021,Afternoon
D00849,Ria Garg,Hyderabad,Scooter,2,2025,Afternoon
D00850,Lopa Sinha,Bangalore,Bike,5,2022,Afternoon
D00851,Wriddhish Chaudhuri,Chennai,Scooter,5,2022,Night
D00852,Luke Sodhi,Hyderabad,Scooter,8,2026,Afternoon
D00853,Advaith Chowdhury,Hyderabad,Bike,8,2024,Morning
D00854,Joshua Mani,Chennai,Bike,6,2023,Morning
D00855,Aadi Kadakia,Chennai,Bike,2,2023,Evening
D00856,Jagdish Sandal,Hyderabad,Scooter,0,2026,Morning
D00857,Ekantika Banerjee,Hyderabad,Scooter,4,2020,Evening
D00858,Ijaya Narasimhan,Chennai,Scooter,0,2021,Evening
D00859,Anita Kalita,Bangalore,Bike,4,2024,Evening
D00860,Jack Viswanathan,Chennai,Scooter,3,2026,Evening
D00861,Omkaar Rattan,Vijayawada,Scooter,2,2023,Night
D00862,Upkaar Upadhyay,Chennai,Bike,0,2020,Evening
D00863,Anusha Bumb,Bangalore,Scooter,1,2023,Afternoon
D00864,Rehaan Nayar,Bangalore,Bike,2,2022,Evening
D00865,Sachi Mallick,Coimbatore,Bike,0,2021,Afternoon
D00866,Tara Prabhu,Vijayawada,Bike,0,2022,Afternoon
D00867,Chaman Bhat,Chennai,Bike,4,2021,Night
D00868,Prisha Chadha,Vijayawada,Scooter,4,2025,Morning
D00869,Triveni Chaudhari,Bangalore,Scooter,3,2021,Afternoon
D00870,Sachi Nair,Coimbatore,Bike,5,2025,Night
D00871,Udyati Sha,Hyderabad,Scooter,3,2020,Night
D00872,Aarav Kalla,Hyderabad,Scooter,3,2024,Night
D00873,Anay Deo,Vijayawada,Scooter,4,2020,Evening
D00874,Ayushman Som,Bangalore,Scooter,3,2025,Night
D00875,Manan Patil,Hyderabad,Bike,8,2021,Night
D00876,Falguni Kamdar,Chennai,Bike,1,2021,Afternoon
D00877,Raagini Sachdeva,Bangalore,Bike,8,2022,Evening
D00878,Hemani Parsa,Bangalore,Bike,0,2022,Evening
D00879,Urvashi Atwal,Hyderabad,Scooter,8,2022,Night
D00880,Jagrati Garde,Vijayawada,Scooter,7,2020,Evening
D00881,Caleb Chauhan,Vijayawada,Scooter,2,2025,Evening
D00882,Theodore Pathak,Coimbatore,Scooter,2,2020,Morning
D00883,Lakshmi Chakraborty,Hyderabad,Scooter,8,2021,Night
D00884,Ronith Hora,Bangalore,Scooter,4,2026,Night
D00885,Jasmit Rana,Vijayawada,Scooter,2,2020,Night
D00886,Wishi Gaba,Bangalore,Scooter,0,2024,Afternoon
D00887,Guneet Puri,Coimbatore,Scooter,6,2021,Evening
D00888,Frederick Divan,Bangalore,Bike,2,2020,Afternoon
D00889,Sathvik Lad,Bangalore,Bike,6,2024,Morning
D00890,Balendra Palan,Chennai,Scooter,8,2023,Evening
D00891,Abha Sarma,Bangalore,Scooter,7,2026,Morning
D00892,Gautam Sachar,Hyderabad,Bike,8,2023,Evening
D00893,Qasim Mammen,Coimbatore,Bike,1,2023,Afternoon
D00894,Kevin Kala,Bangalore,Scooter,6,2024,Evening
D00895,Chatura Agate,Chennai,Scooter,2,2022,Morning
D00896,Faras Mitra,Bangalore,Bike,8,2024,Evening
D00897,Ranbir Kothari,Bangalore,Scooter,6,2024,Night
D00898,Omisha Rattan,Hyderabad,Bike,6,2022,Evening
D00899,Hiral Chaudhry,Chennai,Bike,0,2023,Night
D00900,Arunima Misra,Hyderabad,Bike,5,2020,Morning
D00901,Tripti Bedi,Chennai,Bike,5,2022,Morning
D00902,Bachittar Karnik,Chennai,Scooter,7,2026,Evening
D00903,Harita Rege,Chennai,Bike,3,2026,Evening
D00904,Balhaar Puri,Bangalore,Scooter,3,2024,Night
D00905,Lucky Chopra,Bangalore,Bike,4,2026,Night
D00906,Wyatt Sem,Hyderabad,Bike,0,2021,Evening
D00907,Wazir Lal,Bangalore,Bike,0,2026,Morning
D00908,Damyanti Sarin,Hyderabad,Scooter,1,2024,Afternoon
D00909,Advay Dalal,Bangalore,Scooter,2,2026,Morning
D00910,Meera Oak,Chennai,Bike,7,2020,Night
D00911,Qushi Khalsa,Chennai,Bike,5,2025,Afternoon
D00912,Rachita Jhaveri,Hyderabad,Bike,3,2022,Afternoon
D00913,Hiral Buch,Coimbatore,Scooter,3,2022,Evening
D00914,Rajata Iyengar,Hyderabad,Bike,6,2024,Afternoon
D00915,Radhika Comar,Chennai,Scooter,1,2021,Night
D00916,Janaki Chawla,Hyderabad,Bike,7,2022,Evening
D00917,Yashodhara Dhar,Hyderabad,Bike,7,2022,Night
D00918,Vanya Mody,Chennai,Scooter,4,2023,Night
D00919,Yachana Nadig,Chennai,Bike,4,2021,Morning
D00920,Qushi Ramachandran,Chennai,Scooter,0,2026,Night
D00921,Warda Rastogi,Coimbatore,Bike,6,2021,Morning
D00922,Chakradhar Rastogi,Vijayawada,Bike,8,2023,Afternoon
D00923,Finn Raj,Chennai,Scooter,7,2020,Night
D00924,Kritika Singhal,Bangalore,Bike,3,2026,Afternoon
D00925,Lekha Balay,Coimbatore,Bike,3,2022,Morning
D00926,Liam Ben,Chennai,Scooter,5,2026,Evening
D00927,Amol Behl,Coimbatore,Bike,2,2022,Morning
D00928,Ishani Goda,Chennai,Bike,0,2022,Afternoon
D00929,Nakul Krishnan,Hyderabad,Scooter,1,2024,Night
D00930,Bakhshi Saxena,Coimbatore,Bike,1,2020,Afternoon
D00931,Yash Babu,Hyderabad,Bike,6,2024,Evening
D00932,Janaki Palan,Chennai,Scooter,0,2023,Afternoon
D00933,Parth Dass,Chennai,Scooter,4,2025,Evening
D00934,Meera Sankaran,Hyderabad,Scooter,6,2026,Morning
D00935,Yahvi Krishnamurthy,Chennai,Bike,1,2025,Night
D00936,Advik Khanna,Chennai,Bike,6,2026,Afternoon
D00937,Edhitha Natarajan,Chennai,Bike,7,2026,Night
D00938,Pooja Parekh,Chennai,Bike,8,2025,Afternoon
D00939,Geetika Devan,Coimbatore,Scooter,3,2026,Evening
D00940,Gunbir Desai,Chennai,Scooter,3,2021,Morning
D00941,Damyanti Subramanian,Vijayawada,Bike,0,2021,Night
D00942,Lajita Rajan,Vijayawada,Bike,3,2022,Morning
D00943,Max Majumdar,Hyderabad,Scooter,4,2021,Afternoon
D00944,Karan Khanna,Hyderabad,Scooter,1,2025,Afternoon
D00945,Udyati Sarna,Coimbatore,Scooter,1,2026,Morning
D00946,Tejas Bose,Hyderabad,Bike,8,2020,Night
D00947,Prisha Nagar,Bangalore,Bike,3,2021,Morning
D00948,Neelima Memon,Chennai,Bike,8,2022,Night
D00949,Saksham Manda,Chennai,Scooter,2,2020,Night
D00950,Owen Prabhakar,Coimbatore,Scooter,1,2025,Morning
D00951,Warjas Venkataraman,Chennai,Scooter,8,2022,Afternoon
D00952,Indira Dara,Chennai,Bike,0,2020,Night
D00953,Reva Lata,Coimbatore,Bike,7,2025,Afternoon
D00954,Bhavya Banerjee,Hyderabad,Scooter,2,2024,Morning
D00955,Gopal Nagi,Coimbatore,Scooter,1,2020,Afternoon
D00956,Zarna Dash,Chennai,Scooter,2,2025,Afternoon
D00957,Isaiah Nagi,Chennai,Bike,5,2023,Night
D00958,Charan Hans,Hyderabad,Bike,2,2025,Night
D00959,Sneha Kala,Coimbatore,Bike,0,2026,Afternoon
D00960,Vanya Karan,Hyderabad,Scooter,7,2022,Evening
D00961,Libni Balan,Coimbatore,Scooter,1,2021,Afternoon
D00962,Thomas Dhar,Chennai,Bike,5,2020,Evening
D00963,Lipika Ravi,Bangalore,Scooter,8,2022,Night
D00964,Bhavya Mander,Hyderabad,Scooter,8,2020,Evening
D00965,Nisha Dass,Bangalore,Scooter,4,2020,Morning
D00966,Yug Koshy,Chennai,Bike,6,2026,Afternoon
D00967,Hamsini Thaman,Bangalore,Scooter,0,2020,Night
D00968,Vasatika Murty,Hyderabad,Scooter,5,2022,Evening
D00969,Dayita Goyal,Hyderabad,Bike,7,2025,Afternoon
D00970,Ekanta Yohannan,Bangalore,Scooter,3,2024,Afternoon
D00971,Kashish Munshi,Hyderabad,Bike,2,2026,Night
D00972,Saanvi Gade,Bangalore,Bike,0,2025,Afternoon
D00973,Indira Dani,Hyderabad,Bike,2,2024,Morning
D00974,Odika Raman,Hyderabad,Scooter,1,2020,Morning
D00975,Vedika Sane,Chennai,Scooter,8,2025,Morning
D00976,Pranav Dutt,Bangalore,Scooter,3,2023,Morning
D00977,Jackson Das,Bangalore,Bike,3,2022,Evening
D00978,Yadavi Kunda,Chennai,Bike,8,2021,Morning
D00979,Qabil Mand,Bangalore,Scooter,5,2022,Night
D00980,Tarak Borra,Hyderabad,Scooter,5,2022,Morning
D00981,Jeremiah Dutta,Coimbatore,Scooter,5,2020,Night
D00982,Wriddhish Sastry,Hyderabad,Scooter,1,2026,Evening
D00983,Naksh Bhandari,Bangalore,Scooter,5,2026,Afternoon
D00984,Gaurangi Cherian,Bangalore,Scooter,3,2025,Evening
D00985,Quincy Bera,Chennai,Bike,6,2022,Afternoon
D00986,Indali Mitter,Bangalore,Scooter,8,2024,Night
D00987,Henry Varghese,Vijayawada,Scooter,8,2021,Night
D00988,Bahadurjit Parekh,Coimbatore,Scooter,8,2025,Night
D00989,Diya Badal,Coimbatore,Bike,2,2020,Evening
D00990,Victor Soman,Chennai,Scooter,3,2025,Night
D00991,Hiral Mohan,Chennai,Scooter,1,2024,Evening
D00992,Upadhriti Dua,Bangalore,Bike,6,2020,Night
D00993,Bhavini Bhatti,Chennai,Bike,3,2020,Evening
D00994,Rajeshri Wadhwa,Hyderabad,Scooter,7,2024,Night
D00995,Shravya Sandhu,Bangalore,Bike,2,2023,Night
D00996,Neel Golla,Chennai,Bike,3,2023,Afternoon
D00997,Yasti Wali,Coimbatore,Bike,1,2025,Night
D00998,Forum Barman,Chennai,Scooter,4,2024,Evening
D00999,Omya Kapadia,Chennai,Bike,3,2023,Morning
D01000,Gauri Pal,Chennai,Bike,5,2025,Afternoon
D01001,Watika Chanda,Chennai,Scooter,7,2026,Afternoon
D01002,Nathan Trivedi,Bangalore,Bike,6,2021,Evening
D01003,Saksham Bhargava,Hyderabad,Scooter,6,2026,Afternoon
D01004,Madhavi Wali,Bangalore,Scooter,0,2021,Afternoon
D01005,Yasti Palla,Vijayawada,Scooter,8,2022,Morning
D01006,Triveni Kibe,Bangalore,Scooter,2,2020,Morning
D01007,Ekani Varkey,Hyderabad,Scooter,5,2021,Evening
D01008,Arin Rege,Hyderabad,Scooter,1,2024,Evening
D01009,Lipika Shanker,Chennai,Scooter,2,2020,Afternoon
D01010,Lucky Pau,Chennai,Scooter,4,2022,Afternoon
D01011,Abeer Mann,Coimbatore,Bike,3,2026,Afternoon
D01012,Laksh Dhaliwal,Chennai,Bike,5,2023,Night
D01013,Dominic Acharya,Vijayawada,Scooter,7,2020,Morning
D01014,Kiaan Mallick,Hyderabad,Bike,1,2024,Evening
D01015,Yagnesh Tara,Hyderabad,Scooter,7,2022,Morning
D01016,Nakul Mann,Hyderabad,Bike,0,2021,Night
D01017,Jagvi Gera,Bangalore,Scooter,6,2025,Morning
D01018,Rushil Parmer,Bangalore,Scooter,3,2025,Night
D01019,Laksh Palla,Hyderabad,Scooter,7,2025,Night
D01020,Jatin Raghavan,Bangalore,Scooter,5,2024,Night
D01021,Jeevika Mukhopadhyay,Chennai,Bike,6,2020,Evening
D01022,Lila Baral,Bangalore,Bike,0,2023,Afternoon
D01023,Kavya Kara,Bangalore,Scooter,3,2023,Night
D01024,Adweta Suri,Chennai,Scooter,4,2025,Night
D01025,Aayush Cheema,Bangalore,Scooter,4,2022,Morning
D01026,Nilima Agrawal,Chennai,Scooter,4,2021,Night
D01027,Rachita Hora,Chennai,Bike,7,2022,Morning
D01028,Akshay Goswami,Bangalore,Scooter,3,2026,Morning
D01029,Abhimanyu Mitter,Vijayawada,Scooter,4,2021,Evening
D01030,Neel Buch,Coimbatore,Scooter,6,2022,Morning
D01031,Girik Bhatia,Bangalore,Scooter,6,2026,Morning
D01032,Ria Narula,Coimbatore,Bike,8,2023,Evening
D01033,Nitara Ram,Hyderabad,Bike,7,2026,Morning
D01034,Utkarsh Pillai,Chennai,Scooter,1,2020,Afternoon
D01035,Rajeshri Bahl,Hyderabad,Scooter,2,2025,Morning
D01036,Zehaan Bakshi,Bangalore,Bike,3,2025,Morning
D01037,Jagdish Hegde,Chennai,Scooter,2,2025,Night
D01038,Maanas Wali,Hyderabad,Scooter,2,2022,Afternoon
D01039,Vidhi Lall,Chennai,Bike,3,2024,Afternoon
D01040,Adweta Sanghvi,Hyderabad,Scooter,5,2024,Morning
D01041,Wridesh Korpal,Hyderabad,Bike,4,2021,Evening
D01042,Jagrati Sachdeva,Chennai,Bike,2,2025,Night
D01043,Bhanumati Sharma,Vijayawada,Scooter,4,2020,Night
D01044,Upadhriti Bhatia,Coimbatore,Scooter,5,2022,Night
D01045,Oni Char,Coimbatore,Bike,0,2023,Afternoon
D01046,Peter Sachdeva,Hyderabad,Bike,4,2022,Afternoon
D01047,Max Narula,Chennai,Scooter,6,2026,Evening
D01048,Anmol Dora,Coimbatore,Scooter,3,2022,Night
D01049,Yashawini Madan,Bangalore,Bike,4,2021,Afternoon
D01050,Hema Pau,Coimbatore,Scooter,2,2024,Afternoon
D01051,Aahana Chander,Coimbatore,Bike,3,2026,Night
D01052,Qabil Hora,Bangalore,Scooter,4,2026,Afternoon
D01053,Indira Murty,Vijayawada,Scooter,5,2023,Morning
D01054,Pahal Upadhyay,Bangalore,Scooter,8,2025,Afternoon
D01055,Bina Konda,Chennai,Bike,8,2026,Afternoon
D01056,Ethan Lad,Bangalore,Scooter,5,2021,Morning
D01057,Upma Bhatt,Chennai,Bike,0,2025,Afternoon
D01058,Akshay Saha,Chennai,Scooter,8,2021,Evening
D01059,Bhavini Lata,Chennai,Bike,0,2020,Morning
D01060,Oni Pingle,Bangalore,Bike,6,2022,Night
D01061,Urvi Banik,Hyderabad,Bike,8,2024,Evening
D01062,Wridesh Sekhon,Coimbatore,Scooter,1,2020,Afternoon
D01063,Rachita Bali,Hyderabad,Scooter,0,2026,Afternoon
D01064,Advay Patla,Chennai,Bike,4,2023,Afternoon
D01065,Megha Chana,Chennai,Scooter,5,2020,Afternoon
D01066,Ishwar Rana,Chennai,Bike,7,2025,Morning
D01067,Dipta Chaudry,Chennai,Bike,4,2026,Morning
D01068,Turvi Sarma,Hyderabad,Scooter,5,2025,Night
D01069,Arya Choudhry,Bangalore,Scooter,4,2023,Night
D01070,Faqid Bera,Vijayawada,Scooter,0,2024,Evening
D01071,Utkarsh Barad,Coimbatore,Bike,1,2022,Afternoon
D01072,Amruta Buch,Coimbatore,Scooter,1,2023,Evening
D01073,Laksh Bhakta,Coimbatore,Scooter,6,2025,Afternoon
D01074,Adya Soni,Coimbatore,Bike,2,2025,Afternoon
D01075,David Borra,Hyderabad,Scooter,0,2020,Morning
D01076,Sathvik Halder,Bangalore,Scooter,1,2026,Morning
D01077,Thomas Mann,Hyderabad,Scooter,8,2026,Afternoon
D01078,Wridesh Baria,Chennai,Bike,0,2026,Night
D01079,Harrison Konda,Hyderabad,Scooter,7,2026,Evening
D01080,Vanya Yohannan,Chennai,Scooter,1,2021,Evening
D01081,Saanvi Khare,Bangalore,Scooter,1,2025,Afternoon
D01082,Anamika Kaur,Vijayawada,Scooter,0,2022,Afternoon
D01083,Darpan Jaggi,Chennai,Bike,3,2022,Evening
D01084,Wriddhish Gera,Hyderabad,Bike,7,2026,Evening
D01085,Hiral Dhar,Vijayawada,Bike,7,2020,Afternoon
D01086,Shaurya Handa,Chennai,Scooter,6,2020,Night
D01087,Neha Sheth,Bangalore,Bike,4,2025,Night
D01088,Dhruv Murty,Chennai,Bike,1,2020,Morning
D01089,Pushti Guha,Coimbatore,Scooter,6,2021,Night
D01090,Yachana Handa,Chennai,Scooter,1,2021,Night
D01091,Geetika Dave,Chennai,Scooter,1,2022,Afternoon
D01092,Rayaan Madan,Coimbatore,Scooter,4,2022,Afternoon
D01093,Pooja Sule,Hyderabad,Bike,2,2026,Night
D01094,Warinder Jha,Chennai,Bike,8,2025,Night
D01095,Megha More,Chennai,Scooter,6,2020,Afternoon
D01096,Logan Narayan,Hyderabad,Bike,7,2025,Evening
D01097,Ishani Gaba,Hyderabad,Bike,4,2021,Evening
D01098,David Memon,Hyderabad,Bike,2,2022,Evening
D01099,Samesh Sarraf,Hyderabad,Bike,7,2023,Night
D01100,Yash Wali,Chennai,Bike,7,2021,Night
D01101,Simon Ahluwalia,Bangalore,Bike,4,2022,Evening
D01102,Brinda Dayal,Vijayawada,Scooter,1,2020,Evening
D01103,Yachana Sunder,Vijayawada,Bike,5,2021,Evening
D01104,Pooja Vig,Hyderabad,Bike,0,2022,Evening
D01105,Harinakshi Kant,Bangalore,Scooter,7,2026,Afternoon
D01106,Panini Ramachandran,Bangalore,Scooter,1,2024,Morning
D01107,Ekta Dasgupta,Hyderabad,Bike,6,2022,Evening
D01108,Samarth De,Coimbatore,Scooter,1,2025,Morning
D01109,Advay Vohra,Bangalore,Scooter,0,2020,Night
D01110,Ladli Pandya,Bangalore,Bike,5,2026,Afternoon
D01111,Pratyush Sharma,Vijayawada,Bike,1,2025,Afternoon
D01112,Isha Sura,Bangalore,Bike,6,2024,Night
D01113,Meera Patil,Bangalore,Scooter,4,2025,Morning
D01114,Pallavi Keer,Chennai,Bike,5,2021,Afternoon
D01115,Elijah Pau,Coimbatore,Scooter,1,2021,Evening
D01116,Chaaya Agarwal,Bangalore,Bike,0,2022,Morning
D01117,Lohit Bhavsar,Bangalore,Bike,4,2023,Evening
D01118,Ayaan Choudhury,Chennai,Scooter,4,2023,Morning
D01119,Nitesh Lal,Bangalore,Bike,5,2020,Morning
D01120,Kashvi Sami,Bangalore,Bike,5,2020,Evening
D01121,Raghav Chandra,Bangalore,Bike,3,2025,Afternoon
D01122,Mugdha Keer,Coimbatore,Scooter,5,2025,Afternoon
D01123,Niharika Chandran,Bangalore,Bike,7,2021,Morning
D01124,Sarthak Dash,Hyderabad,Bike,0,2025,Evening
D01125,Robert Deshpande,Bangalore,Scooter,4,2020,Morning
D01126,Abeer Bakshi,Bangalore,Bike,7,2024,Evening
D01127,Ekaraj Om,Chennai,Bike,3,2021,Night
D01128,Aahana Dixit,Coimbatore,Bike,4,2023,Night
D01129,Isha Krish,Coimbatore,Bike,3,2025,Morning
D01130,Jason Seshadri,Hyderabad,Scooter,1,2025,Night
D01131,Harinakshi Goel,Vijayawada,Scooter,1,2021,Night
D01132,Netra Handa,Coimbatore,Bike,6,2025,Evening
D01133,Kashish Nayar,Bangalore,Bike,7,2021,Night
D01134,Hemang Parekh,Bangalore,Bike,8,2025,Evening
D01135,George Chatterjee,Vijayawada,Scooter,6,2021,Evening
D01136,Kavya Pai,Hyderabad,Scooter,6,2024,Night
D01137,Gavin Roy,Bangalore,Bike,1,2025,Morning
D01138,Ishanvi Chawla,Vijayawada,Scooter,5,2020,Evening
D01139,Naveen Shanker,Chennai,Bike,0,2025,Morning
D01140,Kavya Rajagopalan,Hyderabad,Bike,3,2023,Afternoon
D01141,Yashoda Bava,Chennai,Scooter,3,2021,Afternoon
D01142,Quincy Chaudhuri,Bangalore,Bike,5,2023,Afternoon
D01143,Kritika Kapur,Bangalore,Bike,7,2020,Afternoon
D01144,Nathaniel Biswas,Hyderabad,Scooter,1,2021,Evening
D01145,Prisha Pal,Chennai,Bike,5,2023,Afternoon
D01146,Jalsa Kurian,Chennai,Scooter,4,2021,Night
D01147,Nitesh Datta,Hyderabad,Bike,5,2024,Evening
D01148,Indira Sidhu,Vijayawada,Bike,2,2021,Afternoon
D01149,Aahana Lata,Hyderabad,Bike,4,2022,Night
D01150,Qarin Peri,Chennai,Scooter,1,2021,Evening
D01151,Abdul Chaudhuri,Chennai,Scooter,5,2022,Afternoon
D01152,Varenya Anand,Vijayawada,Bike,3,2022,Morning
D01153,Ekanta Acharya,Bangalore,Scooter,1,2026,Morning
D01154,Rehaan Shroff,Coimbatore,Scooter,1,2022,Afternoon
D01155,Chakradhar Shanker,Chennai,Bike,2,2021,Evening
D01156,Nitara Shan,Hyderabad,Scooter,0,2022,Night
D01157,Radhika Ram,Bangalore,Bike,6,2023,Night
D01158,Barkha Gade,Hyderabad,Bike,3,2024,Evening
D01159,Yug Menon,Chennai,Scooter,2,2023,Afternoon
D01160,Watika Basak,Chennai,Scooter,3,2024,Morning
D01161,Darika Toor,Coimbatore,Bike,0,2025,Morning
D01162,Devika Nagar,Vijayawada,Scooter,7,2025,Evening
D01163,Gauri Ahluwalia,Coimbatore,Bike,5,2024,Evening
D01164,Anusha Nadkarni,Coimbatore,Scooter,7,2024,Afternoon
D01165,Advik Balasubramanian,Chennai,Scooter,8,2024,Night
D01166,Vamakshi Kapoor,Bangalore,Bike,8,2022,Afternoon
D01167,Dominic Pant,Chennai,Bike,5,2021,Night
D01168,Tara Dhar,Chennai,Scooter,5,2022,Evening
D01169,Oscar Dasgupta,Bangalore,Scooter,0,2022,Night
D01170,Dayita Goswami,Bangalore,Bike,8,2026,Morning
D01171,Anmol Manne,Chennai,Scooter,8,2026,Evening
D01172,Jyoti Apte,Hyderabad,Bike,7,2020,Night
D01173,Ojas Guha,Bangalore,Bike,1,2024,Evening
D01174,Mekhala Prabhakar,Chennai,Bike,1,2026,Evening
D01175,Pahal Mall,Bangalore,Bike,6,2022,Evening
D01176,Nathan Tata,Chennai,Bike,5,2026,Morning
D01177,Ijaya Panchal,Chennai,Scooter,4,2026,Afternoon
D01178,George Palla,Bangalore,Scooter,6,2023,Morning
D01179,Alexander Parekh,Bangalore,Scooter,8,2021,Night
D01180,Bishakha Mallick,Chennai,Bike,6,2026,Afternoon
D01181,Ekapad Joshi,Coimbatore,Scooter,4,2022,Evening
D01182,Tanvi Trivedi,Coimbatore,Scooter,7,2023,Night
D01183,Arunima Palla,Hyderabad,Bike,0,2026,Afternoon
D01184,Jeremiah Sarin,Coimbatore,Bike,7,2024,Night
D01185,Jairaj Sawhney,Chennai,Bike,8,2022,Afternoon
D01186,Netra Patla,Chennai,Bike,1,2022,Night
D01187,Meghana Dey,Coimbatore,Scooter,4,2025,Afternoon
D01188,Onveer Narang,Bangalore,Scooter,3,2026,Evening
D01189,Ubika Rajagopal,Bangalore,Bike,4,2024,Night
D01190,Jagat Chada,Coimbatore,Scooter,8,2023,Morning
D01191,Ekbal Raja,Bangalore,Bike,3,2024,Night
D01192,Ira Bora,Chennai,Scooter,7,2023,Night
D01193,Charles Memon,Chennai,Bike,4,2020,Morning
D01194,Oscar Vaidya,Chennai,Scooter,4,2020,Morning
D01195,Jonathan Kakar,Hyderabad,Scooter,5,2020,Morning
D01196,Madhav Mander,Hyderabad,Bike,7,2023,Morning
D01197,Ubika Mittal,Hyderabad,Scooter,5,2023,Afternoon
D01198,Pallavi Date,Vijayawada,Bike,1,2020,Afternoon
D01199,Harita Chokshi,Chennai,Scooter,3,2022,Evening
D01200,Daksh Goswami,Coimbatore,Scooter,3,2023,Afternoon
D01201,Guneet Chauhan,Chennai,Scooter,8,2026,Evening
D01202,Jeevika Palan,Hyderabad,Bike,2,2025,Night
D01203,Rachana Chana,Hyderabad,Scooter,6,2026,Night
D01204,Krishna Suri,Bangalore,Scooter,6,2023,Morning
D01205,Inaya Konda,Hyderabad,Scooter,3,2024,Morning
D01206,Jacob Soman,Chennai,Scooter,5,2026,Evening
D01207,Lucky Karpe,Coimbatore,Bike,7,2021,Night
D01208,Harish Ravel,Vijayawada,Scooter,8,2025,Evening
D01209,Yug Gokhale,Hyderabad,Bike,7,2025,Evening
D01210,Aarush Swaminathan,Coimbatore,Bike,3,2021,Afternoon
D01211,Maanas Bajwa,Hyderabad,Scooter,6,2020,Night
D01212,Ladli Dutt,Bangalore,Bike,3,2026,Night
D01213,Tara Sheth,Coimbatore,Bike,8,2025,Afternoon
D01214,Orinder Desai,Bangalore,Bike,4,2026,Night
D01215,Jagat Vyas,Chennai,Scooter,6,2020,Morning
D01216,Wakeeta Vala,Bangalore,Scooter,5,2021,Evening
D01217,Darsh Sampath,Chennai,Scooter,0,2022,Afternoon
D01218,Azaan Sood,Hyderabad,Scooter,1,2026,Afternoon
D01219,Gautam Anand,Bangalore,Bike,8,2024,Morning
D01220,Onveer Dave,Vijayawada,Scooter,4,2022,Evening
D01221,Nakul Bobal,Chennai,Bike,6,2021,Evening
D01222,Caleb Kala,Hyderabad,Scooter,7,2021,Afternoon
D01223,Ayaan Kade,Coimbatore,Scooter,5,2022,Evening
D01224,Thomas Sundaram,Chennai,Scooter,7,2024,Night
D01225,Xiti Kaul,Chennai,Scooter,6,2025,Afternoon
D01226,Pranav Dhingra,Hyderabad,Scooter,7,2022,Night
D01227,Hiral Minhas,Vijayawada,Bike,5,2022,Morning
D01228,Luke Oak,Vijayawada,Scooter,3,2023,Evening
D01229,Yadavi Kakar,Chennai,Scooter,2,2020,Morning
D01230,Sathvik Comar,Bangalore,Scooter,7,2023,Night
D01231,Wahab Gokhale,Chennai,Scooter,4,2026,Night
D01232,Samarth Radhakrishnan,Vijayawada,Scooter,7,2026,Night
D01233,Maanas Raman,Chennai,Scooter,6,2024,Evening
D01234,Manya Varty,Chennai,Scooter,6,2024,Evening
D01235,Isha Jaggi,Vijayawada,Bike,0,2021,Afternoon
D01236,Unnati Luthra,Coimbatore,Scooter,3,2021,Afternoon
D01237,Ucchal Naidu,Coimbatore,Scooter,6,2020,Morning
D01238,Oni Seth,Chennai,Scooter,2,2022,Afternoon
D01239,Nimrat Sampath,Bangalore,Bike,8,2023,Evening
D01240,Rachit Tella,Chennai,Bike,7,2026,Afternoon
D01241,Samarth Sahota,Bangalore,Bike,2,2023,Night
D01242,Eesha Chakraborty,Bangalore,Scooter,7,2024,Afternoon
D01243,Hema Chana,Hyderabad,Bike,8,2020,Night
D01244,Sai Ahluwalia,Vijayawada,Bike,5,2026,Night
D01245,Dhruv Mammen,Chennai,Scooter,0,2022,Night
D01246,Janani Agarwal,Chennai,Bike,6,2023,Evening
D01247,Simon Kumar,Chennai,Bike,8,2020,Night
D01248,Aryan Ravel,Chennai,Bike,2,2023,Night
D01249,Veda Choudhry,Hyderabad,Scooter,1,2023,Afternoon
D01250,Nirja Om,Hyderabad,Scooter,2,2020,Night
D01251,Hemangini Bhattacharyya,Hyderabad,Bike,6,2021,Night
D01252,Watika Deshpande,Bangalore,Bike,8,2021,Morning
D01253,Anmol Viswanathan,Chennai,Scooter,5,2024,Afternoon
D01254,Timothy Ramakrishnan,Bangalore,Bike,4,2025,Night
D01255,Amruta Kapur,Coimbatore,Bike,1,2025,Afternoon
D01256,Watika Ravi,Hyderabad,Scooter,5,2022,Night
D01257,Bakhshi Hayer,Chennai,Scooter,8,2023,Afternoon
D01258,Amaira Sem,Bangalore,Bike,0,2026,Night
D01259,Adweta Gandhi,Bangalore,Scooter,0,2023,Morning
D01260,Veer Chandra,Vijayawada,Bike,4,2022,Evening
D01261,Tristan Thaker,Hyderabad,Bike,6,2024,Evening
D01262,Falan Dora,Hyderabad,Bike,7,2021,Night
D01263,Ridhi Swamy,Hyderabad,Scooter,8,2020,Morning
D01264,Kai Karan,Bangalore,Scooter,1,2025,Night
D01265,Balendra Mistry,Hyderabad,Scooter,7,2021,Evening
D01266,Ekantika Kapur,Chennai,Scooter,3,2023,Morning
D01267,Wakeeta Dalal,Chennai,Bike,2,2025,Morning
D01268,Riya Bail,Hyderabad,Bike,1,2022,Afternoon
D01269,Tara Bansal,Chennai,Bike,3,2022,Morning
D01270,Balveer Nayar,Chennai,Scooter,6,2022,Night
D01271,Zilmil Mohanty,Hyderabad,Bike,5,2024,Morning
D01272,Matthew Borah,Coimbatore,Scooter,7,2026,Morning
D01273,Gauri Soni,Bangalore,Scooter,8,2025,Morning
D01274,Ganga Chakraborty,Hyderabad,Bike,4,2026,Evening
D01275,Daniel Bhardwaj,Hyderabad,Scooter,1,2022,Night
D01276,Aahana Jaggi,Hyderabad,Bike,8,2021,Evening
D01277,Lekha Kata,Chennai,Scooter,2,2026,Afternoon
D01278,Anirudh Oak,Hyderabad,Scooter,1,2020,Morning
D01279,Nakul Bhakta,Chennai,Bike,2,2023,Afternoon
D01280,Ronith Chand,Vijayawada,Scooter,1,2021,Evening
D01281,Dhriti Chana,Chennai,Scooter,6,2020,Night
D01282,Hredhaan Edwin,Hyderabad,Scooter,1,2026,Evening
D01283,Eshana Sarna,Chennai,Scooter,8,2025,Evening
D01284,Vritti Sharaf,Bangalore,Scooter,4,2022,Evening
D01285,Lakshmi Mukherjee,Coimbatore,Scooter,5,2020,Afternoon
D01286,Mitali Radhakrishnan,Hyderabad,Scooter,2,2022,Night
D01287,Diya Kara,Chennai,Scooter,3,2026,Evening
D01288,Brinda Magar,Vijayawada,Bike,1,2020,Evening
D01289,Rajeshri Bumb,Hyderabad,Scooter,7,2023,Evening
D01290,Barkha Salvi,Chennai,Scooter,7,2026,Evening
D01291,Meghana Sawhney,Bangalore,Bike,6,2023,Morning
D01292,Ira Mohan,Vijayawada,Bike,8,2022,Morning
D01293,Ojas Murty,Bangalore,Scooter,3,2024,Night
D01294,Manbir Goswami,Bangalore,Bike,6,2025,Morning
D01295,Samuel Khare,Coimbatore,Bike,1,2025,Morning
D01296,Brinda Suresh,Bangalore,Bike,5,2021,Afternoon
D01297,Anita Kale,Hyderabad,Bike,5,2023,Night
D01298,Nidhi Chowdhury,Hyderabad,Scooter,6,2021,Night
D01299,Harinakshi Raj,Chennai,Bike,0,2024,Evening
D01300,Anirudh Amble,Chennai,Scooter,2,2025,Night
D01301,Harsh Edwin,Vijayawada,Scooter,3,2020,Night
D01302,Lipika Bir,Chennai,Scooter,4,2025,Afternoon
D01303,Yashodhara Vora,Hyderabad,Bike,5,2025,Evening
D01304,Jason Puri,Hyderabad,Bike,4,2024,Morning
D01305,Oliver Magar,Hyderabad,Bike,0,2022,Morning
D01306,Aishani Dhillon,Vijayawada,Scooter,6,2024,Morning
D01307,Jeet Mohan,Coimbatore,Scooter,1,2021,Night
D01308,Jairaj Menon,Bangalore,Scooter,8,2020,Evening
D01309,Manan Bumb,Chennai,Bike,2,2021,Evening
D01310,Aarush Dhawan,Coimbatore,Scooter,2,2021,Night
D01311,Wyatt Buch,Chennai,Scooter,2,2026,Night
D01312,Samarth Char,Hyderabad,Bike,5,2020,Evening
D01313,Samarth Nori,Bangalore,Scooter,8,2026,Morning
D01314,Anmol Chand,Coimbatore,Bike,7,2021,Afternoon
D01315,Mekhala Prakash,Vijayawada,Scooter,6,2025,Morning
D01316,Harshil De,Coimbatore,Bike,6,2022,Night
D01317,Anya Taneja,Hyderabad,Scooter,4,2021,Night
D01318,Jonathan Pandey,Coimbatore,Scooter,0,2020,Night
D01319,Nathan Subramanian,Bangalore,Bike,7,2022,Morning
D01320,Barkha Wagle,Vijayawada,Bike,8,2021,Afternoon
D01321,Baghyawati Vala,Coimbatore,Bike,5,2021,Afternoon
D01322,Vritti Patla,Chennai,Bike,0,2025,Night
D01323,Vidhi Badal,Chennai,Bike,2,2023,Afternoon
D01324,Mekhala Bir,Hyderabad,Bike,0,2024,Evening
D01325,Forum Randhawa,Hyderabad,Bike,3,2023,Morning
D01326,Zansi Chawla,Hyderabad,Scooter,7,2023,Afternoon
D01327,Vyanjana Luthra,Bangalore,Scooter,5,2022,Evening
D01328,Utkarsh Raju,Bangalore,Bike,6,2024,Afternoon
D01329,Ayushman Tailor,Chennai,Scooter,0,2025,Evening
D01330,Bahadurjit Bhagat,Coimbatore,Bike,6,2023,Afternoon
D01331,Indira Kar,Chennai,Bike,1,2022,Evening
D01332,Vedant Trivedi,Chennai,Bike,2,2025,Night
D01333,Vrinda Bajaj,Chennai,Scooter,3,2020,Morning
D01334,Yashawini Dani,Bangalore,Bike,3,2024,Night
D01335,George Devan,Coimbatore,Bike,7,2020,Afternoon
D01336,Ekapad Bhargava,Hyderabad,Scooter,0,2021,Evening
D01337,Udyati Shah,Chennai,Scooter,3,2022,Night
D01338,Michael Kunda,Coimbatore,Bike,7,2024,Afternoon
D01339,Ekta Ranganathan,Chennai,Scooter,6,2021,Morning
D01340,Tarak Krishnan,Chennai,Bike,4,2022,Night
D01341,Gautam Chad,Chennai,Bike,6,2023,Morning
D01342,Wahab Bail,Bangalore,Scooter,6,2024,Afternoon
D01343,Urishilla Ganesh,Bangalore,Bike,6,2023,Evening
D01344,Vedhika Devan,Chennai,Scooter,6,2021,Afternoon
D01345,Aryan Rout,Coimbatore,Scooter,5,2024,Morning
D01346,Nitara Ahluwalia,Coimbatore,Bike,7,2026,Night
D01347,Priya Sabharwal,Bangalore,Scooter,2,2021,Evening
D01348,Timothy Nayak,Chennai,Bike,8,2022,Morning
D01349,Shaurya Nazareth,Chennai,Bike,6,2025,Night
D01350,Vamakshi Maharaj,Chennai,Bike,0,2021,Night
D01351,Leela Dhar,Bangalore,Bike,2,2026,Morning
D01352,Warhi Dhaliwal,Bangalore,Scooter,1,2020,Morning
D01353,Dayita Kale,Chennai,Bike,5,2024,Evening
D01354,Chaman Balakrishnan,Coimbatore,Scooter,5,2024,Night
D01355,Divya Kari,Hyderabad,Scooter,1,2023,Night
D01356,Orinder Madan,Chennai,Scooter,1,2026,Morning
D01357,Max Aurora,Hyderabad,Scooter,0,2021,Evening
D01358,Ucchal Sule,Bangalore,Scooter,6,2024,Evening
D01359,Kamya Nayar,Chennai,Scooter,4,2022,Morning
D01360,Irya Pandey,Chennai,Bike,7,2026,Morning
D01361,Rajata Iyengar,Hyderabad,Scooter,5,2025,Night
D01362,Qasim Pal,Chennai,Scooter,4,2026,Morning
D01363,Gaurangi Sahota,Coimbatore,Scooter,3,2026,Morning
D01364,Yahvi Balay,Hyderabad,Bike,3,2024,Night
D01365,Sathvik Mann,Chennai,Scooter,2,2026,Morning
D01366,Dev Dave,Bangalore,Bike,0,2023,Afternoon
D01367,Chavvi Rastogi,Chennai,Scooter,8,2025,Evening
D01368,Maanas Ramesh,Hyderabad,Scooter,2,2026,Evening
D01369,Sanaya Edwin,Bangalore,Bike,3,2024,Morning
D01370,Praneel Mukherjee,Chennai,Bike,7,2026,Morning
D01371,Wahab Date,Chennai,Scooter,0,2026,Afternoon
D01372,Nirja Bhat,Bangalore,Scooter,6,2026,Evening
D01373,Chaaya Varkey,Chennai,Scooter,8,2022,Night
D01374,Gaurav Badal,Vijayawada,Bike,7,2026,Morning
D01375,Girindra Goswami,Bangalore,Bike,1,2022,Evening
D01376,Lajita Buch,Coimbatore,Scooter,8,2026,Morning
D01377,Devika Chopra,Bangalore,Bike,7,2023,Morning
D01378,Warhi Bedi,Hyderabad,Scooter,7,2020,Night
D01379,Xiti Nagi,Chennai,Scooter,1,2022,Afternoon
D01380,Isaiah Rege,Vijayawada,Scooter,0,2025,Night
D01381,Nimrat Chakraborty,Chennai,Scooter,3,2024,Morning
D01382,Abhimanyu Sheth,Chennai,Bike,8,2024,Morning
D01383,Gavin Krishna,Chennai,Bike,8,2023,Night
D01384,Netra Dhar,Chennai,Bike,7,2026,Morning
D01385,Mohini Pau,Coimbatore,Bike,7,2026,Morning
D01386,Sachi Jha,Hyderabad,Bike,1,2020,Night
D01387,Pranav Nagar,Bangalore,Bike,0,2023,Morning
D01388,Gautam Parsa,Bangalore,Scooter,2,2021,Morning
D01389,Hemal Deshmukh,Hyderabad,Bike,7,2021,Evening
D01390,Arin Banik,Chennai,Bike,0,2024,Morning
D01391,Orinder Narain,Chennai,Bike,4,2023,Evening
D01392,Abha Issac,Hyderabad,Scooter,8,2022,Night
D01393,Aahana Hans,Coimbatore,Scooter,6,2026,Evening
D01394,Anika Majumdar,Vijayawada,Bike,6,2024,Afternoon
D01395,Tanvi Bahri,Chennai,Scooter,0,2021,Afternoon
D01396,Bhavika Singhal,Vijayawada,Scooter,7,2020,Morning
D01397,Karan Gera,Hyderabad,Bike,0,2020,Afternoon
D01398,Tanvi Edwin,Bangalore,Bike,6,2024,Afternoon
D01399,Aradhana Mani,Coimbatore,Scooter,0,2022,Evening
D01400,Chandresh Bhakta,Hyderabad,Bike,3,2026,Evening
D01401,Madhav Lal,Chennai,Bike,1,2022,Night
D01402,Jyoti Sura,Hyderabad,Bike,4,2026,Afternoon
D01403,Raksha Kari,Vijayawada,Scooter,3,2023,Night
D01404,Varsha Rattan,Chennai,Bike,6,2026,Night
D01405,George Dutta,Hyderabad,Bike,6,2025,Evening
D01406,Triya Suri,Coimbatore,Scooter,1,2023,Evening
D01407,Kai Goda,Coimbatore,Scooter,8,2024,Morning
D01408,Osha De,Bangalore,Bike,4,2024,Afternoon
D01409,Orinder Kaul,Coimbatore,Bike,7,2022,Morning
D01410,Aayush Amble,Bangalore,Bike,2,2021,Afternoon
D01411,Sneha Acharya,Hyderabad,Bike,5,2020,Morning
D01412,Faqid Prabhu,Hyderabad,Bike,1,2020,Morning
D01413,Anjali Sachar,Chennai,Bike,5,2024,Morning
D01414,Tanvi Kale,Bangalore,Bike,5,2021,Night
D01415,Anthony Aggarwal,Bangalore,Bike,2,2026,Evening
D01416,Riya Chopra,Hyderabad,Scooter,6,2021,Morning
D01417,Isha Solanki,Coimbatore,Scooter,0,2025,Night
D01418,Utkarsh Ahuja,Bangalore,Bike,4,2026,Morning
D01419,Anya Baria,Chennai,Scooter,6,2021,Evening
D01420,Ubika Hayre,Coimbatore,Scooter,7,2020,Night
D01421,Bina Madan,Hyderabad,Scooter,5,2025,Afternoon
D01422,Fitan Thaker,Vijayawada,Scooter,1,2023,Afternoon
D01423,Frederick Bahl,Coimbatore,Scooter,8,2021,Afternoon
D01424,Max Roy,Chennai,Scooter,1,2022,Afternoon
D01425,Warjas Sachdeva,Chennai,Bike,5,2020,Morning
D01426,Liam Deo,Chennai,Scooter,6,2021,Evening
D01427,Wazir Mitter,Hyderabad,Bike,7,2025,Night
D01428,Anirudh Jaggi,Vijayawada,Bike,1,2025,Afternoon
D01429,Vasana Tara,Chennai,Bike,6,2024,Afternoon
D01430,Sanaya Mallick,Bangalore,Scooter,5,2026,Evening
D01431,Chameli Menon,Bangalore,Scooter,1,2021,Night
D01432,Megha Shan,Coimbatore,Bike,0,2025,Afternoon
D01433,Lakshmi Parikh,Chennai,Bike,1,2020,Morning
D01434,Finn Raju,Bangalore,Bike,5,2021,Night
D01435,Qadim Dhingra,Coimbatore,Scooter,0,2024,Night
D01436,Vaishnavi Andra,Hyderabad,Bike,4,2020,Night
D01437,Arjun Chada,Bangalore,Scooter,0,2022,Morning
D01438,Kabir Gokhale,Chennai,Bike,8,2020,Night
D01439,Darika Chander,Hyderabad,Scooter,2,2022,Morning
D01440,Widisha Saraf,Hyderabad,Bike,3,2023,Morning
D01441,Ishani Ramesh,Bangalore,Scooter,8,2022,Evening
D01442,Chaaya Kapur,Chennai,Scooter,0,2026,Night
D01443,Adweta Mahal,Vijayawada,Scooter,5,2021,Morning
D01444,Nathaniel Krish,Chennai,Scooter,7,2023,Evening
D01445,Ekantika Jani,Hyderabad,Scooter,4,2023,Afternoon
D01446,Jairaj Goyal,Hyderabad,Scooter,7,2026,Evening
D01447,Noah Mitter,Chennai,Bike,2,2020,Morning
D01448,Wishi Setty,Chennai,Bike,8,2020,Morning
D01449,Ekta Gala,Vijayawada,Scooter,0,2022,Morning
D01450,Amrita Patla,Bangalore,Scooter,4,2022,Night
D01451,Chakrika Bhatia,Chennai,Bike,7,2026,Evening
D01452,Maanas Yogi,Chennai,Bike,6,2020,Afternoon
D01453,Irya Gole,Vijayawada,Scooter,0,2025,Morning
D01454,Nilima Sarna,Vijayawada,Scooter,1,2020,Evening
D01455,Vanya Loyal,Coimbatore,Scooter,2,2022,Night
D01456,Janya Bala,Chennai,Bike,1,2026,Evening
D01457,Advaith Chacko,Bangalore,Scooter,7,2021,Evening
D01458,Sachi Manne,Bangalore,Bike,2,2022,Afternoon
D01459,Eshana Borra,Vijayawada,Bike,2,2024,Afternoon
D01460,Dhruv Bakshi,Chennai,Scooter,5,2025,Night
D01461,David Choudhry,Bangalore,Bike,7,2023,Morning
D01462,Finn Bava,Bangalore,Scooter,7,2023,Evening
D01463,Hemangini Som,Chennai,Scooter,0,2026,Night
D01464,Max Ramanathan,Bangalore,Scooter,3,2026,Night
D01465,Pratyush Gole,Bangalore,Scooter,8,2024,Evening
D01466,Oeshi Khare,Chennai,Bike,4,2022,Evening
D01467,Sarthak Chaudry,Chennai,Bike,1,2026,Morning
D01468,Ekani Bansal,Vijayawada,Bike,5,2020,Morning
D01469,Kritika Venkataraman,Coimbatore,Scooter,2,2021,Afternoon
D01470,Jalsa Ram,Bangalore,Scooter,7,2023,Evening
D01471,Ayush Wali,Chennai,Scooter,1,2022,Afternoon
D01472,Anamika Kibe,Coimbatore,Scooter,8,2023,Afternoon
D01473,Faqid Madan,Hyderabad,Bike,1,2022,Afternoon
D01474,Warjas Ahluwalia,Bangalore,Scooter,1,2021,Morning
D01475,Kashvi Mangat,Bangalore,Scooter,0,2024,Afternoon
D01476,Chatresh Virk,Chennai,Bike,6,2026,Night
D01477,Nakul Mittal,Bangalore,Scooter,3,2025,Night
D01478,Ishanvi Pandya,Vijayawada,Scooter,1,2021,Night
D01479,Krishna Sawhney,Vijayawada,Scooter,1,2026,Night
D01480,Hemani Sehgal,Chennai,Bike,1,2024,Morning
D01481,Lajita Kaur,Bangalore,Scooter,1,2021,Morning
D01482,Frado Rajagopal,Hyderabad,Bike,0,2024,Afternoon
D01483,Manbir Badami,Chennai,Bike,5,2025,Afternoon
D01484,Aryan Luthra,Vijayawada,Bike,1,2021,Night
D01485,Arin Chandra,Chennai,Scooter,0,2021,Night
D01486,Gaurang Bava,Bangalore,Bike,2,2022,Evening
D01487,Yashica Gera,Chennai,Bike,5,2026,Afternoon
D01488,Diya Palan,Vijayawada,Bike,3,2020,Night
D01489,Umang Sarkar,Vijayawada,Scooter,4,2020,Morning
D01490,Kavya Nagy,Bangalore,Scooter,2,2022,Afternoon
D01491,Yuvraj Hayre,Coimbatore,Scooter,2,2022,Evening
D01492,Qarin Tella,Chennai,Scooter,1,2025,Morning
D01493,Qadim Prashad,Bangalore,Bike,1,2026,Afternoon
D01494,Yashodhara Oak,Chennai,Bike,3,2020,Morning
D01495,Tripti Kapoor,Chennai,Bike,5,2026,Evening
D01496,Jyoti Jha,Chennai,Bike,1,2026,Afternoon
D01497,Balhaar Reddy,Vijayawada,Bike,5,2023,Morning
D01498,Advika Andra,Bangalore,Bike,7,2025,Night
D01499,Niharika Kadakia,Hyderabad,Bike,8,2024,Night
D01500,Robert Mittal,Coimbatore,Scooter,3,2026,Night
D01501,Yasti Sarin,Hyderabad,Scooter,5,2026,Morning
D01502,Krishna Khanna,Bangalore,Scooter,2,2022,Afternoon
D01503,Chaitanya Warrior,Bangalore,Bike,6,2023,Afternoon
D01504,Balveer Mammen,Chennai,Bike,7,2026,Morning
D01505,Praneel Kannan,Hyderabad,Bike,8,2023,Afternoon
D01506,Veer Thakkar,Bangalore,Scooter,3,2025,Night
D01507,Sarthak Khalsa,Vijayawada,Bike,2,2023,Afternoon
D01508,Vivaan Pandit,Vijayawada,Scooter,7,2021,Morning
D01509,Rishi Mahal,Hyderabad,Scooter,2,2022,Evening
D01510,Jack Khatri,Coimbatore,Scooter,8,2023,Evening
D01511,Chatura Sahni,Hyderabad,Bike,8,2026,Night
D01512,Onveer Karnik,Chennai,Bike,7,2026,Afternoon
D01513,Triya Chaudry,Bangalore,Bike,3,2021,Morning
D01514,Nicholas Murty,Chennai,Bike,2,2022,Evening
D01515,Anamika Raju,Coimbatore,Bike,5,2023,Night
D01516,Robert Raja,Hyderabad,Scooter,5,2020,Afternoon
D01517,Bhavika Modi,Coimbatore,Bike,3,2021,Evening
D01518,Ethan Barman,Chennai,Bike,8,2026,Evening
D01519,Simon Grover,Chennai,Bike,0,2021,Morning
D01520,Forum Kala,Hyderabad,Scooter,4,2024,Morning
D01521,Pranit Banerjee,Hyderabad,Scooter,2,2020,Night
D01522,Abhimanyu Samra,Bangalore,Bike,0,2020,Morning
D01523,Waida Salvi,Vijayawada,Bike,3,2022,Evening
D01524,Samaksh Prakash,Coimbatore,Scooter,5,2022,Afternoon
D01525,Saanvi Samra,Vijayawada,Scooter,1,2023,Evening
D01526,Viraj Choudhry,Chennai,Scooter,1,2021,Night
D01527,Ubika Cherian,Hyderabad,Bike,1,2020,Afternoon
D01528,Kashish Wali,Hyderabad,Bike,3,2026,Night
D01529,Ubika Ahuja,Coimbatore,Bike,6,2021,Evening
D01530,Balhaar Varma,Bangalore,Scooter,8,2023,Afternoon
D01531,Kashish Ranganathan,Chennai,Scooter,7,2024,Morning
D01532,Girindra Lal,Chennai,Scooter,8,2020,Afternoon
D01533,Harshil Chahal,Chennai,Scooter,0,2023,Night
D01534,Zayyan Natt,Chennai,Scooter,1,2026,Night
D01535,Hardik Kar,Hyderabad,Bike,6,2020,Night
D01536,Jagat Karpe,Bangalore,Bike,1,2025,Night
D01537,Jagrati Krishnamurthy,Bangalore,Bike,0,2022,Night
D01538,Wahab Viswanathan,Coimbatore,Bike,5,2026,Afternoon
D01539,Diya Soni,Chennai,Scooter,7,2026,Morning
D01540,Ubika Barad,Vijayawada,Bike,5,2025,Morning
D01541,Aarini Singh,Chennai,Scooter,1,2023,Night
D01542,Ishani Dave,Vijayawada,Scooter,5,2025,Night
D01543,Om Padmanabhan,Chennai,Scooter,0,2026,Morning
D01544,Yoshita Suresh,Hyderabad,Bike,8,2020,Evening
D01545,Sarthak Palan,Vijayawada,Scooter,7,2020,Afternoon
D01546,Mahika Batta,Coimbatore,Bike,3,2020,Evening
D01547,Ekta Doshi,Coimbatore,Bike,4,2023,Morning
D01548,Rayaan Padmanabhan,Chennai,Bike,8,2022,Afternoon
D01549,Warinder Soman,Bangalore,Bike,7,2026,Afternoon
D01550,Manya Butala,Bangalore,Bike,6,2026,Night
D01551,Urvashi Atwal,Chennai,Bike,2,2021,Morning
D01552,Mason Sachar,Hyderabad,Bike,0,2023,Morning
D01553,Ekantika Tripathi,Bangalore,Scooter,5,2021,Evening
D01554,Vincent Oommen,Coimbatore,Bike,8,2022,Night
D01555,Ishanvi Lall,Hyderabad,Bike,1,2025,Afternoon
D01556,Harrison Narula,Hyderabad,Scooter,1,2025,Night
D01557,Sai Sarin,Chennai,Scooter,3,2023,Morning
D01558,Owen Rattan,Hyderabad,Bike,5,2026,Night
D01559,Fariq Sinha,Hyderabad,Bike,2,2020,Morning
D01560,Yamini Gupta,Bangalore,Scooter,1,2021,Morning
D01561,Vedhika Ramachandran,Chennai,Scooter,1,2026,Afternoon
D01562,Matthew Oak,Hyderabad,Bike,1,2024,Evening
D01563,Upkaar Seth,Coimbatore,Scooter,8,2021,Morning
D01564,Vasatika Kapoor,Bangalore,Bike,4,2025,Night
D01565,Atharv Dhingra,Coimbatore,Bike,6,2023,Morning
D01566,Daniel Choudhary,Chennai,Scooter,5,2023,Morning
D01567,Leela Dhar,Hyderabad,Scooter,8,2026,Morning
D01568,Omkaar Mitra,Bangalore,Scooter,1,2026,Morning
D01569,Ansh Bakshi,Chennai,Scooter,2,2025,Evening
D01570,Rachana Butala,Bangalore,Scooter,0,2024,Evening
D01571,Maya Lanka,Chennai,Scooter,4,2026,Evening
D01572,Upasna Goswami,Bangalore,Scooter,8,2026,Night
D01573,Idika Goel,Coimbatore,Scooter,2,2020,Afternoon
D01574,Ishita Sur,Coimbatore,Scooter,8,2023,Afternoon
D01575,Yashica Upadhyay,Chennai,Scooter,5,2026,Evening
D01576,Pranit Basu,Coimbatore,Bike,1,2024,Morning
D01577,Edhitha Nagarajan,Chennai,Scooter,5,2021,Night
D01578,Peter Madan,Bangalore,Bike,8,2025,Afternoon
D01579,Charita Prabhakar,Coimbatore,Scooter,6,2020,Evening
D01580,Ishaan Kaur,Coimbatore,Scooter,8,2023,Afternoon
D01581,Bahadurjit Samra,Bangalore,Scooter,1,2023,Evening
D01582,Hritik Chand,Vijayawada,Scooter,5,2023,Evening
D01583,Gautam Chandra,Bangalore,Scooter,6,2025,Night
D01584,Hitesh Bandi,Coimbatore,Bike,3,2020,Evening
D01585,Abhiram Dube,Coimbatore,Scooter,0,2026,Evening
D01586,Januja Mutti,Vijayawada,Bike,4,2020,Afternoon
D01587,Girindra Mody,Coimbatore,Bike,6,2024,Morning
D01588,Raagini Dash,Bangalore,Scooter,8,2022,Morning
D01589,Omaja Dass,Chennai,Scooter,7,2025,Afternoon
D01590,Lucky Tak,Chennai,Scooter,6,2026,Evening
D01591,Falguni Sani,Chennai,Bike,6,2021,Evening
D01592,Aryan Viswanathan,Coimbatore,Scooter,6,2024,Evening
D01593,Samuel Balakrishnan,Chennai,Bike,1,2026,Morning
D01594,Samarth Bhakta,Bangalore,Bike,3,2022,Night
D01595,Wazir Bajwa,Chennai,Bike,6,2021,Morning
D01596,Fariq Kadakia,Vijayawada,Bike,6,2021,Night
D01597,Fitan Chopra,Hyderabad,Bike,5,2024,Night
D01598,Xavier Nagy,Hyderabad,Scooter,4,2022,Afternoon
D01599,Charan Pillai,Bangalore,Bike,0,2024,Night
D01600,Triveni Vora,Hyderabad,Bike,2,2022,Morning
D01601,Janya Parekh,Vijayawada,Scooter,7,2024,Morning
D01602,Udarsh Gara,Hyderabad,Bike,8,2020,Evening
D01603,Lopa Devi,Bangalore,Scooter,4,2021,Morning
D01604,Kashish Sathe,Chennai,Scooter,6,2026,Afternoon
D01605,Liam Roy,Bangalore,Bike,3,2023,Evening
D01606,Anita Gala,Hyderabad,Scooter,3,2021,Evening
D01607,Samarth Oak,Bangalore,Bike,3,2024,Night
D01608,Krisha Dua,Chennai,Scooter,0,2026,Evening
D01609,Urmi Sami,Hyderabad,Bike,0,2023,Afternoon
D01610,Jeremiah Suri,Hyderabad,Scooter,5,2023,Morning
D01611,Nidhi Patla,Hyderabad,Bike,2,2024,Morning
D01612,Brinda Balasubramanian,Coimbatore,Scooter,3,2025,Evening
D01613,Krishna Banik,Hyderabad,Bike,4,2021,Night
D01614,Aarini Sandal,Vijayawada,Scooter,7,2021,Morning
D01615,Sathvik Lata,Chennai,Scooter,0,2022,Evening
D01616,Baghyawati Ghose,Bangalore,Bike,3,2022,Morning
D01617,Brinda Chana,Coimbatore,Scooter,8,2026,Night
D01618,Fitan Purohit,Hyderabad,Scooter,2,2023,Evening
D01619,Pratyush Talwar,Chennai,Scooter,7,2020,Afternoon
D01620,Eiravati Lanka,Bangalore,Scooter,7,2022,Evening
D01621,Turvi Ramanathan,Chennai,Scooter,0,2022,Afternoon
D01622,Anjali Nath,Bangalore,Bike,1,2021,Evening
D01623,Nikita Bora,Hyderabad,Bike,1,2023,Night
D01624,Yasti Sastry,Chennai,Scooter,5,2021,Morning
D01625,Aarna Cheema,Chennai,Scooter,7,2021,Night
D01626,Sai Bassi,Bangalore,Bike,8,2026,Afternoon
D01627,Vedika Bhargava,Coimbatore,Bike,3,2021,Evening
D01628,Riya Loyal,Hyderabad,Scooter,7,2022,Night
D01629,Yashvi Hayre,Vijayawada,Bike,3,2021,Night
D01630,Gavin Dass,Chennai,Scooter,2,2021,Night
D01631,Lajita Nanda,Chennai,Bike,2,2025,Night
D01632,Falak Bal,Hyderabad,Scooter,7,2020,Morning
D01633,Aayush Gala,Chennai,Bike,4,2026,Morning
D01634,Aishani Halder,Hyderabad,Bike,0,2023,Morning
D01635,Ethan Wable,Bangalore,Bike,2,2020,Night
D01636,Ayaan Master,Chennai,Scooter,6,2022,Evening
D01637,Ucchal Samra,Hyderabad,Scooter,7,2023,Afternoon
D01638,Vasana Date,Bangalore,Bike,6,2024,Afternoon
D01639,Bina Balasubramanian,Bangalore,Bike,0,2025,Afternoon
D01640,Siddharth Chad,Bangalore,Scooter,3,2020,Afternoon
D01641,Sara Bhargava,Hyderabad,Scooter,5,2026,Evening
D01642,Upkaar Yadav,Bangalore,Bike,1,2020,Afternoon
D01643,Dayita Mangat,Hyderabad,Bike,4,2025,Afternoon
D01644,Ekanta Kibe,Bangalore,Bike,7,2025,Evening
D01645,Upma Shenoy,Hyderabad,Bike,8,2026,Morning
D01646,Nathaniel Sarraf,Chennai,Scooter,4,2025,Night
D01647,Manbir Kannan,Chennai,Scooter,3,2026,Afternoon
D01648,Eesha Parekh,Bangalore,Bike,2,2026,Afternoon
D01649,Tanay Dixit,Coimbatore,Bike,0,2026,Afternoon
D01650,Nathan Lanka,Bangalore,Scooter,3,2020,Afternoon
D01651,Sai Kadakia,Hyderabad,Scooter,0,2020,Morning
D01652,Ayaan Kibe,Bangalore,Scooter,0,2025,Evening
D01653,Qadim Mital,Coimbatore,Scooter,4,2020,Night
D01654,Maanas Mane,Hyderabad,Bike,3,2023,Morning
D01655,Jagdish Pal,Vijayawada,Scooter,5,2023,Evening
D01656,Finn Muni,Chennai,Bike,6,2021,Evening
D01657,Bhavani Shankar,Hyderabad,Bike,0,2025,Night
D01658,Hitesh Chokshi,Bangalore,Bike,8,2021,Morning
D01659,Nirja Singh,Bangalore,Scooter,0,2025,Morning
D01660,Rushil Bahri,Bangalore,Bike,4,2023,Evening
D01661,Tanvi Behl,Chennai,Bike,0,2022,Night
D01662,Jagat Mall,Bangalore,Scooter,8,2021,Afternoon
D01663,Niharika Acharya,Chennai,Bike,6,2021,Afternoon
D01664,Raghav Karpe,Bangalore,Scooter,1,2024,Evening
D01665,Jai Chand,Chennai,Bike,5,2022,Morning
D01666,Gunbir Maharaj,Hyderabad,Scooter,8,2022,Afternoon
D01667,Chaaya Khalsa,Bangalore,Bike,8,2022,Night
D01668,Qushi Toor,Vijayawada,Scooter,8,2023,Morning
D01669,Qadim Mital,Hyderabad,Scooter,1,2024,Morning
D01670,Jalsa Wali,Chennai,Scooter,1,2020,Morning
D01671,Wazir Agrawal,Vijayawada,Bike,8,2025,Evening
D01672,Max Babu,Vijayawada,Scooter,7,2021,Afternoon
D01673,Brinda Balakrishnan,Chennai,Bike,2,2020,Morning
D01674,Mohini Mahal,Chennai,Scooter,0,2021,Morning
D01675,Champak Kant,Bangalore,Scooter,5,2021,Afternoon
D01676,Chavvi Aggarwal,Bangalore,Bike,4,2021,Afternoon
D01677,Rajata Dash,Hyderabad,Scooter,4,2020,Afternoon
D01678,Lohit Hayer,Hyderabad,Scooter,3,2023,Evening
D01679,Faris Biswas,Hyderabad,Scooter,1,2023,Evening
D01680,Balhaar Chaudhuri,Coimbatore,Scooter,0,2021,Afternoon
D01681,Nidra Narula,Bangalore,Bike,5,2026,Morning
D01682,Panini Handa,Hyderabad,Bike,8,2022,Afternoon
D01683,Jagrati Ramachandran,Bangalore,Scooter,6,2022,Night
D01684,Zehaan Golla,Coimbatore,Bike,1,2023,Morning
D01685,Krish Rastogi,Coimbatore,Bike,0,2023,Night
D01686,Raghav Seshadri,Bangalore,Scooter,2,2020,Night
D01687,Hemani Mammen,Hyderabad,Bike,0,2025,Night
D01688,Anamika Srinivas,Vijayawada,Bike,1,2024,Afternoon
D01689,Edhitha Om,Coimbatore,Scooter,2,2020,Morning
D01690,Charan Mannan,Chennai,Bike,5,2024,Night
D01691,Hritik Aggarwal,Chennai,Scooter,2,2023,Morning
D01692,Ekiya Grover,Hyderabad,Scooter,3,2025,Afternoon
D01693,Umang Kibe,Bangalore,Bike,3,2024,Evening
D01694,Aadi Shroff,Vijayawada,Bike,1,2024,Night
D01695,Owen Jaggi,Bangalore,Bike,0,2025,Morning
D01696,Henry Borah,Bangalore,Scooter,5,2024,Evening
D01697,Aradhana Srinivas,Hyderabad,Bike,6,2024,Afternoon
D01698,Rayaan Bhatti,Chennai,Scooter,7,2026,Morning
D01699,Abha Zacharia,Hyderabad,Scooter,6,2026,Afternoon
D01700,Rishi Nadig,Vijayawada,Scooter,6,2024,Night
D01701,Omya Dani,Chennai,Bike,7,2022,Afternoon
D01702,Zaitra Saha,Bangalore,Bike,7,2023,Night
D01703,Banjeet Pradhan,Vijayawada,Scooter,0,2020,Evening
D01704,Divya Kulkarni,Hyderabad,Bike,7,2021,Night
D01705,Lohit Pradhan,Coimbatore,Bike,3,2024,Morning
D01706,Max Tripathi,Vijayawada,Bike,0,2025,Morning
D01707,Tanveer Pillai,Coimbatore,Bike,8,2026,Evening
D01708,Dhruv Datta,Coimbatore,Bike,1,2025,Afternoon
D01709,Chanchal Dada,Bangalore,Scooter,1,2026,Afternoon
D01710,Meera Garg,Coimbatore,Scooter,5,2020,Morning
D01711,Bhavini Hans,Coimbatore,Scooter,6,2022,Evening
D01712,Hiral Koshy,Coimbatore,Bike,0,2020,Evening
D01713,Robert Sane,Bangalore,Bike,6,2025,Morning
D01714,Ridhi Luthra,Hyderabad,Bike,4,2023,Night
D01715,Chameli Bera,Hyderabad,Bike,8,2026,Morning
D01716,Vinaya Sura,Chennai,Scooter,8,2024,Evening
D01717,Jai Vig,Coimbatore,Bike,7,2025,Night
D01718,Aarna Bail,Coimbatore,Scooter,2,2024,Evening
D01719,Yashica Saha,Coimbatore,Scooter,6,2025,Night
D01720,Ryan Bali,Coimbatore,Scooter,8,2024,Afternoon
D01721,Tanmayi Chakrabarti,Chennai,Scooter,0,2023,Morning
D01722,Hemal Palla,Hyderabad,Scooter,3,2020,Afternoon
D01723,Vedika Wagle,Bangalore,Bike,6,2022,Evening
D01724,Deepa Hans,Bangalore,Scooter,7,2021,Afternoon
D01725,Maanav Raja,Vijayawada,Scooter,1,2024,Afternoon
D01726,Gavin Sarraf,Bangalore,Scooter,4,2025,Evening
D01727,Neel Iyer,Hyderabad,Scooter,1,2022,Night
D01728,Madhav Dewan,Hyderabad,Bike,4,2022,Night
D01729,Ridhi Mital,Bangalore,Scooter,7,2022,Night
D01730,Oscar Kala,Chennai,Scooter,7,2025,Evening
D01731,Caleb Kant,Vijayawada,Scooter,7,2025,Afternoon
D01732,Shravya Peri,Hyderabad,Scooter,8,2026,Afternoon
D01733,Praneel Sodhi,Hyderabad,Scooter,5,2026,Evening
D01734,Netra Sodhi,Chennai,Scooter,4,2021,Night
D01735,Neel Ratta,Hyderabad,Bike,6,2025,Night
D01736,Lajita Jayaraman,Coimbatore,Scooter,8,2022,Evening
D01737,Kashish Bath,Bangalore,Scooter,8,2021,Evening
D01738,Dakshesh Sha,Vijayawada,Scooter,0,2024,Evening
D01739,Hemang Chaudry,Chennai,Scooter,3,2020,Afternoon
D01740,Hredhaan Bava,Bangalore,Scooter,0,2022,Evening
D01741,Saanvi Tara,Chennai,Bike,8,2023,Afternoon
D01742,Isha Suri,Chennai,Bike,8,2026,Afternoon
D01743,Yashasvi Zachariah,Coimbatore,Bike,2,2022,Afternoon
D01744,Ranveer Parmer,Coimbatore,Scooter,3,2026,Afternoon
D01745,Dayamai Srinivasan,Vijayawada,Scooter,1,2026,Night
D01746,Inaya Pai,Chennai,Bike,7,2024,Evening
D01747,Chaman Sankar,Bangalore,Bike,5,2021,Morning
D01748,Imaran Nayar,Hyderabad,Scooter,0,2022,Afternoon
D01749,Nidhi Zacharia,Chennai,Bike,8,2021,Evening
D01750,Hema Bhavsar,Coimbatore,Bike,5,2025,Night
D01751,Barkha Apte,Hyderabad,Bike,4,2025,Afternoon
D01752,Aarnav Pau,Bangalore,Scooter,0,2022,Evening
D01753,Ishita Wason,Bangalore,Bike,5,2023,Morning
D01754,Ranbir Nath,Chennai,Bike,3,2025,Morning
D01755,Urvashi Bhat,Coimbatore,Scooter,5,2021,Evening
D01756,Laksh Iyengar,Chennai,Bike,0,2024,Morning
D01757,Kalpit Nayak,Hyderabad,Bike,2,2025,Night
D01758,Darika Ramesh,Chennai,Bike,4,2026,Evening
D01759,Aarna Sood,Hyderabad,Bike,2,2022,Afternoon
D01760,Devansh Kurian,Bangalore,Scooter,6,2023,Evening
D01761,Utkarsh Date,Chennai,Bike,7,2023,Evening
D01762,Ethan Lata,Bangalore,Scooter,1,2025,Morning
D01763,Yutika Kannan,Chennai,Bike,7,2024,Evening
D01764,Hredhaan Tripathi,Chennai,Bike,0,2023,Afternoon
D01765,Aarna Mand,Coimbatore,Bike,2,2021,Afternoon
D01766,Ethan Prakash,Bangalore,Bike,4,2022,Night
D01767,Yashoda Jhaveri,Chennai,Scooter,8,2021,Night
D01768,Darika Verma,Bangalore,Scooter,7,2026,Morning
D01769,Caleb Lall,Hyderabad,Scooter,5,2025,Afternoon
D01770,Shivani Warrior,Bangalore,Bike,2,2025,Afternoon
D01771,Chanchal Kapur,Bangalore,Bike,4,2022,Afternoon
D01772,Prisha Mand,Hyderabad,Scooter,8,2022,Morning
D01773,Anvi Dass,Hyderabad,Bike,6,2020,Evening
D01774,Dalaja Yohannan,Chennai,Bike,0,2020,Night
D01775,Darpan Borde,Bangalore,Scooter,8,2024,Evening
D01776,Chandresh Chatterjee,Chennai,Bike,8,2021,Afternoon
D01777,Prisha Wable,Hyderabad,Scooter,5,2021,Evening
D01778,Hemangini Kibe,Bangalore,Scooter,8,2025,Evening
D01779,Ijaya Baral,Hyderabad,Bike,0,2024,Morning
D01780,Edhitha Tara,Coimbatore,Bike,1,2024,Afternoon
D01781,Abeer Garg,Vijayawada,Bike,6,2024,Afternoon
D01782,Balveer Sahni,Hyderabad,Bike,3,2023,Night
D01783,Rudra Ben,Bangalore,Bike,5,2022,Evening
D01784,Mohini Dhawan,Coimbatore,Scooter,4,2020,Evening
D01785,Reva Wagle,Chennai,Scooter,4,2025,Morning
D01786,Kai Yadav,Chennai,Bike,6,2022,Evening
D01787,Kevin Natarajan,Chennai,Scooter,0,2022,Night
D01788,Udarsh Devi,Chennai,Scooter,1,2024,Morning
D01789,Ikshita Nori,Chennai,Bike,2,2022,Morning
D01790,Imaran Ratti,Chennai,Bike,7,2025,Night
D01791,Yuvraj Garg,Hyderabad,Bike,3,2026,Night
D01792,Sai Dutta,Chennai,Scooter,8,2020,Evening
D01793,Neel Nanda,Hyderabad,Scooter,0,2026,Evening
D01794,Deepa Patla,Hyderabad,Bike,8,2022,Night
D01795,Netra Butala,Hyderabad,Scooter,4,2024,Evening
D01796,Darika Ramaswamy,Chennai,Scooter,6,2025,Afternoon
D01797,Lajita Sabharwal,Coimbatore,Bike,7,2023,Night
D01798,Rudra Prabhakar,Chennai,Scooter,8,2020,Afternoon
D01799,Thomas Bhasin,Bangalore,Bike,2,2022,Afternoon
D01800,Devansh Thaman,Hyderabad,Scooter,0,2021,Morning
D01801,Bhavya Bail,Bangalore,Scooter,0,2024,Morning
D01802,Watika Khurana,Vijayawada,Scooter,7,2024,Afternoon
D01803,Rudra Mahajan,Chennai,Bike,2,2022,Night
D01804,Radhika Ganguly,Chennai,Scooter,2,2020,Evening
D01805,Yashodhara Memon,Bangalore,Bike,3,2020,Morning
D01806,Finn Deshmukh,Coimbatore,Bike,2,2024,Afternoon
D01807,Bachittar Sant,Bangalore,Bike,2,2020,Morning
D01808,Ladli Batta,Hyderabad,Scooter,6,2020,Morning
D01809,Omkaar Tailor,Hyderabad,Scooter,8,2024,Morning
D01810,Anay Nori,Chennai,Scooter,5,2022,Evening
D01811,Dalaja Bhatt,Vijayawada,Scooter,5,2025,Evening
D01812,Krisha Mangat,Chennai,Bike,6,2025,Morning
D01813,Arya Saxena,Vijayawada,Bike,4,2022,Evening
D01814,Veer Tank,Chennai,Scooter,5,2020,Night
D01815,Lekha Saxena,Vijayawada,Bike,4,2024,Afternoon
D01816,Utkarsh Sami,Chennai,Bike,0,2021,Afternoon
D01817,Ganga Dara,Coimbatore,Scooter,3,2021,Afternoon
D01818,Faris Bava,Bangalore,Scooter,2,2020,Night
D01819,Ekantika Hari,Bangalore,Scooter,5,2020,Morning
D01820,Farhan Bora,Hyderabad,Bike,2,2026,Morning
D01821,Chandani Chacko,Vijayawada,Bike,2,2025,Morning
D01822,Osha Arya,Chennai,Scooter,6,2025,Night
D01823,Vasana Kade,Hyderabad,Scooter,0,2024,Afternoon
D01824,Yatin Madan,Bangalore,Scooter,6,2024,Night
D01825,Harshil Wadhwa,Hyderabad,Scooter,3,2025,Afternoon
D01826,Sanya Ravel,Bangalore,Bike,6,2024,Evening
D01827,Upma Borra,Bangalore,Bike,2,2026,Evening
D01828,Fiyaz Ratta,Hyderabad,Scooter,1,2025,Afternoon
D01829,Baghyawati Mittal,Chennai,Scooter,8,2022,Afternoon
D01830,Yashasvi Rajagopalan,Chennai,Scooter,1,2024,Morning
D01831,Zehaan Kant,Hyderabad,Bike,5,2022,Morning
D01832,Wishi Kothari,Hyderabad,Bike,7,2023,Night
D01833,Lekha Gopal,Hyderabad,Bike,0,2022,Evening
D01834,Gunbir Ghose,Bangalore,Bike,7,2022,Afternoon
D01835,Vasudha Ghose,Coimbatore,Bike,2,2022,Morning
D01836,Charvi Soman,Chennai,Scooter,2,2026,Morning
D01837,Shivansh Thaman,Coimbatore,Bike,5,2023,Morning
D01838,Ucchal Muni,Chennai,Scooter,5,2020,Afternoon
D01839,Ojasvi Basu,Chennai,Bike,4,2024,Afternoon
D01840,Chasmum Deol,Chennai,Bike,3,2026,Afternoon
D01841,Raksha Kala,Chennai,Scooter,2,2023,Night
D01842,Om Narang,Chennai,Scooter,4,2026,Night
D01843,Inaya Apte,Vijayawada,Scooter,0,2020,Evening
D01844,Avni Cherian,Coimbatore,Bike,7,2021,Afternoon
D01845,Zayan Ratti,Chennai,Bike,6,2023,Night
D01846,Ayush Sundaram,Bangalore,Bike,7,2020,Morning
D01847,Deepa Jha,Chennai,Bike,3,2025,Morning
D01848,Reyansh Radhakrishnan,Hyderabad,Bike,8,2021,Afternoon
D01849,Shivani Mallick,Chennai,Bike,5,2020,Evening
D01850,Kamala Ravel,Hyderabad,Bike,8,2020,Morning
D01851,Vedant Mukhopadhyay,Hyderabad,Scooter,7,2023,Morning
D01852,Urishilla Guha,Hyderabad,Bike,5,2021,Afternoon
D01853,Aahana Ramakrishnan,Coimbatore,Bike,1,2021,Morning
D01854,Timothy Saran,Chennai,Scooter,3,2023,Night
D01855,Yutika Virk,Hyderabad,Scooter,2,2022,Afternoon
D01856,Arunima Krish,Vijayawada,Bike,5,2022,Night
D01857,Rayaan Batta,Bangalore,Bike,8,2022,Afternoon
D01858,Madhav Chaudhari,Chennai,Scooter,7,2025,Afternoon
D01859,Deepa Padmanabhan,Vijayawada,Scooter,6,2022,Afternoon
D01860,Harsh Bumb,Bangalore,Bike,8,2022,Night
D01861,Caleb Swamy,Chennai,Bike,3,2024,Afternoon
D01862,Daksha Mody,Hyderabad,Scooter,2,2024,Morning
D01863,Chaitaly Dhar,Bangalore,Scooter,3,2021,Night
D01864,Oni Edwin,Vijayawada,Scooter,7,2024,Afternoon
D01865,Mahika Gour,Hyderabad,Bike,2,2022,Afternoon
D01866,Netra Wadhwa,Chennai,Scooter,2,2020,Afternoon
D01867,Hredhaan Buch,Chennai,Scooter,0,2020,Afternoon
D01868,Bina Iyer,Vijayawada,Scooter,5,2024,Night
D01869,Atharv More,Hyderabad,Bike,1,2026,Morning
D01870,Baljiwan Hayer,Hyderabad,Scooter,5,2020,Morning
D01871,Agastya Bail,Chennai,Bike,3,2024,Afternoon
D01872,Nidhi Srinivas,Hyderabad,Scooter,2,2023,Afternoon
D01873,Nikita Kanda,Chennai,Scooter,3,2021,Night
D01874,Zaitra Bhatt,Coimbatore,Scooter,0,2020,Afternoon
D01875,Onkar Sood,Coimbatore,Bike,5,2026,Morning
D01876,Dominic Bahl,Hyderabad,Bike,0,2022,Morning
D01877,Imaran Grewal,Coimbatore,Bike,1,2020,Evening
D01878,Charles Mand,Bangalore,Scooter,3,2020,Morning
D01879,Om Sharma,Hyderabad,Bike,6,2020,Afternoon
D01880,Vihaan Naidu,Chennai,Scooter,2,2022,Night
D01881,Darpan Shah,Chennai,Scooter,8,2020,Evening
D01882,Qadim Gulati,Hyderabad,Scooter,1,2021,Afternoon
D01883,David Hans,Coimbatore,Bike,2,2020,Night
D01884,Nitara Dhingra,Hyderabad,Bike,0,2023,Night
D01885,Bhanumati Pant,Hyderabad,Bike,4,2021,Afternoon
D01886,Tristan Barad,Chennai,Bike,5,2026,Afternoon
D01887,Varenya Kakar,Bangalore,Scooter,0,2026,Morning
D01888,Avni Andra,Hyderabad,Bike,5,2023,Morning
D01889,Umang Sankar,Hyderabad,Scooter,2,2022,Morning
D01890,Noah Nagy,Coimbatore,Bike,1,2020,Evening
D01891,Hredhaan D’Alia,Hyderabad,Scooter,6,2020,Night
D01892,Jonathan Srivastava,Bangalore,Bike,5,2024,Night
D01893,Suhani Munshi,Chennai,Bike,6,2024,Night
D01894,Deepa Ahluwalia,Chennai,Bike,2,2025,Morning
D01895,Indira Butala,Hyderabad,Bike,0,2020,Evening
D01896,Jack Vora,Vijayawada,Scooter,7,2022,Afternoon
D01897,Onkar Patel,Chennai,Scooter,5,2020,Night
D01898,Zehaan Chanda,Hyderabad,Bike,3,2021,Night
D01899,Ranveer Varghese,Hyderabad,Scooter,6,2026,Afternoon
D01900,Chakradhar Dubey,Hyderabad,Scooter,0,2021,Morning
D01901,Naksh Khare,Chennai,Bike,6,2022,Night
D01902,Girish Dutta,Chennai,Scooter,4,2023,Afternoon
D01903,Samuel Morar,Hyderabad,Bike,7,2025,Afternoon
D01904,Hamsini Rattan,Chennai,Bike,1,2022,Morning
D01905,Ekantika Kadakia,Chennai,Bike,3,2025,Morning
D01906,Krishna Ratta,Hyderabad,Scooter,8,2022,Afternoon
D01907,Laksh Shenoy,Vijayawada,Scooter,0,2022,Night
D01908,Upma Kade,Vijayawada,Bike,6,2026,Night
D01909,Mitali Sama,Chennai,Bike,7,2026,Evening
D01910,Meghana Kuruvilla,Bangalore,Scooter,0,2023,Morning
D01911,Ekanta Lad,Vijayawada,Bike,7,2024,Evening
D01912,Leena Narayan,Chennai,Bike,5,2021,Night
D01913,Vasana Sangha,Chennai,Scooter,6,2020,Evening
D01914,Andrew Gole,Coimbatore,Scooter,4,2021,Afternoon
D01915,Harita Date,Coimbatore,Bike,6,2025,Night
D01916,Mekhala Kata,Bangalore,Bike,3,2023,Evening
D01917,Fitan Varty,Vijayawada,Scooter,8,2026,Morning
D01918,Lohit Dhawan,Coimbatore,Bike,5,2022,Night
D01919,Avi Kala,Bangalore,Bike,8,2023,Morning
D01920,Ishanvi Balay,Coimbatore,Scooter,2,2025,Evening
D01921,Vedhika Toor,Hyderabad,Bike,0,2021,Afternoon
D01922,Nimrat Chopra,Hyderabad,Bike,5,2022,Night
D01923,Frederick Vasa,Coimbatore,Bike,4,2021,Night
D01924,Max Sekhon,Chennai,Bike,2,2020,Night
D01925,Urmi Bala,Bangalore,Bike,1,2025,Afternoon
D01926,Arunima Nori,Coimbatore,Scooter,8,2022,Afternoon
D01927,Kabir Vaidya,Chennai,Bike,4,2021,Afternoon
D01928,Tristan Lanka,Coimbatore,Bike,4,2022,Morning
D01929,Mason Lalla,Vijayawada,Bike,3,2025,Afternoon
D01930,Aadhya Balasubramanian,Bangalore,Scooter,1,2023,Night
D01931,Nimrat Wable,Hyderabad,Bike,4,2026,Afternoon
D01932,Omisha Thaman,Hyderabad,Bike,1,2026,Evening
D01933,Abhiram Patla,Bangalore,Scooter,0,2022,Evening
D01934,Janya Karan,Chennai,Scooter,8,2020,Morning
D01935,Rachita Ben,Bangalore,Scooter,5,2024,Evening
D01936,Nihal Sama,Chennai,Bike,6,2023,Evening
D01937,Kiaan Choudhary,Chennai,Bike,4,2025,Evening
D01938,Dominic Gala,Vijayawada,Bike,2,2024,Afternoon
D01939,Ishwar Balay,Chennai,Scooter,6,2024,Night
D01940,Nathan Savant,Bangalore,Bike,5,2026,Afternoon
D01941,Reva Sharma,Coimbatore,Scooter,4,2024,Night
D01942,Jonathan Mahajan,Hyderabad,Bike,6,2020,Night
D01943,Nathaniel Modi,Vijayawada,Scooter,2,2020,Afternoon
D01944,Kai Batra,Bangalore,Scooter,6,2026,Night
D01945,Bhanumati Bahl,Bangalore,Bike,0,2026,Morning
D01946,Patrick Raman,Chennai,Scooter,2,2025,Afternoon
D01947,Ayaan Krish,Chennai,Bike,6,2021,Afternoon
D01948,Abeer Chahal,Hyderabad,Scooter,1,2021,Evening
D01949,Ekaraj Dubey,Bangalore,Bike,1,2024,Afternoon
D01950,Zinal Narayanan,Bangalore,Scooter,4,2025,Night
D01951,Gayathri Sandal,Hyderabad,Bike,1,2020,Evening
D01952,Niharika Batta,Hyderabad,Scooter,8,2025,Evening
D01953,Baljiwan Chad,Chennai,Bike,5,2026,Morning
D01954,Abha Chaudhary,Vijayawada,Scooter,2,2021,Afternoon
D01955,Irya Raman,Hyderabad,Scooter,3,2021,Evening
D01956,Daksh Bhasin,Bangalore,Bike,0,2024,Afternoon
D01957,Omaja Balasubramanian,Bangalore,Bike,7,2026,Evening
D01958,Zansi Bhagat,Vijayawada,Bike,2,2022,Afternoon
D01959,Hema Pillai,Hyderabad,Bike,7,2023,Afternoon
D01960,Ishani Biswas,Chennai,Scooter,8,2024,Night
D01961,Zehaan Devi,Bangalore,Scooter,5,2025,Afternoon
D01962,Max Ramaswamy,Chennai,Bike,1,2026,Afternoon
D01963,Leena Johal,Chennai,Scooter,7,2022,Morning
D01964,Abhimanyu Hayer,Chennai,Bike,7,2021,Night
D01965,Nitesh Pandey,Coimbatore,Bike,5,2025,Morning
D01966,Inaya Sood,Chennai,Scooter,3,2023,Evening
D01967,Sara Bandi,Coimbatore,Scooter,8,2026,Night
D01968,Aachal Halder,Coimbatore,Bike,7,2025,Afternoon
D01969,Laksh Golla,Chennai,Scooter,0,2026,Morning
D01970,Deepa Chad,Bangalore,Scooter,7,2023,Morning
D01971,Qadim Dhaliwal,Coimbatore,Scooter,0,2024,Morning
D01972,Harsh Lall,Chennai,Scooter,6,2026,Night
D01973,Maanas Dhar,Hyderabad,Scooter,4,2021,Night
D01974,Ronith Parmer,Hyderabad,Bike,3,2022,Night
D01975,Vidhi Dixit,Chennai,Scooter,6,2025,Night
D01976,Chatresh Sibal,Chennai,Bike,5,2023,Afternoon
D01977,Avi Kumer,Coimbatore,Bike,2,2021,Evening
D01978,Tanmayi Venkatesh,Hyderabad,Scooter,8,2021,Morning
D01979,Ekaraj Rattan,Bangalore,Scooter,6,2024,Evening
D01980,Rajeshri Nagi,Chennai,Scooter,1,2024,Afternoon
D01981,Madhav Bhatia,Chennai,Bike,3,2024,Afternoon
D01982,Neha Parmer,Vijayawada,Bike,3,2026,Afternoon
D01983,Yashvi Sastry,Chennai,Bike,6,2025,Night
D01984,Farhan Sachar,Chennai,Bike,3,2026,Morning
D01985,Hitesh Chaudhry,Hyderabad,Bike,8,2024,Night
D01986,Eiravati Borde,Hyderabad,Scooter,4,2026,Night
D01987,Krishna Barad,Bangalore,Bike,3,2025,Night
D01988,Aishani Bhatia,Bangalore,Bike,3,2022,Evening
D01989,Rayaan Kari,Vijayawada,Bike,2,2021,Evening
D01990,Zayan Kapadia,Bangalore,Scooter,5,2026,Evening
D01991,Yashodhara Dhillon,Chennai,Bike,5,2026,Night
D01992,Panini Agarwal,Coimbatore,Bike,6,2022,Night
D01993,Eta Choudhary,Hyderabad,Bike,2,2020,Evening
D01994,Gavin Mammen,Bangalore,Scooter,8,2024,Morning
D01995,Jeet Bhat,Hyderabad,Scooter,5,2026,Night
D01996,Panini Lad,Chennai,Scooter,4,2023,Afternoon
D01997,Arin Kaul,Bangalore,Scooter,5,2020,Evening
D01998,Arin Varma,Bangalore,Scooter,3,2020,Evening
D01999,Harsh Muni,Vijayawada,Scooter,2,2024,Afternoon
D02000,Wridesh Basak,Hyderabad,Bike,5,2023,Afternoon
D02001,Vansha Padmanabhan,Chennai,Bike,4,2020,Evening
D02002,Urvi Warrior,Bangalore,Scooter,8,2023,Evening
D02003,Shravya Ben,Coimbatore,Scooter,7,2024,Morning
D02004,Qadim Goswami,Bangalore,Bike,7,2026,Night
D02005,Harini Karan,Chennai,Bike,7,2020,Evening
D02006,Vedhika Issac,Chennai,Scooter,6,2025,Evening
D02007,Amruta Guha,Hyderabad,Bike,5,2025,Night
D02008,William Bhatnagar,Coimbatore,Scooter,8,2026,Afternoon
D02009,Kashvi Doshi,Bangalore,Scooter,6,2026,Evening
D02010,Xalak Panchal,Bangalore,Bike,5,2023,Evening
D02011,Raagini Setty,Bangalore,Scooter,4,2023,Afternoon
D02012,Lajita Dhillon,Coimbatore,Scooter,0,2020,Morning
D02013,Wakeeta Yadav,Chennai,Scooter,0,2020,Evening
D02014,Aarush Deo,Hyderabad,Bike,8,2025,Afternoon
D02015,Benjamin Balasubramanian,Coimbatore,Scooter,3,2023,Night
D02016,Ikshita Mahajan,Chennai,Scooter,6,2025,Afternoon
D02017,Ati Saxena,Vijayawada,Bike,3,2020,Evening
D02018,Oni Pant,Coimbatore,Scooter,5,2025,Evening
D02019,Jagat Ravi,Vijayawada,Scooter,4,2022,Night
D02020,Jack Choudhary,Coimbatore,Scooter,5,2021,Morning
D02021,Omisha Datta,Coimbatore,Scooter,3,2026,Night
D02022,Ekansh Kala,Hyderabad,Bike,2,2026,Afternoon
D02023,Faqid Borah,Bangalore,Scooter,6,2026,Night
D02024,Kevin Parikh,Bangalore,Scooter,6,2024,Morning
D02025,Ranveer Bava,Vijayawada,Bike,7,2020,Afternoon
D02026,Lopa Kohli,Chennai,Bike,6,2023,Night
D02027,Devansh Shanker,Coimbatore,Bike,8,2022,Night
D02028,Maanav Kala,Bangalore,Scooter,2,2023,Morning
D02029,Bina Shroff,Chennai,Scooter,7,2024,Evening
D02030,Sai Sethi,Hyderabad,Bike,0,2026,Night
D02031,Rachana Gala,Coimbatore,Scooter,6,2023,Morning
D02032,Daniel Bansal,Bangalore,Scooter,1,2022,Afternoon
D02033,Abeer Zacharia,Chennai,Bike,7,2022,Afternoon
D02034,Arunima Savant,Coimbatore,Scooter,0,2026,Night
D02035,Finn Loke,Chennai,Bike,2,2020,Evening
D02036,Shravya Palla,Chennai,Bike,5,2022,Evening
D02037,Harrison Chaudry,Hyderabad,Scooter,6,2026,Evening
D02038,Harini Behl,Chennai,Bike,0,2023,Morning
D02039,Chatresh Subramanian,Chennai,Scooter,6,2022,Afternoon
D02040,Chasmum Virk,Coimbatore,Scooter,6,2024,Afternoon
D02041,Raagini Bora,Hyderabad,Scooter,0,2020,Evening
D02042,Chandresh Menon,Chennai,Bike,4,2022,Night
D02043,Aishani Nagarajan,Bangalore,Bike,8,2021,Night
D02044,Finn Krishnamurthy,Bangalore,Scooter,6,2025,Night
D02045,Falan Parekh,Hyderabad,Scooter,2,2021,Evening
D02046,Harini Ghose,Hyderabad,Bike,3,2021,Evening
D02047,Noah Dhillon,Hyderabad,Scooter,5,2023,Night
D02048,Wridesh Singh,Coimbatore,Bike,1,2021,Night
D02049,Daniel Ramachandran,Hyderabad,Scooter,1,2026,Afternoon
D02050,Christopher Chokshi,Hyderabad,Scooter,3,2021,Evening
D02051,Charita Tata,Coimbatore,Bike,0,2023,Afternoon
D02052,Advika Rajagopalan,Bangalore,Scooter,5,2023,Afternoon
D02053,Yashawini Varughese,Bangalore,Scooter,5,2020,Night
D02054,Luke Zachariah,Bangalore,Bike,8,2023,Evening
D02055,Chanakya Kata,Bangalore,Scooter,1,2022,Night
D02056,Caleb Shenoy,Hyderabad,Bike,3,2023,Morning
D02057,Yutika Karpe,Bangalore,Bike,7,2020,Morning
D02058,Ryan Wali,Bangalore,Scooter,8,2025,Afternoon
D02059,Chavvi Radhakrishnan,Hyderabad,Bike,1,2020,Afternoon
D02060,Finn Baral,Bangalore,Bike,5,2024,Morning
D02061,Nathaniel Deshmukh,Vijayawada,Bike,4,2025,Night
D02062,Saksham Narayanan,Bangalore,Bike,1,2022,Morning
D02063,Gaurangi Srivastava,Vijayawada,Bike,2,2022,Night
D02064,Omaja Pal,Bangalore,Scooter,5,2025,Night
D02065,Advik Sankar,Hyderabad,Scooter,4,2023,Evening
D02066,Faqid Gour,Bangalore,Bike,0,2023,Evening
D02067,Prisha Walla,Chennai,Bike,1,2026,Morning
D02068,Nirja Kalla,Hyderabad,Bike,1,2021,Evening
D02069,Jagvi Munshi,Chennai,Scooter,1,2026,Evening
D02070,Rayaan Agarwal,Bangalore,Bike,6,2026,Afternoon
D02071,Priya Dada,Chennai,Bike,1,2020,Morning
D02072,Umang Panchal,Bangalore,Bike,4,2020,Night
D02073,Kevin Bhandari,Vijayawada,Bike,8,2024,Morning
D02074,Finn Mandal,Vijayawada,Bike,6,2022,Evening
D02075,Tristan Shah,Coimbatore,Scooter,4,2021,Afternoon
D02076,Rachit Chakraborty,Chennai,Scooter,5,2021,Afternoon
D02077,Anjali Arya,Chennai,Bike,1,2021,Night
D02078,Kamala Comar,Coimbatore,Bike,0,2020,Night
D02079,Shravya Chad,Bangalore,Bike,3,2024,Evening
D02080,Panini Bhatti,Chennai,Scooter,7,2020,Morning
D02081,Jairaj Chhabra,Hyderabad,Bike,7,2026,Morning
D02082,Sneha Luthra,Bangalore,Bike,7,2026,Evening
D02083,Karan Ghosh,Hyderabad,Scooter,1,2024,Morning
D02084,Anita Bhat,Bangalore,Bike,7,2020,Evening
D02085,Dayamai Chaudhuri,Coimbatore,Scooter,6,2024,Afternoon
D02086,Rajata Srivastava,Hyderabad,Scooter,6,2021,Afternoon
D02087,Aachal Banerjee,Vijayawada,Bike,1,2024,Afternoon
D02088,Jonathan Ramesh,Bangalore,Bike,4,2021,Morning
D02089,Udarsh Mander,Hyderabad,Scooter,8,2020,Afternoon
D02090,Netra Sama,Chennai,Bike,3,2020,Evening
D02091,Wahab Puri,Bangalore,Scooter,6,2024,Night
D02092,Zehaan Hari,Bangalore,Bike,1,2022,Morning
D02093,Azaan Hayre,Chennai,Bike,0,2024,Evening
D02094,Hredhaan Dash,Hyderabad,Bike,0,2021,Morning
D02095,Divya Date,Bangalore,Scooter,5,2022,Morning
D02096,Vanya Andra,Chennai,Scooter,2,2025,Morning
D02097,Yashodhara Chada,Hyderabad,Scooter,0,2024,Morning
D02098,Leela Krishnan,Chennai,Scooter,2,2022,Afternoon
D02099,Girik Madan,Coimbatore,Bike,8,2025,Evening
D02100,Maya Menon,Chennai,Bike,3,2023,Night
D02101,Fiyaz Prabhu,Chennai,Bike,3,2023,Evening
D02102,Ishita Dar,Bangalore,Scooter,8,2025,Evening
D02103,Naveen Dewan,Vijayawada,Scooter,8,2020,Evening
D02104,Aahana Madan,Hyderabad,Bike,7,2020,Night
D02105,Hiral Varma,Hyderabad,Scooter,5,2021,Night
D02106,Wriddhish Keer,Bangalore,Scooter,7,2022,Morning
D02107,Hamsini Kothari,Chennai,Bike,6,2020,Morning
D02108,Jatin Padmanabhan,Hyderabad,Bike,6,2024,Evening
D02109,Damyanti Bhatia,Bangalore,Bike,0,2026,Evening
D02110,Amrita Khurana,Vijayawada,Scooter,8,2021,Night
D02111,Vaishnavi Hayer,Hyderabad,Scooter,2,2023,Morning
D02112,Eshana Gandhi,Chennai,Scooter,3,2020,Night
D02113,Watika Arora,Bangalore,Scooter,2,2025,Afternoon
D02114,Frado Yadav,Bangalore,Scooter,3,2021,Morning
D02115,Gopal Sachar,Bangalore,Bike,7,2022,Night
D02116,Anvi Sibal,Bangalore,Bike,5,2026,Night
D02117,Mekhala Pall,Coimbatore,Bike,3,2020,Night
D02118,Gautami Handa,Bangalore,Bike,3,2024,Afternoon
D02119,Udant Hegde,Coimbatore,Scooter,0,2026,Afternoon
D02120,Gabriel Krishnan,Chennai,Bike,7,2025,Afternoon
D02121,Jairaj Deep,Hyderabad,Bike,5,2024,Evening
D02122,Kritika Nagi,Chennai,Bike,5,2021,Afternoon
D02123,Maanav Badal,Bangalore,Bike,3,2022,Night
D02124,Orinder Bhatia,Bangalore,Scooter,6,2020,Night
D02125,Chandani Zachariah,Coimbatore,Bike,2,2025,Morning
D02126,Indrajit Palla,Vijayawada,Bike,3,2020,Afternoon
D02127,Orinder Barad,Bangalore,Scooter,1,2025,Afternoon
D02128,Pooja Lal,Chennai,Bike,2,2021,Morning
D02129,Jacob Borra,Bangalore,Bike,8,2021,Morning
D02130,Unnati Pradhan,Bangalore,Bike,6,2022,Afternoon
D02131,Liam Deshpande,Chennai,Bike,8,2023,Morning
D02132,Zaitra Magar,Bangalore,Bike,1,2021,Morning
D02133,Udant Parekh,Chennai,Bike,8,2020,Morning
D02134,Brijesh Batta,Coimbatore,Bike,6,2026,Morning
D02135,Balveer Chakrabarti,Hyderabad,Bike,1,2022,Afternoon
D02136,Baljiwan Buch,Bangalore,Bike,3,2025,Evening
D02137,Hema Bains,Chennai,Scooter,6,2026,Evening
D02138,Edhitha Dhar,Bangalore,Scooter,1,2026,Evening
D02139,Chanchal Dixit,Chennai,Scooter,1,2026,Evening
D02140,Omya Gill,Bangalore,Bike,5,2021,Morning
D02141,Vrinda Bahl,Chennai,Scooter,7,2024,Evening
D02142,Madhavi Mitra,Bangalore,Scooter,3,2025,Morning
D02143,Warda Tandon,Hyderabad,Scooter,3,2024,Morning
D02144,Abhimanyu Bawa,Hyderabad,Scooter,4,2025,Afternoon
D02145,Jacob Contractor,Bangalore,Scooter,5,2023,Morning
D02146,Maya Devan,Hyderabad,Scooter,1,2024,Evening
D02147,Ladli Saini,Bangalore,Scooter,4,2025,Evening
D02148,Harita Dara,Chennai,Scooter,8,2026,Night
D02149,Guneet Kalla,Hyderabad,Scooter,5,2020,Morning
D02150,Watika Kalla,Coimbatore,Bike,8,2024,Night
D02151,Edhitha Dhaliwal,Chennai,Bike,8,2020,Evening
D02152,Peter Chokshi,Bangalore,Bike,1,2021,Night
D02153,Nidhi Nazareth,Chennai,Bike,3,2022,Morning
D02154,Ekaraj Doshi,Hyderabad,Bike,5,2025,Night
D02155,Lohit Chokshi,Coimbatore,Bike,1,2020,Evening
D02156,Advik Kunda,Hyderabad,Bike,6,2024,Night
D02157,Teerth Raman,Coimbatore,Scooter,8,2022,Afternoon
D02158,Upma Iyer,Hyderabad,Scooter,1,2026,Afternoon
D02159,Dominic Verma,Coimbatore,Bike,7,2023,Night
D02160,Tanvi Ram,Chennai,Bike,2,2024,Evening
D02161,Kashvi Kalla,Bangalore,Scooter,1,2021,Night
D02162,Xavier Dubey,Hyderabad,Bike,0,2022,Morning
D02163,Xavier Badami,Bangalore,Bike,7,2022,Morning
D02164,Jai Gulati,Coimbatore,Scooter,0,2023,Evening
D02165,Baljiwan D’Alia,Vijayawada,Bike,8,2023,Afternoon
D02166,Nakul Mitra,Coimbatore,Bike,4,2024,Morning
D02167,Balendra Banik,Bangalore,Bike,0,2026,Morning
D02168,Wyatt Tank,Chennai,Scooter,2,2023,Night
D02169,Pahal Nanda,Chennai,Scooter,4,2021,Morning
D02170,Kala Nadkarni,Bangalore,Bike,3,2023,Night
D02171,Agastya Sani,Chennai,Bike,7,2021,Night
D02172,Rohan Kale,Bangalore,Bike,8,2022,Afternoon
D02173,Udarsh Golla,Hyderabad,Scooter,5,2025,Afternoon
D02174,Vihaan Lal,Chennai,Bike,4,2022,Afternoon
D02175,Anusha Sibal,Bangalore,Scooter,8,2026,Morning
D02176,Amaira Gokhale,Bangalore,Bike,3,2020,Evening
D02177,Anita Sarna,Bangalore,Bike,1,2020,Morning
D02178,Dalaja Gokhale,Bangalore,Scooter,5,2024,Morning
D02179,Vrishti Bumb,Bangalore,Scooter,7,2020,Evening
D02180,Laban Kota,Bangalore,Bike,4,2026,Evening
D02181,Aadi Parsa,Coimbatore,Bike,3,2024,Afternoon
D02182,Manya Nigam,Vijayawada,Bike,1,2025,Evening
D02183,Bhanumati Baral,Coimbatore,Bike,2,2022,Night
D02184,Forum Sekhon,Bangalore,Bike,1,2023,Afternoon
D02185,Anthony D’Alia,Chennai,Bike,1,2023,Evening
D02186,Saksham Bhatt,Coimbatore,Bike,7,2026,Night
D02187,Aashi Manda,Chennai,Scooter,2,2021,Night
D02188,Gavin Dayal,Chennai,Bike,1,2020,Morning
D02189,Urishilla Pillay,Vijayawada,Bike,2,2023,Afternoon
D02190,Pooja Walia,Vijayawada,Bike,7,2020,Evening
D02191,Manbir Datta,Hyderabad,Scooter,7,2025,Evening
D02192,Manbir Lal,Bangalore,Scooter,1,2022,Night
D02193,Reyansh Lal,Chennai,Bike,1,2026,Morning
D02194,Indali Sathe,Hyderabad,Bike,1,2025,Night
D02195,Ekansh Narang,Bangalore,Bike,1,2023,Night
D02196,Eshana Trivedi,Chennai,Scooter,2,2025,Afternoon
D02197,Hamsini Khatri,Hyderabad,Scooter,5,2024,Night
D02198,Chaaya Bahl,Chennai,Scooter,4,2020,Night
D02199,Rushil Dyal,Chennai,Scooter,1,2023,Afternoon
D02200,Unni Kannan,Vijayawada,Scooter,1,2023,Night
D02201,Lakshit Bansal,Bangalore,Bike,5,2024,Evening
D02202,Christopher Sachar,Vijayawada,Bike,2,2023,Evening
D02203,Meghana Nigam,Bangalore,Bike,5,2025,Night
D02204,Qabil Sandal,Hyderabad,Scooter,7,2022,Evening
D02205,Nitesh Aggarwal,Bangalore,Scooter,0,2026,Night
D02206,Darpan Bhandari,Chennai,Bike,1,2020,Evening
D02207,Sanaya Karan,Bangalore,Bike,6,2025,Afternoon
D02208,Yadavi Sarraf,Coimbatore,Scooter,8,2024,Morning
D02209,Logan Garde,Bangalore,Bike,3,2021,Evening
D02210,Daksh Dayal,Bangalore,Scooter,4,2026,Morning
D02211,Suhani Sanghvi,Bangalore,Bike,0,2023,Night
D02212,Anika Som,Chennai,Scooter,2,2024,Evening
D02213,Vamakshi Mishra,Chennai,Bike,8,2026,Evening
D02214,Prisha Bhatt,Chennai,Bike,4,2020,Afternoon
D02215,Nathan Mittal,Chennai,Bike,2,2020,Afternoon
D02216,Eshana Nigam,Hyderabad,Bike,0,2023,Night
D02217,Yashasvi Mukherjee,Hyderabad,Bike,8,2024,Morning
D02218,Girik Thakkar,Coimbatore,Bike,6,2025,Afternoon
D02219,Jonathan Chada,Bangalore,Scooter,8,2024,Morning
D02220,Mohini Keer,Hyderabad,Bike,0,2021,Evening
D02221,Yasti Rajagopal,Bangalore,Bike,2,2022,Afternoon
D02222,Bimala Parikh,Chennai,Scooter,2,2026,Evening
D02223,Warhi Baral,Bangalore,Scooter,5,2024,Afternoon
D02224,Vritti Dhingra,Bangalore,Scooter,8,2026,Morning
D02225,Shivansh Ahluwalia,Hyderabad,Bike,4,2023,Evening
D02226,Ladli Thaman,Hyderabad,Bike,2,2023,Evening
D02227,Wyatt Thakkar,Coimbatore,Bike,1,2020,Evening
D02228,Amrita Atwal,Chennai,Bike,2,2020,Morning
D02229,Shivani Mallick,Chennai,Scooter,3,2023,Night
D02230,Quincy Kade,Coimbatore,Scooter,3,2024,Afternoon
D02231,Sai Mohanty,Vijayawada,Bike,4,2025,Night
D02232,Ojas Hans,Coimbatore,Scooter,4,2023,Evening
D02233,Anya Bath,Hyderabad,Scooter,1,2020,Morning
D02234,Vanya Ramachandran,Bangalore,Bike,4,2025,Afternoon
D02235,Nathan Parmer,Bangalore,Scooter,4,2024,Morning
D02236,Gauri Guha,Hyderabad,Bike,4,2025,Afternoon
D02237,Chandran Contractor,Bangalore,Scooter,2,2021,Night
D02238,Noah Subramaniam,Bangalore,Bike,3,2026,Evening
D02239,Kalpit Singhal,Chennai,Scooter,3,2025,Night
D02240,Maya Sule,Coimbatore,Bike,6,2020,Afternoon
D02241,Udarsh Wali,Bangalore,Bike,8,2020,Night
D02242,Lopa Rajan,Chennai,Bike,8,2023,Night
D02243,Avi Kapur,Bangalore,Scooter,1,2023,Morning
D02244,Isha Kumar,Chennai,Bike,0,2021,Morning
D02245,Xiti Dey,Bangalore,Bike,6,2020,Night
D02246,Warjas Chacko,Bangalore,Scooter,3,2024,Afternoon
D02247,Mekhala Kibe,Bangalore,Scooter,1,2023,Night
D02248,Ladli Datta,Bangalore,Scooter,2,2025,Evening
D02249,Jacob Mahajan,Vijayawada,Scooter,7,2025,Night
D02250,Warda Manne,Hyderabad,Scooter,0,2021,Afternoon
D02251,Pavani Mitter,Coimbatore,Bike,5,2023,Night
D02252,Niharika Shetty,Bangalore,Scooter,3,2020,Afternoon
D02253,Jeet Toor,Chennai,Scooter,6,2026,Evening
D02254,Ojas Subramanian,Chennai,Scooter,2,2022,Evening
D02255,Veer Vora,Hyderabad,Scooter,6,2020,Morning
D02256,Rushil Shan,Coimbatore,Scooter,5,2025,Night
D02257,Ekansh Sane,Bangalore,Scooter,0,2024,Night
D02258,Eesha Lata,Coimbatore,Scooter,3,2022,Evening
D02259,Ekapad Purohit,Coimbatore,Bike,1,2023,Night
D02260,Aarav Ranganathan,Vijayawada,Scooter,0,2024,Evening
D02261,Xalak Yogi,Bangalore,Bike,7,2026,Night
D02262,Zayyan Nazareth,Chennai,Scooter,5,2022,Night
D02263,Priya Salvi,Vijayawada,Bike,1,2024,Night
D02264,Owen Varty,Chennai,Bike,1,2026,Morning
D02265,Ranbir Kapadia,Hyderabad,Bike,2,2020,Evening
D02266,Vrinda Raja,Coimbatore,Scooter,5,2020,Morning
D02267,Dalaja Barad,Hyderabad,Scooter,2,2025,Night
D02268,Imaran Keer,Vijayawada,Bike,6,2022,Afternoon
D02269,Yashvi Anne,Bangalore,Scooter,7,2022,Afternoon
D02270,Aryan Kade,Hyderabad,Bike,4,2021,Morning
D02271,Girindra Banerjee,Chennai,Bike,4,2026,Morning
D02272,Kiaan Mand,Bangalore,Scooter,3,2024,Evening
D02273,Jatin Choudhary,Chennai,Scooter,8,2020,Evening
D02274,Aashi Brar,Hyderabad,Scooter,5,2024,Afternoon
D02275,Ayaan Mutti,Coimbatore,Bike,3,2022,Morning
D02276,Aahana Ramaswamy,Bangalore,Scooter,8,2022,Morning
D02277,Aryan Prakash,Bangalore,Bike,0,2022,Night
D02278,Kiaan Bhakta,Hyderabad,Bike,8,2024,Afternoon
D02279,Tanvi Venkatesh,Hyderabad,Bike,3,2023,Evening
D02280,Aashi Hayer,Hyderabad,Scooter,7,2020,Afternoon
D02281,Charan Kulkarni,Vijayawada,Bike,0,2026,Afternoon
D02282,Upasna Borde,Vijayawada,Scooter,0,2020,Morning
D02283,Bhavya Sama,Vijayawada,Scooter,1,2026,Afternoon
D02284,Kiaan Sunder,Bangalore,Bike,0,2024,Night
D02285,Ojas Pathak,Coimbatore,Scooter,5,2020,Night
D02286,Mitali Hari,Coimbatore,Scooter,0,2023,Afternoon
D02287,Yasti Divan,Chennai,Scooter,8,2023,Night
D02288,Ridhi Choudhry,Chennai,Bike,6,2025,Night
D02289,Bimala Kapoor,Vijayawada,Scooter,1,2024,Morning
D02290,Devika Dyal,Vijayawada,Bike,4,2021,Morning
D02291,Imaran Tella,Hyderabad,Scooter,7,2020,Morning
D02292,Urvashi Loyal,Bangalore,Scooter,5,2021,Night
D02293,Riya Mukherjee,Hyderabad,Bike,6,2024,Evening
D02294,Kevin Sampath,Bangalore,Bike,5,2023,Morning
D02295,Jack Chanda,Bangalore,Bike,5,2026,Morning
D02296,Turvi Bora,Hyderabad,Bike,4,2022,Morning
D02297,Alka Sami,Chennai,Scooter,5,2024,Night
D02298,Bhavna Edwin,Bangalore,Scooter,1,2020,Morning
D02299,Gunbir Vyas,Bangalore,Scooter,0,2020,Night
D02300,Hema Srivastava,Chennai,Scooter,6,2020,Morning
D02301,Caleb Sidhu,Bangalore,Scooter,7,2026,Afternoon
D02302,Urvi Vaidya,Chennai,Scooter,3,2022,Morning
D02303,Siya Nagy,Vijayawada,Scooter,2,2021,Morning
D02304,Qadim Kashyap,Vijayawada,Bike,7,2026,Morning
D02305,Finn Rout,Bangalore,Bike,0,2021,Morning
D02306,Kamya Rajagopal,Chennai,Bike,0,2021,Night
D02307,Dominic Sathe,Bangalore,Scooter,2,2024,Morning
D02308,Geetika Uppal,Hyderabad,Bike,1,2020,Afternoon
D02309,Gopal Memon,Coimbatore,Scooter,6,2025,Evening
D02310,Nitara Shankar,Hyderabad,Scooter,1,2023,Night
D02311,Manan Sengupta,Hyderabad,Bike,4,2022,Night
D02312,Nilima Bahl,Bangalore,Bike,8,2021,Afternoon
D02313,Owen Walia,Chennai,Bike,2,2023,Morning
D02314,Hredhaan Saini,Hyderabad,Bike,8,2023,Night
D02315,Unni Arya,Bangalore,Scooter,7,2024,Morning
D02316,Wridesh Mander,Bangalore,Bike,8,2026,Afternoon
D02317,Avi Brahmbhatt,Bangalore,Bike,6,2021,Evening
D02318,Mitesh Badal,Chennai,Scooter,6,2023,Morning
D02319,William Mital,Bangalore,Bike,5,2026,Afternoon
D02320,Jalsa Wali,Hyderabad,Bike,5,2025,Evening
D02321,Falan Manda,Vijayawada,Scooter,2,2020,Afternoon
D02322,Faraj Pai,Vijayawada,Bike,8,2023,Night
D02323,Aarini Shetty,Coimbatore,Bike,5,2025,Morning
D02324,Aditya Mall,Bangalore,Scooter,3,2021,Evening
D02325,Hitesh Venkataraman,Bangalore,Scooter,5,2024,Evening
D02326,Raagini Gara,Bangalore,Scooter,1,2025,Night
D02327,Kamala Wadhwa,Coimbatore,Scooter,2,2024,Night
D02328,Liam Sodhi,Chennai,Bike,3,2021,Night
D02329,Upasna Sehgal,Coimbatore,Scooter,0,2024,Afternoon
D02330,Hredhaan Madan,Bangalore,Bike,5,2025,Afternoon
D02331,Manthan Aggarwal,Chennai,Scooter,4,2024,Evening
D02332,Zaitra Savant,Coimbatore,Scooter,2,2023,Evening
D02333,Aryan Ray,Bangalore,Scooter,8,2023,Afternoon
D02334,Avni Mistry,Vijayawada,Scooter,7,2025,Morning
D02335,Widisha Mohan,Chennai,Bike,5,2020,Afternoon
D02336,Harish Rana,Bangalore,Scooter,1,2020,Evening
D02337,Garima Nazareth,Bangalore,Bike,2,2026,Evening
D02338,Onkar Dutt,Bangalore,Scooter,6,2021,Morning
D02339,Aarav Rajagopalan,Chennai,Bike,8,2026,Morning
D02340,Ishaan Swaminathan,Hyderabad,Scooter,1,2026,Morning
D02341,Tara Bala,Coimbatore,Scooter,6,2022,Evening
D02342,Harita Mangal,Coimbatore,Bike,2,2026,Afternoon
D02343,Yashasvi Upadhyay,Vijayawada,Bike,2,2025,Morning
D02344,Vrinda Mody,Chennai,Scooter,1,2024,Morning
D02345,Jai Roy,Chennai,Scooter,2,2023,Night
D02346,Timothy Aurora,Chennai,Bike,2,2022,Evening
D02347,Bhavini Choudhary,Chennai,Scooter,2,2020,Night
D02348,Faris Sankar,Hyderabad,Scooter,2,2020,Night
D02349,Amruta Murty,Hyderabad,Bike,7,2026,Morning
D02350,Vivaan Shankar,Bangalore,Bike,5,2023,Night
D02351,Warhi Walla,Vijayawada,Scooter,4,2021,Evening
D02352,Guneet Hayre,Coimbatore,Bike,8,2021,Evening
D02353,Yagnesh Balakrishnan,Coimbatore,Bike,7,2023,Evening
D02354,William Oza,Chennai,Scooter,0,2021,Morning
D02355,Chanchal D’Alia,Coimbatore,Bike,4,2021,Afternoon
D02356,Bakhshi Khalsa,Coimbatore,Scooter,7,2021,Night
D02357,Tarak Hegde,Chennai,Scooter,5,2026,Morning
D02358,Daksh Chanda,Hyderabad,Bike,0,2023,Afternoon
D02359,Ayaan Natarajan,Bangalore,Scooter,7,2021,Night
D02360,Tarak Sha,Chennai,Scooter,7,2026,Morning
D02361,Charvi Sekhon,Coimbatore,Scooter,3,2020,Afternoon
D02362,Lucky Dhar,Bangalore,Scooter,0,2026,Afternoon
D02363,Jyoti Patla,Hyderabad,Bike,1,2024,Night
D02364,Omkaar Sem,Bangalore,Bike,6,2026,Night
D02365,Dhruv Barad,Bangalore,Scooter,3,2020,Morning
D02366,Lohit Suri,Bangalore,Bike,0,2020,Evening
D02367,Neel Rajagopal,Coimbatore,Scooter,1,2026,Night
D02368,Ridhi Doshi,Coimbatore,Bike,6,2022,Afternoon
D02369,Ekaja Lad,Chennai,Scooter,4,2024,Afternoon
D02370,Vamakshi Chand,Chennai,Bike,1,2020,Evening
D02371,Indira Misra,Chennai,Scooter,1,2024,Morning
D02372,Imaran Nagar,Hyderabad,Bike,8,2024,Morning
D02373,Banjeet Venkatesh,Bangalore,Bike,4,2022,Afternoon
D02374,Siya Gola,Hyderabad,Bike,7,2020,Morning
D02375,Fiyaz Chacko,Vijayawada,Scooter,7,2024,Morning
D02376,Rajata Shan,Chennai,Scooter,4,2022,Night
D02377,Zarna Bal,Chennai,Scooter,7,2023,Afternoon
D02378,Ubika Rege,Hyderabad,Scooter,8,2026,Evening
D02379,Rudra Balakrishnan,Hyderabad,Bike,8,2026,Afternoon
D02380,Lipika Basak,Bangalore,Scooter,8,2024,Morning
D02381,Yashasvi Rajan,Bangalore,Scooter,4,2021,Night
D02382,Hardik Hari,Coimbatore,Bike,3,2025,Morning
D02383,Laksh Kala,Chennai,Scooter,3,2023,Morning
D02384,Zilmil Gandhi,Bangalore,Scooter,1,2020,Afternoon
D02385,Ranbir Naik,Chennai,Bike,4,2026,Night
D02386,Veda Pingle,Vijayawada,Scooter,1,2025,Morning
D02387,Dominic Chaudry,Chennai,Scooter,5,2021,Morning
D02388,Vrinda Mahal,Vijayawada,Bike,6,2024,Evening
D02389,Falan Sachar,Chennai,Scooter,5,2020,Night
D02390,Qadim Khanna,Bangalore,Scooter,6,2023,Morning
D02391,Sara Morar,Vijayawada,Bike,2,2025,Afternoon
D02392,Kashish Dutta,Hyderabad,Bike,4,2020,Night
D02393,Aryan Taneja,Chennai,Scooter,2,2023,Afternoon
D02394,Om Prasad,Chennai,Bike,0,2020,Afternoon
D02395,Vinaya Ghose,Chennai,Scooter,3,2026,Evening
D02396,Siddharth Chaudry,Coimbatore,Bike,8,2020,Afternoon
D02397,Akshay Kota,Hyderabad,Scooter,6,2021,Evening
D02398,Aarav Ratti,Bangalore,Bike,3,2025,Evening
D02399,Benjamin Mitra,Hyderabad,Scooter,5,2025,Evening
D02400,Dev Tak,Chennai,Bike,3,2023,Night
D02401,Chameli Mander,Vijayawada,Bike,3,2023,Afternoon
D02402,Om Subramaniam,Coimbatore,Scooter,6,2022,Morning
D02403,Bishakha Shere,Hyderabad,Bike,6,2025,Evening
D02404,Chaman Tailor,Vijayawada,Bike,3,2022,Evening
D02405,Lucky Dhawan,Coimbatore,Bike,7,2020,Evening
D02406,Samar Ahluwalia,Hyderabad,Scooter,3,2026,Afternoon
D02407,Vritti Devi,Chennai,Scooter,5,2026,Night
D02408,Mitali Chad,Bangalore,Scooter,5,2022,Afternoon
D02409,Chaitaly Kamdar,Chennai,Scooter,2,2024,Afternoon
D02410,Nihal Bhattacharyya,Bangalore,Bike,3,2021,Night
D02411,Urmi Dhaliwal,Hyderabad,Bike,8,2022,Night
D02412,Sudiksha Rajagopal,Bangalore,Bike,0,2021,Evening
D02413,Ishwar Sampath,Coimbatore,Scooter,6,2021,Night
D02414,Dhriti Sarkar,Chennai,Scooter,3,2023,Afternoon
D02415,Azad Gulati,Bangalore,Bike,0,2021,Afternoon
D02416,Arin Nagar,Hyderabad,Scooter,8,2024,Morning
D02417,Hitesh Pandya,Bangalore,Bike,8,2021,Night
D02418,Chanchal Prasad,Coimbatore,Bike,7,2025,Morning
D02419,Yashvi Mangal,Hyderabad,Bike,3,2023,Afternoon
D02420,Neelima Kara,Coimbatore,Bike,3,2020,Afternoon
D02421,Warda Gade,Hyderabad,Scooter,3,2025,Night
D02422,Balhaar Kuruvilla,Chennai,Scooter,4,2023,Afternoon
D02423,Hema Samra,Chennai,Scooter,2,2020,Morning
D02424,Warda Kalla,Bangalore,Scooter,3,2025,Evening
D02425,Oviya Nath,Coimbatore,Scooter,2,2020,Morning
D02426,Finn Borra,Bangalore,Scooter,3,2020,Morning
D02427,Nachiket Khosla,Chennai,Scooter,2,2023,Morning
D02428,Tanvi Palan,Chennai,Scooter,7,2024,Evening
D02429,Janaki Krishna,Hyderabad,Scooter,3,2025,Morning
D02430,Ekbal Salvi,Chennai,Bike,1,2022,Afternoon
D02431,Vyanjana Sathe,Hyderabad,Scooter,1,2020,Night
D02432,Peter Deshmukh,Hyderabad,Scooter,7,2021,Evening
D02433,Charita Ranganathan,Chennai,Scooter,4,2024,Morning
D02434,Manan Shetty,Hyderabad,Bike,8,2024,Night
D02435,Vrishti Sahota,Vijayawada,Bike,3,2021,Morning
D02436,Nitara Sekhon,Bangalore,Bike,7,2023,Night
D02437,Yashasvi Venkataraman,Coimbatore,Scooter,7,2023,Morning
D02438,Tejas Das,Coimbatore,Scooter,3,2025,Afternoon
D02439,Dalaja Balay,Chennai,Bike,1,2021,Night
D02440,Tanveer Bumb,Vijayawada,Scooter,0,2023,Evening
D02441,Omya Mohan,Chennai,Scooter,0,2024,Morning
D02442,Timothy Tandon,Bangalore,Scooter,3,2024,Afternoon
D02443,Ayushman Dua,Vijayawada,Scooter,0,2022,Night
D02444,Rajata Bahri,Bangalore,Scooter,8,2021,Night
D02445,Timothy Jani,Bangalore,Scooter,1,2023,Evening
D02446,Irya Lanka,Chennai,Bike,2,2026,Morning
D02447,Wriddhish Sani,Bangalore,Scooter,5,2023,Evening
D02448,Darsh Raja,Bangalore,Scooter,1,2020,Afternoon
D02449,Amol Chaudhari,Hyderabad,Scooter,5,2022,Evening
D02450,Charan Sarna,Hyderabad,Bike,8,2022,Morning
D02451,Pahal Virk,Hyderabad,Bike,8,2025,Evening
D02452,Samarth Cheema,Hyderabad,Bike,5,2023,Evening
D02453,Lakshit Aggarwal,Bangalore,Scooter,0,2025,Night
D02454,Abdul Sinha,Bangalore,Scooter,5,2022,Afternoon
D02455,Neel Raval,Bangalore,Bike,6,2022,Night
D02456,Oeshi Mall,Chennai,Bike,1,2024,Afternoon
D02457,Kevin Kala,Hyderabad,Scooter,1,2020,Afternoon
D02458,Ethan Mann,Chennai,Scooter,5,2023,Night
D02459,Oeshi Badami,Chennai,Bike,6,2023,Night
D02460,Oeshi Shenoy,Chennai,Scooter,7,2020,Night
D02461,Sarthak Chahal,Vijayawada,Scooter,7,2023,Evening
D02462,Garima Dhawan,Bangalore,Scooter,0,2025,Night
D02463,Wridesh Baral,Chennai,Scooter,0,2026,Night
D02464,Warda Natarajan,Bangalore,Scooter,4,2023,Morning
D02465,Ridhi Ramesh,Chennai,Scooter,8,2022,Morning
D02466,Zinal Memon,Hyderabad,Bike,4,2022,Evening
D02467,Wahab Chakraborty,Chennai,Scooter,4,2026,Evening
D02468,Samesh Khurana,Chennai,Scooter,0,2023,Evening
D02469,Fariq Mander,Coimbatore,Bike,0,2022,Night
D02470,Girik Deshpande,Hyderabad,Scooter,4,2021,Afternoon
D02471,Jai Kurian,Hyderabad,Scooter,8,2021,Night
D02472,Aayush Dalal,Chennai,Bike,3,2021,Night
D02473,Abha Barman,Hyderabad,Bike,3,2025,Afternoon
D02474,Chakrika Sagar,Hyderabad,Bike,7,2026,Night
D02475,Logan Sankar,Hyderabad,Bike,6,2026,Afternoon
D02476,Ucchal Patil,Bangalore,Scooter,2,2024,Evening
D02477,Megha Jayaraman,Vijayawada,Bike,4,2026,Afternoon
D02478,Chakradev D’Alia,Hyderabad,Scooter,1,2024,Morning
D02479,Mugdha Shah,Chennai,Scooter,0,2025,Night
D02480,Gunbir Banik,Hyderabad,Bike,5,2020,Morning
D02481,Azad Chandra,Vijayawada,Bike,2,2024,Afternoon
D02482,Utkarsh Taneja,Hyderabad,Bike,8,2023,Morning
D02483,Balveer Sathe,Vijayawada,Scooter,3,2023,Morning
D02484,Amara Deol,Bangalore,Scooter,6,2021,Night
D02485,Imaran Chakraborty,Hyderabad,Bike,8,2020,Evening
D02486,George Kapoor,Hyderabad,Scooter,6,2023,Afternoon
D02487,Gagan Handa,Hyderabad,Scooter,3,2020,Night
D02488,Upadhriti Pant,Coimbatore,Scooter,0,2023,Night
D02489,Triya Mammen,Vijayawada,Bike,8,2023,Evening
D02490,Nathaniel Barman,Bangalore,Scooter,0,2026,Night
D02491,Sai Vasa,Chennai,Scooter,5,2020,Afternoon
D02492,Mahika Memon,Chennai,Scooter,0,2021,Night
D02493,Hemal Ganguly,Coimbatore,Bike,2,2022,Afternoon
D02494,Ishaan Johal,Chennai,Bike,4,2022,Afternoon
D02495,Nirja Ravi,Chennai,Bike,0,2025,Night
D02496,Kala Iyengar,Coimbatore,Scooter,2,2025,Evening
D02497,Sai Oza,Vijayawada,Bike,4,2023,Morning
D02498,Falan Chakrabarti,Chennai,Bike,4,2024,Night
D02499,Michael Ganesh,Hyderabad,Bike,8,2022,Afternoon
D02500,Garima Pradhan,Bangalore,Scooter,8,2026,Afternoon
D02501,Rajata Balay,Coimbatore,Scooter,0,2024,Morning
D02502,Vanya Krishnamurthy,Vijayawada,Scooter,4,2022,Afternoon
D02503,Logan Lalla,Bangalore,Scooter,7,2021,Evening
D02504,Yashvi Vaidya,Chennai,Scooter,0,2025,Afternoon
D02505,Krishna Puri,Bangalore,Scooter,8,2020,Morning
D02506,Urmi Agate,Chennai,Scooter,0,2024,Afternoon
D02507,Kamala Bakshi,Chennai,Scooter,3,2023,Afternoon
D02508,Yashawini Talwar,Chennai,Scooter,7,2022,Evening
D02509,Bhavika Mahajan,Chennai,Scooter,1,2024,Evening
D02510,Ranbir Choudhary,Chennai,Scooter,7,2020,Morning
D02511,Jack Pingle,Vijayawada,Scooter,2,2024,Night
D02512,Upadhriti Sha,Chennai,Scooter,4,2020,Afternoon
D02513,Lohit Purohit,Hyderabad,Scooter,3,2020,Night
D02514,Rajeshri Saraf,Chennai,Scooter,6,2024,Evening
D02515,Prisha Bhattacharyya,Bangalore,Bike,0,2020,Evening
D02516,Shaurya Sha,Vijayawada,Scooter,2,2020,Evening
D02517,Wriddhish Balay,Hyderabad,Bike,0,2026,Evening
D02518,Zarna Ahuja,Hyderabad,Scooter,5,2021,Afternoon
D02519,Ranveer Narayanan,Hyderabad,Scooter,7,2021,Morning
D02520,Nikita Mandal,Hyderabad,Scooter,2,2020,Afternoon
D02521,Saksham Gill,Vijayawada,Scooter,2,2026,Morning
D02522,Gaurika Venkataraman,Bangalore,Scooter,0,2026,Afternoon
D02523,Odika Bhatnagar,Vijayawada,Bike,0,2026,Night
D02524,Chaitanya Narang,Coimbatore,Bike,5,2024,Night
D02525,Oscar Bora,Chennai,Scooter,5,2020,Evening
D02526,Wazir Pillai,Bangalore,Scooter,6,2023,Morning
D02527,Matthew Mani,Chennai,Scooter,1,2024,Morning
D02528,Ekani Gala,Chennai,Scooter,4,2020,Afternoon
D02529,Amruta Nair,Coimbatore,Bike,3,2025,Afternoon
D02530,Mason Vig,Coimbatore,Bike,6,2025,Afternoon
D02531,Chandani Grover,Chennai,Bike,8,2025,Evening
D02532,Abha Bath,Bangalore,Bike,4,2026,Afternoon
D02533,Ronith Kale,Chennai,Bike,2,2020,Night
D02534,Januja Hegde,Hyderabad,Scooter,6,2024,Evening
D02535,Farhan Rao,Hyderabad,Scooter,6,2025,Night
D02536,Nakul Nadkarni,Chennai,Bike,2,2020,Afternoon
D02537,Anthony Bakshi,Hyderabad,Scooter,4,2024,Evening
D02538,Ekiya Nagy,Coimbatore,Scooter,7,2020,Morning
D02539,Aarnav Nazareth,Chennai,Bike,8,2020,Afternoon
D02540,Christopher Nanda,Coimbatore,Scooter,5,2024,Night
D02541,Fiyaz Prasad,Bangalore,Bike,7,2020,Afternoon
D02542,Balveer Venkatesh,Chennai,Scooter,6,2022,Afternoon
D02543,Max Barad,Chennai,Scooter,3,2025,Morning
D02544,Reva Ramaswamy,Bangalore,Scooter,4,2020,Morning
D02545,Bachittar Ravi,Hyderabad,Bike,8,2023,Evening
D02546,Rehaan Konda,Chennai,Scooter,0,2025,Evening
D02547,Frado Gopal,Bangalore,Bike,8,2026,Night
D02548,Chanchal Shere,Chennai,Scooter,1,2022,Afternoon
D02549,Anthony Dyal,Chennai,Scooter,6,2026,Evening
D02550,Netra Bains,Bangalore,Scooter,0,2022,Afternoon
D02551,Ekantika Wagle,Hyderabad,Bike,4,2024,Evening
D02552,Zehaan Randhawa,Chennai,Scooter,2,2025,Evening
D02553,Ira Chaudhuri,Chennai,Bike,7,2026,Morning
D02554,Vasatika Natt,Vijayawada,Bike,1,2023,Afternoon
D02555,Nitesh Nagi,Chennai,Bike,5,2023,Evening
D02556,Chandran Parmar,Bangalore,Scooter,3,2021,Afternoon
D02557,Joshua Shah,Chennai,Scooter,0,2021,Afternoon
D02558,Rushil Chahal,Chennai,Bike,1,2022,Afternoon
D02559,Ekbal Hegde,Vijayawada,Bike,0,2021,Morning
D02560,Madhav Sur,Bangalore,Bike,4,2024,Night
D02561,Ethan Sant,Chennai,Scooter,0,2025,Night
D02562,Janya Sant,Hyderabad,Bike,2,2025,Afternoon
D02563,Januja Mital,Bangalore,Bike,1,2023,Morning
D02564,Peter Krishna,Hyderabad,Scooter,7,2024,Morning
D02565,Manthan Nair,Chennai,Bike,4,2026,Evening
D02566,Chameli Behl,Coimbatore,Scooter,4,2021,Morning
D02567,Amol Tata,Chennai,Bike,5,2024,Afternoon
D02568,Aahana Iyengar,Bangalore,Scooter,8,2023,Evening
D02569,Ekaraj Sura,Hyderabad,Bike,7,2026,Afternoon
D02570,Bhavani Sekhon,Hyderabad,Bike,0,2026,Evening
D02571,Aashi Rajan,Chennai,Scooter,5,2025,Afternoon
D02572,Matthew Natt,Coimbatore,Scooter,0,2020,Evening
D02573,William Ganguly,Vijayawada,Scooter,6,2024,Night
D02574,Abhiram Mody,Bangalore,Scooter,4,2022,Afternoon
D02575,Bahadurjit Prabhu,Chennai,Scooter,5,2020,Evening
D02576,Bakhshi Nagarajan,Coimbatore,Scooter,1,2023,Afternoon
D02577,Kalpit Dar,Hyderabad,Scooter,3,2023,Morning
D02578,Ekaraj Dugal,Bangalore,Scooter,8,2024,Morning
D02579,Lajita Naidu,Bangalore,Bike,8,2024,Afternoon
D02580,Aachal Chaudry,Chennai,Scooter,3,2022,Night
D02581,Ganga Vasa,Vijayawada,Bike,6,2025,Afternoon
D02582,Vrinda Bajwa,Bangalore,Bike,7,2020,Morning
D02583,Amruta Bains,Bangalore,Bike,7,2024,Evening
D02584,Ayush Chokshi,Bangalore,Bike,8,2025,Afternoon
D02585,Baghyawati Amble,Chennai,Bike,1,2022,Evening
D02586,Upma Mane,Hyderabad,Bike,8,2021,Morning
D02587,Aishani Walia,Chennai,Scooter,5,2026,Night
D02588,Tamanna Ravel,Hyderabad,Scooter,1,2020,Afternoon
D02589,Pooja Vig,Bangalore,Scooter,4,2021,Afternoon
D02590,Yatin Bawa,Chennai,Bike,7,2025,Night
D02591,Pranit Sane,Coimbatore,Bike,2,2022,Morning
D02592,Darsh Samra,Bangalore,Bike,5,2023,Night
D02593,Henry Kara,Bangalore,Scooter,1,2022,Evening
D02594,Amaira Natarajan,Bangalore,Bike,8,2026,Night
D02595,Nandini Desai,Chennai,Bike,4,2026,Evening
D02596,Chaitaly Mistry,Bangalore,Scooter,0,2021,Evening
D02597,Nitara Radhakrishnan,Bangalore,Bike,5,2022,Night
D02598,Anusha Prabhakar,Chennai,Bike,6,2021,Morning
D02599,Advika Samra,Bangalore,Scooter,8,2026,Night
D02600,Gabriel Brahmbhatt,Chennai,Bike,8,2023,Afternoon
D02601,Geetika Ghosh,Bangalore,Bike,5,2023,Night
D02602,Zansi Dhingra,Vijayawada,Bike,0,2021,Morning
D02603,Nidra Dubey,Bangalore,Bike,1,2021,Night
D02604,Fiyaz Chadha,Bangalore,Bike,1,2021,Night
D02605,Ishwar Menon,Chennai,Scooter,0,2024,Morning
D02606,Shivansh Dayal,Chennai,Scooter,1,2026,Night
D02607,Alka Master,Vijayawada,Bike,3,2026,Night
D02608,Jagrati Basak,Chennai,Scooter,8,2024,Afternoon
D02609,Anvi Kibe,Bangalore,Scooter,6,2020,Evening
D02610,Niharika Gupta,Coimbatore,Bike,1,2025,Morning
D02611,Vinaya Kapoor,Chennai,Scooter,1,2020,Morning
D02612,Darika Raju,Chennai,Scooter,8,2020,Afternoon
D02613,Pratyush Bhagat,Hyderabad,Bike,7,2021,Morning
D02614,Hredhaan Bhandari,Bangalore,Scooter,4,2023,Morning
D02615,Noah Sharma,Coimbatore,Bike,3,2021,Evening
D02616,Hiral Gill,Chennai,Bike,2,2021,Afternoon
D02617,Pooja Madan,Bangalore,Scooter,5,2024,Night
D02618,Neha Subramanian,Bangalore,Bike,2,2026,Evening
D02619,Dayita Chakrabarti,Chennai,Bike,1,2020,Evening
D02620,Ranveer Tak,Hyderabad,Bike,2,2020,Morning
D02621,Nathan Pingle,Bangalore,Scooter,3,2024,Afternoon
D02622,Diya Bhatia,Chennai,Bike,8,2026,Night
D02623,Vansha Sura,Bangalore,Bike,6,2023,Night
D02624,Nihal Tara,Vijayawada,Bike,7,2025,Night
D02625,Yahvi Wason,Vijayawada,Bike,8,2021,Evening
D02626,Victor Mahajan,Bangalore,Scooter,8,2025,Night
D02627,Pratyush Kaur,Vijayawada,Bike,1,2024,Afternoon
D02628,Advika Som,Chennai,Scooter,1,2023,Afternoon
D02629,Jeremiah Mani,Chennai,Bike,6,2021,Morning
D02630,Wakeeta Mahal,Hyderabad,Scooter,4,2023,Night
D02631,Rachana Shroff,Bangalore,Bike,2,2021,Night
D02632,Aarush Mandal,Hyderabad,Scooter,0,2025,Morning
D02633,Tripti Choudhary,Bangalore,Scooter,7,2020,Evening
D02634,Kabir Rattan,Vijayawada,Bike,3,2024,Afternoon
D02635,Peter Babu,Vijayawada,Bike,5,2025,Morning
D02636,Harini Gade,Chennai,Bike,3,2023,Evening
D02637,Azad Mukherjee,Hyderabad,Bike,4,2023,Night
D02638,Lekha Ramanathan,Coimbatore,Bike,7,2025,Afternoon
D02639,Garima Pillay,Vijayawada,Bike,5,2026,Afternoon
D02640,Pushti Pant,Coimbatore,Scooter,4,2020,Night
D02641,Adya Mitter,Bangalore,Scooter,0,2025,Evening
D02642,Dalaja Shetty,Hyderabad,Scooter,4,2020,Afternoon
D02643,Farhan Sood,Bangalore,Bike,0,2020,Evening
D02644,Krishna Bhakta,Bangalore,Bike,5,2026,Night
D02645,Damyanti Thakkar,Chennai,Scooter,8,2022,Evening
D02646,Charita Golla,Bangalore,Scooter,3,2021,Afternoon
D02647,Chaaya Baral,Coimbatore,Bike,6,2021,Afternoon
D02648,Mitesh Zacharia,Chennai,Scooter,2,2024,Morning
D02649,Samar Sandhu,Hyderabad,Bike,6,2023,Night
D02650,Ucchal Narain,Vijayawada,Scooter,4,2023,Night
D02651,Nimrat Seth,Hyderabad,Bike,8,2026,Night
D02652,Abhimanyu Wason,Hyderabad,Scooter,6,2024,Evening
D02653,Gauri Hayre,Coimbatore,Scooter,5,2020,Night
D02654,Upkaar Mane,Vijayawada,Scooter,0,2022,Night
D02655,Xalak Ramesh,Hyderabad,Bike,6,2020,Evening
D02656,Dhriti Bal,Bangalore,Bike,4,2023,Morning
D02657,Imaran Choudhary,Chennai,Scooter,4,2024,Evening
D02658,Aryan Sharaf,Chennai,Bike,5,2020,Afternoon
D02659,Chaitaly Nazareth,Bangalore,Scooter,2,2022,Afternoon
D02660,Yochana Dewan,Hyderabad,Bike,8,2026,Evening
D02661,Umang Sawhney,Chennai,Scooter,7,2025,Morning
D02662,Dhriti Goel,Bangalore,Bike,7,2023,Night
D02663,Jeevika Handa,Hyderabad,Bike,3,2021,Evening
D02664,Vasudha Singhal,Chennai,Scooter,0,2025,Morning
D02665,Charles Misra,Chennai,Bike,7,2020,Evening
D02666,Omaja Chaudry,Bangalore,Scooter,2,2026,Afternoon
D02667,Sanaya Chaudhari,Chennai,Scooter,3,2025,Evening
D02668,Varenya Sane,Bangalore,Scooter,1,2025,Morning
D02669,Harini Chaudhry,Hyderabad,Scooter,5,2020,Evening
D02670,Meghana Suri,Chennai,Scooter,4,2020,Evening
D02671,Gautami Mital,Chennai,Bike,3,2022,Night
D02672,Chaitanya Pal,Vijayawada,Scooter,1,2026,Afternoon
D02673,Joshua Devi,Vijayawada,Bike,4,2021,Afternoon
D02674,Advaith Rastogi,Bangalore,Bike,2,2025,Morning
D02675,Osha Char,Hyderabad,Bike,2,2020,Evening
D02676,Anamika Sarraf,Bangalore,Scooter,8,2023,Night
D02677,Azaan Sampath,Chennai,Scooter,5,2025,Evening
D02678,Yasti Desai,Chennai,Bike,8,2025,Morning
D02679,Rachana Shah,Chennai,Scooter,8,2021,Afternoon
D02680,Tamanna Bansal,Chennai,Bike,4,2023,Morning
D02681,Damyanti Narain,Chennai,Bike,3,2024,Morning
D02682,Siddharth Natarajan,Chennai,Bike,6,2022,Morning
D02683,Jagat Bhakta,Coimbatore,Bike,2,2021,Evening
D02684,Neelima Kalla,Chennai,Scooter,6,2024,Night
D02685,Sanaya Ganguly,Hyderabad,Scooter,2,2026,Night
D02686,Bhavani Johal,Coimbatore,Bike,0,2025,Morning
D02687,Ayaan Shere,Chennai,Bike,5,2021,Afternoon
D02688,Urvashi Toor,Chennai,Bike,5,2022,Evening
D02689,Nidhi Dixit,Vijayawada,Scooter,3,2025,Night
D02690,Ojasvi Wali,Chennai,Bike,8,2022,Night
D02691,Amol Memon,Coimbatore,Scooter,4,2024,Morning
D02692,Manbir Dixit,Coimbatore,Scooter,0,2026,Morning
D02693,Wishi Cheema,Coimbatore,Bike,6,2025,Morning
D02694,Dayamai Chaudhari,Vijayawada,Bike,8,2022,Night
D02695,Hamsini Apte,Coimbatore,Scooter,0,2022,Evening
D02696,Hritik Palla,Hyderabad,Scooter,5,2022,Evening
D02697,Meghana Kala,Hyderabad,Scooter,5,2021,Morning
D02698,Bahadurjit Batta,Chennai,Bike,8,2023,Evening
D02699,Ranbir Raghavan,Hyderabad,Scooter,4,2026,Morning
D02700,Abeer Choudhary,Bangalore,Bike,3,2024,Morning
D02701,Radhika Dhaliwal,Hyderabad,Bike,8,2026,Night
D02702,Baghyawati Varughese,Chennai,Bike,7,2021,Afternoon
D02703,Dakshesh Palla,Bangalore,Bike,8,2026,Morning
D02704,Gayathri Rajagopal,Hyderabad,Scooter,3,2025,Morning
D02705,Urvashi Buch,Chennai,Bike,0,2022,Afternoon
D02706,Indrajit Arya,Hyderabad,Bike,0,2020,Evening
D02707,Vaishnavi Upadhyay,Chennai,Scooter,5,2026,Afternoon
D02708,Chandran Chaudhari,Coimbatore,Scooter,8,2022,Morning
D02709,Indali Agarwal,Bangalore,Scooter,0,2022,Morning
D02710,Vasatika Sant,Chennai,Scooter,2,2023,Morning
D02711,Aishani Lalla,Chennai,Scooter,7,2026,Night
D02712,Yasti Kakar,Bangalore,Scooter,4,2020,Evening
D02713,Pallavi Dugar,Chennai,Scooter,3,2021,Afternoon
D02714,Oscar Dhar,Coimbatore,Bike,7,2026,Night
D02715,Joshua Morar,Vijayawada,Scooter,1,2022,Night
D02716,Umang Shenoy,Vijayawada,Scooter,3,2020,Night
D02717,Ijaya Sheth,Coimbatore,Scooter,8,2026,Afternoon
D02718,Oscar Dugal,Bangalore,Scooter,7,2023,Evening
D02719,Lakshit Amble,Hyderabad,Scooter,1,2023,Night
D02720,Tanveer Sachdeva,Coimbatore,Scooter,7,2020,Night
D02721,Andrew Gulati,Bangalore,Scooter,4,2026,Afternoon
D02722,Abeer Mangat,Bangalore,Scooter,4,2026,Afternoon
D02723,Utkarsh Ramachandran,Vijayawada,Bike,7,2020,Night
D02724,Sachi Sura,Chennai,Scooter,6,2025,Night
D02725,Bina Nagy,Chennai,Scooter,1,2025,Night
D02726,Neelima Loke,Chennai,Bike,8,2024,Evening
D02727,Ati Nori,Bangalore,Bike,6,2024,Evening
D02728,Divya Pandey,Bangalore,Scooter,1,2025,Morning
D02729,Devika Arya,Hyderabad,Bike,6,2021,Morning
D02730,Adya Sahota,Vijayawada,Bike,3,2021,Night
D02731,Darpan Korpal,Chennai,Bike,6,2020,Night
D02732,Gabriel Nagarajan,Coimbatore,Bike,2,2023,Evening
D02733,Viraj Dixit,Coimbatore,Bike,3,2022,Afternoon
D02734,Ranveer Brahmbhatt,Hyderabad,Bike,1,2024,Night
D02735,Jack Misra,Coimbatore,Bike,6,2024,Afternoon
D02736,Janaki Savant,Hyderabad,Bike,6,2020,Evening
D02737,Faras Chawla,Bangalore,Bike,2,2026,Afternoon
D02738,Vasatika Bhasin,Hyderabad,Bike,1,2024,Afternoon
D02739,Veer Sridhar,Hyderabad,Scooter,1,2022,Morning
D02740,Eshana Deo,Coimbatore,Bike,2,2025,Evening
D02741,Sneha Baria,Chennai,Scooter,7,2021,Afternoon
D02742,Januja Mutti,Coimbatore,Bike,4,2020,Evening
D02743,Harita Sibal,Coimbatore,Bike,0,2022,Night
D02744,Jonathan Dhillon,Bangalore,Bike,1,2021,Morning
D02745,Oliver Banerjee,Bangalore,Bike,4,2026,Evening
D02746,Robert Dar,Coimbatore,Scooter,5,2024,Night
D02747,Eshana Mannan,Hyderabad,Bike,2,2025,Morning
D02748,Ronith Sampath,Chennai,Scooter,2,2023,Morning
D02749,Ekani Krishna,Coimbatore,Bike,8,2020,Evening
D02750,Hredhaan Patla,Bangalore,Scooter,2,2022,Night
D02751,Fiyaz Sachar,Chennai,Scooter,7,2022,Afternoon
D02752,Aarna Borra,Bangalore,Scooter,0,2024,Night
D02753,Chandresh Char,Coimbatore,Bike,3,2022,Night
D02754,Harinakshi Batra,Vijayawada,Bike,0,2021,Night
D02755,Nilima Dalal,Bangalore,Bike,3,2025,Morning
D02756,Leena Tripathi,Bangalore,Bike,6,2024,Night
D02757,Harini Agarwal,Chennai,Scooter,1,2025,Morning
D02758,Praneel Date,Bangalore,Bike,8,2021,Morning
D02759,Nirja Konda,Chennai,Bike,8,2021,Evening
D02760,Udyati Yadav,Chennai,Bike,8,2023,Morning
D02761,Tanish Venkataraman,Vijayawada,Bike,1,2020,Evening
D02762,Geetika Pandit,Hyderabad,Bike,2,2022,Night
D02763,Bhanumati Doctor,Chennai,Bike,0,2023,Evening
D02764,Hemangini Khare,Coimbatore,Scooter,0,2024,Night
D02765,Udyati Amble,Hyderabad,Bike,5,2025,Evening
D02766,Chatresh Dhar,Coimbatore,Bike,4,2021,Night
D02767,Ganga Dubey,Vijayawada,Scooter,5,2020,Evening
D02768,Harinakshi Palla,Chennai,Scooter,1,2025,Morning
D02769,Vyanjana Hayer,Bangalore,Scooter,4,2023,Morning
D02770,Leena Nagy,Chennai,Bike,8,2025,Evening
D02771,Abeer Yadav,Bangalore,Bike,3,2021,Afternoon
D02772,Edhitha Golla,Chennai,Scooter,8,2021,Evening
D02773,Saksham Joshi,Vijayawada,Scooter,6,2025,Afternoon
D02774,Harita Prasad,Bangalore,Scooter,7,2021,Night
D02775,Madhavi Deol,Coimbatore,Bike,1,2021,Night
D02776,Abhimanyu Pingle,Chennai,Bike,8,2023,Evening
D02777,Urishilla Bhavsar,Chennai,Scooter,8,2021,Afternoon
D02778,Anya Barman,Chennai,Bike,3,2021,Afternoon
D02779,Tejas Sant,Chennai,Bike,8,2024,Evening
D02780,Ekaja Rastogi,Coimbatore,Scooter,5,2022,Morning
D02781,Nandini Yadav,Chennai,Bike,4,2022,Morning
D02782,Girindra Khatri,Chennai,Bike,8,2021,Night
D02783,Gayathri Cherian,Chennai,Scooter,5,2025,Afternoon
D02784,Agastya Shetty,Bangalore,Scooter,2,2022,Night
D02785,Yasti Sabharwal,Chennai,Scooter,6,2023,Evening
D02786,Urmi Pandey,Chennai,Bike,3,2020,Afternoon
D02787,Tanvi Kibe,Bangalore,Bike,7,2020,Afternoon
D02788,Ishanvi Misra,Coimbatore,Scooter,8,2024,Night
D02789,Chakradev Vaidya,Chennai,Scooter,0,2022,Night
D02790,Wridesh Mital,Chennai,Bike,7,2020,Night
D02791,Jalsa Wadhwa,Chennai,Bike,0,2021,Afternoon
D02792,Ranveer Dada,Chennai,Scooter,3,2021,Night
D02793,Kiaan Varghese,Chennai,Bike,1,2023,Evening
D02794,Gayathri Chandran,Bangalore,Bike,1,2023,Night
D02795,Ikbal Sem,Hyderabad,Bike,1,2024,Morning
D02796,Ubika Shah,Bangalore,Scooter,1,2023,Night
D02797,Pahal Saini,Vijayawada,Scooter,6,2023,Afternoon
D02798,Yachana Chad,Vijayawada,Scooter,8,2020,Afternoon
D02799,Widisha Taneja,Bangalore,Bike,7,2023,Evening
D02800,Imaran Narasimhan,Chennai,Bike,0,2024,Night
D02801,Anay Prasad,Vijayawada,Scooter,7,2025,Night
D02802,Neha Pillai,Bangalore,Scooter,6,2022,Morning
D02803,Sachi Bath,Hyderabad,Scooter,3,2024,Evening
D02804,Chanakya Chahal,Hyderabad,Bike,6,2024,Evening
D02805,Peter Mandal,Chennai,Bike,5,2026,Night
D02806,Urishilla Magar,Coimbatore,Bike,3,2026,Morning
D02807,Farhan Kamdar,Vijayawada,Bike,8,2023,Night
D02808,Keya Gara,Hyderabad,Scooter,3,2026,Evening
D02809,Alexander Pandey,Bangalore,Scooter,2,2020,Morning
D02810,Devansh Bose,Vijayawada,Bike,2,2020,Evening
D02811,Omkaar Iyer,Hyderabad,Scooter,3,2020,Evening
D02812,Upasna Pal,Hyderabad,Bike,3,2026,Evening
D02813,Sachi Dewan,Bangalore,Bike,7,2026,Night
D02814,Bhavani Palla,Coimbatore,Scooter,7,2020,Evening
D02815,Bhavna Walia,Hyderabad,Bike,6,2023,Evening
D02816,Hitesh Handa,Coimbatore,Bike,3,2023,Morning
D02817,Ojasvi Bala,Coimbatore,Bike,8,2020,Night
D02818,Nicholas Goda,Hyderabad,Scooter,2,2020,Morning
D02819,Reyansh Mahajan,Hyderabad,Bike,6,2024,Morning
D02820,Mohammed Jhaveri,Hyderabad,Scooter,6,2022,Night
D02821,Yauvani Bhatti,Hyderabad,Scooter,0,2023,Night
D02822,Xiti Bobal,Bangalore,Bike,2,2020,Morning
D02823,Oviya Dara,Vijayawada,Bike,0,2022,Evening
D02824,Ira Balasubramanian,Bangalore,Bike,0,2021,Afternoon
D02825,Dominic Lal,Chennai,Bike,6,2023,Afternoon
D02826,Tripti Wagle,Hyderabad,Scooter,1,2022,Morning
D02827,Anay Bail,Bangalore,Scooter,3,2025,Morning
D02828,Warda Narasimhan,Chennai,Scooter,4,2021,Afternoon
D02829,Triveni Bakshi,Bangalore,Bike,3,2022,Afternoon
D02830,Xalak Rajagopal,Hyderabad,Scooter,5,2026,Evening
D02831,Priya Sanghvi,Chennai,Bike,4,2022,Afternoon
D02832,Eshana Venkatesh,Bangalore,Scooter,3,2020,Afternoon
D02833,Darpan Anand,Chennai,Bike,4,2024,Night
D02834,Rehaan More,Chennai,Scooter,6,2026,Morning
D02835,Bhavani Karan,Coimbatore,Scooter,0,2020,Morning
D02836,Yachana Brahmbhatt,Coimbatore,Scooter,5,2026,Morning
D02837,Kamya Chanda,Hyderabad,Bike,1,2024,Night
D02838,Upma Keer,Bangalore,Scooter,6,2024,Evening
D02839,Yahvi Dewan,Hyderabad,Scooter,6,2021,Evening
D02840,Advik Lad,Coimbatore,Scooter,2,2021,Afternoon
D02841,Chatura Venkataraman,Bangalore,Bike,8,2024,Morning
D02842,Rachit Hora,Bangalore,Bike,3,2023,Night
D02843,Qadim Nayak,Coimbatore,Scooter,6,2024,Morning
D02844,Hemang Kade,Hyderabad,Bike,6,2024,Afternoon
D02845,Hemal Kurian,Vijayawada,Bike,5,2020,Night
D02846,Yatan Rout,Vijayawada,Bike,0,2025,Afternoon
D02847,Maanas Bhasin,Hyderabad,Scooter,8,2020,Evening
D02848,Mohini Iyer,Bangalore,Scooter,7,2024,Morning
D02849,Liam Singhal,Chennai,Bike,7,2023,Afternoon
D02850,Gaurav Goswami,Bangalore,Scooter,5,2024,Night
D02851,Yashvi Mittal,Hyderabad,Scooter,2,2022,Evening
D02852,Rehaan Choudhury,Chennai,Bike,4,2020,Afternoon
D02853,Madhav Mitra,Chennai,Scooter,1,2022,Morning
D02854,Varenya Rana,Chennai,Scooter,8,2024,Morning
D02855,Indali Subramaniam,Hyderabad,Bike,0,2024,Evening
D02856,Yug Khatri,Coimbatore,Scooter,5,2026,Evening
D02857,Chasmum Narula,Bangalore,Scooter,3,2020,Night
D02858,Ati Chandran,Vijayawada,Bike,1,2020,Afternoon
D02859,Darsh Kala,Coimbatore,Scooter,3,2021,Evening
D02860,Yashodhara Sibal,Hyderabad,Scooter,3,2021,Afternoon
D02861,Jonathan Varughese,Chennai,Bike,0,2025,Morning
D02862,Anita Talwar,Coimbatore,Scooter,7,2021,Evening
D02863,Upadhriti Wadhwa,Hyderabad,Bike,1,2025,Afternoon
D02864,Wridesh Pillai,Bangalore,Scooter,7,2021,Afternoon
D02865,Yash Chaudry,Hyderabad,Bike,1,2023,Night
D02866,Vincent Kumar,Vijayawada,Scooter,4,2023,Evening
D02867,Upadhriti Modi,Hyderabad,Scooter,1,2023,Night
D02868,Lila Panchal,Bangalore,Scooter,7,2023,Night
D02869,Azaan Anne,Hyderabad,Scooter,2,2023,Night
D02870,Tanveer Prashad,Chennai,Bike,0,2022,Afternoon
D02871,Tanay Ghosh,Vijayawada,Scooter,3,2023,Afternoon
D02872,Omya Srinivas,Chennai,Bike,1,2022,Night
D02873,Chanakya Din,Hyderabad,Bike,0,2022,Night
D02874,Nachiket Patil,Vijayawada,Scooter,3,2023,Night
D02875,Zayan Pingle,Coimbatore,Scooter,5,2026,Night
D02876,Lakshit Venkatesh,Chennai,Bike,3,2020,Afternoon
D02877,Yauvani Agrawal,Hyderabad,Scooter,8,2024,Night
D02878,Jagrati Natarajan,Chennai,Scooter,5,2020,Evening
D02879,Nihal Sampath,Coimbatore,Bike,4,2025,Night
D02880,Jeremiah Mangal,Hyderabad,Scooter,3,2023,Morning
D02881,Hiral Goswami,Bangalore,Scooter,7,2024,Night
D02882,Shivansh Bhargava,Hyderabad,Bike,3,2025,Night
D02883,Zarna Narasimhan,Coimbatore,Bike,2,2025,Afternoon
D02884,Banjeet Sharaf,Bangalore,Bike,8,2022,Evening
D02885,Karan Tak,Bangalore,Bike,0,2023,Morning
D02886,Aradhana Tripathi,Chennai,Bike,7,2025,Evening
D02887,Yashica Chhabra,Chennai,Bike,6,2024,Morning
D02888,Yuvraj Pillai,Hyderabad,Bike,3,2022,Morning
D02889,Anamika Dua,Hyderabad,Bike,8,2020,Night
D02890,Vanya Pillai,Hyderabad,Scooter,2,2024,Afternoon
D02891,Henry Peri,Chennai,Scooter,4,2021,Evening
D02892,Ikbal Salvi,Vijayawada,Bike,3,2026,Evening
D02893,Girish Wali,Bangalore,Scooter,8,2021,Afternoon
D02894,Yashoda Swamy,Hyderabad,Scooter,7,2026,Night
D02895,Upkaar Trivedi,Hyderabad,Bike,4,2026,Afternoon
D02896,Hemang Gaba,Bangalore,Scooter,7,2023,Night
D02897,Hardik Bora,Chennai,Scooter,1,2020,Evening
D02898,Bhavna Shukla,Chennai,Bike,8,2025,Evening
D02899,Gopal Sawhney,Hyderabad,Scooter,8,2024,Morning
D02900,Mohini Saha,Coimbatore,Scooter,5,2025,Morning
D02901,Ekaja Deshmukh,Bangalore,Bike,1,2026,Afternoon
D02902,Xavier Bhagat,Hyderabad,Bike,5,2025,Night
D02903,Devika Dave,Chennai,Bike,3,2020,Evening
D02904,Darpan Issac,Hyderabad,Scooter,6,2024,Afternoon
D02905,Amol Nanda,Bangalore,Scooter,8,2021,Afternoon
D02906,Ranbir Murty,Hyderabad,Scooter,5,2025,Evening
D02907,Pooja Joshi,Chennai,Scooter,2,2025,Morning
D02908,Anjali Goswami,Chennai,Scooter,3,2022,Evening
D02909,Simon Murty,Bangalore,Bike,2,2020,Afternoon
D02910,Laksh Misra,Bangalore,Scooter,5,2020,Night
D02911,Ridhi Pandya,Bangalore,Bike,8,2024,Morning
D02912,Adweta Das,Chennai,Bike,3,2024,Night
D02913,Chatresh Baral,Chennai,Scooter,3,2026,Evening
D02914,Fiyaz Bains,Bangalore,Bike,0,2022,Afternoon
D02915,Chakrika Mohan,Vijayawada,Scooter,0,2026,Afternoon
D02916,Charles Gill,Bangalore,Scooter,2,2022,Night
D02917,Upma Gera,Coimbatore,Bike,0,2022,Afternoon
D02918,Chaaya Shenoy,Vijayawada,Scooter,0,2021,Evening
D02919,Oscar Chaudhary,Bangalore,Scooter,1,2022,Night
D02920,Waida Parsa,Coimbatore,Scooter,1,2026,Morning
D02921,Ati Nayar,Hyderabad,Bike,3,2024,Evening
D02922,Isaac Khanna,Hyderabad,Scooter,1,2026,Night
D02923,Ranveer Brar,Chennai,Scooter,0,2022,Afternoon
D02924,Ubika Gade,Coimbatore,Scooter,2,2025,Evening
D02925,Imaran Dani,Coimbatore,Bike,6,2025,Morning
D02926,Wahab Bains,Chennai,Scooter,6,2023,Evening
D02927,Varsha Mitra,Coimbatore,Bike,8,2024,Night
D02928,Harshil Korpal,Chennai,Bike,7,2025,Night
D02929,Anay Lata,Coimbatore,Bike,3,2021,Night
D02930,Neel Kapoor,Chennai,Scooter,3,2022,Morning
D02931,Bhanumati Dash,Vijayawada,Bike,7,2021,Evening
D02932,Ishaan Shankar,Chennai,Bike,5,2026,Night
D02933,Qadim Nayak,Chennai,Scooter,1,2022,Night
D02934,Watika Verma,Bangalore,Bike,7,2021,Evening
D02935,Theodore Agate,Hyderabad,Scooter,1,2026,Morning
D02936,Adya Bajaj,Bangalore,Scooter,8,2024,Morning
D02937,Lucky Choudhary,Vijayawada,Scooter,1,2022,Morning
D02938,Chanakya Bobal,Bangalore,Bike,0,2023,Evening
D02939,Laksh Batta,Chennai,Bike,5,2025,Night
D02940,Mitali Chatterjee,Coimbatore,Scooter,1,2025,Morning
D02941,Sara Amble,Hyderabad,Bike,4,2020,Evening
D02942,Damyanti Chaudhry,Coimbatore,Bike,6,2020,Evening
D02943,Sanya Ben,Hyderabad,Scooter,4,2021,Evening
D02944,Meghana Hayre,Hyderabad,Scooter,4,2025,Night
D02945,Urvi Kurian,Chennai,Scooter,7,2025,Morning
D02946,Nachiket Wable,Coimbatore,Bike,7,2022,Evening
D02947,Abhiram Taneja,Coimbatore,Bike,2,2023,Evening
D02948,Jatin Loyal,Vijayawada,Bike,0,2024,Morning
D02949,Harrison Mitra,Hyderabad,Scooter,8,2020,Morning
D02950,Arunima Chhabra,Chennai,Scooter,2,2025,Afternoon
D02951,Raagini Karnik,Chennai,Scooter,2,2023,Evening
D02952,Michael Kaur,Vijayawada,Scooter,0,2022,Night
D02953,Upadhriti Ganguly,Chennai,Scooter,0,2023,Afternoon
D02954,Anirudh Goel,Chennai,Scooter,3,2025,Evening
D02955,Nathaniel Saini,Coimbatore,Scooter,0,2020,Night
D02956,Yoshita Pillai,Bangalore,Bike,0,2022,Afternoon
D02957,Rachit Cheema,Coimbatore,Bike,6,2021,Night
D02958,Rajeshri Chowdhury,Coimbatore,Scooter,7,2025,Morning
D02959,Devansh Koshy,Chennai,Bike,0,2021,Evening
D02960,Daniel Ravi,Chennai,Bike,8,2020,Evening
D02961,Sachi Krishna,Chennai,Bike,5,2026,Afternoon
D02962,Lakshit Sridhar,Bangalore,Bike,2,2023,Afternoon
D02963,Orinder Sharaf,Vijayawada,Bike,5,2023,Morning
D02964,Nandini Ramanathan,Vijayawada,Scooter,5,2022,Morning
D02965,Quincy Wadhwa,Coimbatore,Bike,5,2022,Night
D02966,Abha Swamy,Bangalore,Scooter,2,2025,Afternoon
D02967,Raagini Om,Hyderabad,Scooter,6,2020,Morning
D02968,Chandran Menon,Bangalore,Scooter,1,2026,Afternoon
D02969,Hemal Basak,Hyderabad,Scooter,7,2022,Morning
D02970,Wyatt Bhattacharyya,Hyderabad,Scooter,4,2026,Afternoon
D02971,Dalbir Maharaj,Hyderabad,Scooter,0,2025,Morning
D02972,Azaan Merchant,Bangalore,Bike,1,2020,Morning
D02973,Qarin Hayre,Hyderabad,Bike,0,2026,Afternoon
D02974,Aashi Das,Bangalore,Scooter,7,2022,Evening
D02975,Qadim Bawa,Hyderabad,Bike,7,2022,Afternoon
D02976,Bina Gulati,Bangalore,Bike,6,2025,Evening
D02977,Qasim Shukla,Bangalore,Scooter,0,2023,Morning
D02978,Tristan Bala,Coimbatore,Scooter,2,2024,Morning
D02979,Yutika Pandya,Chennai,Bike,2,2022,Evening
D02980,Zayyan Dixit,Coimbatore,Bike,5,2021,Evening
D02981,Hamsini Ramachandran,Chennai,Bike,5,2022,Night
D02982,Hemal Bajwa,Chennai,Scooter,8,2026,Afternoon
D02983,Darsh Bora,Hyderabad,Bike,5,2022,Night
D02984,Dev Savant,Chennai,Scooter,5,2020,Afternoon
D02985,Bahadurjit Dani,Bangalore,Scooter,6,2022,Afternoon
D02986,Gautam Sheth,Hyderabad,Bike,5,2024,Afternoon
D02987,Viraj Choudhry,Hyderabad,Scooter,4,2023,Afternoon
D02988,Arunima Saran,Hyderabad,Bike,3,2025,Morning
D02989,Rohan Doshi,Hyderabad,Scooter,1,2021,Night
D02990,Christopher Soman,Coimbatore,Scooter,6,2026,Evening
D02991,Turvi Chana,Coimbatore,Bike,6,2022,Evening
D02992,Nitara Madan,Chennai,Scooter,0,2021,Morning
D02993,Dayamai Behl,Bangalore,Scooter,5,2023,Night
D02994,Chasmum Vig,Vijayawada,Bike,4,2023,Night
D02995,Sanaya Oza,Hyderabad,Bike,0,2026,Evening
D02996,Turvi Dhar,Chennai,Scooter,5,2020,Evening
D02997,Riya Madan,Bangalore,Scooter,5,2020,Evening
D02998,Yagnesh Oza,Bangalore,Scooter,5,2020,Night
D02999,Saksham Sem,Chennai,Bike,5,2025,Night
D03000,Ethan Bhattacharyya,Chennai,Bike,5,2025,Morning
D03001,Tanvi Kuruvilla,Chennai,Scooter,3,2026,Night
D03002,Neel Barad,Hyderabad,Scooter,1,2020,Evening
D03003,Nikita Prabhu,Coimbatore,Scooter,1,2026,Evening
D03004,Anya Ahluwalia,Bangalore,Bike,6,2023,Afternoon
D03005,Timothy Bhalla,Vijayawada,Bike,2,2024,Afternoon
D03006,Vanya Barad,Chennai,Scooter,6,2026,Evening
D03007,Harsh Khare,Hyderabad,Scooter,6,2021,Evening
D03008,Chanchal Banik,Bangalore,Scooter,7,2020,Night
D03009,Laban Batta,Coimbatore,Bike,7,2020,Night
D03010,Daksh Dube,Bangalore,Scooter,6,2026,Morning
D03011,Chameli Mistry,Chennai,Bike,3,2022,Evening
D03012,Panini Chana,Coimbatore,Bike,3,2020,Night
D03013,Lavanya Yadav,Chennai,Bike,3,2024,Afternoon
D03014,Umang Jani,Chennai,Bike,3,2023,Evening
D03015,Hemani Taneja,Coimbatore,Scooter,3,2024,Evening
D03016,Chatresh Khurana,Chennai,Scooter,6,2023,Evening
D03017,Gautami Chadha,Hyderabad,Scooter,4,2024,Evening
D03018,Gaurang Keer,Vijayawada,Bike,2,2021,Night
D03019,Mitesh Dalal,Bangalore,Bike,6,2022,Afternoon
D03020,Manthan D’Alia,Chennai,Scooter,0,2020,Afternoon
D03021,Kiaan Narayan,Coimbatore,Scooter,7,2026,Afternoon
D03022,Nakul Bora,Coimbatore,Bike,3,2026,Night
D03023,Vrinda Dhar,Bangalore,Bike,5,2025,Evening
D03024,Veer Sen,Bangalore,Bike,5,2026,Afternoon
D03025,Hitesh Soman,Hyderabad,Scooter,2,2021,Afternoon
D03026,Ekalinga Bhatnagar,Chennai,Scooter,2,2020,Afternoon
D03027,Rajeshri Sampath,Hyderabad,Bike,6,2022,Afternoon
D03028,Utkarsh Bhatt,Bangalore,Bike,2,2022,Afternoon
D03029,Zaid Batta,Chennai,Scooter,0,2023,Morning
D03030,Rajeshri Sankar,Bangalore,Scooter,2,2021,Evening
D03031,Lopa Jha,Chennai,Bike,5,2024,Afternoon
D03032,Zaitra Vig,Bangalore,Scooter,1,2025,Evening
D03033,Zayyan Chokshi,Vijayawada,Scooter,8,2025,Afternoon
D03034,Damyanti Bhatnagar,Vijayawada,Scooter,8,2020,Morning
D03035,Aarush Bhakta,Chennai,Scooter,1,2023,Night
D03036,Vrishti Oza,Coimbatore,Bike,8,2020,Evening
D03037,Amara Sandhu,Vijayawada,Scooter,8,2022,Evening
D03038,Rushil Uppal,Coimbatore,Scooter,5,2025,Evening
D03039,Bishakha Goswami,Coimbatore,Bike,7,2022,Evening
D03040,Anya Keer,Bangalore,Bike,7,2022,Night
D03041,Ira Vohra,Vijayawada,Bike,4,2024,Afternoon
D03042,Sachi Kalita,Vijayawada,Scooter,6,2023,Evening
D03043,Aishani Mahal,Chennai,Bike,6,2026,Evening
D03044,Kala Suresh,Chennai,Bike,6,2025,Afternoon
D03045,Mitali Gupta,Vijayawada,Scooter,0,2021,Morning
D03046,Rudra Vala,Chennai,Bike,3,2021,Afternoon
D03047,Advika Dugar,Bangalore,Bike,7,2024,Night
D03048,Warjas Dani,Vijayawada,Scooter,7,2020,Night
D03049,Amara Patla,Hyderabad,Scooter,3,2021,Morning
D03050,Rehaan Sahni,Chennai,Bike,7,2021,Evening
D03051,Imaran Gopal,Bangalore,Scooter,6,2021,Night
D03052,Nirja Ratti,Bangalore,Scooter,6,2024,Evening
D03053,Mitali Kohli,Chennai,Bike,7,2024,Night
D03054,Lakshmi Khatri,Hyderabad,Bike,8,2024,Afternoon
D03055,Yauvani Bassi,Hyderabad,Bike,2,2026,Night
D03056,Manthan Kumar,Hyderabad,Bike,8,2023,Afternoon
D03057,Yuvraj Madan,Coimbatore,Scooter,7,2020,Afternoon
D03058,Krishna Prasad,Coimbatore,Bike,0,2022,Evening
D03059,Jonathan Lalla,Chennai,Scooter,5,2023,Night
D03060,Harsh Dora,Bangalore,Bike,5,2022,Evening
D03061,Osha Balay,Hyderabad,Bike,0,2024,Night
D03062,Warhi Pillay,Hyderabad,Scooter,2,2021,Morning
D03063,Ishita Chatterjee,Hyderabad,Bike,2,2021,Night
D03064,Jeet Sathe,Bangalore,Bike,4,2022,Evening
D03065,Jeet Upadhyay,Vijayawada,Bike,6,2022,Night
D03066,Vidhi Tailor,Coimbatore,Scooter,2,2024,Evening
D03067,Wriddhish Raju,Coimbatore,Bike,0,2022,Evening
D03068,Jatin Shah,Hyderabad,Bike,2,2021,Evening
D03069,Suhani Mani,Hyderabad,Bike,1,2022,Evening
D03070,Anamika Minhas,Bangalore,Bike,3,2020,Afternoon
D03071,Nisha Lad,Hyderabad,Bike,0,2022,Morning
D03072,Panini Goel,Coimbatore,Scooter,8,2021,Afternoon
D03073,Gayathri Ratti,Hyderabad,Scooter,3,2020,Night
D03074,Jhalak Misra,Chennai,Scooter,8,2020,Night
D03075,Omaja Ramanathan,Vijayawada,Bike,5,2026,Night
D03076,Qadim Ram,Bangalore,Bike,3,2022,Afternoon
D03077,George Barman,Hyderabad,Scooter,0,2024,Evening
D03078,Varenya Issac,Bangalore,Bike,2,2022,Evening
D03079,Daniel Bobal,Hyderabad,Bike,1,2025,Morning
D03080,Faraj Nayar,Bangalore,Scooter,4,2026,Night
D03081,Ladli Sachdeva,Bangalore,Bike,7,2024,Afternoon
D03082,Girindra Dayal,Bangalore,Scooter,4,2020,Night
D03083,Radhika Singhal,Bangalore,Scooter,4,2024,Evening
D03084,Tanay Ratti,Chennai,Bike,5,2025,Afternoon
D03085,Meera Ghose,Hyderabad,Scooter,5,2023,Night
D03086,Qadim Bose,Bangalore,Bike,4,2021,Evening
D03087,Jagat Dass,Chennai,Scooter,5,2026,Night
D03088,Ojas Sidhu,Vijayawada,Bike,8,2026,Afternoon
D03089,Mitesh Dar,Hyderabad,Scooter,8,2026,Morning
D03090,Ranveer Sharaf,Coimbatore,Scooter,6,2024,Afternoon
D03091,Vihaan Date,Bangalore,Scooter,7,2023,Night
D03092,Lekha Dyal,Bangalore,Scooter,7,2020,Evening
D03093,Irya Bedi,Bangalore,Bike,1,2022,Night
D03094,Utkarsh Rajan,Vijayawada,Scooter,1,2020,Morning
D03095,Sachi Suri,Vijayawada,Scooter,0,2021,Morning
D03096,Wridesh Vora,Chennai,Scooter,3,2021,Afternoon
D03097,Maanav Dara,Chennai,Bike,3,2023,Night
D03098,Radhika Kakar,Hyderabad,Bike,8,2021,Morning
D03099,Triveni Lanka,Bangalore,Scooter,5,2025,Afternoon
D03100,Maya Hora,Coimbatore,Scooter,4,2025,Morning
D03101,Ansh Mittal,Chennai,Scooter,5,2022,Morning
D03102,Lakshit Choudhry,Bangalore,Scooter,1,2026,Night
D03103,Dev Dalal,Bangalore,Scooter,5,2020,Morning
D03104,Simon Wali,Hyderabad,Bike,4,2026,Evening
D03105,Jyoti Oak,Bangalore,Bike,7,2023,Morning
D03106,Abhiram Bali,Chennai,Scooter,4,2024,Evening
D03107,Leela Prabhakar,Hyderabad,Bike,2,2023,Evening
D03108,Jagrati Srivastava,Chennai,Bike,5,2025,Night
D03109,Hardik Cherian,Hyderabad,Bike,3,2024,Afternoon
D03110,Rehaan Bhasin,Hyderabad,Bike,8,2022,Evening
D03111,Arjun Kale,Coimbatore,Scooter,1,2025,Afternoon
D03112,Ishwar Lall,Coimbatore,Scooter,4,2025,Afternoon
D03113,Chameli Joshi,Hyderabad,Scooter,1,2020,Evening
D03114,Leela Rama,Hyderabad,Scooter,5,2021,Night
D03115,Eesha Majumdar,Chennai,Scooter,0,2022,Evening
D03116,Ridhi Ravel,Chennai,Scooter,7,2021,Afternoon
D03117,Hemani Agate,Chennai,Bike,7,2025,Evening
D03118,Yashica Goswami,Chennai,Bike,3,2021,Evening
D03119,Mason Banik,Vijayawada,Scooter,5,2021,Morning
D03120,Rajata Chahal,Hyderabad,Bike,0,2025,Evening
D03121,Sai Kade,Bangalore,Bike,8,2021,Afternoon
D03122,Tamanna Desai,Bangalore,Scooter,2,2020,Night
D03123,Pavani Ram,Chennai,Scooter,3,2020,Morning
D03124,Januja Srivastava,Bangalore,Bike,8,2021,Morning
D03125,Harrison Jani,Bangalore,Bike,3,2026,Morning
D03126,Zaitra Bhatnagar,Vijayawada,Scooter,6,2024,Afternoon
D03127,Rajata Sinha,Hyderabad,Scooter,4,2026,Evening
D03128,Hredhaan Dey,Chennai,Scooter,7,2020,Afternoon
D03129,Pranit Wagle,Coimbatore,Bike,1,2024,Morning
D03130,Quincy Setty,Bangalore,Bike,2,2026,Morning
D03131,Pallavi Varty,Bangalore,Scooter,5,2022,Afternoon
D03132,Deepa Nagar,Coimbatore,Scooter,1,2025,Morning
D03133,Darsh Viswanathan,Hyderabad,Bike,4,2024,Evening
D03134,Upadhriti Patil,Chennai,Bike,6,2025,Night
D03135,Karan Nagy,Bangalore,Bike,0,2026,Afternoon
D03136,Jackson Puri,Hyderabad,Bike,5,2020,Night
D03137,Yagnesh Tata,Hyderabad,Scooter,5,2022,Morning
D03138,Yochana Kulkarni,Vijayawada,Scooter,3,2021,Afternoon
D03139,Ayushman Narula,Hyderabad,Scooter,3,2022,Night
D03140,Vedant Hegde,Hyderabad,Scooter,4,2020,Night
D03141,Jason Din,Vijayawada,Scooter,3,2024,Night
D03142,Wakeeta Prashad,Bangalore,Scooter,5,2024,Morning
D03143,Jatin Mani,Chennai,Scooter,1,2022,Evening
D03144,Saksham De,Chennai,Bike,5,2022,Afternoon
D03145,Bimala Sur,Hyderabad,Scooter,2,2020,Morning
D03146,Rachita Ray,Vijayawada,Scooter,3,2024,Afternoon
D03147,Upma Prabhu,Vijayawada,Bike,0,2026,Morning
D03148,Ishanvi Balan,Bangalore,Bike,4,2023,Night
D03149,Irya Dara,Bangalore,Scooter,4,2020,Night
D03150,Ishwar Dey,Chennai,Scooter,6,2020,Morning
D03151,Niharika Panchal,Chennai,Scooter,3,2020,Night
D03152,Dhriti Chaudhuri,Bangalore,Bike,4,2024,Morning
D03153,Vihaan Atwal,Chennai,Scooter,2,2026,Afternoon
D03154,Gavin Naik,Chennai,Bike,3,2025,Night
D03155,Xiti Bhatia,Coimbatore,Bike,8,2026,Morning
D03156,Dhriti Bhatti,Coimbatore,Bike,7,2024,Night
D03157,Bishakha Radhakrishnan,Chennai,Bike,4,2021,Morning
D03158,Dominic Chahal,Bangalore,Scooter,8,2020,Night
D03159,Yutika Gera,Bangalore,Scooter,1,2021,Afternoon
D03160,Yagnesh Jaggi,Hyderabad,Scooter,3,2021,Morning
D03161,Edhitha Handa,Bangalore,Bike,0,2026,Afternoon
D03162,Meera Chaudhry,Chennai,Bike,0,2021,Afternoon
D03163,Brijesh Bhalla,Hyderabad,Scooter,7,2021,Afternoon
D03164,Shivani Date,Bangalore,Scooter,8,2021,Morning
D03165,Amruta Roy,Chennai,Scooter,0,2025,Night
D03166,Zinal Chaudhuri,Hyderabad,Scooter,4,2022,Morning
D03167,Benjamin Mishra,Hyderabad,Bike,8,2024,Night
D03168,Harish Gandhi,Chennai,Scooter,5,2022,Afternoon
D03169,Chakradhar Gaba,Chennai,Scooter,2,2026,Evening
D03170,Hemani Sama,Vijayawada,Scooter,4,2021,Morning
D03171,Aayush Kashyap,Coimbatore,Bike,5,2026,Evening
D03172,Leela Rajagopal,Hyderabad,Scooter,2,2023,Night
D03173,Ekalinga Sarna,Hyderabad,Scooter,4,2023,Evening
D03174,Rudra Dixit,Hyderabad,Scooter,8,2021,Morning
D03175,Aashi Raj,Coimbatore,Bike,2,2020,Evening
D03176,Ronith Dutt,Hyderabad,Scooter,3,2026,Night
D03177,Fiyaz Sarraf,Hyderabad,Bike,0,2026,Afternoon
D03178,Yug Badal,Hyderabad,Scooter,2,2022,Afternoon
D03179,Quincy Kumar,Hyderabad,Bike,7,2024,Morning
D03180,Gavin Mammen,Chennai,Scooter,0,2021,Afternoon
D03181,Arin Chaudhari,Bangalore,Bike,3,2025,Night
D03182,Ekani Walia,Chennai,Scooter,3,2026,Afternoon
D03183,Shravya Vala,Coimbatore,Bike,4,2022,Morning
D03184,Ikshita Deshmukh,Hyderabad,Bike,3,2020,Evening
D03185,Manan Tank,Hyderabad,Scooter,8,2021,Morning
D03186,Rajata Chokshi,Bangalore,Scooter,8,2024,Night
D03187,Harshil Mann,Chennai,Scooter,7,2023,Morning
D03188,Indali Bava,Coimbatore,Bike,6,2026,Evening
D03189,Vritti Chada,Coimbatore,Scooter,7,2023,Night
D03190,Avi Grewal,Chennai,Scooter,6,2023,Night
D03191,Amrita Sarna,Coimbatore,Scooter,6,2026,Evening
D03192,Chasmum Barman,Vijayawada,Scooter,6,2025,Morning
D03193,Chatura Sinha,Hyderabad,Scooter,3,2020,Evening
D03194,Vedika Nair,Bangalore,Bike,4,2025,Night
D03195,Noah Khosla,Vijayawada,Scooter,2,2025,Morning
D03196,Sai Kapur,Chennai,Bike,5,2026,Night
D03197,Harini Chakraborty,Chennai,Bike,1,2021,Afternoon
D03198,Leena Datta,Bangalore,Bike,3,2025,Morning
D03199,Faqid Tandon,Bangalore,Bike,7,2026,Night
D03200,Avi Ratta,Coimbatore,Scooter,0,2023,Evening
D03201,Advika Gaba,Coimbatore,Bike,3,2020,Night
D03202,Nisha Varghese,Chennai,Scooter,0,2025,Night
D03203,Zayyan Deo,Bangalore,Bike,6,2026,Night
D03204,Zilmil Deo,Vijayawada,Bike,6,2022,Night
D03205,Oscar Mahajan,Bangalore,Scooter,3,2022,Evening
D03206,Fariq Gill,Bangalore,Bike,2,2026,Evening
D03207,Ekbal Dalal,Chennai,Scooter,4,2021,Evening
D03208,Tanveer Bhalla,Chennai,Bike,2,2023,Morning
D03209,Theodore Gill,Bangalore,Bike,3,2022,Morning
D03210,Banjeet Seth,Bangalore,Scooter,6,2023,Afternoon
D03211,Chakrika Wable,Chennai,Scooter,2,2022,Afternoon
D03212,Radha Mane,Chennai,Bike,0,2020,Morning
D03213,Christopher Chana,Chennai,Bike,7,2020,Evening
D03214,Arya Balay,Hyderabad,Bike,4,2020,Evening
D03215,Panini Kapur,Bangalore,Scooter,0,2021,Night
D03216,Girik Magar,Chennai,Scooter,7,2022,Afternoon
D03217,Mitali Baria,Bangalore,Bike,6,2022,Afternoon
D03218,Kamya Manne,Bangalore,Scooter,5,2026,Evening
D03219,Janya Mangat,Bangalore,Bike,1,2021,Morning
D03220,Garima Dutta,Chennai,Scooter,6,2021,Evening
D03221,Rajeshri Sarkar,Chennai,Scooter,2,2023,Morning
D03222,Aahana Nagy,Hyderabad,Scooter,6,2026,Night
D03223,Veda Malhotra,Chennai,Bike,8,2021,Morning
D03224,Henry Bansal,Hyderabad,Bike,0,2026,Afternoon
D03225,Baljiwan Buch,Bangalore,Bike,1,2025,Evening
D03226,Jasmit Chadha,Hyderabad,Bike,6,2022,Afternoon
D03227,Ikshita Chad,Coimbatore,Bike,1,2025,Evening
D03228,Chatura Balan,Vijayawada,Scooter,4,2021,Afternoon
D03229,Luke Kar,Chennai,Scooter,4,2023,Afternoon
D03230,Rajeshri Ganguly,Chennai,Bike,8,2023,Night
D03231,Rohan Setty,Bangalore,Bike,2,2023,Morning
D03232,Hitesh Arya,Vijayawada,Scooter,8,2025,Night
D03233,Ekaraj Ravi,Bangalore,Bike,0,2026,Evening
D03234,Yatin Natarajan,Bangalore,Bike,1,2026,Evening
D03235,Vrinda Chaudhry,Chennai,Bike,4,2021,Morning
D03236,Tanmayi Dhar,Chennai,Bike,8,2023,Afternoon
D03237,Mitali Rai,Bangalore,Scooter,4,2021,Afternoon
D03238,Ojasvi Pingle,Chennai,Scooter,0,2021,Evening
D03239,Shivani Nagi,Chennai,Scooter,3,2026,Evening
D03240,Fiyaz Bail,Bangalore,Scooter,0,2026,Morning
D03241,Oni Merchant,Vijayawada,Scooter,2,2023,Evening
D03242,Chandran Rai,Chennai,Scooter,3,2023,Morning
D03243,Dev Ravi,Bangalore,Scooter,8,2022,Night
D03244,Keya Rama,Vijayawada,Scooter,0,2023,Afternoon
D03245,Abeer Chhabra,Bangalore,Scooter,6,2023,Morning
D03246,Bhavini Aurora,Vijayawada,Scooter,2,2024,Morning
D03247,Nitara Dhillon,Hyderabad,Scooter,8,2026,Evening
D03248,Ekalinga Wagle,Chennai,Bike,1,2026,Evening
D03249,Krishna Saran,Bangalore,Bike,8,2026,Evening
D03250,Lipika Comar,Hyderabad,Bike,2,2023,Afternoon
D03251,Vrishti Mani,Vijayawada,Scooter,5,2023,Afternoon
D03252,Gopal Samra,Bangalore,Scooter,7,2021,Afternoon
D03253,Siya Minhas,Chennai,Bike,6,2026,Evening
D03254,Chandresh Palla,Bangalore,Bike,1,2026,Afternoon
D03255,Laksh Dixit,Chennai,Bike,7,2025,Morning
D03256,Vasana Mukherjee,Hyderabad,Scooter,6,2021,Morning
D03257,Amaira Jhaveri,Vijayawada,Bike,0,2022,Night
D03258,Janya Bava,Chennai,Bike,6,2024,Morning
D03259,Ati Sengupta,Coimbatore,Scooter,5,2025,Afternoon
D03260,Rayaan Jani,Bangalore,Bike,4,2023,Night
D03261,Udant Barad,Chennai,Scooter,8,2026,Night
D03262,Falan Gokhale,Chennai,Bike,4,2024,Evening
D03263,Faqid Kohli,Bangalore,Scooter,0,2024,Afternoon
D03264,Radha Tata,Bangalore,Scooter,8,2021,Evening
D03265,Parth Jha,Bangalore,Bike,8,2022,Night
D03266,Darika Sarna,Chennai,Bike,2,2020,Evening
D03267,Fiyaz Rajagopalan,Hyderabad,Scooter,3,2023,Evening
D03268,Sarthak Mani,Chennai,Scooter,6,2022,Morning
D03269,Geetika Natt,Chennai,Scooter,0,2022,Night
D03270,Harshil Prashad,Chennai,Bike,8,2023,Afternoon
D03271,Veer Peri,Hyderabad,Scooter,4,2023,Evening
D03272,Omaja Kalla,Coimbatore,Bike,2,2021,Night
D03273,Yagnesh Kohli,Bangalore,Bike,5,2024,Night
D03274,Eiravati Sarna,Chennai,Scooter,3,2022,Evening
D03275,Dayita Lata,Chennai,Scooter,1,2024,Afternoon
D03276,Dev Buch,Bangalore,Bike,4,2025,Evening
D03277,Caleb Nazareth,Hyderabad,Scooter,0,2025,Afternoon
D03278,Garima Doshi,Vijayawada,Bike,1,2023,Night
D03279,Charles Grewal,Hyderabad,Scooter,2,2025,Evening
D03280,Jackson Chadha,Chennai,Bike,2,2021,Afternoon
D03281,Reva Kadakia,Bangalore,Scooter,3,2023,Night
D03282,Damyanti Prabhakar,Chennai,Bike,0,2025,Morning
D03283,Zarna Suri,Coimbatore,Bike,2,2023,Night
D03284,Charvi Goyal,Bangalore,Scooter,5,2022,Afternoon
D03285,Caleb Amble,Vijayawada,Bike,2,2026,Morning
D03286,Balvan Gole,Vijayawada,Scooter,7,2024,Night
D03287,Jason Tata,Hyderabad,Bike,1,2021,Morning
D03288,Manya Dhillon,Bangalore,Scooter,5,2021,Evening
D03289,Eta Tiwari,Coimbatore,Bike,0,2022,Night
D03290,Harita Sule,Chennai,Bike,3,2021,Morning
D03291,Aahana Singhal,Chennai,Bike,3,2026,Evening
D03292,Eshana Saini,Bangalore,Scooter,4,2025,Night
D03293,Yahvi Deol,Chennai,Scooter,7,2023,Night
D03294,Wakeeta Nair,Coimbatore,Scooter,4,2020,Evening
D03295,Guneet Badal,Chennai,Scooter,6,2025,Morning
D03296,Xavier Sheth,Chennai,Bike,4,2025,Morning
D03297,Yutika Vyas,Vijayawada,Bike,0,2025,Morning
D03298,Ishanvi Gopal,Coimbatore,Bike,0,2020,Evening
D03299,Hitesh Naik,Hyderabad,Scooter,3,2024,Evening
D03300,Laban Dutta,Coimbatore,Bike,8,2025,Morning
D03301,Rudra Sehgal,Bangalore,Scooter,3,2022,Night
D03302,Panini Manne,Chennai,Bike,2,2020,Morning
D03303,Harinakshi Gala,Bangalore,Bike,7,2025,Morning
D03304,Jeremiah Mahal,Chennai,Scooter,8,2021,Night
D03305,Zaid Kota,Hyderabad,Scooter,0,2020,Night
D03306,Hemani Atwal,Hyderabad,Scooter,3,2021,Morning
D03307,Ikbal Seshadri,Bangalore,Bike,0,2026,Afternoon
D03308,Urmi Soman,Hyderabad,Bike,4,2022,Morning
D03309,Dayita Varghese,Coimbatore,Scooter,4,2024,Afternoon
D03310,Sara Kaur,Bangalore,Scooter,0,2024,Evening
D03311,Warinder Rastogi,Chennai,Scooter,7,2023,Night
D03312,Panini Mander,Bangalore,Scooter,0,2024,Night
D03313,Kevin Mammen,Chennai,Scooter,0,2021,Evening
D03314,Nachiket Badal,Hyderabad,Scooter,2,2022,Afternoon
D03315,Anamika Krishnamurthy,Coimbatore,Scooter,2,2025,Afternoon
D03316,Peter Bhandari,Chennai,Scooter,3,2025,Night
D03317,Jonathan Peri,Coimbatore,Bike,0,2024,Morning
D03318,Mitali Bhat,Chennai,Bike,0,2023,Morning
D03319,Nidhi Randhawa,Vijayawada,Scooter,3,2026,Night
D03320,Chanchal Badami,Coimbatore,Scooter,6,2026,Night
D03321,Vritti Patla,Hyderabad,Scooter,7,2024,Afternoon
D03322,Siya Bava,Chennai,Scooter,2,2024,Night
D03323,Ikshita Atwal,Chennai,Scooter,2,2020,Morning
D03324,Amol Babu,Bangalore,Scooter,0,2025,Night
D03325,Ijaya Contractor,Chennai,Scooter,4,2026,Afternoon
D03326,Jackson Bobal,Vijayawada,Scooter,1,2026,Night
D03327,Oni Tripathi,Chennai,Scooter,6,2022,Night
D03328,Jyoti Kibe,Hyderabad,Bike,1,2026,Night
D03329,Nirja Lal,Coimbatore,Bike,7,2025,Evening
D03330,Vyanjana Ravel,Chennai,Bike,5,2023,Morning
D03331,Bhavini Bawa,Hyderabad,Scooter,4,2025,Afternoon
D03332,Rajata Banik,Hyderabad,Bike,0,2026,Afternoon
D03333,Priya Sachar,Hyderabad,Scooter,1,2026,Afternoon
D03334,Garima Bhatti,Bangalore,Scooter,0,2025,Morning
D03335,Banjeet Chowdhury,Vijayawada,Bike,1,2023,Evening
D03336,Robert Nair,Chennai,Bike,8,2025,Night
D03337,Ikbal Kapadia,Bangalore,Scooter,5,2021,Evening
D03338,Henry Dhawan,Vijayawada,Scooter,3,2024,Night
D03339,Parth Sami,Coimbatore,Bike,0,2024,Night
D03340,Siddharth Dar,Coimbatore,Scooter,4,2020,Evening
D03341,Daksh Jayaraman,Bangalore,Scooter,4,2021,Afternoon
D03342,Ira Muni,Vijayawada,Bike,8,2024,Evening
D03343,Isha Kadakia,Chennai,Bike,2,2020,Morning
D03344,Yash Radhakrishnan,Coimbatore,Bike,7,2026,Evening
D03345,Omya Srinivas,Coimbatore,Bike,0,2020,Evening
D03346,Manthan Bhavsar,Chennai,Bike,3,2022,Evening
D03347,Jackson Chaudhuri,Coimbatore,Scooter,6,2021,Night
D03348,Ayaan Sinha,Bangalore,Scooter,0,2023,Morning
D03349,Vedika Dass,Bangalore,Scooter,0,2024,Afternoon
D03350,Manan Chandran,Bangalore,Scooter,0,2026,Morning
D03351,Falguni Dani,Vijayawada,Scooter,2,2026,Afternoon
D03352,Bakhshi Thaman,Chennai,Scooter,5,2026,Afternoon
D03353,Priya Lad,Bangalore,Bike,3,2025,Morning
D03354,Harsh Nayar,Coimbatore,Bike,6,2023,Afternoon
D03355,Maanav Kant,Vijayawada,Bike,7,2026,Night
D03356,Harinakshi Keer,Chennai,Scooter,4,2026,Morning
D03357,Aarush Datta,Chennai,Bike,1,2020,Afternoon
D03358,Ayushman Gade,Hyderabad,Scooter,7,2024,Night
D03359,Chanakya Dey,Hyderabad,Scooter,7,2025,Afternoon
D03360,Vinaya Sehgal,Vijayawada,Bike,7,2020,Afternoon
D03361,Champak Sane,Hyderabad,Scooter,2,2021,Afternoon
D03362,Upadhriti Chand,Chennai,Scooter,4,2024,Night
D03363,Charan Loyal,Vijayawada,Scooter,6,2024,Evening
D03364,Urvashi Gara,Coimbatore,Scooter,8,2026,Night
D03365,Chameli Joshi,Bangalore,Scooter,4,2024,Morning
D03366,Girik Sastry,Chennai,Bike,2,2023,Night
D03367,Kiaan Gopal,Hyderabad,Scooter,7,2020,Morning
D03368,Raagini Padmanabhan,Hyderabad,Scooter,4,2024,Night
D03369,Rudra Dutta,Hyderabad,Scooter,5,2024,Morning
D03370,Jhalak Saha,Vijayawada,Bike,4,2026,Morning
D03371,Raksha Barad,Bangalore,Bike,4,2025,Afternoon
D03372,Zilmil Bassi,Chennai,Scooter,8,2022,Morning
D03373,Chandani Badami,Bangalore,Bike,7,2020,Evening
D03374,Elijah Sahni,Chennai,Scooter,8,2025,Night
D03375,Tristan Deshmukh,Chennai,Scooter,6,2023,Afternoon
D03376,Baghyawati Kakar,Hyderabad,Bike,8,2023,Afternoon
D03377,Vinaya Comar,Coimbatore,Bike,3,2026,Afternoon
D03378,Ansh Ramaswamy,Vijayawada,Bike,0,2020,Morning
D03379,Abhiram Buch,Vijayawada,Scooter,5,2023,Afternoon
D03380,Rishi Tiwari,Vijayawada,Bike,0,2024,Afternoon
D03381,Geetika Sant,Bangalore,Bike,3,2026,Evening
D03382,Raksha Khosla,Hyderabad,Scooter,0,2022,Morning
D03383,Panini Peri,Hyderabad,Bike,0,2026,Night
D03384,Hamsini Chowdhury,Hyderabad,Bike,5,2025,Night
D03385,Wishi Ramachandran,Chennai,Scooter,5,2023,Afternoon
D03386,Akshay Chaudry,Chennai,Scooter,6,2024,Evening
D03387,Banjeet Kala,Chennai,Scooter,4,2026,Evening
D03388,Jyoti Sastry,Coimbatore,Scooter,0,2020,Morning
D03389,Aarush More,Bangalore,Bike,4,2021,Night
D03390,Vrinda Swaminathan,Hyderabad,Scooter,6,2025,Afternoon
D03391,Girindra Chhabra,Coimbatore,Bike,1,2020,Night
D03392,Girish Sachdev,Coimbatore,Bike,7,2021,Night
D03393,Karan Atwal,Chennai,Scooter,1,2026,Night
D03394,Mitali Barman,Bangalore,Scooter,7,2022,Evening
D03395,Ekta Sankaran,Coimbatore,Scooter,6,2023,Evening
D03396,Madhavi Pingle,Bangalore,Scooter,5,2023,Night
D03397,Eiravati Sethi,Coimbatore,Scooter,5,2022,Night
D03398,Xiti Deep,Hyderabad,Bike,1,2021,Evening
D03399,Xiti Sankaran,Coimbatore,Bike,3,2022,Evening
D03400,Jeet Dhar,Vijayawada,Scooter,0,2020,Afternoon
D03401,Andrew Anne,Chennai,Scooter,3,2020,Morning
D03402,Madhavi Singhal,Bangalore,Scooter,0,2023,Evening
D03403,Nihal Sengupta,Bangalore,Scooter,4,2020,Afternoon
D03404,Veda Gade,Hyderabad,Bike,0,2026,Afternoon
D03405,Ekavir Pandya,Bangalore,Bike,2,2024,Evening
D03406,Eesha Gulati,Chennai,Bike,4,2024,Night
D03407,Gavin Buch,Hyderabad,Scooter,2,2021,Afternoon
D03408,Zilmil Kota,Chennai,Scooter,7,2026,Evening
D03409,Warinder De,Chennai,Bike,2,2021,Morning
D03410,Neha Kala,Bangalore,Bike,7,2025,Night
D03411,Nilima Sani,Chennai,Scooter,7,2022,Night
D03412,Jyoti Grewal,Bangalore,Scooter,4,2021,Evening
D03413,Yadavi Bhavsar,Chennai,Scooter,4,2020,Morning
D03414,Meera Balakrishnan,Chennai,Scooter,1,2020,Morning
D03415,Zaitra Seth,Vijayawada,Bike,8,2025,Night
D03416,Aayush Kakar,Bangalore,Bike,2,2024,Night
D03417,Balendra Grover,Bangalore,Scooter,1,2023,Night
D03418,Neelima Sani,Bangalore,Bike,2,2024,Morning
D03419,Kevin Kaur,Coimbatore,Bike,7,2020,Evening
D03420,Prisha Parekh,Chennai,Bike,3,2023,Afternoon
D03421,Samuel Dubey,Vijayawada,Bike,7,2024,Morning
D03422,Idika Deep,Chennai,Bike,3,2022,Afternoon
D03423,Lila Dave,Vijayawada,Bike,4,2023,Night
D03424,Nandini Rai,Coimbatore,Scooter,4,2024,Morning
D03425,Om Kalita,Bangalore,Bike,1,2021,Afternoon
D03426,Vinaya Handa,Coimbatore,Scooter,4,2021,Night
D03427,Diya Chandra,Bangalore,Bike,2,2022,Evening
D03428,Raksha Palla,Chennai,Scooter,2,2026,Afternoon
D03429,Omkaar Basak,Chennai,Scooter,8,2023,Morning
D03430,Kamala Sampath,Hyderabad,Scooter,5,2022,Morning
D03431,Balveer Ram,Hyderabad,Scooter,6,2025,Morning
D03432,Advay Hegde,Hyderabad,Bike,4,2021,Night
D03433,Jyoti Krish,Chennai,Scooter,2,2020,Evening
D03434,Indira Krish,Bangalore,Scooter,8,2021,Afternoon
D03435,Laban Bhatt,Hyderabad,Scooter,7,2020,Evening
D03436,Siddharth Rana,Chennai,Scooter,7,2020,Morning
D03437,Wakeeta Kata,Bangalore,Bike,0,2023,Night
D03438,Vaishnavi Rana,Vijayawada,Bike,4,2026,Evening
D03439,Aadhya Gaba,Coimbatore,Bike,6,2021,Evening
D03440,Amara Dara,Hyderabad,Bike,1,2022,Afternoon
D03441,Kamya Mutti,Chennai,Bike,2,2024,Morning
D03442,Chaitanya Wali,Chennai,Scooter,3,2020,Afternoon
D03443,Barkha Mallick,Hyderabad,Scooter,2,2024,Evening
D03444,Vritti Bose,Chennai,Scooter,4,2021,Afternoon
D03445,Warjas Dey,Chennai,Scooter,7,2023,Night
D03446,Pahal Pingle,Bangalore,Bike,0,2021,Night
D03447,Ekaraj Narasimhan,Chennai,Scooter,5,2025,Evening
D03448,Bhavika Cherian,Chennai,Bike,2,2023,Evening
D03449,Baghyawati Ramakrishnan,Coimbatore,Scooter,5,2025,Morning
D03450,Yamini Nayak,Hyderabad,Scooter,4,2022,Morning
D03451,Theodore Kalita,Chennai,Bike,4,2023,Morning
D03452,Neel Bir,Bangalore,Scooter,8,2025,Afternoon
D03453,Kala Seth,Chennai,Bike,7,2023,Evening
D03454,Nicholas Sha,Chennai,Scooter,0,2020,Evening
D03455,Jasmit Palla,Bangalore,Bike,1,2024,Night
D03456,Laban Bir,Bangalore,Scooter,1,2021,Night
D03457,Yashawini Peri,Chennai,Bike,4,2023,Morning
D03458,Kala Nadig,Hyderabad,Scooter,0,2020,Evening
D03459,Charvi Rau,Bangalore,Scooter,1,2024,Evening
D03460,Frederick Seshadri,Vijayawada,Scooter,3,2020,Afternoon
D03461,Anmol Rege,Chennai,Bike,6,2023,Afternoon
D03462,Yashodhara Vaidya,Vijayawada,Bike,7,2020,Evening
D03463,Aditya Savant,Bangalore,Bike,6,2023,Afternoon
D03464,Ekanta Dora,Coimbatore,Bike,8,2025,Evening
D03465,Lajita Brahmbhatt,Bangalore,Bike,0,2020,Morning
D03466,Saumya Virk,Coimbatore,Scooter,3,2022,Morning
D03467,Priya Yadav,Bangalore,Scooter,6,2026,Night
D03468,Luke Naik,Vijayawada,Bike,8,2023,Evening
D03469,Bhavini Krishnan,Bangalore,Bike,1,2025,Morning
D03470,Neha Kant,Chennai,Scooter,5,2025,Afternoon
D03471,Janani Gala,Coimbatore,Bike,3,2022,Night
D03472,Tejas Muni,Bangalore,Bike,4,2021,Night
D03473,Vedhika Bajaj,Bangalore,Scooter,2,2020,Morning
D03474,Aarush Nanda,Bangalore,Bike,7,2020,Morning
D03475,Ria Chandran,Hyderabad,Bike,0,2025,Evening
D03476,Indali Rajan,Hyderabad,Scooter,8,2022,Night
D03477,Vritti Kapur,Vijayawada,Scooter,4,2024,Night
D03478,Inaya Goyal,Coimbatore,Bike,2,2024,Morning
D03479,Andrew Bakshi,Vijayawada,Scooter,5,2022,Morning
D03480,Amaira Sani,Chennai,Bike,6,2023,Night
D03481,Jacob Deol,Bangalore,Bike,1,2020,Night
D03482,Harinakshi Brar,Bangalore,Bike,5,2025,Night
D03483,Nandini Balan,Coimbatore,Scooter,3,2021,Morning
D03484,Vedant Singh,Bangalore,Scooter,6,2021,Afternoon
D03485,Chatura Nair,Hyderabad,Scooter,6,2022,Night
D03486,Anay Padmanabhan,Chennai,Scooter,2,2025,Afternoon
D03487,Zayan Shah,Chennai,Bike,7,2021,Afternoon
D03488,Eshana Ganesh,Hyderabad,Scooter,5,2023,Night
D03489,Libni Parekh,Hyderabad,Scooter,5,2024,Afternoon
D03490,Radhika Rao,Chennai,Scooter,1,2023,Night
D03491,Vrishti Wali,Hyderabad,Bike,7,2021,Morning
D03492,Yashica Murthy,Vijayawada,Scooter,4,2022,Morning
D03493,Aahana Singh,Coimbatore,Bike,6,2026,Night
D03494,Jai Pradhan,Coimbatore,Bike,8,2023,Morning
D03495,Yasti Sandhu,Chennai,Bike,8,2024,Night
D03496,Bishakha Kibe,Bangalore,Scooter,7,2022,Morning
D03497,Harshil Venkataraman,Vijayawada,Bike,1,2023,Morning
D03498,Unni Sankar,Chennai,Bike,5,2025,Night
D03499,Upadhriti Sangha,Chennai,Bike,8,2025,Evening
D03500,Aashi Dey,Coimbatore,Scooter,6,2025,Night
D03501,Vritti Patla,Hyderabad,Bike,6,2020,Morning
D03502,Lakshmi Randhawa,Bangalore,Bike,0,2026,Morning
D03503,Diya Parmer,Bangalore,Bike,3,2020,Morning
D03504,Aarna Baria,Bangalore,Scooter,3,2020,Morning
D03505,Dakshesh Patil,Chennai,Bike,4,2024,Night
D03506,Upkaar Amble,Bangalore,Bike,7,2026,Evening
D03507,Zayyan Cheema,Hyderabad,Scooter,1,2023,Morning
D03508,Ati Balan,Chennai,Bike,0,2022,Afternoon
D03509,Noah Dube,Vijayawada,Scooter,8,2023,Afternoon
D03510,Arunima Sagar,Hyderabad,Bike,5,2020,Morning
D03511,Victor Balay,Chennai,Scooter,3,2024,Night
D03512,Ronith Dyal,Chennai,Bike,8,2022,Night
D03513,Darpan Chanda,Coimbatore,Bike,6,2024,Evening
D03514,Xiti Chatterjee,Coimbatore,Bike,4,2020,Morning
D03515,Veer Dani,Bangalore,Scooter,1,2020,Morning
D03516,Jeremiah Aurora,Chennai,Scooter,1,2020,Night
D03517,Ekani Grover,Hyderabad,Scooter,8,2024,Afternoon
D03518,Eshana Sanghvi,Hyderabad,Scooter,4,2022,Evening
D03519,Dalbir Lata,Chennai,Bike,7,2020,Morning
D03520,Hredhaan Venkatesh,Bangalore,Scooter,8,2026,Afternoon
D03521,Rohan Lad,Bangalore,Bike,2,2025,Afternoon
D03522,Rachana Radhakrishnan,Bangalore,Scooter,6,2020,Afternoon
D03523,Ekta Biswas,Bangalore,Scooter,7,2026,Morning
D03524,Raksha Sheth,Hyderabad,Bike,0,2025,Night
D03525,Avni Sibal,Bangalore,Scooter,7,2026,Morning
D03526,Hardik Mahal,Chennai,Bike,3,2026,Evening
D03527,Frederick Seth,Hyderabad,Bike,8,2020,Afternoon
D03528,Kamala Sule,Vijayawada,Bike,3,2021,Afternoon
D03529,Eta Sridhar,Hyderabad,Bike,3,2020,Evening
D03530,Ekanta Nagi,Coimbatore,Bike,8,2021,Evening
D03531,Praneel Devan,Chennai,Scooter,8,2022,Evening
D03532,Ojasvi Rastogi,Chennai,Bike,3,2022,Morning
D03533,Yoshita Biswas,Chennai,Scooter,1,2024,Night
D03534,Wyatt Sachdev,Hyderabad,Bike,5,2020,Night
D03535,Nihal Gopal,Bangalore,Bike,7,2026,Night
D03536,Madhavi Kari,Vijayawada,Scooter,2,2025,Night
D03537,Simon Kota,Hyderabad,Scooter,0,2022,Afternoon
D03538,Darika Tripathi,Coimbatore,Bike,1,2022,Evening
D03539,Jack Edwin,Chennai,Scooter,1,2022,Evening
D03540,Chakradev Garde,Bangalore,Scooter,8,2022,Morning
D03541,Praneel Kakar,Hyderabad,Scooter,8,2020,Morning
D03542,Ekansh Majumdar,Bangalore,Bike,5,2024,Morning
D03543,William Magar,Chennai,Scooter,6,2022,Afternoon
D03544,Watika Gupta,Bangalore,Bike,0,2025,Evening
D03545,Krishna Sood,Bangalore,Scooter,2,2025,Afternoon
D03546,Neha Padmanabhan,Bangalore,Bike,1,2021,Afternoon
D03547,Lavanya Kakar,Chennai,Scooter,0,2024,Afternoon
D03548,Vedika Comar,Vijayawada,Bike,4,2023,Night
D03549,Baljiwan Chaudhry,Bangalore,Bike,0,2025,Morning
D03550,Maanav Parikh,Chennai,Bike,5,2021,Night
D03551,Neha Hans,Coimbatore,Scooter,1,2020,Night
D03552,Rachit Dhawan,Bangalore,Bike,3,2023,Afternoon
D03553,Krish Vora,Chennai,Scooter,0,2025,Afternoon
D03554,Waida Lala,Chennai,Scooter,0,2024,Night
D03555,Osha Lall,Hyderabad,Scooter,3,2026,Morning
D03556,Neelima Peri,Bangalore,Scooter,3,2021,Morning
D03557,Adya Goel,Chennai,Bike,7,2023,Morning
D03558,Jalsa Comar,Bangalore,Bike,2,2026,Afternoon
D03559,Ojas Shukla,Bangalore,Scooter,8,2024,Night
D03560,Wyatt Purohit,Coimbatore,Scooter,6,2023,Evening
D03561,Henry Sami,Bangalore,Scooter,7,2025,Night
D03562,Priya Karnik,Chennai,Scooter,8,2025,Afternoon
D03563,Tristan Mukhopadhyay,Chennai,Scooter,3,2026,Afternoon
D03564,Quincy Rajagopal,Hyderabad,Bike,5,2025,Night
D03565,Vasudha Sem,Coimbatore,Scooter,0,2026,Morning
D03566,Isaiah Chad,Bangalore,Bike,1,2021,Night
D03567,Tanvi Dave,Hyderabad,Scooter,2,2026,Evening
D03568,Ekaja Karan,Vijayawada,Bike,6,2023,Morning
D03569,George Ganguly,Bangalore,Scooter,2,2023,Evening
D03570,Jack Manda,Vijayawada,Bike,8,2025,Morning
D03571,Arya Bahri,Hyderabad,Bike,5,2020,Afternoon
D03572,Charles Raval,Chennai,Bike,0,2023,Night
D03573,Warinder Chauhan,Chennai,Scooter,2,2022,Evening
D03574,Gauri Balakrishnan,Bangalore,Scooter,2,2020,Evening
D03575,Neel Sarin,Vijayawada,Bike,7,2025,Morning
D03576,Ladli Mukhopadhyay,Hyderabad,Scooter,7,2026,Afternoon
D03577,Darsh Bhandari,Vijayawada,Bike,1,2024,Evening
D03578,Ishanvi Taneja,Vijayawada,Bike,2,2026,Afternoon
D03579,Abhiram Varghese,Chennai,Bike,8,2026,Evening
D03580,Harinakshi Dara,Vijayawada,Scooter,8,2020,Night
D03581,Hitesh Balasubramanian,Hyderabad,Bike,4,2024,Afternoon
D03582,Pushti Madan,Hyderabad,Scooter,0,2021,Afternoon
D03583,Brinda Bhat,Bangalore,Bike,7,2026,Morning
D03584,Baljiwan Wagle,Vijayawada,Bike,3,2022,Afternoon
D03585,Nicholas Rattan,Hyderabad,Bike,1,2023,Morning
D03586,Eshana Dubey,Vijayawada,Bike,5,2026,Morning
D03587,Aryan Balakrishnan,Chennai,Bike,6,2026,Night
D03588,Falak Kunda,Chennai,Scooter,7,2021,Afternoon
D03589,Abha Mangat,Bangalore,Bike,8,2020,Morning
D03590,Yashoda Dhar,Vijayawada,Scooter,6,2022,Evening
D03591,Harini Dhaliwal,Chennai,Scooter,6,2026,Afternoon
D03592,Brinda Dave,Coimbatore,Scooter,0,2025,Morning
D03593,Charita Gandhi,Hyderabad,Bike,8,2024,Evening
D03594,Chanakya Rout,Chennai,Bike,3,2026,Night
D03595,Janya Bala,Hyderabad,Scooter,0,2024,Morning
D03596,Pranav Chopra,Chennai,Scooter,0,2020,Afternoon
D03597,Simon Biswas,Chennai,Scooter,6,2024,Night
D03598,Vivaan Sane,Hyderabad,Scooter,7,2025,Night
D03599,Teerth Nadig,Coimbatore,Bike,7,2022,Night
D03600,Bahadurjit Bose,Bangalore,Scooter,2,2025,Night
D03601,Dev Nagy,Hyderabad,Scooter,0,2024,Evening
D03602,Aachal Ganguly,Hyderabad,Scooter,1,2023,Morning
D03603,Ganga Tella,Hyderabad,Bike,2,2026,Evening
D03604,Ishwar Basu,Vijayawada,Bike,8,2022,Morning
D03605,Nathan Ahuja,Chennai,Bike,5,2024,Evening
D03606,Anya Lad,Hyderabad,Bike,6,2022,Evening
D03607,Zayyan Dara,Chennai,Scooter,2,2020,Morning
D03608,Yuvraj Choudhry,Chennai,Bike,2,2023,Evening
D03609,Hritik Zacharia,Coimbatore,Scooter,1,2023,Morning
D03610,Kalpit Saran,Chennai,Scooter,1,2020,Morning
D03611,Dalbir Batta,Chennai,Bike,0,2022,Afternoon
D03612,Wishi Rajagopalan,Chennai,Bike,1,2025,Afternoon
D03613,Brinda Saxena,Bangalore,Bike,2,2025,Night
D03614,Devika Srivastava,Hyderabad,Scooter,7,2026,Afternoon
D03615,Zansi Sane,Chennai,Scooter,5,2025,Afternoon
D03616,Teerth Pau,Bangalore,Scooter,6,2024,Night
D03617,Bhavini Nath,Hyderabad,Scooter,2,2023,Evening
D03618,Sanaya Kala,Chennai,Bike,4,2021,Evening
D03619,Vedika Chandra,Bangalore,Scooter,3,2026,Evening
D03620,Chaman Ganesh,Chennai,Scooter,2,2023,Night
D03621,Shravya Sunder,Chennai,Bike,6,2024,Afternoon
D03622,Xalak Sama,Hyderabad,Bike,2,2023,Morning
D03623,Balendra Bobal,Coimbatore,Bike,4,2023,Morning
D03624,Rudra Bhagat,Chennai,Bike,4,2020,Afternoon
D03625,Advika Bains,Chennai,Bike,8,2020,Morning
D03626,Jeet Bail,Coimbatore,Scooter,1,2023,Afternoon
D03627,Dhriti Rajagopalan,Vijayawada,Bike,2,2026,Evening
D03628,Amaira Dixit,Bangalore,Scooter,2,2026,Evening
D03629,Darsh Peri,Chennai,Scooter,3,2020,Morning
D03630,Bina Uppal,Bangalore,Bike,3,2024,Night
D03631,Owen Dhar,Chennai,Bike,3,2022,Evening
D03632,Jatin Pathak,Bangalore,Bike,4,2020,Night
D03633,Brinda Ganguly,Bangalore,Scooter,3,2024,Evening
D03634,Harinakshi Mammen,Hyderabad,Scooter,1,2022,Afternoon
D03635,Abhiram Mitra,Chennai,Bike,3,2025,Afternoon
D03636,Lavanya Kapoor,Vijayawada,Bike,7,2022,Afternoon
D03637,Xavier Wason,Chennai,Bike,3,2021,Afternoon
D03638,Nathan Kala,Bangalore,Scooter,4,2026,Morning
D03639,Zinal Venkatesh,Chennai,Bike,2,2023,Afternoon
D03640,Anay Deol,Hyderabad,Bike,1,2026,Evening
D03641,Quincy Shetty,Hyderabad,Bike,0,2024,Afternoon
D03642,Vasudha Ram,Hyderabad,Bike,8,2024,Night
D03643,Nirja Mani,Hyderabad,Scooter,2,2021,Evening
D03644,Tanvi Dua,Chennai,Bike,3,2021,Afternoon
D03645,Urishilla Tripathi,Coimbatore,Bike,8,2024,Morning
D03646,Max Wagle,Chennai,Scooter,2,2024,Evening
D03647,Kala Rai,Coimbatore,Scooter,8,2021,Evening
D03648,Patrick Deshpande,Hyderabad,Bike,3,2020,Evening
D03649,Pranit Bhalla,Chennai,Bike,2,2025,Afternoon
D03650,Nitesh Sagar,Coimbatore,Bike,5,2022,Night
D03651,Gauri Walla,Chennai,Bike,0,2021,Evening
D03652,Saumya Walia,Chennai,Bike,2,2025,Evening
D03653,Ishani Sunder,Bangalore,Scooter,5,2025,Night
D03654,Rohan Sampath,Bangalore,Bike,0,2021,Morning
D03655,Meera Mukhopadhyay,Chennai,Bike,1,2023,Evening
D03656,Yauvani Ganesan,Coimbatore,Bike,4,2025,Morning
D03657,Bhavika Wali,Hyderabad,Bike,8,2022,Night
D03658,Nimrat Borde,Vijayawada,Bike,1,2025,Night
D03659,Chanchal Sani,Hyderabad,Scooter,2,2020,Afternoon
D03660,Vasatika Jhaveri,Chennai,Scooter,5,2024,Evening
D03661,Charles Parsa,Chennai,Bike,5,2025,Evening
D03662,Jeremiah Upadhyay,Hyderabad,Bike,6,2021,Morning
D03663,Samesh Narayanan,Hyderabad,Bike,4,2020,Night
D03664,Ekaja Vasa,Vijayawada,Scooter,6,2025,Evening
D03665,Finn Keer,Bangalore,Scooter,7,2021,Afternoon
D03666,Veda Desai,Chennai,Bike,4,2024,Evening
D03667,Aayush Sarin,Vijayawada,Scooter,3,2022,Morning
D03668,Divya Gade,Vijayawada,Bike,7,2024,Evening
D03669,Nimrat Kibe,Hyderabad,Scooter,5,2021,Night
D03670,Udyati Balakrishnan,Coimbatore,Bike,0,2022,Night
D03671,Yash Patel,Hyderabad,Scooter,5,2020,Afternoon
D03672,Upma Jaggi,Coimbatore,Bike,0,2025,Morning
D03673,Indali Lata,Vijayawada,Scooter,1,2023,Night
D03674,Sathvik Reddy,Chennai,Scooter,8,2024,Morning
D03675,Aarav Kapadia,Bangalore,Scooter,2,2021,Evening
D03676,Faraj Raja,Hyderabad,Bike,0,2022,Night
D03677,Fitan Chaudhry,Bangalore,Scooter,2,2026,Evening
D03678,Dalbir Patla,Chennai,Bike,5,2020,Evening
D03679,Ishanvi Chaudhuri,Chennai,Scooter,0,2020,Evening
D03680,Vincent Mammen,Chennai,Scooter,8,2021,Night
D03681,Udyati Bhat,Vijayawada,Scooter,3,2023,Night
D03682,Aishani Kothari,Chennai,Bike,2,2026,Night
D03683,Timothy Bir,Hyderabad,Scooter,5,2026,Afternoon
D03684,Simon Rajan,Coimbatore,Bike,2,2021,Afternoon
D03685,Suhani Ravi,Chennai,Bike,1,2025,Evening
D03686,Nathaniel Sheth,Vijayawada,Scooter,6,2020,Night
D03687,Yug Bera,Hyderabad,Scooter,7,2022,Evening
D03688,Gaurang Manne,Chennai,Bike,7,2026,Night
D03689,Aachal Dyal,Hyderabad,Scooter,4,2024,Evening
D03690,Nidhi Bali,Hyderabad,Scooter,4,2024,Evening
D03691,Owen Naidu,Bangalore,Bike,6,2022,Evening
D03692,Pallavi Seshadri,Vijayawada,Bike,6,2026,Night
D03693,Ekbal Gala,Bangalore,Bike,1,2021,Morning
D03694,Jagvi Krishna,Chennai,Bike,1,2020,Afternoon
D03695,Warjas Prabhakar,Bangalore,Bike,1,2025,Night
D03696,Avi Seth,Hyderabad,Scooter,0,2020,Morning
D03697,Maanav Kumar,Chennai,Bike,4,2025,Afternoon
D03698,Jai Dubey,Chennai,Scooter,7,2023,Afternoon
D03699,Ati Menon,Vijayawada,Bike,2,2022,Night
D03700,Ladli Bali,Hyderabad,Scooter,5,2022,Afternoon
D03701,Chanakya Johal,Bangalore,Bike,5,2020,Morning
D03702,Tanveer Chandra,Chennai,Bike,1,2024,Morning
D03703,Indrajit Master,Coimbatore,Bike,3,2025,Morning
D03704,Rachit Pillay,Hyderabad,Bike,7,2022,Evening
D03705,Bahadurjit Sangha,Bangalore,Scooter,0,2025,Morning
D03706,Viraj Hora,Bangalore,Scooter,0,2022,Evening
D03707,Forum Nagarajan,Chennai,Bike,7,2023,Morning
D03708,Balhaar Master,Hyderabad,Scooter,2,2022,Afternoon
D03709,Samaksh Warrior,Coimbatore,Scooter,2,2021,Afternoon
D03710,Eiravati Raja,Chennai,Bike,8,2026,Morning
D03711,Amara Ganesh,Bangalore,Scooter,1,2020,Evening
D03712,Jeremiah Iyer,Bangalore,Scooter,4,2022,Evening
D03713,Quincy Rao,Bangalore,Scooter,6,2023,Night
D03714,Pooja Khalsa,Bangalore,Bike,6,2025,Morning
D03715,Balhaar Datta,Chennai,Bike,1,2023,Evening
D03716,Tarak Narula,Chennai,Scooter,6,2024,Morning
D03717,Sneha Yogi,Hyderabad,Scooter,6,2022,Night
D03718,Yauvani Kar,Vijayawada,Bike,5,2023,Evening
D03719,Vasana Parmer,Hyderabad,Bike,8,2024,Evening
D03720,Netra More,Chennai,Bike,6,2025,Evening
D03721,Harita Sathe,Chennai,Bike,5,2026,Evening
D03722,Warhi Verma,Hyderabad,Scooter,1,2023,Night
D03723,Chandran Shukla,Hyderabad,Bike,1,2022,Afternoon
D03724,Kalpit Lanka,Coimbatore,Scooter,1,2026,Evening
D03725,Isaac Vig,Bangalore,Bike,1,2020,Night
D03726,Rajata Bail,Coimbatore,Bike,8,2023,Morning
D03727,Jhalak Tara,Chennai,Bike,8,2021,Night
D03728,Onveer Basu,Vijayawada,Scooter,1,2023,Evening
D03729,Qabil Lanka,Bangalore,Bike,0,2024,Evening
D03730,Aarnav Edwin,Chennai,Bike,3,2020,Night
D03731,Neel Gour,Hyderabad,Scooter,3,2023,Evening
D03732,Adweta Mahal,Chennai,Bike,7,2022,Night
D03733,Ekani Kar,Hyderabad,Bike,1,2025,Night
D03734,Niharika Bir,Coimbatore,Bike,0,2021,Night
D03735,Ayush Prakash,Chennai,Scooter,5,2025,Night
D03736,Mohammed Prabhu,Chennai,Scooter,1,2023,Morning
D03737,Aryan Comar,Hyderabad,Scooter,3,2021,Night
D03738,Keya Lad,Vijayawada,Scooter,8,2022,Night
D03739,Vansha Dhar,Hyderabad,Bike,6,2024,Night
D03740,Yasti Karan,Vijayawada,Bike,8,2021,Evening
D03741,Jagdish Gokhale,Chennai,Bike,3,2020,Morning
D03742,Harish Oza,Hyderabad,Bike,7,2025,Morning
D03743,Harini Agate,Bangalore,Bike,0,2023,Afternoon
D03744,Upasna Madan,Coimbatore,Scooter,7,2021,Morning
D03745,Zarna Ghose,Chennai,Bike,8,2025,Afternoon
D03746,Charles Mitra,Chennai,Bike,2,2020,Morning
D03747,Tarak Misra,Chennai,Scooter,1,2022,Morning
D03748,Arjun Thaker,Bangalore,Scooter,5,2025,Night
D03749,Wriddhish Jain,Hyderabad,Bike,3,2022,Afternoon
D03750,Ryan Ramakrishnan,Bangalore,Bike,5,2020,Evening
D03751,Warjas Mukherjee,Bangalore,Bike,6,2024,Night
D03752,Ishaan Dube,Hyderabad,Bike,5,2024,Afternoon
D03753,Leela Lal,Chennai,Scooter,0,2025,Evening
D03754,Samesh Lalla,Chennai,Bike,6,2024,Night
D03755,Nathan Palla,Coimbatore,Bike,4,2023,Evening
D03756,Krishna Menon,Chennai,Bike,6,2021,Evening
D03757,Veer Saxena,Bangalore,Bike,8,2021,Night
D03758,Darsh Bir,Hyderabad,Bike,3,2025,Night
D03759,Libni Korpal,Chennai,Bike,8,2026,Night
D03760,Arya Rastogi,Hyderabad,Bike,5,2020,Afternoon
D03761,Imaran Dyal,Bangalore,Scooter,2,2024,Morning
D03762,Harsh Chandran,Hyderabad,Bike,2,2025,Morning
D03763,Lohit Nadig,Chennai,Bike,6,2026,Night
D03764,Januja Barman,Hyderabad,Scooter,7,2024,Afternoon
D03765,Ishanvi Mitter,Coimbatore,Scooter,2,2020,Afternoon
D03766,Rachana Tak,Bangalore,Scooter,1,2025,Evening
D03767,Radha Shan,Bangalore,Scooter,7,2023,Night
D03768,Andrew Kota,Coimbatore,Bike,3,2024,Night
D03769,Naveen Shah,Chennai,Scooter,3,2024,Morning
D03770,Elijah Kapur,Bangalore,Scooter,7,2023,Morning
D03771,Samar Dixit,Hyderabad,Scooter,5,2022,Morning
D03772,Advaith Parekh,Hyderabad,Bike,8,2020,Evening
D03773,Ekansh Tara,Bangalore,Bike,1,2024,Afternoon
D03774,Sathvik Palan,Coimbatore,Bike,1,2023,Evening
D03775,Leela Bajwa,Coimbatore,Scooter,7,2020,Night
D03776,Shaurya Jain,Bangalore,Scooter,1,2026,Evening
D03777,Shivani Deshpande,Chennai,Scooter,6,2026,Morning
D03778,Upadhriti Chaudhry,Bangalore,Scooter,2,2025,Morning
D03779,Charles Deep,Vijayawada,Bike,0,2021,Afternoon
D03780,Ishwar Hans,Hyderabad,Bike,4,2021,Morning
D03781,Aditya Varkey,Bangalore,Bike,0,2026,Morning
D03782,Harsh Sengupta,Bangalore,Bike,7,2020,Night
D03783,Jeet Ratti,Hyderabad,Bike,3,2022,Evening
D03784,Siddharth Vig,Chennai,Scooter,6,2020,Evening
D03785,Banjeet Din,Chennai,Scooter,3,2022,Afternoon
D03786,Indira Krishnan,Bangalore,Bike,4,2026,Afternoon
D03787,Sai Chowdhury,Coimbatore,Bike,3,2023,Afternoon
D03788,Lila Brar,Bangalore,Scooter,7,2025,Morning
D03789,Ojas Randhawa,Coimbatore,Scooter,6,2025,Morning
D03790,Jhalak Brahmbhatt,Bangalore,Scooter,7,2020,Night
D03791,Divya Gandhi,Chennai,Scooter,2,2023,Afternoon
D03792,Anvi Bir,Vijayawada,Scooter,6,2026,Evening
D03793,Robert Talwar,Hyderabad,Bike,6,2021,Morning
D03794,Abdul Thaman,Bangalore,Bike,2,2023,Evening
D03795,Azaan Handa,Bangalore,Bike,8,2024,Night
D03796,Damini Soman,Chennai,Scooter,8,2026,Afternoon
D03797,Zayan Master,Chennai,Bike,8,2023,Night
D03798,Wriddhish Sane,Bangalore,Bike,0,2021,Morning
D03799,Rachita Keer,Chennai,Bike,7,2020,Evening
D03800,Niharika Buch,Chennai,Bike,5,2023,Evening
D03801,Jai Mane,Hyderabad,Bike,2,2026,Afternoon
D03802,Faraj Nath,Coimbatore,Scooter,0,2024,Night
D03803,Isha Dugal,Coimbatore,Bike,5,2022,Evening
D03804,Nilima Magar,Bangalore,Scooter,0,2025,Evening
D03805,Aarnav Upadhyay,Hyderabad,Scooter,6,2023,Morning
D03806,Anya Saraf,Hyderabad,Scooter,2,2026,Morning
D03807,Krisha Sharma,Chennai,Bike,3,2023,Evening
D03808,Ansh Gour,Bangalore,Bike,6,2025,Evening
D03809,Raagini Raju,Hyderabad,Bike,3,2023,Night
D03810,Azaan Comar,Chennai,Scooter,2,2023,Morning
D03811,Ekaraj Rajagopal,Coimbatore,Scooter,0,2025,Morning
D03812,Laksh Kaul,Coimbatore,Scooter,1,2025,Morning
D03813,Isaac Tank,Bangalore,Bike,7,2023,Evening
D03814,Krish Sethi,Chennai,Scooter,7,2022,Evening
D03815,Abhimanyu Bumb,Bangalore,Scooter,1,2022,Afternoon
D03816,Chasmum Pathak,Coimbatore,Bike,6,2025,Morning
D03817,Avni Tailor,Bangalore,Scooter,0,2023,Evening
D03818,Chaaya Pai,Coimbatore,Scooter,4,2026,Afternoon
D03819,Abhimanyu Wali,Bangalore,Bike,3,2024,Night
D03820,Avi Kalita,Coimbatore,Scooter,3,2026,Morning
D03821,Chakradhar Doctor,Vijayawada,Bike,8,2022,Morning
D03822,Zinal Nagy,Chennai,Scooter,8,2026,Afternoon
D03823,Lila Morar,Vijayawada,Bike,2,2021,Afternoon
D03824,Nicholas Halder,Chennai,Bike,2,2022,Evening
D03825,Deepa Nori,Chennai,Bike,3,2020,Morning
D03826,Neha Kata,Coimbatore,Scooter,0,2026,Evening
D03827,Nitara Shere,Coimbatore,Scooter,6,2022,Morning
D03828,Chandani Dutt,Vijayawada,Bike,7,2026,Afternoon
D03829,Omaja Solanki,Hyderabad,Bike,7,2023,Night
D03830,Indrajit Choudhary,Vijayawada,Scooter,0,2022,Afternoon
D03831,George Bhagat,Chennai,Scooter,5,2023,Morning
D03832,Eta Maharaj,Coimbatore,Scooter,1,2026,Night
D03833,Jhalak Rastogi,Hyderabad,Scooter,3,2026,Morning
D03834,Ijaya Hans,Vijayawada,Bike,2,2023,Evening
D03835,Hamsini Morar,Chennai,Bike,3,2022,Afternoon
D03836,Alexander Bhatia,Bangalore,Bike,2,2024,Night
D03837,Anvi Wable,Chennai,Scooter,8,2020,Night
D03838,Sathvik Kalla,Coimbatore,Scooter,4,2023,Morning
D03839,William Dash,Chennai,Bike,4,2025,Night
D03840,Nitesh Singh,Coimbatore,Scooter,8,2023,Night
D03841,Ikshita Arora,Hyderabad,Bike,7,2025,Evening
D03842,Lekha Contractor,Bangalore,Scooter,3,2026,Afternoon
D03843,Nirja Srinivas,Bangalore,Bike,6,2022,Morning
D03844,Edhitha Buch,Chennai,Scooter,5,2022,Morning
D03845,Jeet Hayer,Chennai,Bike,4,2024,Night
D03846,Ishita Chauhan,Hyderabad,Bike,1,2025,Night
D03847,Ayush Batra,Coimbatore,Scooter,0,2021,Morning
D03848,Anjali Kant,Hyderabad,Scooter,3,2024,Evening
D03849,Banjeet Nagy,Bangalore,Bike,8,2021,Morning
D03850,Janani Malhotra,Vijayawada,Bike,7,2021,Afternoon
D03851,Tamanna Raju,Vijayawada,Scooter,5,2021,Morning
D03852,Jairaj Ben,Bangalore,Bike,4,2025,Night
D03853,Fitan Goyal,Chennai,Bike,0,2024,Afternoon
D03854,Parth Soni,Hyderabad,Bike,3,2022,Afternoon
D03855,Janani Upadhyay,Chennai,Bike,7,2025,Night
D03856,Theodore Kapoor,Coimbatore,Bike,5,2025,Afternoon
D03857,Wahab Date,Chennai,Bike,7,2021,Morning
D03858,Advay Dewan,Chennai,Scooter,6,2024,Afternoon
D03859,Qabil Master,Vijayawada,Bike,2,2026,Night
D03860,Aryan Kulkarni,Hyderabad,Scooter,0,2022,Afternoon
D03861,Jairaj Suri,Vijayawada,Bike,0,2026,Morning
D03862,Amrita Batra,Vijayawada,Bike,8,2020,Afternoon
D03863,David Sabharwal,Chennai,Bike,6,2023,Afternoon
D03864,Yatin Samra,Hyderabad,Scooter,3,2021,Night
D03865,Arya Acharya,Chennai,Scooter,5,2026,Night
D03866,Harinakshi Om,Hyderabad,Scooter,6,2020,Night
D03867,Harshil Salvi,Bangalore,Bike,2,2022,Night
D03868,Girindra Prakash,Hyderabad,Scooter,6,2024,Evening
D03869,Michael Balakrishnan,Hyderabad,Bike,6,2024,Afternoon
D03870,Leela Bali,Bangalore,Scooter,3,2026,Afternoon
D03871,Brijesh Agrawal,Bangalore,Scooter,4,2026,Morning
D03872,Vasana Dayal,Bangalore,Bike,2,2020,Morning
D03873,Sai Walia,Hyderabad,Scooter,0,2026,Afternoon
D03874,Qushi Dhar,Chennai,Scooter,6,2021,Evening
D03875,Leena Chandran,Hyderabad,Scooter,0,2022,Afternoon
D03876,Aarav Soman,Hyderabad,Bike,3,2024,Morning
D03877,Harsh Yohannan,Chennai,Scooter,8,2021,Evening
D03878,Rayaan Yohannan,Chennai,Scooter,8,2023,Evening
D03879,Wridesh Kamdar,Bangalore,Bike,6,2021,Morning
D03880,Leena Bhardwaj,Bangalore,Bike,0,2021,Afternoon
D03881,Bimala Bali,Chennai,Scooter,8,2025,Afternoon
D03882,Nitesh Devi,Coimbatore,Bike,6,2023,Night
D03883,Anya Som,Bangalore,Scooter,5,2024,Night
D03884,Ronith Vasa,Coimbatore,Bike,2,2023,Morning
D03885,Anay Palan,Chennai,Scooter,6,2021,Afternoon
D03886,Mason Khatri,Chennai,Scooter,7,2024,Afternoon
D03887,Vanya Patel,Bangalore,Bike,7,2025,Evening
D03888,Lipika Mody,Hyderabad,Scooter,4,2025,Night
D03889,Samuel Krishnan,Chennai,Bike,2,2023,Evening
D03890,Ishaan Shukla,Coimbatore,Scooter,8,2026,Night
D03891,Devika Goel,Bangalore,Scooter,4,2022,Afternoon
D03892,Meghana Dhawan,Chennai,Scooter,3,2023,Evening
D03893,Mugdha Palla,Chennai,Bike,2,2022,Evening
D03894,Eta Lata,Bangalore,Bike,4,2022,Night
D03895,Ubika Dhaliwal,Coimbatore,Bike,6,2022,Afternoon
D03896,Ekansh Thakkar,Bangalore,Bike,8,2021,Night
D03897,Aarna Sathe,Bangalore,Scooter,4,2020,Morning
D03898,Balhaar Pant,Chennai,Scooter,0,2025,Afternoon
D03899,Vanya Dasgupta,Coimbatore,Bike,3,2026,Evening
D03900,Vrishti Master,Bangalore,Bike,7,2022,Morning
D03901,Anmol Mitter,Coimbatore,Bike,6,2021,Morning
D03902,Hemangini Dar,Coimbatore,Scooter,6,2025,Afternoon
D03903,Ansh Thakur,Coimbatore,Scooter,6,2022,Morning
D03904,Jack Dugar,Hyderabad,Scooter,1,2021,Evening
D03905,Vamakshi Dyal,Bangalore,Bike,4,2021,Afternoon
D03906,Jalsa Samra,Bangalore,Scooter,5,2021,Morning
D03907,Aarush Borah,Bangalore,Bike,8,2021,Night
D03908,Liam Rajan,Hyderabad,Bike,6,2020,Morning
D03909,Jeremiah Halder,Chennai,Scooter,1,2025,Night
D03910,Victor Singhal,Hyderabad,Scooter,6,2020,Morning
D03911,Wazir Rajan,Chennai,Bike,8,2024,Morning
D03912,Naksh Anand,Bangalore,Scooter,3,2020,Morning
D03913,Warinder Narang,Coimbatore,Scooter,0,2021,Evening
D03914,Saksham Krish,Hyderabad,Scooter,2,2020,Morning
D03915,Vaishnavi Verma,Hyderabad,Scooter,4,2025,Evening
D03916,Wishi Goswami,Hyderabad,Scooter,0,2021,Evening
D03917,Vinaya Raman,Coimbatore,Scooter,7,2025,Evening
D03918,Rachana Saxena,Bangalore,Scooter,0,2024,Night
D03919,Nathan Kar,Bangalore,Scooter,7,2026,Afternoon
D03920,Kiaan Kunda,Hyderabad,Scooter,1,2021,Morning
D03921,Unnati Wali,Chennai,Scooter,6,2021,Night
D03922,Girik Amble,Hyderabad,Bike,5,2026,Morning
D03923,Gabriel Buch,Hyderabad,Bike,2,2025,Evening
D03924,Ekapad Dash,Hyderabad,Bike,6,2024,Afternoon
D03925,Jagvi Kade,Bangalore,Bike,5,2026,Evening
D03926,Faqid Gala,Bangalore,Bike,5,2020,Morning
D03927,Yashodhara Bandi,Bangalore,Bike,8,2022,Evening
D03928,Leela Patla,Chennai,Scooter,4,2020,Afternoon
D03929,Veda Swamy,Hyderabad,Bike,2,2025,Night
D03930,Anita Babu,Hyderabad,Bike,4,2020,Night
D03931,Saksham Nagy,Chennai,Bike,6,2022,Night
D03932,Kritika Sekhon,Hyderabad,Scooter,4,2026,Morning
D03933,Dalaja Pall,Chennai,Scooter,3,2023,Morning
D03934,Vasana Chacko,Bangalore,Bike,7,2025,Night
D03935,Vyanjana Ahuja,Coimbatore,Scooter,8,2025,Afternoon
D03936,Jagdish Master,Chennai,Bike,8,2022,Evening
D03937,Onveer Pillai,Chennai,Scooter,4,2024,Morning
D03938,Ansh Taneja,Bangalore,Bike,5,2025,Evening
D03939,Utkarsh Dara,Hyderabad,Scooter,2,2020,Afternoon
D03940,Aryan Jani,Coimbatore,Scooter,5,2023,Evening
D03941,Nakul Chana,Vijayawada,Scooter,5,2023,Evening
D03942,Manthan Soman,Bangalore,Scooter,5,2025,Evening
D03943,Bishakha Ray,Chennai,Bike,5,2020,Evening
D03944,Chasmum Choudhury,Bangalore,Scooter,3,2021,Night
D03945,Pranit Chatterjee,Chennai,Scooter,2,2025,Morning
D03946,Urvashi Nori,Bangalore,Scooter,3,2026,Evening
D03947,Quincy Dixit,Bangalore,Scooter,6,2021,Evening
D03948,Akshay Trivedi,Bangalore,Bike,6,2024,Morning
D03949,Raghav Dhar,Bangalore,Bike,1,2021,Evening
D03950,Advaith Samra,Chennai,Bike,0,2020,Evening
D03951,Udyati Gokhale,Chennai,Bike,6,2022,Morning
D03952,Tara Prakash,Coimbatore,Scooter,1,2025,Night
D03953,Kashvi Virk,Bangalore,Bike,6,2020,Morning
D03954,Janya Sethi,Chennai,Scooter,4,2026,Afternoon
D03955,Gautami Bhakta,Hyderabad,Scooter,5,2023,Afternoon
D03956,Yahvi Kata,Coimbatore,Bike,7,2022,Morning
D03957,Ishani Sheth,Bangalore,Scooter,0,2020,Evening
D03958,Qushi Nanda,Bangalore,Bike,2,2026,Afternoon
D03959,Praneel Krishnan,Hyderabad,Bike,3,2023,Evening
D03960,Farhan Gade,Bangalore,Scooter,4,2026,Morning
D03961,Anamika Mahal,Hyderabad,Bike,6,2023,Night
D03962,Ishita Gaba,Coimbatore,Bike,1,2023,Evening
D03963,Vivaan Panchal,Hyderabad,Bike,4,2021,Night
D03964,Kai Sama,Hyderabad,Scooter,0,2020,Evening
D03965,Faras Barman,Chennai,Scooter,6,2021,Night
D03966,Jai Bandi,Vijayawada,Bike,3,2026,Night
D03967,Zaitra Hari,Bangalore,Scooter,4,2021,Evening
D03968,Mohammed Pillai,Chennai,Bike,6,2025,Night
D03969,Veer Batra,Bangalore,Scooter,0,2025,Afternoon
D03970,Yauvani Deep,Hyderabad,Bike,3,2025,Evening
D03971,Netra Badami,Hyderabad,Scooter,7,2025,Evening
D03972,Qadim Mody,Chennai,Scooter,2,2022,Morning
D03973,Manya Raval,Chennai,Bike,1,2021,Evening
D03974,Vritti Balasubramanian,Coimbatore,Bike,3,2025,Evening
D03975,Veda Venkatesh,Chennai,Bike,2,2026,Afternoon
D03976,Harrison Behl,Chennai,Scooter,3,2025,Afternoon
D03977,Chaman Verma,Coimbatore,Bike,7,2021,Morning
D03978,Kavya Ramanathan,Bangalore,Scooter,7,2026,Night
D03979,Anay Sarma,Bangalore,Scooter,6,2020,Morning
D03980,Rajata Grewal,Chennai,Bike,8,2020,Morning
D03981,Widisha Hari,Coimbatore,Bike,2,2022,Night
D03982,Udyati Parsa,Coimbatore,Scooter,6,2021,Evening
D03983,Ranbir Lata,Bangalore,Scooter,0,2026,Morning
D03984,Aarush Bhakta,Chennai,Scooter,1,2024,Night
D03985,Ekiya Chawla,Chennai,Scooter,5,2021,Morning
D03986,Banjeet Kamdar,Chennai,Scooter,0,2020,Evening
D03987,Ikbal Chadha,Chennai,Scooter,0,2021,Afternoon
D03988,Krish Tak,Coimbatore,Scooter,5,2022,Evening
D03989,Agastya Sandal,Chennai,Scooter,5,2021,Morning
D03990,Jackson Kunda,Bangalore,Scooter,7,2024,Night
D03991,Henry Bawa,Bangalore,Bike,0,2025,Morning
D03992,Mugdha Ravel,Bangalore,Bike,1,2024,Morning
D03993,Azad Bhat,Coimbatore,Scooter,8,2022,Evening
D03994,Caleb Parmer,Chennai,Scooter,0,2025,Night
D03995,Lavanya Bal,Bangalore,Bike,8,2023,Evening
D03996,Chakradhar Prabhu,Chennai,Bike,8,2022,Evening
D03997,Maya Khalsa,Coimbatore,Scooter,8,2024,Evening
D03998,Widisha Wali,Bangalore,Scooter,0,2026,Afternoon
D03999,Falan Nagy,Hyderabad,Scooter,8,2020,Afternoon
D04000,Hemang Dalal,Vijayawada,Bike,5,2024,Morning
